3,2,5,5
3,3,5,5
0,5,7,7
3,5,7,7
5,5,7,7
6,5,7,7
1,5,11,11
3,9,11,11
4,4,11,11
5,1,11,11
9,3,11,11
1,6,13,13
1,7,13,13
3,6,13,13
3,7,13,13
7,3,13,13
7,10,13,13
8,3,13,13
8,10,13,13
9,6,13,13
9,7,13,13
11,3,13,13
11,10,13,13
1,3,17,17
1,14,17,17
4,7,17,17
4,10,17,17
13,6,17,17
13,11,17,17
16,5,17,17
16,12,17,17
0,10,19,19
0,13,19,19
0,15,19,19
1,4,19,19
1,18,19,19
4,6,19,19
4,8,19,19
5,9,19,19
5,12,19,19
6,6,19,19
6,8,19,19
7,4,19,19
7,18,19,19
9,6,19,19
9,8,19,19
11,4,19,19
11,18,19,19
16,9,19,19
16,12,19,19
17,9,19,19
17,12,19,19
5,3,23,23
5,14,23,23
7,9,23,23
7,19,23,23
10,16,23,23
10,21,23,23
11,8,23,23
11,22,23,23
14,2,23,23
14,17,23,23
15,5,23,23
15,6,23,23
17,7,23,23
17,13,23,23
19,4,23,23
19,11,23,23
20,1,23,23
20,20,23,23
21,15,23,23
21,18,23,23
22,10,23,23
22,12,23,23
1,11,29,29
1,18,29,29
2,8,29,29
2,21,29,29
3,10,29,29
3,19,29,29
7,2,29,29
7,27,29,29
11,11,29,29
11,18,29,29
14,12,29,29
14,17,29,29
16,8,29,29
16,21,29,29
17,3,29,29
17,26,29,29
19,2,29,29
19,27,29,29
20,3,29,29
20,26,29,29
21,14,29,29
21,15,29,29
23,14,29,29
23,15,29,29
24,10,29,29
24,19,29,29
25,12,29,29
25,17,29,29
1,16,31,31
2,8,31,31
3,25,31,31
4,4,31,31
5,16,31,31
6,28,31,31
7,4,31,31
8,2,31,31
9,2,31,31
10,8,31,31
11,7,31,31
12,14,31,31
13,25,31,31
14,2,31,31
15,25,31,31
16,1,31,31
17,19,31,31
18,1,31,31
19,8,31,31
20,4,31,31
21,14,31,31
22,19,31,31
23,19,31,31
24,7,31,31
25,16,31,31
26,28,31,31
27,7,31,31
28,1,31,31
29,14,31,31
30,28,31,31
0,5,37,37
0,13,37,37
0,18,37,37
0,19,37,37
0,24,37,37
0,32,37,37
3,13,37,37
3,24,37,37
4,13,37,37
4,24,37,37
5,16,37,37
5,21,37,37
6,12,37,37
6,25,37,37
8,12,37,37
8,25,37,37
11,18,37,37
11,19,37,37
13,16,37,37
13,21,37,37
17,9,37,37
17,28,37,37
19,16,37,37
19,21,37,37
21,5,37,37
21,32,37,37
22,9,37,37
22,28,37,37
23,12,37,37
23,25,37,37
25,5,37,37
25,32,37,37
27,18,37,37
27,19,37,37
28,5,37,37
28,32,37,37
30,13,37,37
30,24,37,37
35,9,37,37
35,28,37,37
36,18,37,37
36,19,37,37
3,8,41,41
3,33,41,41
7,20,41,41
7,21,41,41
11,1,41,41
11,40,41,41
12,18,41,41
12,23,41,41
13,5,41,41
13,36,41,41
28,4,41,41
28,37,41,41
29,2,41,41
29,39,41,41
30,9,41,41
30,32,41,41
34,16,41,41
34,25,41,41
38,10,41,41
38,31,41,41
1,14,43,43
1,32,43,43
2,18,43,43
2,34,43,43
2,38,43,43
3,6,43,43
3,28,43,43
3,30,43,43
4,2,43,43
4,17,43,43
5,28,43,43
5,29,43,43
5,40,43,43
6,14,43,43
6,32,43,43
7,7,43,43
7,23,43,43
7,29,43,43
8,28,43,43
8,29,43,43
8,40,43,43
9,9,43,43
9,39,43,43
10,27,43,43
10,36,43,43
11,9,43,43
11,39,43,43
12,18,43,43
12,34,43,43
12,38,43,43
13,15,43,43
13,22,43,43
14,8,43,43
14,25,43,43
15,2,43,43
15,17,43,43
16,27,43,43
16,36,43,43
17,27,43,43
17,36,43,43
18,6,43,43
18,28,43,43
18,30,43,43
19,26,43,43
19,30,43,43
19,31,43,43
20,24,43,43
20,26,43,43
20,34,43,43
21,13,43,43
21,42,43,43
22,6,43,43
22,28,43,43
22,30,43,43
23,9,43,43
23,39,43,43
24,2,43,43
24,17,43,43
25,13,43,43
25,42,43,43
26,7,43,43
26,10,43,43
26,18,43,43
27,7,43,43
27,10,43,43
27,18,43,43
28,26,43,43
28,30,43,43
28,31,43,43
29,18,43,43
29,34,43,43
29,38,43,43
30,28,43,43
30,29,43,43
30,40,43,43
31,8,43,43
31,25,43,43
32,24,43,43
32,26,43,43
32,34,43,43
33,7,43,43
33,10,43,43
33,18,43,43
34,24,43,43
34,26,43,43
34,34,43,43
35,15,43,43
35,22,43,43
36,14,43,43
36,32,43,43
37,7,43,43
37,23,43,43
37,29,43,43
38,15,43,43
38,22,43,43
39,26,43,43
39,30,43,43
39,31,43,43
40,13,43,43
40,42,43,43
41,8,43,43
41,25,43,43
42,7,43,43
42,23,43,43
42,29,43,43
1,39,47,47
2,29,47,47
3,41,47,47
4,30,47,47
5,44,47,47
6,10,47,47
7,35,47,47
8,44,47,47
9,19,47,47
10,5,47,47
11,26,47,47
12,46,47,47
13,29,47,47
14,20,47,47
15,33,47,47
16,5,47,47
17,40,47,47
18,31,47,47
19,38,47,47
20,23,47,47
21,38,47,47
22,35,47,47
23,31,47,47
24,33,47,47
25,13,47,47
26,30,47,47
27,26,47,47
28,45,47,47
29,22,47,47
30,39,47,47
31,46,47,47
32,23,47,47
33,43,47,47
34,43,47,47
35,19,47,47
36,11,47,47
37,22,47,47
38,15,47,47
39,10,47,47
40,40,47,47
41,45,47,47
42,15,47,47
43,41,47,47
44,20,47,47
45,13,47,47
46,11,47,47
4,7,53,53
4,12,53,53
4,41,53,53
4,46,53,53
5,25,53,53
5,28,53,53
6,3,53,53
6,15,53,53
6,38,53,53
6,50,53,53
7,11,53,53
7,19,53,53
7,34,53,53
7,42,53,53
8,4,53,53
8,49,53,53
9,14,53,53
9,17,53,53
9,36,53,53
9,39,53,53
11,24,53,53
11,26,53,53
11,27,53,53
11,29,53,53
12,1,53,53
12,52,53,53
14,24,53,53
14,29,53,53
17,1,53,53
17,21,53,53
17,32,53,53
17,52,53,53
18,13,53,53
18,40,53,53
21,6,53,53
21,47,53,53
22,9,53,53
22,44,53,53
23,16,53,53
23,37,53,53
25,2,53,53
25,10,53,53
25,43,53,53
25,51,53,53
27,10,53,53
27,43,53,53
29,4,53,53
29,22,53,53
29,31,53,53
29,49,53,53
33,11,53,53
33,42,53,53
34,7,53,53
34,46,53,53
37,16,53,53
37,18,53,53
37,35,53,53
37,37,53,53
38,5,53,53
38,25,53,53
38,28,53,53
38,48,53,53
40,9,53,53
40,23,53,53
40,30,53,53
40,44,53,53
43,6,53,53
43,20,53,53
43,33,53,53
43,47,53,53
50,17,53,53
50,36,53,53
51,15,53,53
51,38,53,53
52,8,53,53
52,13,53,53
52,40,53,53
52,45,53,53
2,23,59,59
2,34,59,59
6,8,59,59
6,58,59,59
8,23,59,59
8,52,59,59
10,24,59,59
10,56,59,59
11,6,59,59
11,14,59,59
13,31,59,59
13,47,59,59
14,38,59,59
14,50,59,59
18,31,59,59
18,33,59,59
23,10,59,59
23,43,59,59
24,8,59,59
24,54,59,59
30,34,59,59
30,40,59,59
31,37,59,59
31,58,59,59
32,52,59,59
32,56,59,59
33,10,59,59
33,38,59,59
34,18,59,59
34,33,59,59
37,40,59,59
37,54,59,59
38,18,59,59
38,42,59,59
39,39,59,59
39,42,59,59
40,24,59,59
40,44,59,59
42,2,59,59
42,44,59,59
43,32,59,59
43,55,59,59
44,6,59,59
44,11,59,59
47,13,59,59
47,14,59,59
50,2,59,59
50,43,59,59
52,37,59,59
52,47,59,59
54,32,59,59
54,39,59,59
55,30,59,59
55,55,59,59
56,13,59,59
56,50,59,59
58,11,59,59
58,30,59,59
0,2,61,61
0,6,61,61
0,7,61,61
0,18,61,61
0,21,61,61
0,40,61,61
0,43,61,61
0,54,61,61
0,55,61,61
0,59,61,61
2,7,61,61
2,18,61,61
2,43,61,61
2,54,61,61
6,14,61,61
6,21,61,61
6,40,61,61
6,47,61,61
7,2,61,61
7,21,61,61
7,40,61,61
7,59,61,61
8,7,61,61
8,25,61,61
8,36,61,61
8,54,61,61
10,7,61,61
10,25,61,61
10,36,61,61
10,54,61,61
11,4,61,61
11,6,61,61
11,55,61,61
11,57,61,61
17,14,61,61
17,21,61,61
17,40,61,61
17,47,61,61
18,2,61,61
18,6,61,61
18,55,61,61
18,59,61,61
21,4,61,61
21,6,61,61
21,55,61,61
21,57,61,61
23,6,61,61
23,18,61,61
23,43,61,61
23,55,61,61
24,2,61,61
24,21,61,61
24,40,61,61
24,59,61,61
26,7,61,61
26,18,61,61
26,43,61,61
26,54,61,61
28,2,61,61
28,19,61,61
28,42,61,61
28,59,61,61
29,4,61,61
29,6,61,61
29,55,61,61
29,57,61,61
30,2,61,61
30,21,61,61
30,40,61,61
30,59,61,61
31,12,61,61
31,18,61,61
31,43,61,61
31,49,61,61
32,7,61,61
32,21,61,61
32,40,61,61
32,54,61,61
33,7,61,61
33,18,61,61
33,43,61,61
33,54,61,61
35,2,61,61
35,19,61,61
35,42,61,61
35,59,61,61
37,12,61,61
37,18,61,61
37,43,61,61
37,49,61,61
38,14,61,61
38,21,61,61
38,40,61,61
38,47,61,61
40,7,61,61
40,21,61,61
40,40,61,61
40,54,61,61
43,7,61,61
43,25,61,61
43,36,61,61
43,54,61,61
44,6,61,61
44,18,61,61
44,43,61,61
44,55,61,61
50,7,61,61
50,21,61,61
50,40,61,61
50,54,61,61
51,2,61,61
51,6,61,61
51,55,61,61
51,59,61,61
53,2,61,61
53,6,61,61
53,55,61,61
53,59,61,61
54,12,61,61
54,18,61,61
54,43,61,61
54,49,61,61
55,6,61,61
55,18,61,61
55,43,61,61
55,55,61,61
59,2,61,61
59,19,61,61
59,42,61,61
59,59,61,61
1,14,67,67
2,44,67,67
3,13,67,67
4,22,67,67
5,57,67,67
6,40,67,67
7,44,67,67
8,50,67,67
9,24,67,67
10,62,67,67
11,57,67,67
12,30,67,67
13,30,67,67
14,22,67,67
15,64,67,67
16,25,67,67
17,15,67,67
18,18,67,67
19,64,67,67
20,13,67,67
21,40,67,67
22,62,67,67
23,1,67,67
24,15,67,67
25,59,67,67
26,15,67,67
27,51,67,67
28,50,67,67
29,14,67,67
30,48,67,67
31,50,67,67
32,2,67,67
33,64,67,67
34,28,67,67
35,62,67,67
36,9,67,67
37,14,67,67
38,48,67,67
39,9,67,67
40,40,67,67
41,61,67,67
42,30,67,67
43,61,67,67
44,13,67,67
45,2,67,67
46,51,67,67
47,1,67,67
48,28,67,67
49,22,67,67
50,61,67,67
51,57,67,67
52,28,67,67
53,18,67,67
54,59,67,67
55,59,67,67
56,25,67,67
57,2,67,67
58,44,67,67
59,9,67,67
60,24,67,67
61,51,67,67
62,25,67,67
63,18,67,67
64,1,67,67
65,24,67,67
66,48,67,67
1,39,71,71
1,54,71,71
2,13,71,71
2,18,71,71
3,8,71,71
3,61,71,71
4,6,71,71
4,28,71,71
5,22,71,71
5,25,71,71
6,44,71,71
6,50,71,71
7,13,71,71
8,2,71,71
8,33,71,71
9,38,71,71
9,59,71,71
10,31,71,71
10,32,71,71
11,17,71,71
12,62,71,71
12,64,71,71
13,68,71,71
14,28,71,71
15,30,71,71
15,69,71,71
16,11,71,71
16,48,71,71
17,69,71,71
18,60,71,71
18,67,71,71
19,12,71,71
19,56,71,71
20,34,71,71
20,58,71,71
21,44,71,71
22,53,71,71
23,41,71,71
24,45,71,71
24,68,71,71
25,5,71,71
25,47,71,71
26,70,71,71
27,3,71,71
27,14,71,71
28,33,71,71
29,21,71,71
29,40,71,71
30,10,71,71
30,23,71,71
31,56,71,71
32,16,71,71
32,51,71,71
33,63,71,71
34,23,71,71
35,31,71,71
36,20,71,71
36,46,71,71
37,24,71,71
37,41,71,71
38,4,71,71
38,66,71,71
39,39,71,71
40,35,71,71
40,43,71,71
41,51,71,71
42,62,71,71
43,19,71,71
43,65,71,71
44,65,71,71
45,26,71,71
45,36,71,71
46,61,71,71
47,52,71,71
48,15,71,71
48,70,71,71
49,9,71,71
49,42,71,71
50,49,71,71
50,63,71,71
51,26,71,71
52,47,71,71
53,22,71,71
54,1,71,71
54,52,71,71
55,46,71,71
56,11,71,71
57,53,71,71
57,57,71,71
58,7,71,71
58,37,71,71
59,14,71,71
60,27,71,71
60,55,71,71
61,7,71,71
62,66,71,71
63,67,71,71
64,17,71,71
64,29,71,71
65,42,71,71
66,21,71,71
67,59,71,71
68,55,71,71
69,35,71,71
70,34,71,71
3,31,73,73
3,42,73,73
5,2,73,73
5,71,73,73
6,13,73,73
6,60,73,73
7,18,73,73
7,55,73,73
10,18,73,73
10,55,73,73
11,3,73,73
11,21,73,73
11,52,73,73
11,70,73,73
12,29,73,73
12,44,73,73
13,9,73,73
13,10,73,73
13,63,73,73
13,64,73,73
14,16,73,73
14,57,73,73
15,3,73,73
15,21,73,73
15,52,73,73
15,70,73,73
17,25,73,73
17,48,73,73
19,13,73,73
19,60,73,73
20,16,73,73
20,57,73,73
21,27,73,73
21,30,73,73
21,43,73,73
21,46,73,73
22,27,73,73
22,30,73,73
22,43,73,73
22,46,73,73
23,29,73,73
23,44,73,73
24,31,73,73
24,42,73,73
25,14,73,73
25,59,73,73
26,8,73,73
26,17,73,73
26,56,73,73
26,65,73,73
27,34,73,73
27,39,73,73
28,2,73,73
28,71,73,73
29,9,73,73
29,10,73,73
29,63,73,73
29,64,73,73
30,27,73,73
30,30,73,73
30,43,73,73
30,46,73,73
31,9,73,73
31,10,73,73
31,63,73,73
31,64,73,73
33,19,73,73
33,54,73,73
34,6,73,73
34,67,73,73
35,20,73,73
35,53,73,73
38,29,73,73
38,44,73,73
39,16,73,73
39,57,73,73
40,2,73,73
40,71,73,73
42,22,73,73
42,24,73,73
42,49,73,73
42,51,73,73
43,1,73,73
43,7,73,73
43,66,73,73
43,72,73,73
44,22,73,73
44,24,73,73
44,49,73,73
44,51,73,73
45,19,73,73
45,54,73,73
46,31,73,73
46,42,73,73
47,3,73,73
47,21,73,73
47,52,73,73
47,70,73,73
48,13,73,73
48,60,73,73
49,34,73,73
49,39,73,73
50,20,73,73
50,53,73,73
51,1,73,73
51,7,73,73
51,66,73,73
51,72,73,73
52,1,73,73
52,7,73,73
52,66,73,73
52,72,73,73
53,6,73,73
53,67,73,73
54,14,73,73
54,59,73,73
56,18,73,73
56,55,73,73
58,8,73,73
58,17,73,73
58,56,73,73
58,65,73,73
59,6,73,73
59,67,73,73
60,22,73,73
60,24,73,73
60,49,73,73
60,51,73,73
61,20,73,73
61,53,73,73
62,8,73,73
62,17,73,73
62,56,73,73
62,65,73,73
63,25,73,73
63,48,73,73
66,25,73,73
66,48,73,73
67,14,73,73
67,59,73,73
68,19,73,73
68,54,73,73
70,34,73,73
70,39,73,73
1,14,79,79
1,43,79,79
1,53,79,79
2,6,79,79
2,15,79,79
2,63,79,79
3,11,79,79
3,50,79,79
3,78,79,79
4,28,79,79
4,29,79,79
4,33,79,79
5,7,79,79
5,34,79,79
5,57,79,79
6,31,79,79
6,40,79,79
6,61,79,79
7,11,79,79
7,50,79,79
7,78,79,79
8,30,79,79
8,41,79,79
8,48,79,79
9,17,79,79
9,24,79,79
9,70,79,79
10,47,79,79
10,59,79,79
10,78,79,79
11,27,79,79
11,66,79,79
11,74,79,79
12,5,79,79
12,9,79,79
12,71,79,79
13,28,79,79
13,29,79,79
13,33,79,79
14,31,79,79
14,40,79,79
14,61,79,79
15,23,79,79
15,58,79,79
15,73,79,79
16,27,79,79
16,66,79,79
16,74,79,79
17,9,79,79
17,32,79,79
17,33,79,79
18,37,79,79
18,69,79,79
18,75,79,79
19,37,79,79
19,69,79,79
19,75,79,79
20,35,79,79
20,56,79,79
20,61,79,79
21,17,79,79
21,24,79,79
21,70,79,79
22,3,79,79
22,12,79,79
22,68,79,79
23,14,79,79
23,43,79,79
23,53,79,79
24,4,79,79
24,11,79,79
24,14,79,79
25,3,79,79
25,12,79,79
25,68,79,79
26,30,79,79
26,41,79,79
26,48,79,79
27,19,79,79
27,27,79,79
27,72,79,79
28,5,79,79
28,9,79,79
28,71,79,79
29,23,79,79
29,58,79,79
29,73,79,79
30,17,79,79
30,19,79,79
30,50,79,79
31,6,79,79
31,15,79,79
31,63,79,79
32,3,79,79
32,12,79,79
32,68,79,79
33,15,79,79
33,40,79,79
33,72,79,79
34,4,79,79
34,23,79,79
34,41,79,79
35,23,79,79
35,58,79,79
35,73,79,79
36,7,79,79
36,34,79,79
36,57,79,79
37,26,79,79
37,31,79,79
37,69,79,79
38,7,79,79
38,34,79,79
38,57,79,79
39,5,79,79
39,9,79,79
39,71,79,79
40,60,79,79
40,71,79,79
40,77,79,79
41,5,79,79
41,57,79,79
41,73,79,79
42,37,79,79
42,69,79,79
42,75,79,79
43,5,79,79
43,57,79,79
43,73,79,79
44,39,79,79
44,54,79,79
44,58,79,79
45,30,79,79
45,41,79,79
45,48,79,79
46,6,79,79
46,15,79,79
46,63,79,79
47,12,79,79
47,26,79,79
47,32,79,79
48,15,79,79
48,40,79,79
48,72,79,79
49,17,79,79
49,24,79,79
49,70,79,79
50,39,79,79
50,54,79,79
50,58,79,79
51,60,79,79
51,71,79,79
51,77,79,79
52,27,79,79
52,66,79,79
52,74,79,79
53,4,79,79
53,23,79,79
53,41,79,79
54,12,79,79
54,26,79,79
54,32,79,79
55,14,79,79
55,43,79,79
55,53,79,79
56,4,79,79
56,11,79,79
56,14,79,79
57,12,79,79
57,26,79,79
57,32,79,79
58,17,79,79
58,19,79,79
58,50,79,79
59,31,79,79
59,40,79,79
59,61,79,79
60,26,79,79
60,31,79,79
60,69,79,79
61,26,79,79
61,31,79,79
61,69,79,79
62,28,79,79
62,29,79,79
62,33,79,79
63,19,79,79
63,27,79,79
63,72,79,79
64,39,79,79
64,54,79,79
64,58,79,79
65,35,79,79
65,56,79,79
65,61,79,79
66,9,79,79
66,32,79,79
66,33,79,79
67,60,79,79
67,71,79,79
67,77,79,79
68,19,79,79
68,27,79,79
68,72,79,79
69,11,79,79
69,50,79,79
69,78,79,79
70,17,79,79
70,19,79,79
70,50,79,79
71,4,79,79
71,23,79,79
71,41,79,79
72,47,79,79
72,59,79,79
72,78,79,79
73,35,79,79
73,56,79,79
73,61,79,79
74,5,79,79
74,57,79,79
74,73,79,79
75,9,79,79
75,32,79,79
75,33,79,79
76,47,79,79
76,59,79,79
76,78,79,79
77,15,79,79
77,40,79,79
77,72,79,79
78,4,79,79
78,11,79,79
78,14,79,79
2,57,83,83
2,60,83,83
2,78,83,83
5,15,83,83
5,35,83,83
5,61,83,83
6,18,83,83
6,29,83,83
6,67,83,83
8,18,83,83
8,40,83,83
8,42,83,83
13,30,83,83
13,55,83,83
13,73,83,83
14,21,83,83
14,76,83,83
14,80,83,83
15,28,83,83
15,46,83,83
15,79,83,83
18,31,83,83
18,43,83,83
18,45,83,83
19,19,83,83
19,33,83,83
19,72,83,83
20,10,83,83
20,46,83,83
20,52,83,83
22,6,83,83
22,50,83,83
22,65,83,83
24,17,83,83
24,22,83,83
24,45,83,83
32,12,83,83
32,22,83,83
32,79,83,83
34,62,83,83
34,63,83,83
34,74,83,83
35,19,83,83
35,20,83,83
35,26,83,83
39,13,83,83
39,58,83,83
39,75,83,83
42,11,83,83
42,24,83,83
42,34,83,83
43,2,83,83
43,60,83,83
43,69,83,83
45,32,83,83
45,70,83,83
45,73,83,83
46,5,83,83
46,48,83,83
46,67,83,83
47,20,83,83
47,23,83,83
47,56,83,83
50,13,83,83
50,44,83,83
50,53,83,83
52,9,83,83
52,58,83,83
52,80,83,83
53,2,83,83
53,72,83,83
53,77,83,83
54,36,83,83
54,66,83,83
54,71,83,83
55,37,83,83
55,43,83,83
55,54,83,83
56,24,83,83
56,56,83,83
56,81,83,83
57,6,83,83
57,14,83,83
57,41,83,83
58,16,83,83
58,50,83,83
58,57,83,83
60,25,83,83
60,32,83,83
60,47,83,83
62,4,83,83
62,35,83,83
62,54,83,83
66,15,83,83
66,38,83,83
66,42,83,83
67,8,83,83
67,27,83,83
67,74,83,83
71,8,83,83
71,39,83,83
71,59,83,83
72,1,83,83
72,55,83,83
72,71,83,83
73,34,83,83
73,62,83,83
73,64,83,83
74,39,83,83
74,49,83,83
74,76,83,83
76,5,83,83
76,14,83,83
76,68,83,83
79,7,83,83
79,53,83,83
79,82,83,83
80,3,83,83
80,47,83,83
80,82,83,83
82,51,83,83
82,52,83,83
82,66,83,83
3,5,89,89
3,17,89,89
3,72,89,89
3,84,89,89
5,25,89,89
5,64,89,89
6,17,89,89
6,40,89,89
6,49,89,89
6,72,89,89
7,20,89,89
7,21,89,89
7,68,89,89
7,69,89,89
9,21,89,89
9,68,89,89
10,4,89,89
10,85,89,89
12,40,89,89
12,42,89,89
12,47,89,89
12,49,89,89
13,21,89,89
13,68,89,89
14,18,89,89
14,21,89,89
14,68,89,89
14,71,89,89
15,34,89,89
15,55,89,89
17,1,89,89
17,88,89,89
18,18,89,89
18,71,89,89
19,22,89,89
19,67,89,89
20,22,89,89
20,67,89,89
21,5,89,89
21,84,89,89
23,9,89,89
23,34,89,89
23,55,89,89
23,80,89,89
24,36,89,89
24,42,89,89
24,47,89,89
24,53,89,89
26,18,89,89
26,71,89,89
27,25,89,89
27,64,89,89
28,10,89,89
28,18,89,89
28,71,89,89
28,79,89,89
29,8,89,89
29,81,89,89
30,9,89,89
30,80,89,89
31,17,89,89
31,72,89,89
33,1,89,89
33,16,89,89
33,73,89,89
33,88,89,89
34,39,89,89
34,50,89,89
35,42,89,89
35,47,89,89
36,10,89,89
36,79,89,89
37,16,89,89
37,73,89,89
38,32,89,89
38,57,89,89
40,32,89,89
40,57,89,89
41,22,89,89
41,32,89,89
41,57,89,89
41,67,89,89
42,17,89,89
42,72,89,89
43,8,89,89
43,39,89,89
43,50,89,89
43,81,89,89
46,5,89,89
46,9,89,89
46,80,89,89
46,84,89,89
47,44,89,89
47,45,89,89
48,20,89,89
48,36,89,89
48,53,89,89
48,69,89,89
49,20,89,89
49,69,89,89
51,20,89,89
51,69,89,89
52,10,89,89
52,79,89,89
53,16,89,89
53,73,89,89
54,4,89,89
54,85,89,89
55,9,89,89
55,80,89,89
56,10,89,89
56,34,89,89
56,55,89,89
56,79,89,89
58,44,89,89
58,45,89,89
59,39,89,89
59,50,89,89
60,5,89,89
60,84,89,89
61,11,89,89
61,16,89,89
61,73,89,89
61,78,89,89
62,40,89,89
62,49,89,89
63,11,89,89
63,78,89,89
65,4,89,89
65,22,89,89
65,67,89,89
65,85,89,89
66,1,89,89
66,39,89,89
66,50,89,89
66,88,89,89
68,8,89,89
68,81,89,89
69,36,89,89
69,53,89,89
70,36,89,89
70,53,89,89
71,11,89,89
71,78,89,89
72,34,89,89
72,55,89,89
74,1,89,89
74,88,89,89
75,2,89,89
75,11,89,89
75,78,89,89
75,87,89,89
76,2,89,89
76,87,89,89
77,4,89,89
77,25,89,89
77,64,89,89
77,85,89,89
79,42,89,89
79,47,89,89
80,2,89,89
80,87,89,89
82,2,89,89
82,32,89,89
82,57,89,89
82,87,89,89
83,25,89,89
83,44,89,89
83,45,89,89
83,64,89,89
84,40,89,89
84,49,89,89
86,8,89,89
86,44,89,89
86,45,89,89
86,81,89,89
1,1,97,97
1,3,97,97
1,12,97,97
1,85,97,97
1,94,97,97
1,96,97,97
4,1,97,97
4,8,97,97
4,24,97,97
4,73,97,97
4,89,97,97
4,96,97,97
5,22,97,97
5,75,97,97
6,2,97,97
6,8,97,97
6,33,97,97
6,64,97,97
6,89,97,97
6,95,97,97
7,25,97,97
7,72,97,97
9,16,97,97
9,27,97,97
9,33,97,97
9,64,97,97
9,70,97,97
9,81,97,97
10,6,97,97
10,91,97,97
13,33,97,97
13,64,97,97
14,22,97,97
14,75,97,97
15,48,97,97
15,49,97,97
16,2,97,97
16,8,97,97
16,33,97,97
16,64,97,97
16,89,97,97
16,95,97,97
17,33,97,97
17,64,97,97
19,1,97,97
19,96,97,97
20,18,97,97
20,79,97,97
21,18,97,97
21,79,97,97
22,18,97,97
22,44,97,97
22,47,97,97
22,50,97,97
22,53,97,97
22,79,97,97
23,12,97,97
23,85,97,97
24,16,97,97
24,27,97,97
24,33,97,97
24,64,97,97
24,70,97,97
24,81,97,97
26,9,97,97
26,88,97,97
28,6,97,97
28,91,97,97
29,12,97,97
29,85,97,97
30,47,97,97
30,50,97,97
33,12,97,97
33,36,97,97
33,47,97,97
33,50,97,97
33,61,97,97
33,85,97,97
34,9,97,97
34,88,97,97
35,1,97,97
35,3,97,97
35,12,97,97
35,85,97,97
35,94,97,97
35,96,97,97
36,22,97,97
36,27,97,97
36,31,97,97
36,66,97,97
36,70,97,97
36,75,97,97
37,9,97,97
37,88,97,97
38,35,97,97
38,62,97,97
39,25,97,97
39,72,97,97
40,48,97,97
40,49,97,97
41,8,97,97
41,89,97,97
42,48,97,97
42,49,97,97
43,1,97,97
43,8,97,97
43,24,97,97
43,73,97,97
43,89,97,97
43,96,97,97
45,12,97,97
45,85,97,97
46,32,97,97
46,65,97,97
47,18,97,97
47,22,97,97
47,43,97,97
47,54,97,97
47,75,97,97
47,79,97,97
50,1,97,97
50,8,97,97
50,24,97,97
50,73,97,97
50,89,97,97
50,96,97,97
51,25,97,97
51,72,97,97
52,27,97,97
52,70,97,97
54,18,97,97
54,22,97,97
54,43,97,97
54,54,97,97
54,75,97,97
54,79,97,97
55,11,97,97
55,86,97,97
56,18,97,97
56,79,97,97
57,11,97,97
57,86,97,97
58,32,97,97
58,65,97,97
59,6,97,97
59,91,97,97
60,4,97,97
60,93,97,97
61,1,97,97
61,3,97,97
61,12,97,97
61,85,97,97
61,94,97,97
61,96,97,97
62,22,97,97
62,27,97,97
62,31,97,97
62,66,97,97
62,70,97,97
62,75,97,97
63,4,97,97
63,93,97,97
64,16,97,97
64,27,97,97
64,33,97,97
64,64,97,97
64,70,97,97
64,81,97,97
67,33,97,97
67,64,97,97
68,27,97,97
68,70,97,97
69,35,97,97
69,62,97,97
71,4,97,97
71,93,97,97
73,12,97,97
73,36,97,97
73,47,97,97
73,50,97,97
73,61,97,97
73,85,97,97
74,27,97,97
74,70,97,97
75,2,97,97
75,8,97,97
75,33,97,97
75,64,97,97
75,89,97,97
75,95,97,97
76,8,97,97
76,89,97,97
77,8,97,97
77,89,97,97
78,22,97,97
78,75,97,97
80,47,97,97
80,50,97,97
81,18,97,97
81,44,97,97
81,47,97,97
81,50,97,97
81,53,97,97
81,79,97,97
82,11,97,97
82,86,97,97
83,1,97,97
83,96,97,97
84,47,97,97
84,50,97,97
87,35,97,97
87,62,97,97
88,12,97,97
88,36,97,97
88,47,97,97
88,50,97,97
88,61,97,97
88,85,97,97
90,32,97,97
90,65,97,97
91,18,97,97
91,44,97,97
91,47,97,97
91,50,97,97
91,53,97,97
91,79,97,97
92,1,97,97
92,96,97,97
93,18,97,97
93,22,97,97
93,43,97,97
93,54,97,97
93,75,97,97
93,79,97,97
96,22,97,97
96,27,97,97
96,31,97,97
96,66,97,97
96,70,97,97
96,75,97,97
1,32,101,101
1,69,101,101
5,29,101,101
5,72,101,101
8,46,101,101
8,55,101,101
12,18,101,101
12,83,101,101
16,28,101,101
16,73,101,101
18,29,101,101
18,72,101,101
19,50,101,101
19,51,101,101
24,11,101,101
24,90,101,101
25,40,101,101
25,61,101,101
26,35,101,101
26,66,101,101
27,15,101,101
27,86,101,101
28,50,101,101
28,51,101,101
29,3,101,101
29,98,101,101
31,34,101,101
31,67,101,101
34,42,101,101
34,59,101,101
36,44,101,101
36,57,101,101
37,18,101,101
37,83,101,101
39,39,101,101
39,62,101,101
40,48,101,101
40,53,101,101
42,2,101,101
42,99,101,101
44,32,101,101
44,69,101,101
46,11,101,101
46,90,101,101
51,34,101,101
51,67,101,101
52,27,101,101
52,74,101,101
53,26,101,101
53,75,101,101
54,26,101,101
54,75,101,101
56,48,101,101
56,53,101,101
58,15,101,101
58,86,101,101
60,10,101,101
60,91,101,101
63,8,101,101
63,93,101,101
66,27,101,101
66,74,101,101
68,8,101,101
68,93,101,101
69,44,101,101
69,57,101,101
71,12,101,101
71,89,101,101
78,7,101,101
78,94,101,101
79,2,101,101
79,99,101,101
80,38,101,101
80,63,101,101
81,3,101,101
81,98,101,101
84,10,101,101
84,91,101,101
86,38,101,101
86,63,101,101
87,41,101,101
87,60,101,101
88,42,101,101
88,59,101,101
90,40,101,101
90,61,101,101
91,41,101,101
91,60,101,101
92,46,101,101
92,55,101,101
94,12,101,101
94,89,101,101
95,39,101,101
95,62,101,101
97,35,101,101
97,66,101,101
98,28,101,101
98,73,101,101
99,7,101,101
99,94,101,101
1,4,103,103
1,19,103,103
1,43,103,103
2,2,103,103
2,75,103,103
2,98,103,103
3,57,103,103
3,64,103,103
3,81,103,103
4,32,103,103
4,35,103,103
4,49,103,103
5,14,103,103
5,48,103,103
5,81,103,103
6,6,103,103
6,23,103,103
6,79,103,103
7,6,103,103
7,29,103,103
7,82,103,103
8,16,103,103
8,63,103,103
8,85,103,103
9,2,103,103
9,75,103,103
9,98,103,103
10,34,103,103
10,43,103,103
10,79,103,103
11,61,103,103
11,62,103,103
11,66,103,103
12,30,103,103
12,44,103,103
12,100,103,103
13,6,103,103
13,29,103,103
13,82,103,103
14,41,103,103
14,44,103,103
14,52,103,103
15,50,103,103
15,74,103,103
15,83,103,103
16,50,103,103
16,74,103,103
16,83,103,103
17,15,103,103
17,84,103,103
17,97,103,103
18,32,103,103
18,35,103,103
18,49,103,103
19,7,103,103
19,59,103,103
19,101,103,103
20,9,103,103
20,30,103,103
20,75,103,103
21,64,103,103
21,76,103,103
21,87,103,103
22,1,103,103
22,72,103,103
22,77,103,103
23,26,103,103
23,38,103,103
23,48,103,103
24,14,103,103
24,48,103,103
24,81,103,103
25,15,103,103
25,84,103,103
25,97,103,103
26,41,103,103
26,44,103,103
26,52,103,103
27,6,103,103
27,23,103,103
27,79,103,103
28,26,103,103
28,38,103,103
28,48,103,103
29,36,103,103
29,68,103,103
29,78,103,103
30,25,103,103
30,62,103,103
30,92,103,103
31,8,103,103
31,61,103,103
31,101,103,103
32,25,103,103
32,62,103,103
32,92,103,103
33,56,103,103
33,60,103,103
33,87,103,103
34,7,103,103
34,59,103,103
34,101,103,103
35,57,103,103
35,64,103,103
35,81,103,103
36,16,103,103
36,63,103,103
36,85,103,103
37,30,103,103
37,44,103,103
37,100,103,103
38,17,103,103
38,54,103,103
38,55,103,103
39,64,103,103
39,76,103,103
39,87,103,103
40,14,103,103
40,35,103,103
40,66,103,103
41,25,103,103
41,62,103,103
41,92,103,103
42,8,103,103
42,20,103,103
42,23,103,103
43,64,103,103
43,76,103,103
43,87,103,103
44,13,103,103
44,76,103,103
44,84,103,103
45,34,103,103
45,43,103,103
45,79,103,103
46,4,103,103
46,19,103,103
46,43,103,103
47,9,103,103
47,13,103,103
47,74,103,103
48,34,103,103
48,43,103,103
48,79,103,103
49,20,103,103
49,28,103,103
49,33,103,103
50,7,103,103
50,59,103,103
50,101,103,103
51,34,103,103
51,72,103,103
51,85,103,103
52,26,103,103
52,38,103,103
52,48,103,103
53,78,103,103
53,93,103,103
53,100,103,103
54,30,103,103
54,44,103,103
54,100,103,103
55,18,103,103
55,57,103,103
55,58,103,103
56,4,103,103
56,19,103,103
56,43,103,103
57,9,103,103
57,13,103,103
57,74,103,103
58,18,103,103
58,57,103,103
58,58,103,103
59,16,103,103
59,63,103,103
59,85,103,103
60,46,103,103
60,77,103,103
60,91,103,103
61,15,103,103
61,84,103,103
61,97,103,103
62,1,103,103
62,54,103,103
62,93,103,103
63,41,103,103
63,44,103,103
63,52,103,103
64,46,103,103
64,77,103,103
64,91,103,103
65,57,103,103
65,64,103,103
65,81,103,103
66,20,103,103
66,28,103,103
66,33,103,103
67,13,103,103
67,76,103,103
67,84,103,103
68,17,103,103
68,54,103,103
68,55,103,103
69,78,103,103
69,93,103,103
69,100,103,103
70,6,103,103
70,23,103,103
70,79,103,103
71,1,103,103
71,54,103,103
71,93,103,103
72,50,103,103
72,74,103,103
72,83,103,103
73,1,103,103
73,54,103,103
73,93,103,103
74,14,103,103
74,48,103,103
74,81,103,103
75,34,103,103
75,72,103,103
75,85,103,103
76,56,103,103
76,60,103,103
76,87,103,103
77,14,103,103
77,35,103,103
77,66,103,103
78,8,103,103
78,20,103,103
78,23,103,103
79,36,103,103
79,68,103,103
79,78,103,103
80,34,103,103
80,72,103,103
80,85,103,103
81,32,103,103
81,35,103,103
81,49,103,103
82,46,103,103
82,77,103,103
82,91,103,103
83,6,103,103
83,29,103,103
83,82,103,103
84,78,103,103
84,93,103,103
84,100,103,103
85,1,103,103
85,72,103,103
85,77,103,103
86,8,103,103
86,20,103,103
86,23,103,103
87,8,103,103
87,61,103,103
87,101,103,103
88,8,103,103
88,61,103,103
88,101,103,103
89,14,103,103
89,35,103,103
89,66,103,103
90,9,103,103
90,30,103,103
90,75,103,103
91,20,103,103
91,28,103,103
91,33,103,103
92,2,103,103
92,75,103,103
92,98,103,103
93,18,103,103
93,57,103,103
93,58,103,103
94,61,103,103
94,62,103,103
94,66,103,103
95,13,103,103
95,76,103,103
95,84,103,103
96,9,103,103
96,30,103,103
96,75,103,103
97,56,103,103
97,60,103,103
97,87,103,103
98,36,103,103
98,68,103,103
98,78,103,103
99,1,103,103
99,72,103,103
99,77,103,103
100,17,103,103
100,54,103,103
100,55,103,103
101,61,103,103
101,62,103,103
101,66,103,103
102,9,103,103
102,13,103,103
102,74,103,103
1,4,107,107
1,9,107,107
3,49,107,107
3,105,107,107
4,35,107,107
4,75,107,107
9,1,107,107
9,29,107,107
10,1,107,107
10,48,107,107
11,13,107,107
11,89,107,107
12,16,107,107
12,36,107,107
13,4,107,107
13,85,107,107
14,81,107,107
14,102,107,107
16,41,107,107
16,42,107,107
19,47,107,107
19,79,107,107
23,48,107,107
23,57,107,107
25,35,107,107
25,52,107,107
27,39,107,107
27,53,107,107
29,40,107,107
29,90,107,107
30,53,107,107
30,83,107,107
33,9,107,107
33,47,107,107
34,69,107,107
34,102,107,107
35,39,107,107
35,61,107,107
36,89,107,107
36,99,107,107
37,37,107,107
37,64,107,107
39,11,107,107
39,105,107,107
40,44,107,107
40,99,107,107
41,23,107,107
41,25,107,107
42,13,107,107
42,56,107,107
44,3,107,107
44,37,107,107
47,10,107,107
47,76,107,107
48,33,107,107
48,86,107,107
49,16,107,107
49,19,107,107
52,69,107,107
52,75,107,107
53,64,107,107
53,76,107,107
56,40,107,107
56,101,107,107
57,14,107,107
57,30,107,107
61,3,107,107
61,87,107,107
62,14,107,107
62,85,107,107
64,92,107,107
64,100,107,107
69,25,107,107
69,83,107,107
75,36,107,107
75,81,107,107
76,10,107,107
76,52,107,107
79,11,107,107
79,100,107,107
81,27,107,107
81,34,107,107
83,29,107,107
83,92,107,107
85,57,107,107
85,61,107,107
86,33,107,107
86,101,107,107
87,62,107,107
87,87,107,107
89,62,107,107
89,86,107,107
90,12,107,107
90,27,107,107
92,44,107,107
92,79,107,107
99,30,107,107
99,49,107,107
100,12,107,107
100,41,107,107
101,42,107,107
101,90,107,107
102,19,107,107
102,56,107,107
105,23,107,107
105,34,107,107
1,51,109,109
1,58,109,109
2,46,109,109
2,63,109,109
3,24,109,109
3,85,109,109
4,15,109,109
4,24,109,109
4,85,109,109
4,94,109,109
5,14,109,109
5,95,109,109
6,4,109,109
6,105,109,109
7,14,109,109
7,95,109,109
9,40,109,109
9,69,109,109
10,34,109,109
10,75,109,109
12,25,109,109
12,40,109,109
12,69,109,109
12,84,109,109
14,34,109,109
14,75,109,109
15,13,109,109
15,96,109,109
16,6,109,109
16,103,109,109
17,46,109,109
17,63,109,109
18,43,109,109
18,66,109,109
20,13,109,109
20,49,109,109
20,60,109,109
20,96,109,109
21,13,109,109
21,96,109,109
22,40,109,109
22,69,109,109
23,1,109,109
23,108,109,109
25,53,109,109
25,56,109,109
26,24,109,109
26,85,109,109
27,6,109,109
27,103,109,109
28,13,109,109
28,49,109,109
28,60,109,109
28,96,109,109
29,35,109,109
29,53,109,109
29,56,109,109
29,74,109,109
30,16,109,109
30,93,109,109
31,22,109,109
31,52,109,109
31,57,109,109
31,87,109,109
32,1,109,109
32,108,109,109
34,15,109,109
34,24,109,109
34,85,109,109
34,94,109,109
35,53,109,109
35,56,109,109
36,6,109,109
36,31,109,109
36,78,109,109
36,103,109,109
37,16,109,109
37,93,109,109
38,52,109,109
38,57,109,109
41,45,109,109
41,64,109,109
42,16,109,109
42,93,109,109
43,14,109,109
43,36,109,109
43,73,109,109
43,95,109,109
44,43,109,109
44,66,109,109
45,51,109,109
45,58,109,109
46,10,109,109
46,21,109,109
46,88,109,109
46,99,109,109
47,43,109,109
47,66,109,109
48,10,109,109
48,99,109,109
49,53,109,109
49,56,109,109
50,27,109,109
50,82,109,109
51,4,109,109
51,105,109,109
52,4,109,109
52,105,109,109
53,38,109,109
53,71,109,109
54,1,109,109
54,108,109,109
60,9,109,109
60,51,109,109
60,58,109,109
60,100,109,109
61,13,109,109
61,49,109,109
61,60,109,109
61,96,109,109
63,51,109,109
63,58,109,109
64,10,109,109
64,21,109,109
64,88,109,109
64,99,109,109
66,6,109,109
66,103,109,109
69,38,109,109
69,71,109,109
70,27,109,109
70,82,109,109
71,15,109,109
71,24,109,109
71,85,109,109
71,94,109,109
73,13,109,109
73,96,109,109
74,9,109,109
74,51,109,109
74,58,109,109
74,100,109,109
75,52,109,109
75,57,109,109
76,45,109,109
76,64,109,109
78,40,109,109
78,69,109,109
80,24,109,109
80,85,109,109
81,10,109,109
81,99,109,109
82,14,109,109
82,36,109,109
82,73,109,109
82,95,109,109
83,35,109,109
83,53,109,109
83,56,109,109
83,74,109,109
84,9,109,109
84,51,109,109
84,58,109,109
84,100,109,109
85,34,109,109
85,75,109,109
87,22,109,109
87,52,109,109
87,57,109,109
87,87,109,109
88,6,109,109
88,31,109,109
88,78,109,109
88,103,109,109
89,10,109,109
89,99,109,109
90,46,109,109
90,63,109,109
93,14,109,109
93,36,109,109
93,73,109,109
93,95,109,109
94,6,109,109
94,31,109,109
94,78,109,109
94,103,109,109
96,38,109,109
96,71,109,109
97,14,109,109
97,95,109,109
98,27,109,109
98,82,109,109
100,22,109,109
100,52,109,109
100,57,109,109
100,87,109,109
101,45,109,109
101,64,109,109
102,25,109,109
102,40,109,109
102,69,109,109
102,84,109,109
104,25,109,109
104,40,109,109
104,69,109,109
104,84,109,109
105,52,109,109
105,57,109,109
106,35,109,109
106,53,109,109
106,56,109,109
106,74,109,109
108,10,109,109
108,21,109,109
108,88,109,109
108,99,109,109
1,9,113,113
1,27,113,113
1,86,113,113
1,104,113,113
2,14,113,113
2,42,113,113
2,71,113,113
2,99,113,113
4,10,113,113
4,41,113,113
4,72,113,113
4,103,113,113
5,19,113,113
5,34,113,113
5,50,113,113
5,51,113,113
5,62,113,113
5,63,113,113
5,79,113,113
5,94,113,113
7,18,113,113
7,54,113,113
7,59,113,113
7,95,113,113
8,1,113,113
8,3,113,113
8,110,113,113
8,112,113,113
10,4,113,113
10,15,113,113
10,17,113,113
10,35,113,113
10,78,113,113
10,96,113,113
10,98,113,113
10,109,113,113
14,28,113,113
14,29,113,113
14,84,113,113
14,85,113,113
15,34,113,113
15,49,113,113
15,64,113,113
15,79,113,113
16,11,113,113
16,33,113,113
16,80,113,113
16,102,113,113
19,22,113,113
19,23,113,113
19,26,113,113
19,37,113,113
19,76,113,113
19,87,113,113
19,90,113,113
19,91,113,113
20,39,113,113
20,44,113,113
20,46,113,113
20,52,113,113
20,61,113,113
20,67,113,113
20,69,113,113
20,74,113,113
27,9,113,113
27,21,113,113
27,25,113,113
27,35,113,113
27,78,113,113
27,88,113,113
27,92,113,113
27,104,113,113
28,20,113,113
28,31,113,113
28,82,113,113
28,93,113,113
30,26,113,113
30,35,113,113
30,78,113,113
30,87,113,113
32,8,113,113
32,24,113,113
32,89,113,113
32,105,113,113
33,17,113,113
33,25,113,113
33,31,113,113
33,47,113,113
33,66,113,113
33,82,113,113
33,88,113,113
33,96,113,113
35,11,113,113
35,13,113,113
35,38,113,113
35,45,113,113
35,68,113,113
35,75,113,113
35,100,113,113
35,102,113,113
37,33,113,113
37,41,113,113
37,44,113,113
37,48,113,113
37,65,113,113
37,69,113,113
37,72,113,113
37,80,113,113
38,16,113,113
38,27,113,113
38,45,113,113
38,53,113,113
38,60,113,113
38,68,113,113
38,86,113,113
38,97,113,113
39,10,113,113
39,15,113,113
39,21,113,113
39,28,113,113
39,85,113,113
39,92,113,113
39,98,113,113
39,103,113,113
40,7,113,113
40,23,113,113
40,32,113,113
40,54,113,113
40,59,113,113
40,81,113,113
40,90,113,113
40,106,113,113
43,2,113,113
43,7,113,113
43,33,113,113
43,55,113,113
43,58,113,113
43,80,113,113
43,106,113,113
43,111,113,113
47,20,113,113
47,30,113,113
47,42,113,113
47,56,113,113
47,57,113,113
47,71,113,113
47,83,113,113
47,93,113,113
49,5,113,113
49,36,113,113
49,77,113,113
49,108,113,113
53,4,113,113
53,12,113,113
53,101,113,113
53,109,113,113
54,5,113,113
54,14,113,113
54,46,113,113
54,49,113,113
54,64,113,113
54,67,113,113
54,99,113,113
54,108,113,113
56,2,113,113
56,6,113,113
56,107,113,113
56,111,113,113
57,23,113,113
57,30,113,113
57,83,113,113
57,90,113,113
59,12,113,113
59,16,113,113
59,38,113,113
59,56,113,113
59,57,113,113
59,75,113,113
59,97,113,113
59,101,113,113
60,46,113,113
60,53,113,113
60,60,113,113
60,67,113,113
64,25,113,113
64,38,113,113
64,75,113,113
64,88,113,113
66,2,113,113
66,39,113,113
66,48,113,113
66,49,113,113
66,64,113,113
66,65,113,113
66,74,113,113
66,111,113,113
70,8,113,113
70,30,113,113
70,34,113,113
70,43,113,113
70,70,113,113
70,79,113,113
70,83,113,113
70,105,113,113
73,6,113,113
73,8,113,113
73,19,113,113
73,28,113,113
73,85,113,113
73,94,113,113
73,105,113,113
73,107,113,113
74,1,113,113
74,24,113,113
74,32,113,113
74,37,113,113
74,76,113,113
74,81,113,113
74,89,113,113
74,112,113,113
75,3,113,113
75,4,113,113
75,14,113,113
75,47,113,113
75,66,113,113
75,99,113,113
75,109,113,113
75,110,113,113
76,18,113,113
76,42,113,113
76,43,113,113
76,50,113,113
76,63,113,113
76,70,113,113
76,71,113,113
76,95,113,113
78,3,113,113
78,5,113,113
78,31,113,113
78,52,113,113
78,61,113,113
78,82,113,113
78,108,113,113
78,110,113,113
80,13,113,113
80,27,113,113
80,29,113,113
80,36,113,113
80,77,113,113
80,84,113,113
80,86,113,113
80,100,113,113
81,7,113,113
81,21,113,113
81,92,113,113
81,106,113,113
83,40,113,113
83,51,113,113
83,62,113,113
83,73,113,113
85,13,113,113
85,39,113,113
85,74,113,113
85,100,113,113
86,22,113,113
86,24,113,113
86,36,113,113
86,40,113,113
86,73,113,113
86,77,113,113
86,89,113,113
86,91,113,113
93,11,113,113
93,12,113,113
93,18,113,113
93,20,113,113
93,93,113,113
93,95,113,113
93,101,113,113
93,102,113,113
94,6,113,113
94,9,113,113
94,10,113,113
94,51,113,113
94,62,113,113
94,103,113,113
94,104,113,113
94,107,113,113
97,43,113,113
97,52,113,113
97,61,113,113
97,70,113,113
98,55,113,113
98,56,113,113
98,57,113,113
98,58,113,113
99,17,113,113
99,32,113,113
99,81,113,113
99,96,113,113
103,1,113,113
103,29,113,113
103,40,113,113
103,53,113,113
103,60,113,113
103,73,113,113
103,84,113,113
103,112,113,113
105,15,113,113
105,45,113,113
105,68,113,113
105,98,113,113
106,19,113,113
106,44,113,113
106,69,113,113
106,94,113,113
108,26,113,113
108,41,113,113
108,54,113,113
108,55,113,113
108,58,113,113
108,59,113,113
108,72,113,113
108,87,113,113
109,37,113,113
109,50,113,113
109,63,113,113
109,76,113,113
111,16,113,113
111,48,113,113
111,65,113,113
111,97,113,113
112,22,113,113
112,47,113,113
112,66,113,113
112,91,113,113
0,3,127,127
0,6,127,127
0,7,127,127
0,12,127,127
0,14,127,127
0,23,127,127
0,24,127,127
0,28,127,127
0,46,127,127
0,48,127,127
0,56,127,127
0,57,127,127
0,65,127,127
0,67,127,127
0,75,127,127
0,92,127,127
0,96,127,127
0,97,127,127
0,101,127,127
0,112,127,127
0,114,127,127
1,63,127,127
1,112,127,127
2,28,127,127
2,111,127,127
3,52,127,127
3,61,127,127
4,7,127,127
4,123,127,127
5,4,127,127
5,120,127,127
6,13,127,127
6,47,127,127
7,13,127,127
7,47,127,127
8,97,127,127
8,126,127,127
9,24,127,127
9,77,127,127
10,1,127,127
10,30,127,127
11,3,127,127
11,89,127,127
12,35,127,127
12,107,127,127
13,33,127,127
13,101,127,127
14,35,127,127
14,107,127,127
15,80,127,127
15,114,127,127
16,56,127,127
16,95,127,127
17,12,127,127
17,102,127,127
18,6,127,127
18,51,127,127
19,63,127,127
19,112,127,127
20,32,127,127
20,71,127,127
21,6,127,127
21,51,127,127
22,54,127,127
22,96,127,127
23,26,127,127
23,94,127,127
24,104,127,127
24,122,127,127
25,97,127,127
25,126,127,127
26,40,127,127
26,57,127,127
27,4,127,127
27,120,127,127
28,104,127,127
28,122,127,127
29,50,127,127
29,103,127,127
30,20,127,127
30,92,127,127
31,80,127,127
31,114,127,127
32,14,127,127
32,119,127,127
33,15,127,127
33,64,127,127
34,3,127,127
34,89,127,127
35,20,127,127
35,92,127,127
36,65,127,127
36,108,127,127
37,54,127,127
37,96,127,127
38,28,127,127
38,111,127,127
39,38,127,127
39,124,127,127
40,8,127,127
40,113,127,127
41,12,127,127
41,102,127,127
42,65,127,127
42,108,127,127
43,50,127,127
43,103,127,127
44,24,127,127
44,77,127,127
45,19,127,127
45,62,127,127
46,70,127,127
46,87,127,127
47,7,127,127
47,123,127,127
48,26,127,127
48,94,127,127
49,65,127,127
49,108,127,127
50,56,127,127
50,95,127,127
51,2,127,127
51,60,127,127
52,10,127,127
52,46,127,127
53,25,127,127
53,115,127,127
54,1,127,127
54,30,127,127
55,50,127,127
55,103,127,127
56,26,127,127
56,94,127,127
57,52,127,127
57,61,127,127
58,76,127,127
58,121,127,127
59,79,127,127
59,100,127,127
60,5,127,127
60,23,127,127
61,56,127,127
61,95,127,127
62,20,127,127
62,92,127,127
63,1,127,127
63,30,127,127
64,67,127,127
64,125,127,127
65,81,127,127
65,117,127,127
66,16,127,127
66,99,127,127
67,52,127,127
67,61,127,127
68,54,127,127
68,96,127,127
69,12,127,127
69,102,127,127
70,5,127,127
70,23,127,127
71,66,127,127
71,75,127,127
72,27,127,127
72,48,127,127
73,67,127,127
73,125,127,127
74,24,127,127
74,77,127,127
75,104,127,127
75,122,127,127
76,7,127,127
76,123,127,127
77,16,127,127
77,99,127,127
78,31,127,127
78,73,127,127
79,66,127,127
79,75,127,127
80,2,127,127
80,60,127,127
81,80,127,127
81,114,127,127
82,3,127,127
82,89,127,127
83,25,127,127
83,115,127,127
84,27,127,127
84,48,127,127
85,31,127,127
85,73,127,127
86,76,127,127
86,121,127,127
87,28,127,127
87,111,127,127
88,6,127,127
88,51,127,127
89,8,127,127
89,113,127,127
90,79,127,127
90,100,127,127
91,31,127,127
91,73,127,127
92,81,127,127
92,117,127,127
93,19,127,127
93,62,127,127
94,97,127,127
94,126,127,127
95,4,127,127
95,120,127,127
96,70,127,127
96,87,127,127
97,81,127,127
97,117,127,127
98,27,127,127
98,48,127,127
99,10,127,127
99,46,127,127
100,14,127,127
100,119,127,127
101,35,127,127
101,107,127,127
102,15,127,127
102,64,127,127
103,10,127,127
103,46,127,127
104,66,127,127
104,75,127,127
105,79,127,127
105,100,127,127
106,38,127,127
106,124,127,127
107,63,127,127
107,112,127,127
108,32,127,127
108,71,127,127
109,38,127,127
109,124,127,127
110,76,127,127
110,121,127,127
111,16,127,127
111,99,127,127
112,70,127,127
112,87,127,127
113,40,127,127
113,57,127,127
114,13,127,127
114,47,127,127
115,40,127,127
115,57,127,127
116,19,127,127
116,62,127,127
117,67,127,127
117,125,127,127
118,25,127,127
118,115,127,127
119,15,127,127
119,64,127,127
120,33,127,127
120,101,127,127
121,33,127,127
121,101,127,127
122,14,127,127
122,119,127,127
123,2,127,127
123,60,127,127
124,5,127,127
124,23,127,127
125,8,127,127
125,113,127,127
126,32,127,127
126,71,127,127
1,36,131,131
1,62,131,131
2,19,131,131
2,24,131,131
2,71,131,131
3,43,131,131
3,125,131,131
4,28,131,131
4,105,131,131
5,52,131,131
5,75,131,131
6,70,131,131
6,103,131,131
6,116,131,131
7,34,131,131
7,62,131,131
8,70,131,131
8,87,131,131
8,110,131,131
9,55,131,131
9,102,131,131
10,42,131,131
10,88,131,131
10,122,131,131
11,91,131,131
11,112,131,131
12,48,131,131
12,49,131,131
13,109,131,131
13,114,131,131
14,40,131,131
14,85,131,131
14,115,131,131
15,33,131,131
15,35,131,131
16,38,131,131
16,77,131,131
17,6,131,131
17,103,131,131
17,116,131,131
18,83,131,131
18,120,131,131
18,124,131,131
19,37,131,131
19,90,131,131
19,104,131,131
20,55,131,131
20,108,131,131
21,77,131,131
21,125,131,131
22,30,131,131
22,31,131,131
22,119,131,131
23,8,131,131
23,17,131,131
23,23,131,131
24,93,131,131
24,95,131,131
24,120,131,131
25,21,131,131
25,46,131,131
26,72,131,131
26,76,131,131
26,82,131,131
27,100,131,131
27,113,131,131
28,28,131,131
28,121,131,131
29,68,131,131
29,79,131,131
29,130,131,131
30,22,131,131
30,72,131,131
30,76,131,131
31,14,131,131
31,73,131,131
31,96,131,131
32,37,131,131
32,90,131,131
32,95,131,131
33,25,131,131
33,61,131,131
34,7,131,131
34,59,131,131
35,20,131,131
35,75,131,131
36,84,131,131
36,101,131,131
37,32,131,131
37,51,131,131
37,69,131,131
38,99,131,131
38,105,131,131
39,27,131,131
39,112,131,131
40,57,131,131
40,72,131,131
40,82,131,131
41,46,131,131
41,107,131,131
42,10,131,131
42,106,131,131
42,127,131,131
43,3,131,131
43,27,131,131
44,21,131,131
44,58,131,131
45,60,131,131
45,94,131,131
46,58,131,131
46,129,131,131
47,90,131,131
47,93,131,131
47,95,131,131
48,1,131,131
48,9,131,131
49,34,131,131
49,44,131,131
50,17,131,131
50,98,131,131
50,118,131,131
51,29,131,131
51,83,131,131
51,124,131,131
52,5,131,131
52,45,131,131
53,16,131,131
53,60,131,131
54,30,131,131
54,56,131,131
54,119,131,131
55,15,131,131
55,89,131,131
56,73,131,131
56,106,131,131
56,128,131,131
57,26,131,131
57,42,131,131
57,66,131,131
58,100,131,131
58,114,131,131
59,12,131,131
59,108,131,131
60,113,131,131
60,129,131,131
61,59,131,131
61,123,131,131
62,41,131,131
62,107,131,131
63,1,131,131
63,102,131,131
64,39,131,131
64,89,131,131
65,41,131,131
65,121,131,131
66,14,131,131
66,73,131,131
66,128,131,131
67,24,131,131
67,51,131,131
67,69,131,131
68,83,131,131
68,93,131,131
68,120,131,131
69,2,131,131
69,104,131,131
69,126,131,131
70,6,131,131
70,50,131,131
70,116,131,131
71,29,131,131
71,67,131,131
71,78,131,131
72,56,131,131
72,88,131,131
72,122,131,131
73,30,131,131
73,56,131,131
73,122,131,131
74,9,131,131
74,81,131,131
75,4,131,131
75,36,131,131
76,66,131,131
76,85,131,131
76,97,131,131
77,33,131,131
77,91,131,131
78,18,131,131
78,47,131,131
78,86,131,131
79,29,131,131
79,67,131,131
79,124,131,131
80,53,131,131
80,84,131,131
81,3,131,131
81,44,131,131
82,31,131,131
82,40,131,131
82,115,131,131
83,32,131,131
83,51,131,131
83,92,131,131
84,39,131,131
84,48,131,131
85,22,131,131
85,76,131,131
85,96,131,131
86,2,131,131
86,78,131,131
86,126,131,131
87,17,131,131
87,23,131,131
87,98,131,131
88,14,131,131
88,22,131,131
88,96,131,131
89,11,131,131
89,74,131,131
90,18,131,131
90,19,131,131
90,86,131,131
91,64,131,131
91,109,131,131
92,67,131,131
92,78,131,131
92,126,131,131
93,24,131,131
93,69,131,131
93,71,131,131
94,43,131,131
94,63,131,131
95,68,131,131
95,92,131,131
95,130,131,131
96,26,131,131
96,42,131,131
96,88,131,131
97,54,131,131
97,57,131,131
97,127,131,131
98,98,131,131
98,110,131,131
98,118,131,131
99,11,131,131
99,99,131,131
100,25,131,131
100,94,131,131
101,5,131,131
101,117,131,131
102,12,131,131
102,45,131,131
103,87,131,131
103,110,131,131
103,118,131,131
104,47,131,131
104,79,131,131
104,130,131,131
105,35,131,131
105,53,131,131
106,31,131,131
106,40,131,131
106,119,131,131
107,7,131,131
107,63,131,131
108,13,131,131
108,117,131,131
109,13,131,131
109,16,131,131
110,70,131,131
110,87,131,131
110,103,131,131
111,6,131,131
111,50,131,131
111,111,131,131
112,38,131,131
112,80,131,131
113,52,131,131
113,64,131,131
114,20,131,131
114,49,131,131
115,10,131,131
115,106,131,131
115,128,131,131
116,8,131,131
116,23,131,131
116,111,131,131
117,61,131,131
117,65,131,131
118,8,131,131
118,50,131,131
118,111,131,131
119,10,131,131
119,54,131,131
119,127,131,131
120,47,131,131
120,79,131,131
120,86,131,131
121,101,131,131
121,123,131,131
122,54,131,131
122,57,131,131
122,82,131,131
123,4,131,131
123,15,131,131
124,18,131,131
124,19,131,131
124,71,131,131
125,74,131,131
125,81,131,131
126,32,131,131
126,68,131,131
126,92,131,131
127,85,131,131
127,97,131,131
127,115,131,131
128,26,131,131
128,66,131,131
128,97,131,131
129,65,131,131
129,80,131,131
130,2,131,131
130,37,131,131
130,104,131,131
1,21,137,137
1,116,137,137
4,31,137,137
4,106,137,137
5,19,137,137
5,27,137,137
5,110,137,137
5,118,137,137
6,21,137,137
6,30,137,137
6,107,137,137
6,116,137,137
14,42,137,137
14,95,137,137
15,12,137,137
15,125,137,137
16,26,137,137
16,111,137,137
18,55,137,137
18,82,137,137
20,15,137,137
20,58,137,137
20,79,137,137
20,122,137,137
21,29,137,137
21,61,137,137
21,76,137,137
21,108,137,137
22,40,137,137
22,97,137,137
24,31,137,137
24,34,137,137
24,103,137,137
24,106,137,137
26,6,137,137
26,11,137,137
26,126,137,137
26,131,137,137
27,24,137,137
27,44,137,137
27,93,137,137
27,113,137,137
29,9,137,137
29,20,137,137
29,117,137,137
29,128,137,137
33,5,137,137
33,32,137,137
33,105,137,137
33,132,137,137
34,57,137,137
34,80,137,137
38,67,137,137
38,70,137,137
41,3,137,137
41,63,137,137
41,74,137,137
41,134,137,137
46,1,137,137
46,13,137,137
46,124,137,137
46,136,137,137
47,8,137,137
47,33,137,137
47,104,137,137
47,129,137,137
49,58,137,137
49,79,137,137
50,6,137,137
50,131,137,137
51,10,137,137
51,64,137,137
51,73,137,137
51,127,137,137
53,28,137,137
53,47,137,137
53,90,137,137
53,109,137,137
56,62,137,137
56,75,137,137
57,43,137,137
57,56,137,137
57,81,137,137
57,94,137,137
59,53,137,137
59,84,137,137
60,41,137,137
60,96,137,137
62,62,137,137
62,68,137,137
62,69,137,137
62,75,137,137
63,48,137,137
63,89,137,137
64,66,137,137
64,71,137,137
65,23,137,137
65,114,137,137
67,36,137,137
67,57,137,137
67,80,137,137
67,101,137,137
70,38,137,137
70,54,137,137
70,83,137,137
70,99,137,137
72,29,137,137
72,108,137,137
73,24,137,137
73,113,137,137
74,5,137,137
74,132,137,137
75,35,137,137
75,50,137,137
75,87,137,137
75,102,137,137
77,10,137,137
77,127,137,137
78,43,137,137
78,94,137,137
80,17,137,137
80,53,137,137
80,84,137,137
80,120,137,137
81,35,137,137
81,102,137,137
84,42,137,137
84,60,137,137
84,77,137,137
84,95,137,137
86,39,137,137
86,41,137,137
86,96,137,137
86,98,137,137
87,52,137,137
87,85,137,137
88,46,137,137
88,91,137,137
90,12,137,137
90,22,137,137
90,115,137,137
90,125,137,137
91,37,137,137
91,67,137,137
91,70,137,137
91,100,137,137
96,2,137,137
96,26,137,137
96,111,137,137
96,135,137,137
99,13,137,137
99,124,137,137
103,54,137,137
103,83,137,137
104,48,137,137
104,49,137,137
104,88,137,137
104,89,137,137
108,55,137,137
108,59,137,137
108,78,137,137
108,82,137,137
110,16,137,137
110,66,137,137
110,71,137,137
110,121,137,137
111,4,137,137
111,52,137,137
111,85,137,137
111,133,137,137
113,25,137,137
113,51,137,137
113,86,137,137
113,112,137,137
115,27,137,137
115,110,137,137
116,23,137,137
116,65,137,137
116,72,137,137
116,114,137,137
117,7,137,137
117,46,137,137
117,91,137,137
117,130,137,137
119,20,137,137
119,117,137,137
121,3,137,137
121,134,137,137
122,33,137,137
122,104,137,137
123,47,137,137
123,90,137,137
131,14,137,137
131,45,137,137
131,92,137,137
131,123,137,137
132,18,137,137
132,40,137,137
132,97,137,137
132,119,137,137
133,51,137,137
133,86,137,137
136,45,137,137
136,92,137,137
2,39,139,139
2,77,139,139
2,81,139,139
2,113,139,139
3,5,139,139
3,23,139,139
3,31,139,139
3,106,139,139
8,47,139,139
8,69,139,139
8,79,139,139
8,105,139,139
10,5,139,139
10,23,139,139
10,31,139,139
10,106,139,139
12,30,139,139
12,94,139,139
12,99,139,139
12,125,139,139
14,4,139,139
14,41,139,139
14,63,139,139
14,133,139,139
15,10,139,139
15,34,139,139
15,86,139,139
15,117,139,139
17,5,139,139
17,44,139,139
17,62,139,139
17,86,139,139
18,6,139,139
18,7,139,139
18,37,139,139
18,59,139,139
19,5,139,139
19,44,139,139
19,62,139,139
19,86,139,139
21,38,139,139
21,42,139,139
21,82,139,139
21,112,139,139
22,4,139,139
22,57,139,139
22,74,139,139
22,136,139,139
23,75,139,139
23,89,139,139
23,113,139,139
23,116,139,139
26,36,139,139
26,42,139,139
26,76,139,139
26,83,139,139
27,4,139,139
27,57,139,139
27,74,139,139
27,136,139,139
32,4,139,139
32,41,139,139
32,63,139,139
32,133,139,139
33,8,139,139
33,38,139,139
33,41,139,139
33,55,139,139
39,24,139,139
39,27,139,139
39,64,139,139
39,121,139,139
40,30,139,139
40,94,139,139
40,99,139,139
40,125,139,139
43,30,139,139
43,47,139,139
43,80,139,139
43,138,139,139
48,38,139,139
48,42,139,139
48,82,139,139
48,112,139,139
50,10,139,139
50,34,139,139
50,86,139,139
50,117,139,139
53,39,139,139
53,77,139,139
53,81,139,139
53,113,139,139
56,48,139,139
56,52,139,139
56,89,139,139
56,107,139,139
58,47,139,139
58,69,139,139
58,79,139,139
58,105,139,139
59,31,139,139
59,81,139,139
59,87,139,139
59,129,139,139
60,6,139,139
60,7,139,139
60,37,139,139
60,59,139,139
61,6,139,139
61,7,139,139
61,37,139,139
61,59,139,139
62,14,139,139
62,37,139,139
62,131,139,139
62,136,139,139
68,7,139,139
68,60,139,139
68,65,139,139
68,99,139,139
70,38,139,139
70,42,139,139
70,82,139,139
70,112,139,139
72,83,139,139
72,84,139,139
72,91,139,139
72,121,139,139
73,47,139,139
73,69,139,139
73,79,139,139
73,105,139,139
74,10,139,139
74,34,139,139
74,86,139,139
74,117,139,139
75,45,139,139
75,69,139,139
75,95,139,139
75,122,139,139
76,7,139,139
76,60,139,139
76,65,139,139
76,99,139,139
82,24,139,139
82,100,139,139
82,103,139,139
82,107,139,139
84,39,139,139
84,77,139,139
84,81,139,139
84,113,139,139
85,1,139,139
85,33,139,139
85,117,139,139
85,122,139,139
87,30,139,139
87,94,139,139
87,99,139,139
87,125,139,139
88,24,139,139
88,100,139,139
88,103,139,139
88,107,139,139
90,4,139,139
90,57,139,139
90,74,139,139
90,136,139,139
92,45,139,139
92,69,139,139
92,95,139,139
92,122,139,139
93,4,139,139
93,41,139,139
93,63,139,139
93,133,139,139
94,48,139,139
94,52,139,139
94,89,139,139
94,107,139,139
95,1,139,139
95,33,139,139
95,117,139,139
95,122,139,139
97,30,139,139
97,47,139,139
97,80,139,139
97,138,139,139
98,1,139,139
98,33,139,139
98,117,139,139
98,122,139,139
101,83,139,139
101,84,139,139
101,91,139,139
101,121,139,139
102,14,139,139
102,37,139,139
102,131,139,139
102,136,139,139
103,5,139,139
103,44,139,139
103,62,139,139
103,86,139,139
104,31,139,139
104,81,139,139
104,87,139,139
104,129,139,139
105,83,139,139
105,84,139,139
105,91,139,139
105,121,139,139
108,24,139,139
108,100,139,139
108,103,139,139
108,107,139,139
109,24,139,139
109,27,139,139
109,64,139,139
109,121,139,139
110,8,139,139
110,38,139,139
110,41,139,139
110,55,139,139
111,45,139,139
111,69,139,139
111,95,139,139
111,122,139,139
114,14,139,139
114,37,139,139
114,131,139,139
114,136,139,139
115,31,139,139
115,81,139,139
115,87,139,139
115,129,139,139
119,36,139,139
119,42,139,139
119,76,139,139
119,83,139,139
123,75,139,139
123,89,139,139
123,113,139,139
123,116,139,139
126,5,139,139
126,23,139,139
126,31,139,139
126,106,139,139
128,48,139,139
128,52,139,139
128,89,139,139
128,107,139,139
130,24,139,139
130,27,139,139
130,64,139,139
130,121,139,139
132,75,139,139
132,89,139,139
132,113,139,139
132,116,139,139
133,36,139,139
133,42,139,139
133,76,139,139
133,83,139,139
134,7,139,139
134,60,139,139
134,65,139,139
134,99,139,139
135,8,139,139
135,38,139,139
135,41,139,139
135,55,139,139
138,30,139,139
138,47,139,139
138,80,139,139
138,138,139,139
1,31,149,149
1,118,149,149
2,35,149,149
2,114,149,149
4,6,149,149
4,29,149,149
4,120,149,149
4,143,149,149
5,39,149,149
5,110,149,149
6,67,149,149
6,82,149,149
7,4,149,149
7,69,149,149
7,80,149,149
7,145,149,149
9,17,149,149
9,42,149,149
9,107,149,149
9,132,149,149
10,20,149,149
10,129,149,149
11,61,149,149
11,88,149,149
12,42,149,149
12,107,149,149
13,36,149,149
13,113,149,149
16,47,149,149
16,102,149,149
17,46,149,149
17,103,149,149
19,22,149,149
19,127,149,149
20,26,149,149
20,46,149,149
20,103,149,149
20,123,149,149
21,28,149,149
21,121,149,149
22,25,149,149
22,36,149,149
22,113,149,149
22,124,149,149
24,5,149,149
24,37,149,149
24,112,149,149
24,144,149,149
25,1,149,149
25,148,149,149
26,17,149,149
26,53,149,149
26,96,149,149
26,132,149,149
27,30,149,149
27,119,149,149
28,68,149,149
28,81,149,149
29,24,149,149
29,125,149,149
30,17,149,149
30,132,149,149
31,69,149,149
31,80,149,149
32,5,149,149
32,144,149,149
33,45,149,149
33,104,149,149
34,49,149,149
34,100,149,149
35,19,149,149
35,67,149,149
35,82,149,149
35,130,149,149
36,9,149,149
36,140,149,149
37,53,149,149
37,96,149,149
38,4,149,149
38,145,149,149
39,29,149,149
39,120,149,149
41,19,149,149
41,130,149,149
42,25,149,149
42,53,149,149
42,96,149,149
42,124,149,149
43,6,149,149
43,143,149,149
45,24,149,149
45,31,149,149
45,118,149,149
45,125,149,149
46,26,149,149
46,123,149,149
47,28,149,149
47,36,149,149
47,113,149,149
47,121,149,149
49,54,149,149
49,95,149,149
50,54,149,149
50,95,149,149
53,28,149,149
53,61,149,149
53,88,149,149
53,121,149,149
54,39,149,149
54,69,149,149
54,80,149,149
54,110,149,149
55,29,149,149
55,120,149,149
56,53,149,149
56,96,149,149
58,45,149,149
58,104,149,149
59,69,149,149
59,80,149,149
60,24,149,149
60,125,149,149
61,7,149,149
61,9,149,149
61,140,149,149
61,142,149,149
62,1,149,149
62,148,149,149
63,6,149,149
63,143,149,149
64,63,149,149
64,68,149,149
64,81,149,149
64,86,149,149
65,22,149,149
65,127,149,149
66,46,149,149
66,103,149,149
67,19,149,149
67,130,149,149
68,19,149,149
68,68,149,149
68,81,149,149
68,130,149,149
69,49,149,149
69,63,149,149
69,86,149,149
69,100,149,149
72,39,149,149
72,110,149,149
73,4,149,149
73,145,149,149
74,31,149,149
74,118,149,149
76,35,149,149
76,39,149,149
76,110,149,149
76,114,149,149
78,73,149,149
78,76,149,149
79,25,149,149
79,124,149,149
80,37,149,149
80,112,149,149
81,49,149,149
81,100,149,149
82,1,149,149
82,20,149,149
82,129,149,149
82,148,149,149
85,5,149,149
85,144,149,149
86,16,149,149
86,22,149,149
86,127,149,149
86,133,149,149
88,16,149,149
88,133,149,149
92,63,149,149
92,86,149,149
95,30,149,149
95,119,149,149
96,33,149,149
96,116,149,149
97,7,149,149
97,142,149,149
98,64,149,149
98,85,149,149
100,5,149,149
100,49,149,149
100,100,149,149
100,144,149,149
101,33,149,149
101,116,149,149
102,64,149,149
102,85,149,149
103,4,149,149
103,30,149,149
103,119,149,149
103,145,149,149
104,7,149,149
104,142,149,149
105,16,149,149
105,133,149,149
107,28,149,149
107,121,149,149
109,37,149,149
109,112,149,149
110,7,149,149
110,22,149,149
110,127,149,149
110,142,149,149
112,42,149,149
112,54,149,149
112,95,149,149
112,107,149,149
113,24,149,149
113,33,149,149
113,116,149,149
113,125,149,149
114,63,149,149
114,86,149,149
116,16,149,149
116,29,149,149
116,120,149,149
116,133,149,149
118,35,149,149
118,45,149,149
118,104,149,149
118,114,149,149
119,37,149,149
119,54,149,149
119,95,149,149
119,112,149,149
120,61,149,149
120,64,149,149
120,85,149,149
120,88,149,149
121,1,149,149
121,67,149,149
121,82,149,149
121,148,149,149
123,36,149,149
123,113,149,149
124,46,149,149
124,47,149,149
124,102,149,149
124,103,149,149
125,42,149,149
125,107,149,149
126,26,149,149
126,123,149,149
127,61,149,149
127,88,149,149
129,20,149,149
129,129,149,149
130,9,149,149
130,31,149,149
130,118,149,149
130,140,149,149
131,9,149,149
131,140,149,149
132,30,149,149
132,73,149,149
132,76,149,149
132,119,149,149
133,26,149,149
133,73,149,149
133,76,149,149
133,123,149,149
134,17,149,149
134,132,149,149
135,68,149,149
135,81,149,149
140,25,149,149
140,124,149,149
141,47,149,149
141,102,149,149
142,73,149,149
142,76,149,149
143,20,149,149
143,47,149,149
143,102,149,149
143,129,149,149
144,6,149,149
144,45,149,149
144,104,149,149
144,143,149,149
145,35,149,149
145,114,149,149
146,67,149,149
146,82,149,149
148,33,149,149
148,64,149,149
148,85,149,149
148,116,149,149
1,8,151,151
1,49,151,151
1,60,151,151
2,19,151,151
2,22,151,151
2,67,151,151
3,8,151,151
3,81,151,151
4,27,151,151
4,64,151,151
4,90,151,151
5,36,151,151
5,41,151,151
5,86,151,151
6,19,151,151
6,98,151,151
7,29,151,151
7,86,151,151
8,1,151,151
8,25,151,151
8,83,151,151
9,36,151,151
9,41,151,151
9,86,151,151
10,3,151,151
10,10,151,151
10,91,151,151
11,32,151,151
11,70,151,151
11,110,151,151
12,44,151,151
12,64,151,151
13,1,151,151
13,29,151,151
14,50,151,151
14,91,151,151
15,78,151,151
15,86,151,151
16,59,151,151
16,65,151,151
16,116,151,151
17,72,151,151
17,87,151,151
17,139,151,151
18,3,151,151
18,10,151,151
18,91,151,151
19,27,151,151
19,64,151,151
19,90,151,151
20,26,151,151
20,84,151,151
20,137,151,151
21,55,151,151
21,92,151,151
21,123,151,151
22,53,151,151
22,76,151,151
22,148,151,151
23,1,151,151
23,125,151,151
24,1,151,151
24,29,151,151
25,85,151,151
25,94,151,151
25,101,151,151
26,50,151,151
26,59,151,151
27,78,151,151
27,86,151,151
28,81,151,151
28,84,151,151
29,53,151,151
29,76,151,151
29,148,151,151
30,72,151,151
30,91,151,151
31,20,151,151
31,47,151,151
31,150,151,151
32,8,151,151
32,49,151,151
32,60,151,151
33,19,151,151
33,110,151,151
34,20,151,151
34,47,151,151
34,150,151,151
35,94,151,151
35,123,151,151
36,26,151,151
36,84,151,151
36,137,151,151
37,28,151,151
37,43,151,151
37,44,151,151
38,1,151,151
38,25,151,151
38,83,151,151
39,24,151,151
39,80,151,151
39,124,151,151
40,24,151,151
40,80,151,151
40,124,151,151
41,19,151,151
41,98,151,151
42,9,151,151
42,74,151,151
42,143,151,151
43,72,151,151
43,87,151,151
43,139,151,151
44,105,151,151
44,107,151,151
44,125,151,151
45,85,151,151
45,94,151,151
45,101,151,151
46,59,151,151
46,127,151,151
47,62,151,151
47,79,151,151
47,81,151,151
48,50,151,151
48,59,151,151
49,105,151,151
49,107,151,151
49,125,151,151
50,32,151,151
50,70,151,151
50,110,151,151
51,72,151,151
51,125,151,151
52,8,151,151
52,81,151,151
53,94,151,151
53,123,151,151
54,72,151,151
54,91,151,151
55,42,151,151
55,50,151,151
55,73,151,151
56,98,151,151
56,124,151,151
57,44,151,151
57,64,151,151
58,105,151,151
58,107,151,151
58,125,151,151
59,59,151,151
59,65,151,151
59,116,151,151
60,20,151,151
60,84,151,151
61,78,151,151
61,148,151,151
62,55,151,151
62,92,151,151
62,123,151,151
63,94,151,151
63,123,151,151
64,19,151,151
64,22,151,151
64,67,151,151
65,123,151,151
65,124,151,151
66,64,151,151
66,148,151,151
67,72,151,151
67,91,151,151
68,55,151,151
68,92,151,151
68,123,151,151
69,34,151,151
69,98,151,151
69,131,151,151
70,9,151,151
70,110,151,151
71,29,151,151
71,86,151,151
72,24,151,151
72,80,151,151
72,124,151,151
73,29,151,151
73,86,151,151
74,29,151,151
74,121,151,151
74,142,151,151
75,8,151,151
75,94,151,151
76,59,151,151
76,65,151,151
76,116,151,151
77,50,151,151
77,59,151,151
78,39,151,151
78,57,151,151
78,68,151,151
79,44,151,151
79,68,151,151
80,39,151,151
80,57,151,151
80,68,151,151
81,85,151,151
81,94,151,151
81,101,151,151
82,44,151,151
82,64,151,151
83,9,151,151
83,68,151,151
84,78,151,151
84,132,151,151
84,138,151,151
85,19,151,151
85,22,151,151
85,67,151,151
86,20,151,151
86,47,151,151
86,150,151,151
87,64,151,151
87,148,151,151
88,4,151,151
88,122,151,151
88,127,151,151
89,9,151,151
89,68,151,151
90,32,151,151
90,70,151,151
90,110,151,151
91,72,151,151
91,87,151,151
91,139,151,151
92,8,151,151
92,94,151,151
93,20,151,151
93,127,151,151
94,34,151,151
94,98,151,151
94,131,151,151
95,26,151,151
95,84,151,151
95,137,151,151
96,8,151,151
96,81,151,151
97,78,151,151
97,132,151,151
97,138,151,151
98,4,151,151
98,122,151,151
98,127,151,151
99,42,151,151
99,50,151,151
99,73,151,151
100,53,151,151
100,76,151,151
100,148,151,151
101,78,151,151
101,148,151,151
102,20,151,151
102,127,151,151
103,29,151,151
103,121,151,151
103,142,151,151
104,19,151,151
104,98,151,151
105,1,151,151
105,25,151,151
105,83,151,151
106,9,151,151
106,110,151,151
107,20,151,151
107,127,151,151
108,20,151,151
108,84,151,151
109,78,151,151
109,86,151,151
110,62,151,151
110,79,151,151
110,81,151,151
111,44,151,151
111,68,151,151
112,44,151,151
112,68,151,151
113,59,151,151
113,127,151,151
114,1,151,151
114,29,151,151
115,98,151,151
115,124,151,151
116,4,151,151
116,122,151,151
116,127,151,151
117,123,151,151
117,124,151,151
118,8,151,151
118,49,151,151
118,60,151,151
119,19,151,151
119,110,151,151
120,123,151,151
120,124,151,151
121,78,151,151
121,132,151,151
121,138,151,151
122,72,151,151
122,125,151,151
123,3,151,151
123,10,151,151
123,91,151,151
124,9,151,151
124,74,151,151
124,143,151,151
125,29,151,151
125,121,151,151
125,142,151,151
126,9,151,151
126,110,151,151
127,28,151,151
127,43,151,151
127,44,151,151
128,27,151,151
128,64,151,151
128,90,151,151
129,72,151,151
129,125,151,151
130,9,151,151
130,68,151,151
131,98,151,151
131,124,151,151
132,1,151,151
132,125,151,151
133,81,151,151
133,84,151,151
134,20,151,151
134,84,151,151
135,8,151,151
135,94,151,151
136,9,151,151
136,74,151,151
136,143,151,151
137,36,151,151
137,41,151,151
137,86,151,151
138,28,151,151
138,43,151,151
138,44,151,151
139,34,151,151
139,98,151,151
139,131,151,151
140,78,151,151
140,148,151,151
141,81,151,151
141,84,151,151
142,50,151,151
142,91,151,151
143,59,151,151
143,127,151,151
144,39,151,151
144,57,151,151
144,68,151,151
145,62,151,151
145,79,151,151
145,81,151,151
146,50,151,151
146,91,151,151
147,1,151,151
147,125,151,151
148,42,151,151
148,50,151,151
148,73,151,151
149,64,151,151
149,148,151,151
150,19,151,151
150,110,151,151
1,57,157,157
1,100,157,157
6,4,157,157
6,13,157,157
6,31,157,157
6,126,157,157
6,144,157,157
6,153,157,157
7,13,157,157
7,27,157,157
7,30,157,157
7,127,157,157
7,130,157,157
7,144,157,157
8,47,157,157
8,57,157,157
8,58,157,157
8,99,157,157
8,100,157,157
8,110,157,157
9,31,157,157
9,126,157,157
11,47,157,157
11,110,157,157
12,57,157,157
12,100,157,157
14,47,157,157
14,110,157,157
15,9,157,157
15,57,157,157
15,67,157,157
15,90,157,157
15,100,157,157
15,148,157,157
16,37,157,157
16,120,157,157
17,33,157,157
17,124,157,157
19,25,157,157
19,132,157,157
20,37,157,157
20,49,157,157
20,52,157,157
20,105,157,157
20,108,157,157
20,120,157,157
23,9,157,157
23,57,157,157
23,67,157,157
23,90,157,157
23,100,157,157
23,148,157,157
26,36,157,157
26,46,157,157
26,71,157,157
26,86,157,157
26,111,157,157
26,121,157,157
30,52,157,157
30,105,157,157
35,37,157,157
35,120,157,157
37,30,157,157
37,127,157,157
39,36,157,157
39,121,157,157
40,31,157,157
40,126,157,157
46,52,157,157
46,105,157,157
47,33,157,157
47,124,157,157
50,31,157,157
50,71,157,157
50,75,157,157
50,82,157,157
50,86,157,157
50,126,157,157
52,51,157,157
52,106,157,157
53,47,157,157
53,57,157,157
53,58,157,157
53,99,157,157
53,100,157,157
53,110,157,157
54,37,157,157
54,49,157,157
54,52,157,157
54,105,157,157
54,108,157,157
54,120,157,157
62,16,157,157
62,33,157,157
62,52,157,157
62,105,157,157
62,124,157,157
62,141,157,157
63,25,157,157
63,37,157,157
63,56,157,157
63,101,157,157
63,120,157,157
63,132,157,157
65,25,157,157
65,51,157,157
65,64,157,157
65,93,157,157
65,106,157,157
65,132,157,157
66,13,157,157
66,27,157,157
66,30,157,157
66,127,157,157
66,130,157,157
66,144,157,157
67,25,157,157
67,132,157,157
71,25,157,157
71,132,157,157
72,4,157,157
72,13,157,157
72,31,157,157
72,126,157,157
72,144,157,157
72,153,157,157
75,71,157,157
75,86,157,157
77,14,157,157
77,30,157,157
77,33,157,157
77,124,157,157
77,127,157,157
77,143,157,157
79,4,157,157
79,13,157,157
79,31,157,157
79,126,157,157
79,144,157,157
79,153,157,157
81,52,157,157
81,105,157,157
83,37,157,157
83,49,157,157
83,52,157,157
83,105,157,157
83,108,157,157
83,120,157,157
84,13,157,157
84,27,157,157
84,30,157,157
84,127,157,157
84,130,157,157
84,144,157,157
87,9,157,157
87,39,157,157
87,51,157,157
87,106,157,157
87,118,157,157
87,148,157,157
88,1,157,157
88,36,157,157
88,47,157,157
88,110,157,157
88,121,157,157
88,156,157,157
89,13,157,157
89,144,157,157
93,33,157,157
93,124,157,157
96,47,157,157
96,57,157,157
96,58,157,157
96,99,157,157
96,100,157,157
96,110,157,157
97,25,157,157
97,51,157,157
97,64,157,157
97,93,157,157
97,106,157,157
97,132,157,157
98,14,157,157
98,30,157,157
98,33,157,157
98,124,157,157
98,127,157,157
98,143,157,157
99,13,157,157
99,144,157,157
100,9,157,157
100,148,157,157
101,9,157,157
101,148,157,157
102,9,157,157
102,39,157,157
102,51,157,157
102,106,157,157
102,118,157,157
102,148,157,157
106,37,157,157
106,120,157,157
108,31,157,157
108,126,157,157
109,51,157,157
109,106,157,157
112,1,157,157
112,36,157,157
112,47,157,157
112,110,157,157
112,121,157,157
112,156,157,157
113,9,157,157
113,148,157,157
114,1,157,157
114,36,157,157
114,47,157,157
114,110,157,157
114,121,157,157
114,156,157,157
115,71,157,157
115,86,157,157
116,16,157,157
116,33,157,157
116,52,157,157
116,105,157,157
116,124,157,157
116,141,157,157
119,9,157,157
119,57,157,157
119,67,157,157
119,90,157,157
119,100,157,157
119,148,157,157
121,36,157,157
121,121,157,157
123,25,157,157
123,37,157,157
123,56,157,157
123,101,157,157
123,120,157,157
123,132,157,157
124,71,157,157
124,86,157,157
125,9,157,157
125,39,157,157
125,51,157,157
125,106,157,157
125,118,157,157
125,148,157,157
126,13,157,157
126,144,157,157
128,25,157,157
128,37,157,157
128,56,157,157
128,101,157,157
128,120,157,157
128,132,157,157
129,31,157,157
129,71,157,157
129,75,157,157
129,82,157,157
129,86,157,157
129,126,157,157
130,30,157,157
130,127,157,157
132,47,157,157
132,110,157,157
133,36,157,157
133,46,157,157
133,71,157,157
133,86,157,157
133,111,157,157
133,121,157,157
135,31,157,157
135,71,157,157
135,75,157,157
135,82,157,157
135,86,157,157
135,126,157,157
136,16,157,157
136,33,157,157
136,52,157,157
136,105,157,157
136,124,157,157
136,141,157,157
139,14,157,157
139,30,157,157
139,33,157,157
139,124,157,157
139,127,157,157
139,143,157,157
144,57,157,157
144,100,157,157
147,30,157,157
147,127,157,157
152,25,157,157
152,51,157,157
152,64,157,157
152,93,157,157
152,106,157,157
152,132,157,157
153,51,157,157
153,106,157,157
154,36,157,157
154,121,157,157
155,36,157,157
155,46,157,157
155,71,157,157
155,86,157,157
155,111,157,157
155,121,157,157
1,4,163,163
1,109,163,163
1,148,163,163
2,19,163,163
2,26,163,163
2,48,163,163
2,88,163,163
2,108,163,163
3,9,163,163
3,43,163,163
3,63,163,163
3,75,163,163
3,142,163,163
4,106,163,163
4,120,163,163
4,131,163,163
5,39,163,163
5,114,163,163
5,125,163,163
5,156,163,163
5,159,163,163
6,14,163,163
6,29,163,163
6,137,163,163
7,13,163,163
7,41,163,163
7,51,163,163
7,70,163,163
7,124,163,163
8,11,163,163
8,105,163,163
8,111,163,163
8,114,163,163
8,118,163,163
9,55,163,163
9,79,163,163
9,154,163,163
10,68,163,163
10,134,163,163
10,147,163,163
11,9,163,163
11,43,163,163
11,63,163,163
11,75,163,163
11,142,163,163
12,5,163,163
12,52,163,163
12,91,163,163
12,145,163,163
12,148,163,163
13,73,163,163
13,87,163,163
13,120,163,163
13,123,163,163
13,144,163,163
14,100,163,163
14,114,163,163
14,117,163,163
15,7,163,163
15,11,163,163
15,84,163,163
16,18,163,163
16,93,163,163
16,130,163,163
17,11,163,163
17,105,163,163
17,111,163,163
17,114,163,163
17,118,163,163
18,8,163,163
18,18,163,163
18,69,163,163
18,113,163,163
18,139,163,163
19,14,163,163
19,32,163,163
19,56,163,163
19,66,163,163
19,141,163,163
20,14,163,163
20,32,163,163
20,56,163,163
20,66,163,163
20,141,163,163
21,52,163,163
21,122,163,163
21,160,163,163
22,14,163,163
22,29,163,163
22,137,163,163
23,30,163,163
23,55,163,163
23,57,163,163
23,73,163,163
23,149,163,163
24,45,163,163
24,51,163,163
24,94,163,163
25,67,163,163
25,82,163,163
25,152,163,163
26,63,163,163
26,81,163,163
26,129,163,163
27,78,163,163
27,83,163,163
27,92,163,163
27,94,163,163
27,143,163,163
28,59,163,163
28,81,163,163
28,92,163,163
28,149,163,163
28,161,163,163
29,18,163,163
29,68,163,163
29,119,163,163
29,152,163,163
29,157,163,163
30,30,163,163
30,55,163,163
30,57,163,163
30,73,163,163
30,149,163,163
31,39,163,163
31,114,163,163
31,125,163,163
31,156,163,163
31,159,163,163
32,34,163,163
32,66,163,163
32,75,163,163
32,90,163,163
32,138,163,163
33,55,163,163
33,79,163,163
33,154,163,163
34,18,163,163
34,93,163,163
34,130,163,163
35,32,163,163
35,50,163,163
35,111,163,163
36,20,163,163
36,49,163,163
36,72,163,163
37,78,163,163
37,83,163,163
37,92,163,163
37,94,163,163
37,143,163,163
38,69,163,163
38,108,163,163
38,128,163,163
39,3,163,163
39,76,163,163
39,97,163,163
40,69,163,163
40,108,163,163
40,128,163,163
41,63,163,163
41,81,163,163
41,129,163,163
42,62,163,163
42,82,163,163
42,97,163,163
42,108,163,163
42,127,163,163
43,92,163,163
43,95,163,163
43,103,163,163
44,5,163,163
44,52,163,163
44,91,163,163
44,145,163,163
44,148,163,163
45,19,163,163
45,26,163,163
45,48,163,163
45,88,163,163
45,108,163,163
46,75,163,163
46,107,163,163
46,143,163,163
47,12,163,163
47,112,163,163
47,144,163,163
48,73,163,163
48,87,163,163
48,120,163,163
48,123,163,163
48,144,163,163
49,92,163,163
49,95,163,163
49,103,163,163
50,10,163,163
50,29,163,163
50,31,163,163
50,70,163,163
50,84,163,163
51,45,163,163
51,51,163,163
51,94,163,163
52,18,163,163
52,68,163,163
52,119,163,163
52,152,163,163
52,157,163,163
53,70,163,163
53,89,163,163
53,90,163,163
54,32,163,163
54,50,163,163
54,111,163,163
55,7,163,163
55,11,163,163
55,84,163,163
56,15,163,163
56,42,163,163
56,66,163,163
57,75,163,163
57,107,163,163
57,143,163,163
58,4,163,163
58,109,163,163
58,148,163,163
59,3,163,163
59,46,163,163
59,93,163,163
59,110,163,163
59,159,163,163
60,75,163,163
60,107,163,163
60,143,163,163
61,43,163,163
61,124,163,163
61,153,163,163
62,68,163,163
62,134,163,163
62,147,163,163
63,34,163,163
63,66,163,163
63,75,163,163
63,90,163,163
63,138,163,163
64,19,163,163
64,71,163,163
64,101,163,163
65,52,163,163
65,122,163,163
65,160,163,163
66,8,163,163
66,18,163,163
66,69,163,163
66,113,163,163
66,139,163,163
67,20,163,163
67,27,163,163
67,35,163,163
67,82,163,163
67,131,163,163
68,34,163,163
68,66,163,163
68,75,163,163
68,90,163,163
68,138,163,163
69,106,163,163
69,120,163,163
69,131,163,163
70,28,163,163
70,63,163,163
70,79,163,163
70,151,163,163
70,160,163,163
71,92,163,163
71,95,163,163
71,103,163,163
72,19,163,163
72,29,163,163
72,74,163,163
72,99,163,163
72,100,163,163
73,32,163,163
73,71,163,163
73,98,163,163
73,121,163,163
73,139,163,163
74,32,163,163
74,50,163,163
74,111,163,163
75,4,163,163
75,16,163,163
75,17,163,163
75,79,163,163
75,112,163,163
76,13,163,163
76,41,163,163
76,51,163,163
76,70,163,163
76,124,163,163
77,52,163,163
77,122,163,163
77,160,163,163
78,11,163,163
78,15,163,163
78,23,163,163
78,60,163,163
78,94,163,163
79,8,163,163
79,18,163,163
79,69,163,163
79,113,163,163
79,139,163,163
80,13,163,163
80,41,163,163
80,51,163,163
80,70,163,163
80,124,163,163
81,80,163,163
81,145,163,163
81,149,163,163
82,18,163,163
82,68,163,163
82,119,163,163
82,152,163,163
82,157,163,163
83,39,163,163
83,44,163,163
83,139,163,163
84,2,163,163
84,24,163,163
84,73,163,163
85,69,163,163
85,108,163,163
85,128,163,163
86,3,163,163
86,47,163,163
86,120,163,163
86,134,163,163
86,162,163,163
87,39,163,163
87,44,163,163
87,139,163,163
88,45,163,163
88,51,163,163
88,94,163,163
89,37,163,163
89,52,163,163
89,54,163,163
89,95,163,163
89,124,163,163
90,106,163,163
90,120,163,163
90,131,163,163
91,68,163,163
91,134,163,163
91,147,163,163
92,33,163,163
92,49,163,163
92,68,163,163
92,86,163,163
92,112,163,163
93,7,163,163
93,11,163,163
93,84,163,163
94,32,163,163
94,71,163,163
94,98,163,163
94,121,163,163
94,139,163,163
95,88,163,163
95,116,163,163
95,159,163,163
96,63,163,163
96,81,163,163
96,129,163,163
97,2,163,163
97,24,163,163
97,73,163,163
98,3,163,163
98,47,163,163
98,120,163,163
98,134,163,163
98,162,163,163
99,78,163,163
99,83,163,163
99,92,163,163
99,94,163,163
99,143,163,163
100,88,163,163
100,116,163,163
100,159,163,163
101,19,163,163
101,29,163,163
101,74,163,163
101,99,163,163
101,100,163,163
102,73,163,163
102,87,163,163
102,120,163,163
102,123,163,163
102,144,163,163
103,20,163,163
103,24,163,163
103,96,163,163
103,102,163,163
103,148,163,163
104,4,163,163
104,109,163,163
104,148,163,163
105,3,163,163
105,46,163,163
105,93,163,163
105,110,163,163
105,159,163,163
106,20,163,163
106,24,163,163
106,96,163,163
106,102,163,163
106,148,163,163
107,5,163,163
107,52,163,163
107,91,163,163
107,145,163,163
107,148,163,163
108,28,163,163
108,63,163,163
108,79,163,163
108,151,163,163
108,160,163,163
109,37,163,163
109,52,163,163
109,54,163,163
109,95,163,163
109,124,163,163
110,30,163,163
110,55,163,163
110,57,163,163
110,73,163,163
110,149,163,163
111,80,163,163
111,145,163,163
111,149,163,163
112,4,163,163
112,16,163,163
112,17,163,163
112,79,163,163
112,112,163,163
113,18,163,163
113,93,163,163
113,130,163,163
114,33,163,163
114,49,163,163
114,68,163,163
114,86,163,163
114,112,163,163
115,43,163,163
115,124,163,163
115,153,163,163
116,19,163,163
116,26,163,163
116,48,163,163
116,88,163,163
116,108,163,163
117,20,163,163
117,24,163,163
117,96,163,163
117,102,163,163
117,148,163,163
118,12,163,163
118,112,163,163
118,144,163,163
119,15,163,163
119,42,163,163
119,66,163,163
120,33,163,163
120,49,163,163
120,68,163,163
120,86,163,163
120,112,163,163
121,55,163,163
121,79,163,163
121,154,163,163
122,20,163,163
122,27,163,163
122,35,163,163
122,82,163,163
122,131,163,163
123,11,163,163
123,15,163,163
123,23,163,163
123,60,163,163
123,94,163,163
124,14,163,163
124,32,163,163
124,56,163,163
124,66,163,163
124,141,163,163
125,11,163,163
125,15,163,163
125,23,163,163
125,60,163,163
125,94,163,163
126,19,163,163
126,71,163,163
126,101,163,163
127,39,163,163
127,114,163,163
127,125,163,163
127,156,163,163
127,159,163,163
128,37,163,163
128,52,163,163
128,54,163,163
128,95,163,163
128,124,163,163
129,10,163,163
129,29,163,163
129,31,163,163
129,70,163,163
129,84,163,163
130,62,163,163
130,82,163,163
130,97,163,163
130,108,163,163
130,127,163,163
131,88,163,163
131,116,163,163
131,159,163,163
132,20,163,163
132,49,163,163
132,72,163,163
133,70,163,163
133,89,163,163
133,90,163,163
134,80,163,163
134,145,163,163
134,149,163,163
135,14,163,163
135,29,163,163
135,137,163,163
136,19,163,163
136,71,163,163
136,101,163,163
137,20,163,163
137,27,163,163
137,35,163,163
137,82,163,163
137,131,163,163
138,11,163,163
138,105,163,163
138,111,163,163
138,114,163,163
138,118,163,163
139,4,163,163
139,16,163,163
139,17,163,163
139,79,163,163
139,112,163,163
140,70,163,163
140,89,163,163
140,90,163,163
141,59,163,163
141,81,163,163
141,92,163,163
141,149,163,163
141,161,163,163
142,3,163,163
142,47,163,163
142,120,163,163
142,134,163,163
142,162,163,163
143,3,163,163
143,76,163,163
143,97,163,163
144,3,163,163
144,76,163,163
144,97,163,163
145,2,163,163
145,24,163,163
145,73,163,163
146,67,163,163
146,82,163,163
146,152,163,163
147,10,163,163
147,29,163,163
147,31,163,163
147,70,163,163
147,84,163,163
148,28,163,163
148,63,163,163
148,79,163,163
148,151,163,163
148,160,163,163
149,9,163,163
149,43,163,163
149,63,163,163
149,75,163,163
149,142,163,163
150,43,163,163
150,124,163,163
150,153,163,163
151,15,163,163
151,42,163,163
151,66,163,163
152,100,163,163
152,114,163,163
152,117,163,163
153,19,163,163
153,29,163,163
153,74,163,163
153,99,163,163
153,100,163,163
154,62,163,163
154,82,163,163
154,97,163,163
154,108,163,163
154,127,163,163
155,67,163,163
155,82,163,163
155,152,163,163
156,39,163,163
156,44,163,163
156,139,163,163
157,59,163,163
157,81,163,163
157,92,163,163
157,149,163,163
157,161,163,163
158,20,163,163
158,49,163,163
158,72,163,163
159,32,163,163
159,71,163,163
159,98,163,163
159,121,163,163
159,139,163,163
160,100,163,163
160,114,163,163
160,117,163,163
161,12,163,163
161,112,163,163
161,144,163,163
162,3,163,163
162,46,163,163
162,93,163,163
162,110,163,163
162,159,163,163
1,41,167,167
1,54,167,167
1,152,167,167
2,56,167,167
2,99,167,167
2,103,167,167
3,24,167,167
3,49,167,167
3,111,167,167
4,47,167,167
4,98,167,167
4,161,167,167
5,54,167,167
6,44,167,167
6,62,167,167
6,120,167,167
7,122,167,167
7,123,167,167
7,162,167,167
8,114,167,167
8,124,167,167
8,156,167,167
9,96,167,167
9,105,167,167
9,122,167,167
10,99,167,167
11,28,167,167
11,46,167,167
11,85,167,167
12,25,167,167
12,53,167,167
12,58,167,167
13,141,167,167
14,1,167,167
14,130,167,167
14,142,167,167
15,24,167,167
16,42,167,167
16,116,167,167
16,119,167,167
17,22,167,167
18,1,167,167
18,9,167,167
18,109,167,167
19,16,167,167
19,74,167,167
19,144,167,167
20,98,167,167
21,72,167,167
21,147,167,167
21,166,167,167
22,107,167,167
22,128,167,167
22,140,167,167
23,85,167,167
24,18,167,167
24,125,167,167
24,162,167,167
25,38,167,167
25,52,167,167
25,97,167,167
26,8,167,167
27,147,167,167
27,154,167,167
27,158,167,167
28,127,167,167
28,141,167,167
28,149,167,167
29,47,167,167
29,89,167,167
29,113,167,167
30,44,167,167
31,50,167,167
31,106,167,167
31,116,167,167
32,77,167,167
32,79,167,167
32,157,167,167
33,31,167,167
33,39,167,167
33,112,167,167
34,96,167,167
35,162,167,167
36,5,167,167
36,100,167,167
36,141,167,167
37,4,167,167
38,80,167,167
38,85,167,167
38,97,167,167
39,7,167,167
40,124,167,167
41,6,167,167
42,19,167,167
42,26,167,167
42,132,167,167
43,132,167,167
44,12,167,167
44,34,167,167
44,57,167,167
45,122,167,167
46,128,167,167
47,9,167,167
47,81,167,167
47,146,167,167
48,33,167,167
48,90,167,167
48,130,167,167
49,32,167,167
49,35,167,167
49,152,167,167
50,14,167,167
50,150,167,167
50,151,167,167
51,84,167,167
52,126,167,167
53,57,167,167
54,4,167,167
54,19,167,167
54,67,167,167
55,28,167,167
56,8,167,167
56,38,167,167
56,134,167,167
57,64,167,167
57,70,167,167
57,137,167,167
58,24,167,167
58,68,167,167
58,114,167,167
59,14,167,167
60,25,167,167
61,11,167,167
61,59,167,167
61,94,167,167
62,36,167,167
62,83,167,167
62,157,167,167
63,32,167,167
63,121,167,167
63,148,167,167
64,2,167,167
64,93,167,167
64,117,167,167
65,25,167,167
65,43,167,167
65,77,167,167
66,29,167,167
66,94,167,167
66,155,167,167
67,49,167,167
68,9,167,167
69,112,167,167
70,130,167,167
71,121,167,167
72,8,167,167
72,37,167,167
72,72,167,167
73,33,167,167
74,63,167,167
75,6,167,167
75,54,167,167
75,153,167,167
76,91,167,167
76,128,167,167
76,150,167,167
77,84,167,167
77,88,167,167
77,138,167,167
78,152,167,167
79,42,167,167
80,116,167,167
81,87,167,167
81,121,167,167
81,163,167,167
82,11,167,167
83,150,167,167
84,7,167,167
84,75,167,167
84,159,167,167
85,15,167,167
85,89,167,167
85,133,167,167
86,75,167,167
87,21,167,167
87,58,167,167
87,143,167,167
88,21,167,167
88,22,167,167
88,118,167,167
89,16,167,167
89,76,167,167
89,101,167,167
90,1,167,167
91,89,167,167
92,12,167,167
93,10,167,167
93,33,167,167
93,115,167,167
94,45,167,167
94,65,167,167
94,100,167,167
95,16,167,167
96,127,167,167
96,144,167,167
96,165,167,167
97,65,167,167
97,71,167,167
97,84,167,167
98,3,167,167
98,56,167,167
98,92,167,167
99,73,167,167
99,88,167,167
99,124,167,167
100,82,167,167
100,108,167,167
100,137,167,167
101,58,167,167
102,154,167,167
103,19,167,167
104,64,167,167
105,72,167,167
106,21,167,167
107,29,167,167
107,96,167,167
107,110,167,167
108,7,167,167
108,63,167,167
108,95,167,167
109,61,167,167
110,107,167,167
111,76,167,167
112,14,167,167
112,23,167,167
112,126,167,167
113,38,167,167
114,6,167,167
114,17,167,167
114,112,167,167
115,20,167,167
115,63,167,167
115,66,167,167
116,42,167,167
116,44,167,167
116,69,167,167
117,133,167,167
118,137,167,167
119,66,167,167
120,18,167,167
121,64,167,167
121,75,167,167
121,129,167,167
122,48,167,167
122,61,167,167
122,136,167,167
123,114,167,167
124,13,167,167
124,66,167,167
124,93,167,167
125,97,167,167
126,3,167,167
126,27,167,167
126,160,167,167
127,57,167,167
127,62,167,167
127,78,167,167
128,87,167,167
128,115,167,167
128,131,167,167
129,3,167,167
130,2,167,167
130,18,167,167
130,51,167,167
131,115,167,167
132,61,167,167
132,81,167,167
132,145,167,167
133,48,167,167
133,55,167,167
133,98,167,167
134,62,167,167
135,147,167,167
136,100,167,167
137,22,167,167
137,31,167,167
137,60,167,167
138,94,167,167
139,87,167,167
140,127,167,167
141,4,167,167
141,36,167,167
141,102,167,167
142,27,167,167
143,36,167,167
144,40,167,167
144,126,167,167
144,132,167,167
145,47,167,167
146,144,167,167
147,49,167,167
147,107,167,167
147,164,167,167
148,32,167,167
149,2,167,167
150,11,167,167
150,30,167,167
150,99,167,167
151,65,167,167
152,12,167,167
152,108,167,167
152,139,167,167
153,93,167,167
154,50,167,167
154,86,167,167
154,154,167,167
155,50,167,167
156,56,167,167
157,28,167,167
157,133,167,167
157,135,167,167
158,77,167,167
159,81,167,167
160,157,167,167
161,88,167,167
162,27,167,167
162,76,167,167
162,104,167,167
163,29,167,167
164,48,167,167
165,31,167,167
166,108,167,167
1,73,173,173
1,100,173,173
3,49,173,173
3,124,173,173
4,56,173,173
4,60,173,173
4,86,173,173
4,87,173,173
4,113,173,173
4,117,173,173
5,21,173,173
5,152,173,173
6,21,173,173
6,152,173,173
7,38,173,173
7,135,173,173
8,60,173,173
8,113,173,173
9,16,173,173
9,57,173,173
9,74,173,173
9,99,173,173
9,116,173,173
9,157,173,173
10,9,173,173
10,164,173,173
11,56,173,173
11,117,173,173
13,4,173,173
13,75,173,173
13,77,173,173
13,96,173,173
13,98,173,173
13,169,173,173
14,41,173,173
14,132,173,173
15,7,173,173
15,25,173,173
15,81,173,173
15,92,173,173
15,148,173,173
15,166,173,173
16,1,173,173
16,172,173,173
18,57,173,173
18,116,173,173
21,23,173,173
21,37,173,173
21,45,173,173
21,128,173,173
21,136,173,173
21,150,173,173
22,24,173,173
22,149,173,173
23,22,173,173
23,151,173,173
24,9,173,173
24,20,173,173
24,22,173,173
24,151,173,173
24,153,173,173
24,164,173,173
25,3,173,173
25,10,173,173
25,14,173,173
25,159,173,173
25,163,173,173
25,170,173,173
26,4,173,173
26,169,173,173
29,84,173,173
29,89,173,173
30,25,173,173
30,148,173,173
31,37,173,173
31,52,173,173
31,63,173,173
31,110,173,173
31,121,173,173
31,136,173,173
33,9,173,173
33,39,173,173
33,43,173,173
33,130,173,173
33,134,173,173
33,164,173,173
34,16,173,173
34,38,173,173
34,46,173,173
34,127,173,173
34,135,173,173
34,157,173,173
35,44,173,173
35,83,173,173
35,84,173,173
35,89,173,173
35,90,173,173
35,129,173,173
36,25,173,173
36,148,173,173
37,30,173,173
37,33,173,173
37,73,173,173
37,100,173,173
37,140,173,173
37,143,173,173
38,24,173,173
38,57,173,173
38,69,173,173
38,104,173,173
38,116,173,173
38,149,173,173
40,40,173,173
40,58,173,173
40,78,173,173
40,95,173,173
40,115,173,173
40,133,173,173
41,13,173,173
41,48,173,173
41,51,173,173
41,122,173,173
41,125,173,173
41,160,173,173
42,37,173,173
42,136,173,173
43,38,173,173
43,135,173,173
47,16,173,173
47,157,173,173
48,22,173,173
48,151,173,173
49,11,173,173
49,21,173,173
49,64,173,173
49,109,173,173
49,152,173,173
49,162,173,173
50,14,173,173
50,159,173,173
51,29,173,173
51,144,173,173
52,23,173,173
52,150,173,173
53,84,173,173
53,89,173,173
54,19,173,173
54,31,173,173
54,52,173,173
54,121,173,173
54,142,173,173
54,154,173,173
55,8,173,173
55,31,173,173
55,78,173,173
55,95,173,173
55,142,173,173
55,165,173,173
56,10,173,173
56,67,173,173
56,72,173,173
56,101,173,173
56,106,173,173
56,163,173,173
57,43,173,173
57,130,173,173
59,85,173,173
59,88,173,173
60,14,173,173
60,159,173,173
62,52,173,173
62,121,173,173
64,32,173,173
64,34,173,173
64,49,173,173
64,124,173,173
64,139,173,173
64,141,173,173
66,9,173,173
66,164,173,173
67,6,173,173
67,43,173,173
67,71,173,173
67,102,173,173
67,130,173,173
67,167,173,173
68,16,173,173
68,157,173,173
69,35,173,173
69,138,173,173
70,83,173,173
70,90,173,173
71,1,173,173
71,172,173,173
73,1,173,173
73,17,173,173
73,36,173,173
73,137,173,173
73,156,173,173
73,172,173,173
74,33,173,173
74,140,173,173
76,24,173,173
76,149,173,173
77,2,173,173
77,51,173,173
77,67,173,173
77,106,173,173
77,122,173,173
77,171,173,173
78,13,173,173
78,34,173,173
78,59,173,173
78,114,173,173
78,139,173,173
78,160,173,173
79,77,173,173
79,96,173,173
80,40,173,173
80,133,173,173
81,67,173,173
81,106,173,173
82,51,173,173
82,122,173,173
83,64,173,173
83,109,173,173
84,83,173,173
84,90,173,173
85,37,173,173
85,136,173,173
87,55,173,173
87,118,173,173
88,35,173,173
88,49,173,173
88,76,173,173
88,97,173,173
88,124,173,173
88,138,173,173
89,15,173,173
89,21,173,173
89,82,173,173
89,91,173,173
89,152,173,173
89,158,173,173
90,38,173,173
90,47,173,173
90,66,173,173
90,107,173,173
90,126,173,173
90,135,173,173
92,12,173,173
92,40,173,173
92,56,173,173
92,117,173,173
92,133,173,173
92,161,173,173
95,31,173,173
95,142,173,173
96,40,173,173
96,133,173,173
98,64,173,173
98,109,173,173
100,6,173,173
100,167,173,173
101,23,173,173
101,150,173,173
106,36,173,173
106,137,173,173
108,31,173,173
108,142,173,173
109,52,173,173
109,121,173,173
110,78,173,173
110,95,173,173
112,10,173,173
112,163,173,173
113,18,173,173
113,60,173,173
113,84,173,173
113,89,173,173
113,113,173,173
113,155,173,173
115,15,173,173
115,158,173,173
116,36,173,173
116,80,173,173
116,85,173,173
116,88,173,173
116,93,173,173
116,137,173,173
117,56,173,173
117,117,173,173
118,13,173,173
118,160,173,173
119,34,173,173
119,139,173,173
121,25,173,173
121,35,173,173
121,79,173,173
121,94,173,173
121,138,173,173
121,148,173,173
122,1,173,173
122,24,173,173
122,62,173,173
122,111,173,173
122,149,173,173
122,172,173,173
124,47,173,173
124,126,173,173
126,55,173,173
126,70,173,173
126,77,173,173
126,96,173,173
126,103,173,173
126,118,173,173
127,41,173,173
127,132,173,173
128,34,173,173
128,139,173,173
129,29,173,173
129,144,173,173
130,50,173,173
130,55,173,173
130,64,173,173
130,109,173,173
130,118,173,173
130,123,173,173
132,78,173,173
132,95,173,173
133,51,173,173
133,122,173,173
134,43,173,173
134,130,173,173
135,4,173,173
135,169,173,173
136,81,173,173
136,92,173,173
137,23,173,173
137,33,173,173
137,42,173,173
137,131,173,173
137,140,173,173
137,150,173,173
138,15,173,173
138,158,173,173
139,55,173,173
139,118,173,173
140,85,173,173
140,88,173,173
141,6,173,173
141,167,173,173
142,49,173,173
142,124,173,173
144,14,173,173
144,15,173,173
144,65,173,173
144,108,173,173
144,158,173,173
144,159,173,173
145,73,173,173
145,100,173,173
146,36,173,173
146,137,173,173
148,60,173,173
148,113,173,173
149,54,173,173
149,119,173,173
150,41,173,173
150,53,173,173
150,54,173,173
150,119,173,173
150,120,173,173
150,132,173,173
151,4,173,173
151,29,173,173
151,68,173,173
151,105,173,173
151,144,173,173
151,169,173,173
152,35,173,173
152,138,173,173
153,54,173,173
153,119,173,173
154,67,173,173
154,106,173,173
156,13,173,173
156,160,173,173
157,6,173,173
157,26,173,173
157,29,173,173
157,144,173,173
157,147,173,173
157,167,173,173
158,33,173,173
158,140,173,173
159,22,173,173
159,28,173,173
159,73,173,173
159,100,173,173
159,145,173,173
159,151,173,173
160,57,173,173
160,116,173,173
161,47,173,173
161,126,173,173
163,54,173,173
163,61,173,173
163,85,173,173
163,88,173,173
163,112,173,173
163,119,173,173
164,77,173,173
164,96,173,173
167,27,173,173
167,47,173,173
167,83,173,173
167,90,173,173
167,126,173,173
167,146,173,173
169,10,173,173
169,163,173,173
171,81,173,173
171,92,173,173
172,5,173,173
172,41,173,173
172,81,173,173
172,92,173,173
172,132,173,173
172,168,173,173
1,87,179,179
2,45,179,179
2,59,179,179
2,73,179,179
3,126,179,179
4,20,179,179
5,17,179,179
6,44,179,179
6,59,179,179
6,141,179,179
7,49,179,179
7,108,179,179
7,167,179,179
8,65,179,179
8,132,179,179
8,177,179,179
9,22,179,179
10,52,179,179
10,100,179,179
10,148,179,179
11,3,179,179
11,160,179,179
11,171,179,179
12,66,179,179
13,107,179,179
14,161,179,179
15,74,179,179
16,19,179,179
17,121,179,179
18,2,179,179
18,141,179,179
18,161,179,179
19,36,179,179
20,43,179,179
21,32,179,179
21,70,179,179
21,108,179,179
22,61,179,179
23,12,179,179
23,103,179,179
23,147,179,179
24,6,179,179
24,65,179,179
24,125,179,179
25,135,179,179
26,26,179,179
26,43,179,179
26,124,179,179
27,1,179,179
28,31,179,179
28,96,179,179
28,145,179,179
29,46,179,179
30,23,179,179
30,100,179,179
30,151,179,179
31,139,179,179
32,16,179,179
32,17,179,179
32,18,179,179
33,81,179,179
33,170,179,179
33,171,179,179
34,11,179,179
34,80,179,179
34,149,179,179
35,10,179,179
35,89,179,179
35,168,179,179
36,3,179,179
37,144,179,179
37,153,179,179
37,162,179,179
38,68,179,179
38,117,179,179
38,166,179,179
39,13,179,179
40,69,179,179
40,95,179,179
40,121,179,179
41,20,179,179
41,66,179,179
41,112,179,179
42,48,179,179
43,68,179,179
44,64,179,179
44,152,179,179
44,155,179,179
45,101,179,179
46,65,179,179
47,42,179,179
48,9,179,179
49,52,179,179
50,36,179,179
50,76,179,179
50,175,179,179
51,95,179,179
52,39,179,179
53,1,179,179
53,57,179,179
53,113,179,179
54,48,179,179
54,114,179,179
54,161,179,179
55,87,179,179
55,126,179,179
55,165,179,179
56,144,179,179
57,83,179,179
58,53,179,179
58,60,179,179
58,67,179,179
59,12,179,179
60,124,179,179
61,82,179,179
62,4,179,179
62,49,179,179
62,94,179,179
63,34,179,179
63,52,179,179
63,70,179,179
64,27,179,179
65,60,179,179
66,76,179,179
67,89,179,179
68,106,179,179
69,143,179,179
69,145,179,179
69,147,179,179
70,15,179,179
71,56,179,179
71,63,179,179
71,149,179,179
72,125,179,179
72,144,179,179
72,163,179,179
73,86,179,179
73,121,179,179
73,156,179,179
74,64,179,179
75,177,179,179
76,70,179,179
77,142,179,179
78,50,179,179
78,87,179,179
78,124,179,179
79,42,179,179
79,67,179,179
79,92,179,179
80,14,179,179
81,57,179,179
82,168,179,179
83,151,179,179
84,31,179,179
84,102,179,179
84,156,179,179
85,108,179,179
86,29,179,179
86,42,179,179
86,55,179,179
87,116,179,179
88,49,179,179
89,4,179,179
90,15,179,179
90,58,179,179
90,151,179,179
91,15,179,179
91,84,179,179
91,139,179,179
92,71,179,179
92,77,179,179
92,83,179,179
93,47,179,179
94,47,179,179
94,134,179,179
94,139,179,179
95,149,179,179
96,17,179,179
96,74,179,179
96,131,179,179
97,77,179,179
97,93,179,179
97,109,179,179
98,21,179,179
98,138,179,179
98,169,179,179
99,24,179,179
99,81,179,179
99,142,179,179
100,173,179,179
101,59,179,179
102,80,179,179
102,85,179,179
102,90,179,179
103,47,179,179
103,120,179,179
103,173,179,179
104,14,179,179
104,82,179,179
104,150,179,179
105,33,179,179
105,61,179,179
105,89,179,179
106,80,179,179
107,110,179,179
108,171,179,179
109,74,179,179
109,101,179,179
109,128,179,179
110,158,179,179
111,105,179,179
111,129,179,179
111,153,179,179
112,93,179,179
112,110,179,179
112,127,179,179
113,5,179,179
113,28,179,179
113,106,179,179
114,46,179,179
114,117,179,179
114,154,179,179
115,123,179,179
115,146,179,179
115,169,179,179
116,169,179,179
117,25,179,179
118,39,179,179
118,115,179,179
118,142,179,179
119,8,179,179
119,27,179,179
119,107,179,179
120,45,179,179
120,95,179,179
120,174,179,179
121,16,179,179
122,40,179,179
122,135,179,179
122,177,179,179
123,3,179,179
123,66,179,179
123,119,179,179
124,141,179,179
125,156,179,179
126,51,179,179
127,12,179,179
127,85,179,179
127,118,179,179
128,35,179,179
128,43,179,179
128,51,179,179
129,117,179,179
130,16,179,179
130,38,179,179
130,173,179,179
131,41,179,179
131,116,179,179
131,168,179,179
132,64,179,179
132,68,179,179
132,72,179,179
133,20,179,179
133,82,179,179
133,137,179,179
134,9,179,179
134,122,179,179
134,155,179,179
135,29,179,179
136,61,179,179
136,76,179,179
136,91,179,179
137,1,179,179
137,22,179,179
137,159,179,179
138,125,179,179
139,85,179,179
140,4,179,179
140,88,179,179
140,99,179,179
141,67,179,179
142,5,179,179
143,56,179,179
143,133,179,179
143,158,179,179
144,155,179,179
145,81,179,179
146,129,179,179
147,100,179,179
148,29,179,179
148,101,179,179
148,136,179,179
149,88,179,179
150,36,179,179
150,83,179,179
150,130,179,179
151,56,179,179
152,104,179,179
152,138,179,179
152,172,179,179
153,45,179,179
154,14,179,179
154,78,179,179
154,129,179,179
155,93,179,179
156,75,179,179
157,5,179,179
157,79,179,179
157,110,179,179
158,138,179,179
159,27,179,179
159,57,179,179
159,176,179,179
160,106,179,179
160,135,179,179
160,164,179,179
161,31,179,179
162,48,179,179
162,51,179,179
162,54,179,179
163,7,179,179
163,46,179,179
163,116,179,179
164,9,179,179
164,19,179,179
164,178,179,179
165,22,179,179
165,97,179,179
165,126,179,179
166,30,179,179
166,88,179,179
166,146,179,179
167,62,179,179
167,75,179,179
167,158,179,179
168,153,179,179
169,146,179,179
170,25,179,179
170,140,179,179
170,172,179,179
171,77,179,179
172,172,179,179
173,145,179,179
174,19,179,179
174,60,179,179
174,157,179,179
175,39,179,179
175,75,179,179
175,111,179,179
176,13,179,179
176,25,179,179
176,37,179,179
177,147,179,179
178,13,179,179
178,98,179,179
178,107,179,179
4,47,181,181
4,134,181,181
7,1,181,181
7,61,181,181
7,85,181,181
7,96,181,181
7,120,181,181
7,180,181,181
8,28,181,181
8,42,181,181
8,50,181,181
8,131,181,181
8,139,181,181
8,153,181,181
11,47,181,181
11,134,181,181
12,53,181,181
12,128,181,181
17,32,181,181
17,48,181,181
17,83,181,181
17,98,181,181
17,133,181,181
17,149,181,181
19,1,181,181
19,61,181,181
19,85,181,181
19,96,181,181
19,120,181,181
19,180,181,181
20,10,181,181
20,171,181,181
21,66,181,181
21,82,181,181
21,89,181,181
21,92,181,181
21,99,181,181
21,115,181,181
22,28,181,181
22,42,181,181
22,50,181,181
22,131,181,181
22,139,181,181
22,153,181,181
24,5,181,181
24,57,181,181
24,63,181,181
24,118,181,181
24,124,181,181
24,176,181,181
31,21,181,181
31,53,181,181
31,59,181,181
31,122,181,181
31,128,181,181
31,160,181,181
33,53,181,181
33,128,181,181
35,46,181,181
35,72,181,181
35,90,181,181
35,91,181,181
35,109,181,181
35,135,181,181
36,2,181,181
36,179,181,181
37,58,181,181
37,123,181,181
40,21,181,181
40,53,181,181
40,59,181,181
40,122,181,181
40,128,181,181
40,160,181,181
41,67,181,181
41,76,181,181
41,84,181,181
41,97,181,181
41,105,181,181
41,114,181,181
46,2,181,181
46,179,181,181
49,89,181,181
49,92,181,181
51,46,181,181
51,72,181,181
51,90,181,181
51,91,181,181
51,109,181,181
51,135,181,181
52,54,181,181
52,127,181,181
55,10,181,181
55,171,181,181
56,63,181,181
56,118,181,181
57,66,181,181
57,82,181,181
57,89,181,181
57,92,181,181
57,99,181,181
57,115,181,181
60,85,181,181
60,96,181,181
63,18,181,181
63,27,181,181
63,58,181,181
63,123,181,181
63,154,181,181
63,163,181,181
64,69,181,181
64,112,181,181
66,5,181,181
66,57,181,181
66,63,181,181
66,118,181,181
66,124,181,181
66,176,181,181
67,84,181,181
67,97,181,181
72,32,181,181
72,48,181,181
72,83,181,181
72,98,181,181
72,133,181,181
72,149,181,181
74,23,181,181
74,54,181,181
74,56,181,181
74,125,181,181
74,127,181,181
74,158,181,181
79,50,181,181
79,131,181,181
85,17,181,181
85,24,181,181
85,36,181,181
85,145,181,181
85,157,181,181
85,164,181,181
91,5,181,181
91,57,181,181
91,63,181,181
91,118,181,181
91,124,181,181
91,176,181,181
92,32,181,181
92,48,181,181
92,83,181,181
92,98,181,181
92,133,181,181
92,149,181,181
93,2,181,181
93,49,181,181
93,88,181,181
93,93,181,181
93,132,181,181
93,179,181,181
94,83,181,181
94,98,181,181
95,46,181,181
95,72,181,181
95,90,181,181
95,91,181,181
95,109,181,181
95,135,181,181
97,25,181,181
97,47,181,181
97,77,181,181
97,104,181,181
97,134,181,181
97,156,181,181
98,17,181,181
98,24,181,181
98,36,181,181
98,145,181,181
98,157,181,181
98,164,181,181
99,2,181,181
99,179,181,181
100,83,181,181
100,98,181,181
101,72,181,181
101,109,181,181
103,66,181,181
103,82,181,181
103,89,181,181
103,92,181,181
103,99,181,181
103,115,181,181
104,29,181,181
104,41,181,181
104,69,181,181
104,112,181,181
104,140,181,181
104,152,181,181
105,29,181,181
105,41,181,181
105,69,181,181
105,112,181,181
105,140,181,181
105,152,181,181
106,10,181,181
106,171,181,181
108,17,181,181
108,164,181,181
110,21,181,181
110,53,181,181
110,59,181,181
110,122,181,181
110,128,181,181
110,160,181,181
111,50,181,181
111,131,181,181
112,10,181,181
112,64,181,181
112,78,181,181
112,103,181,181
112,117,181,181
112,171,181,181
113,23,181,181
113,54,181,181
113,56,181,181
113,125,181,181
113,127,181,181
113,158,181,181
116,17,181,181
116,164,181,181
119,72,181,181
119,109,181,181
120,2,181,181
120,49,181,181
120,88,181,181
120,93,181,181
120,132,181,181
120,179,181,181
122,69,181,181
122,112,181,181
123,10,181,181
123,64,181,181
123,78,181,181
123,103,181,181
123,117,181,181
123,171,181,181
127,10,181,181
127,64,181,181
127,78,181,181
127,103,181,181
127,117,181,181
127,171,181,181
128,18,181,181
128,27,181,181
128,58,181,181
128,123,181,181
128,154,181,181
128,163,181,181
131,25,181,181
131,47,181,181
131,77,181,181
131,104,181,181
131,134,181,181
131,156,181,181
133,89,181,181
133,92,181,181
134,25,181,181
134,47,181,181
134,77,181,181
134,104,181,181
134,134,181,181
134,156,181,181
136,53,181,181
136,128,181,181
137,85,181,181
137,96,181,181
138,17,181,181
138,164,181,181
139,84,181,181
139,97,181,181
142,72,181,181
142,109,181,181
143,54,181,181
143,127,181,181
147,58,181,181
147,123,181,181
149,2,181,181
149,49,181,181
149,88,181,181
149,93,181,181
149,132,181,181
149,179,181,181
151,28,181,181
151,42,181,181
151,50,181,181
151,131,181,181
151,139,181,181
151,153,181,181
152,63,181,181
152,118,181,181
153,29,181,181
153,41,181,181
153,69,181,181
153,112,181,181
153,140,181,181
153,152,181,181
154,63,181,181
154,118,181,181
155,1,181,181
155,61,181,181
155,85,181,181
155,96,181,181
155,120,181,181
155,180,181,181
156,84,181,181
156,97,181,181
158,67,181,181
158,76,181,181
158,84,181,181
158,97,181,181
158,105,181,181
158,114,181,181
163,67,181,181
163,76,181,181
163,84,181,181
163,97,181,181
163,105,181,181
163,114,181,181
165,85,181,181
165,96,181,181
166,47,181,181
166,134,181,181
167,54,181,181
167,127,181,181
168,83,181,181
168,98,181,181
171,18,181,181
171,27,181,181
171,58,181,181
171,123,181,181
171,154,181,181
171,163,181,181
172,50,181,181
172,131,181,181
175,23,181,181
175,54,181,181
175,56,181,181
175,125,181,181
175,127,181,181
175,158,181,181
176,69,181,181
176,112,181,181
178,58,181,181
178,123,181,181
179,17,181,181
179,24,181,181
179,36,181,181
179,145,181,181
179,157,181,181
179,164,181,181
180,89,181,181
180,92,181,181
1,59,191,191
2,150,191,191
3,46,191,191
4,90,191,191
5,72,191,191
6,104,191,191
7,63,191,191
7,86,191,191
7,189,191,191
8,54,191,191
9,65,191,191
10,5,191,191
11,110,191,191
11,135,191,191
11,139,191,191
12,177,191,191
13,133,191,191
14,37,191,191
14,76,191,191
14,128,191,191
15,27,191,191
16,147,191,191
17,108,191,191
18,39,191,191
19,78,191,191
19,106,191,191
19,127,191,191
20,3,191,191
21,47,191,191
21,80,191,191
21,143,191,191
22,7,191,191
22,66,191,191
22,81,191,191
23,154,191,191
24,68,191,191
25,117,191,191
26,118,191,191
27,96,191,191
28,115,191,191
28,122,191,191
28,175,191,191
29,36,191,191
29,88,191,191
29,93,191,191
30,169,191,191
31,24,191,191
31,62,191,191
31,186,191,191
32,50,191,191
33,76,191,191
33,89,191,191
33,170,191,191
34,103,191,191
35,92,191,191
35,140,191,191
35,174,191,191
36,138,191,191
37,43,191,191
37,127,191,191
37,190,191,191
38,38,191,191
38,85,191,191
38,140,191,191
39,26,191,191
40,40,191,191
41,20,191,191
41,155,191,191
41,179,191,191
42,48,191,191
42,124,191,191
42,181,191,191
43,130,191,191
44,116,191,191
44,125,191,191
44,157,191,191
45,34,191,191
46,16,191,191
47,42,191,191
47,121,191,191
47,126,191,191
48,79,191,191
49,9,191,191
50,32,191,191
51,136,191,191
52,109,191,191
53,10,191,191
53,173,191,191
53,185,191,191
54,134,191,191
55,11,191,191
55,100,191,191
55,131,191,191
56,35,191,191
56,69,191,191
56,105,191,191
57,77,191,191
57,167,191,191
57,183,191,191
58,91,191,191
58,94,191,191
58,98,191,191
59,52,191,191
60,25,191,191
61,47,191,191
61,49,191,191
61,141,191,191
62,129,191,191
62,188,191,191
62,190,191,191
63,30,191,191
63,137,191,191
63,173,191,191
64,30,191,191
65,49,191,191
66,102,191,191
66,122,191,191
66,168,191,191
67,77,191,191
68,100,191,191
69,10,191,191
70,17,191,191
70,28,191,191
70,84,191,191
71,25,191,191
71,146,191,191
71,176,191,191
72,121,191,191
73,7,191,191
73,21,191,191
73,52,191,191
74,38,191,191
74,64,191,191
74,114,191,191
75,20,191,191
76,51,191,191
76,61,191,191
76,84,191,191
77,43,191,191
78,92,191,191
79,170,191,191
80,24,191,191
81,36,191,191
82,12,191,191
82,31,191,191
82,93,191,191
83,134,191,191
83,179,191,191
83,187,191,191
84,67,191,191
84,185,191,191
84,189,191,191
85,80,191,191
86,78,191,191
87,11,191,191
87,33,191,191
87,109,191,191
88,56,191,191
88,75,191,191
88,146,191,191
89,33,191,191
89,99,191,191
89,136,191,191
90,135,191,191
91,19,191,191
91,32,191,191
91,57,191,191
92,86,191,191
93,9,191,191
93,22,191,191
93,71,191,191
94,149,191,191
94,152,191,191
94,178,191,191
95,29,191,191
95,79,191,191
95,87,191,191
96,162,191,191
97,13,191,191
98,120,191,191
99,16,191,191
99,105,191,191
99,124,191,191
100,172,191,191
101,34,191,191
101,56,191,191
101,168,191,191
102,158,191,191
103,45,191,191
104,180,191,191
105,113,191,191
105,130,191,191
105,148,191,191
106,6,191,191
106,111,191,191
106,142,191,191
107,2,191,191
108,4,191,191
109,160,191,191
110,60,191,191
110,83,191,191
110,155,191,191
111,40,191,191
111,119,191,191
111,167,191,191
112,21,191,191
112,63,191,191
112,156,191,191
113,26,191,191
113,99,191,191
113,106,191,191
114,8,191,191
114,62,191,191
114,148,191,191
115,107,191,191
116,97,191,191
116,131,191,191
116,171,191,191
117,153,191,191
118,184,191,191
119,19,191,191
119,70,191,191
119,138,191,191
120,15,191,191
121,163,191,191
122,144,191,191
122,161,191,191
122,181,191,191
123,82,191,191
123,91,191,191
123,103,191,191
124,1,191,191
124,114,191,191
124,151,191,191
125,23,191,191
126,18,191,191
126,44,191,191
126,142,191,191
127,50,191,191
127,101,191,191
127,161,191,191
128,18,191,191
129,1,191,191
130,144,191,191
131,116,191,191
131,166,191,191
131,169,191,191
132,23,191,191
132,35,191,191
132,139,191,191
133,97,191,191
134,8,191,191
135,156,191,191
136,60,191,191
137,57,191,191
137,96,191,191
137,171,191,191
138,6,191,191
139,55,191,191
139,82,191,191
139,118,191,191
140,55,191,191
140,163,191,191
140,165,191,191
141,95,191,191
141,117,191,191
141,159,191,191
142,15,191,191
142,164,191,191
142,182,191,191
143,68,191,191
143,112,191,191
143,145,191,191
144,149,191,191
145,143,191,191
145,154,191,191
145,175,191,191
146,89,191,191
146,157,191,191
146,184,191,191
147,75,191,191
148,61,191,191
148,153,191,191
148,183,191,191
149,67,191,191
150,12,191,191
151,3,191,191
151,71,191,191
151,151,191,191
152,107,191,191
152,113,191,191
152,165,191,191
153,51,191,191
154,64,191,191
155,39,191,191
155,53,191,191
155,159,191,191
156,17,191,191
157,73,191,191
157,88,191,191
157,108,191,191
158,102,191,191
159,41,191,191
159,141,191,191
159,147,191,191
160,129,191,191
161,22,191,191
161,27,191,191
161,66,191,191
162,98,191,191
163,69,191,191
164,94,191,191
164,95,191,191
164,160,191,191
165,28,191,191
165,73,191,191
165,133,191,191
166,4,191,191
166,31,191,191
166,74,191,191
167,123,191,191
167,177,191,191
167,178,191,191
168,2,191,191
168,37,191,191
168,111,191,191
169,125,191,191
170,48,191,191
171,5,191,191
171,182,191,191
171,188,191,191
172,85,191,191
173,65,191,191
173,74,191,191
173,152,191,191
174,58,191,191
174,83,191,191
174,180,191,191
175,44,191,191
175,54,191,191
175,132,191,191
176,45,191,191
176,110,191,191
176,164,191,191
177,115,191,191
178,58,191,191
178,158,191,191
178,174,191,191
179,14,191,191
179,42,191,191
179,104,191,191
180,81,191,191
181,72,191,191
181,176,191,191
181,186,191,191
182,126,191,191
182,172,191,191
182,187,191,191
183,29,191,191
183,90,191,191
183,137,191,191
184,128,191,191
185,46,191,191
185,70,191,191
185,87,191,191
186,119,191,191
186,120,191,191
186,166,191,191
187,101,191,191
187,112,191,191
187,150,191,191
188,13,191,191
188,53,191,191
188,145,191,191
189,41,191,191
189,59,191,191
189,123,191,191
190,14,191,191
190,132,191,191
190,162,191,191
1,5,193,193
1,54,193,193
1,62,193,193
1,131,193,193
1,139,193,193
1,188,193,193
2,67,193,193
2,126,193,193
3,17,193,193
3,48,193,193
3,95,193,193
3,98,193,193
3,145,193,193
3,176,193,193
4,40,193,193
4,46,193,193
4,83,193,193
4,110,193,193
4,147,193,193
4,153,193,193
5,96,193,193
5,97,193,193
6,81,193,193
6,112,193,193
7,58,193,193
7,63,193,193
7,86,193,193
7,107,193,193
7,130,193,193
7,135,193,193
8,43,193,193
8,150,193,193
9,58,193,193
9,63,193,193
9,86,193,193
9,107,193,193
9,130,193,193
9,135,193,193
10,34,193,193
10,159,193,193
11,77,193,193
11,116,193,193
12,2,193,193
12,12,193,193
12,57,193,193
12,136,193,193
12,181,193,193
12,191,193,193
13,63,193,193
13,130,193,193
14,72,193,193
14,121,193,193
15,21,193,193
15,172,193,193
16,18,193,193
16,66,193,193
16,85,193,193
16,108,193,193
16,127,193,193
16,175,193,193
17,44,193,193
17,149,193,193
18,72,193,193
18,121,193,193
19,75,193,193
19,118,193,193
20,4,193,193
20,189,193,193
21,55,193,193
21,56,193,193
21,73,193,193
21,120,193,193
21,137,193,193
21,138,193,193
22,25,193,193
22,168,193,193
23,67,193,193
23,126,193,193
24,69,193,193
24,124,193,193
25,23,193,193
25,170,193,193
26,38,193,193
26,155,193,193
27,55,193,193
27,56,193,193
27,73,193,193
27,120,193,193
27,137,193,193
27,138,193,193
28,75,193,193
28,78,193,193
28,84,193,193
28,109,193,193
28,115,193,193
28,118,193,193
29,37,193,193
29,156,193,193
30,77,193,193
30,116,193,193
31,24,193,193
31,169,193,193
32,42,193,193
32,151,193,193
33,47,193,193
33,146,193,193
34,96,193,193
34,97,193,193
35,83,193,193
35,110,193,193
36,75,193,193
36,78,193,193
36,84,193,193
36,109,193,193
36,115,193,193
36,118,193,193
37,4,193,193
37,189,193,193
38,82,193,193
38,111,193,193
39,56,193,193
39,137,193,193
40,79,193,193
40,114,193,193
41,61,193,193
41,132,193,193
42,64,193,193
42,129,193,193
43,2,193,193
43,12,193,193
43,57,193,193
43,136,193,193
43,181,193,193
43,191,193,193
44,37,193,193
44,156,193,193
45,83,193,193
45,110,193,193
46,40,193,193
46,46,193,193
46,83,193,193
46,110,193,193
46,147,193,193
46,153,193,193
47,7,193,193
47,186,193,193
48,16,193,193
48,70,193,193
48,96,193,193
48,97,193,193
48,123,193,193
48,177,193,193
49,6,193,193
49,22,193,193
49,36,193,193
49,157,193,193
49,171,193,193
49,187,193,193
50,32,193,193
50,41,193,193
50,59,193,193
50,134,193,193
50,152,193,193
50,161,193,193
51,82,193,193
51,111,193,193
52,75,193,193
52,118,193,193
53,63,193,193
53,130,193,193
54,64,193,193
54,129,193,193
55,7,193,193
55,15,193,193
55,31,193,193
55,162,193,193
55,178,193,193
55,186,193,193
56,3,193,193
56,190,193,193
57,62,193,193
57,131,193,193
58,7,193,193
58,186,193,193
59,17,193,193
59,48,193,193
59,95,193,193
59,98,193,193
59,145,193,193
59,176,193,193
60,25,193,193
60,168,193,193
61,38,193,193
61,155,193,193
62,25,193,193
62,26,193,193
62,28,193,193
62,165,193,193
62,167,193,193
62,168,193,193
63,6,193,193
63,22,193,193
63,36,193,193
63,157,193,193
63,171,193,193
63,187,193,193
64,49,193,193
64,51,193,193
64,92,193,193
64,101,193,193
64,142,193,193
64,144,193,193
65,3,193,193
65,190,193,193
66,85,193,193
66,108,193,193
67,24,193,193
67,169,193,193
68,34,193,193
68,159,193,193
69,81,193,193
69,112,193,193
70,47,193,193
70,146,193,193
71,92,193,193
71,101,193,193
72,3,193,193
72,190,193,193
73,91,193,193
73,102,193,193
74,79,193,193
74,114,193,193
75,1,193,193
75,192,193,193
76,21,193,193
76,172,193,193
77,44,193,193
77,149,193,193
78,52,193,193
78,141,193,193
79,79,193,193
79,114,193,193
80,32,193,193
80,161,193,193
81,6,193,193
81,22,193,193
81,36,193,193
81,157,193,193
81,171,193,193
81,187,193,193
82,95,193,193
82,98,193,193
83,69,193,193
83,124,193,193
84,5,193,193
84,54,193,193
84,62,193,193
84,131,193,193
84,139,193,193
84,188,193,193
85,4,193,193
85,19,193,193
85,65,193,193
85,128,193,193
85,174,193,193
85,189,193,193
86,69,193,193
86,124,193,193
87,10,193,193
87,183,193,193
88,7,193,193
88,186,193,193
89,80,193,193
89,113,193,193
90,47,193,193
90,146,193,193
91,36,193,193
91,157,193,193
92,43,193,193
92,150,193,193
93,43,193,193
93,150,193,193
94,90,193,193
94,103,193,193
95,24,193,193
95,169,193,193
96,27,193,193
96,166,193,193
97,64,193,193
97,129,193,193
98,14,193,193
98,179,193,193
99,44,193,193
99,149,193,193
100,9,193,193
100,184,193,193
101,9,193,193
101,184,193,193
102,21,193,193
102,172,193,193
103,53,193,193
103,140,193,193
104,82,193,193
104,111,193,193
105,12,193,193
105,181,193,193
106,38,193,193
106,155,193,193
107,8,193,193
107,185,193,193
108,5,193,193
108,54,193,193
108,62,193,193
108,131,193,193
108,139,193,193
108,188,193,193
109,4,193,193
109,19,193,193
109,65,193,193
109,128,193,193
109,174,193,193
109,189,193,193
110,8,193,193
110,185,193,193
111,25,193,193
111,168,193,193
112,21,193,193
112,45,193,193
112,93,193,193
112,100,193,193
112,148,193,193
112,172,193,193
113,83,193,193
113,110,193,193
114,30,193,193
114,163,193,193
115,34,193,193
115,159,193,193
116,90,193,193
116,103,193,193
117,36,193,193
117,157,193,193
118,81,193,193
118,112,193,193
119,30,193,193
119,163,193,193
120,37,193,193
120,156,193,193
121,50,193,193
121,143,193,193
122,75,193,193
122,118,193,193
123,53,193,193
123,140,193,193
124,1,193,193
124,192,193,193
125,52,193,193
125,141,193,193
126,14,193,193
126,179,193,193
127,63,193,193
127,130,193,193
128,50,193,193
128,143,193,193
129,75,193,193
129,78,193,193
129,84,193,193
129,109,193,193
129,115,193,193
129,118,193,193
130,21,193,193
130,45,193,193
130,93,193,193
130,100,193,193
130,148,193,193
130,172,193,193
131,17,193,193
131,48,193,193
131,95,193,193
131,98,193,193
131,145,193,193
131,176,193,193
132,10,193,193
132,183,193,193
133,95,193,193
133,98,193,193
134,25,193,193
134,26,193,193
134,28,193,193
134,165,193,193
134,167,193,193
134,168,193,193
135,12,193,193
135,181,193,193
136,4,193,193
136,189,193,193
137,50,193,193
137,143,193,193
138,2,193,193
138,12,193,193
138,57,193,193
138,136,193,193
138,181,193,193
138,191,193,193
139,27,193,193
139,166,193,193
140,85,193,193
140,108,193,193
141,92,193,193
141,101,193,193
142,80,193,193
142,113,193,193
143,40,193,193
143,46,193,193
143,83,193,193
143,110,193,193
143,147,193,193
143,153,193,193
144,21,193,193
144,45,193,193
144,93,193,193
144,100,193,193
144,148,193,193
144,172,193,193
145,55,193,193
145,56,193,193
145,73,193,193
145,120,193,193
145,137,193,193
145,138,193,193
146,12,193,193
146,181,193,193
147,32,193,193
147,41,193,193
147,59,193,193
147,134,193,193
147,152,193,193
147,161,193,193
148,32,193,193
148,161,193,193
149,91,193,193
149,102,193,193
150,7,193,193
150,15,193,193
150,31,193,193
150,162,193,193
150,178,193,193
150,186,193,193
151,27,193,193
151,166,193,193
152,77,193,193
152,116,193,193
153,30,193,193
153,163,193,193
154,96,193,193
154,97,193,193
155,80,193,193
155,113,193,193
156,62,193,193
156,131,193,193
157,49,193,193
157,51,193,193
157,92,193,193
157,101,193,193
157,142,193,193
157,144,193,193
158,32,193,193
158,161,193,193
159,56,193,193
159,137,193,193
160,53,193,193
160,140,193,193
161,72,193,193
161,121,193,193
162,14,193,193
162,179,193,193
163,61,193,193
163,132,193,193
164,91,193,193
164,102,193,193
165,49,193,193
165,51,193,193
165,92,193,193
165,101,193,193
165,142,193,193
165,144,193,193
166,16,193,193
166,70,193,193
166,96,193,193
166,97,193,193
166,123,193,193
166,177,193,193
167,10,193,193
167,183,193,193
168,67,193,193
168,126,193,193
169,8,193,193
169,185,193,193
170,23,193,193
170,170,193,193
171,95,193,193
171,98,193,193
172,16,193,193
172,70,193,193
172,96,193,193
172,97,193,193
172,123,193,193
172,177,193,193
173,62,193,193
173,131,193,193
174,92,193,193
174,101,193,193
175,42,193,193
175,151,193,193
176,90,193,193
176,103,193,193
177,58,193,193
177,63,193,193
177,86,193,193
177,107,193,193
177,130,193,193
177,135,193,193
178,36,193,193
178,157,193,193
179,42,193,193
179,151,193,193
180,85,193,193
180,108,193,193
181,7,193,193
181,15,193,193
181,31,193,193
181,162,193,193
181,178,193,193
181,186,193,193
182,61,193,193
182,132,193,193
183,52,193,193
183,141,193,193
184,18,193,193
184,66,193,193
184,85,193,193
184,108,193,193
184,127,193,193
184,175,193,193
185,9,193,193
185,184,193,193
186,18,193,193
186,66,193,193
186,85,193,193
186,108,193,193
186,127,193,193
186,175,193,193
187,1,193,193
187,192,193,193
188,56,193,193
188,137,193,193
189,32,193,193
189,41,193,193
189,59,193,193
189,134,193,193
189,152,193,193
189,161,193,193
190,25,193,193
190,26,193,193
190,28,193,193
190,165,193,193
190,167,193,193
190,168,193,193
191,23,193,193
191,170,193,193
192,4,193,193
192,19,193,193
192,65,193,193
192,128,193,193
192,174,193,193
192,189,193,193
1,90,197,197
1,107,197,197
2,10,197,197
2,61,197,197
2,136,197,197
2,187,197,197
3,47,197,197
3,70,197,197
3,127,197,197
3,150,197,197
5,1,197,197
5,26,197,197
5,171,197,197
5,196,197,197
8,48,197,197
8,79,197,197
8,118,197,197
8,149,197,197
11,42,197,197
11,59,197,197
11,138,197,197
11,155,197,197
12,3,197,197
12,68,197,197
12,129,197,197
12,194,197,197
13,4,197,197
13,93,197,197
13,104,197,197
13,193,197,197
14,11,197,197
14,79,197,197
14,118,197,197
14,186,197,197
16,47,197,197
16,150,197,197
17,52,197,197
17,95,197,197
17,102,197,197
17,145,197,197
18,35,197,197
18,45,197,197
18,152,197,197
18,162,197,197
20,31,197,197
20,46,197,197
20,151,197,197
20,166,197,197
21,3,197,197
21,32,197,197
21,165,197,197
21,194,197,197
23,62,197,197
23,135,197,197
24,83,197,197
24,114,197,197
27,66,197,197
27,84,197,197
27,113,197,197
27,131,197,197
28,24,197,197
28,173,197,197
29,65,197,197
29,132,197,197
30,71,197,197
30,98,197,197
30,99,197,197
30,126,197,197
31,43,197,197
31,64,197,197
31,133,197,197
31,154,197,197
32,36,197,197
32,49,197,197
32,148,197,197
32,161,197,197
34,64,197,197
34,133,197,197
35,31,197,197
35,68,197,197
35,129,197,197
35,166,197,197
36,63,197,197
36,134,197,197
37,54,197,197
37,143,197,197
38,57,197,197
38,87,197,197
38,110,197,197
38,140,197,197
40,4,197,197
40,193,197,197
42,34,197,197
42,163,197,197
44,44,197,197
44,56,197,197
44,141,197,197
44,153,197,197
45,80,197,197
45,91,197,197
45,106,197,197
45,117,197,197
46,7,197,197
46,15,197,197
46,182,197,197
46,190,197,197
48,51,197,197
48,53,197,197
48,144,197,197
48,146,197,197
49,59,197,197
49,138,197,197
50,38,197,197
50,77,197,197
50,120,197,197
50,159,197,197
51,25,197,197
51,172,197,197
52,13,197,197
52,73,197,197
52,124,197,197
52,184,197,197
53,36,197,197
53,161,197,197
54,40,197,197
54,157,197,197
56,10,197,197
56,63,197,197
56,134,197,197
56,187,197,197
57,67,197,197
57,74,197,197
57,123,197,197
57,130,197,197
58,51,197,197
58,55,197,197
58,142,197,197
58,146,197,197
59,53,197,197
59,144,197,197
60,60,197,197
60,137,197,197
61,76,197,197
61,121,197,197
63,81,197,197
63,116,197,197
66,52,197,197
66,69,197,197
66,128,197,197
66,145,197,197
67,65,197,197
67,96,197,197
67,101,197,197
67,132,197,197
68,29,197,197
68,39,197,197
68,158,197,197
68,168,197,197
69,28,197,197
69,92,197,197
69,105,197,197
69,169,197,197
70,23,197,197
70,174,197,197
71,21,197,197
71,82,197,197
71,115,197,197
71,176,197,197
72,7,197,197
72,23,197,197
72,174,197,197
72,190,197,197
73,76,197,197
73,88,197,197
73,109,197,197
73,121,197,197
74,6,197,197
74,76,197,197
74,121,197,197
74,191,197,197
75,21,197,197
75,27,197,197
75,170,197,197
75,176,197,197
76,1,197,197
76,196,197,197
77,56,197,197
77,72,197,197
77,125,197,197
77,141,197,197
78,2,197,197
78,87,197,197
78,110,197,197
78,195,197,197
79,94,197,197
79,95,197,197
79,102,197,197
79,103,197,197
80,64,197,197
80,88,197,197
80,109,197,197
80,133,197,197
81,9,197,197
81,188,197,197
82,27,197,197
82,91,197,197
82,106,197,197
82,170,197,197
84,40,197,197
84,47,197,197
84,150,197,197
84,157,197,197
85,70,197,197
85,127,197,197
86,13,197,197
86,32,197,197
86,165,197,197
86,184,197,197
87,23,197,197
87,37,197,197
87,160,197,197
87,174,197,197
88,39,197,197
88,158,197,197
89,48,197,197
89,94,197,197
89,103,197,197
89,149,197,197
90,85,197,197
90,112,197,197
91,73,197,197
91,75,197,197
91,122,197,197
91,124,197,197
94,12,197,197
94,69,197,197
94,128,197,197
94,185,197,197
95,30,197,197
95,89,197,197
95,108,197,197
95,167,197,197
98,41,197,197
98,81,197,197
98,116,197,197
98,156,197,197
99,8,197,197
99,50,197,197
99,147,197,197
99,189,197,197
100,29,197,197
100,168,197,197
101,37,197,197
101,160,197,197
102,6,197,197
102,41,197,197
102,156,197,197
102,191,197,197
103,65,197,197
103,83,197,197
103,114,197,197
103,132,197,197
104,16,197,197
104,181,197,197
105,49,197,197
105,148,197,197
106,4,197,197
106,15,197,197
106,182,197,197
106,193,197,197
108,49,197,197
108,92,197,197
108,105,197,197
108,148,197,197
110,12,197,197
110,75,197,197
110,122,197,197
110,185,197,197
111,42,197,197
111,90,197,197
111,107,197,197
111,155,197,197
113,38,197,197
113,58,197,197
113,139,197,197
113,159,197,197
114,15,197,197
114,182,197,197
115,39,197,197
115,97,197,197
115,100,197,197
115,158,197,197
117,30,197,197
117,74,197,197
117,123,197,197
117,167,197,197
118,16,197,197
118,60,197,197
118,137,197,197
118,181,197,197
119,19,197,197
119,22,197,197
119,175,197,197
119,178,197,197
120,25,197,197
120,59,197,197
120,138,197,197
120,172,197,197
122,34,197,197
122,96,197,197
122,101,197,197
122,163,197,197
123,11,197,197
123,14,197,197
123,183,197,197
123,186,197,197
124,8,197,197
124,46,197,197
124,151,197,197
124,189,197,197
125,20,197,197
125,82,197,197
125,115,197,197
125,177,197,197
126,9,197,197
126,83,197,197
126,114,197,197
126,188,197,197
128,66,197,197
128,80,197,197
128,117,197,197
128,131,197,197
129,2,197,197
129,86,197,197
129,111,197,197
129,195,197,197
130,45,197,197
130,86,197,197
130,111,197,197
130,152,197,197
131,29,197,197
131,34,197,197
131,163,197,197
131,168,197,197
132,6,197,197
132,191,197,197
133,55,197,197
133,142,197,197
135,93,197,197
135,104,197,197
139,5,197,197
139,78,197,197
139,119,197,197
139,192,197,197
140,26,197,197
140,85,197,197
140,112,197,197
140,171,197,197
141,17,197,197
141,50,197,197
141,147,197,197
141,180,197,197
142,10,197,197
142,187,197,197
145,25,197,197
145,54,197,197
145,143,197,197
145,172,197,197
147,24,197,197
147,33,197,197
147,164,197,197
147,173,197,197
149,58,197,197
149,67,197,197
149,130,197,197
149,139,197,197
150,41,197,197
150,156,197,197
151,35,197,197
151,71,197,197
151,126,197,197
151,162,197,197
152,16,197,197
152,22,197,197
152,175,197,197
152,181,197,197
153,24,197,197
153,90,197,197
153,107,197,197
153,173,197,197
154,22,197,197
154,175,197,197
156,43,197,197
156,154,197,197
158,26,197,197
158,171,197,197
159,28,197,197
159,60,197,197
159,137,197,197
159,169,197,197
162,1,197,197
162,53,197,197
162,144,197,197
162,196,197,197
164,88,197,197
164,109,197,197
165,17,197,197
165,57,197,197
165,140,197,197
165,180,197,197
166,14,197,197
166,18,197,197
166,179,197,197
166,183,197,197
167,54,197,197
167,93,197,197
167,104,197,197
167,143,197,197
170,36,197,197
170,62,197,197
170,135,197,197
170,161,197,197
171,28,197,197
171,169,197,197
172,97,197,197
172,100,197,197
175,19,197,197
175,178,197,197
176,33,197,197
176,70,197,197
176,127,197,197
176,164,197,197
177,43,197,197
177,85,197,197
177,112,197,197
177,154,197,197
178,51,197,197
178,146,197,197
179,9,197,197
179,37,197,197
179,160,197,197
179,188,197,197
180,19,197,197
180,97,197,197
180,100,197,197
180,178,197,197
182,92,197,197
182,105,197,197
183,61,197,197
183,81,197,197
183,116,197,197
183,136,197,197
184,20,197,197
184,72,197,197
184,125,197,197
184,177,197,197
185,40,197,197
185,55,197,197
185,142,197,197
185,157,197,197
186,77,197,197
186,98,197,197
186,99,197,197
186,120,197,197
187,7,197,197
187,190,197,197
188,61,197,197
188,136,197,197
189,62,197,197
189,63,197,197
189,134,197,197
189,135,197,197
190,42,197,197
190,155,197,197
191,96,197,197
191,101,197,197
192,5,197,197
192,18,197,197
192,179,197,197
192,192,197,197
193,33,197,197
193,164,197,197
194,44,197,197
194,78,197,197
194,119,197,197
194,153,197,197
195,84,197,197
195,89,197,197
195,108,197,197
195,113,197,197
1,101,199,199
1,155,199,199
1,158,199,199
2,31,199,199
2,60,199,199
2,151,199,199
3,166,199,199
4,12,199,199
4,46,199,199
4,70,199,199
5,4,199,199
5,27,199,199
5,58,199,199
6,73,199,199
7,94,199,199
7,130,199,199
7,181,199,199
8,14,199,199
8,49,199,199
8,82,199,199
9,59,199,199
9,112,199,199
9,193,199,199
10,85,199,199
10,131,199,199
10,160,199,199
11,152,199,199
12,134,199,199
13,31,199,199
13,60,199,199
13,151,199,199
14,26,199,199
14,76,199,199
14,178,199,199
15,3,199,199
16,96,199,199
16,162,199,199
16,169,199,199
17,152,199,199
18,102,199,199
18,158,199,199
18,171,199,199
19,186,199,199
20,17,199,199
20,32,199,199
20,66,199,199
21,197,199,199
22,110,199,199
23,94,199,199
23,137,199,199
23,169,199,199
24,186,199,199
25,49,199,199
25,72,199,199
25,88,199,199
26,12,199,199
26,46,199,199
26,70,199,199
27,95,199,199
28,45,199,199
28,55,199,199
28,155,199,199
29,160,199,199
29,162,199,199
29,198,199,199
30,120,199,199
31,20,199,199
31,91,199,199
31,135,199,199
32,59,199,199
32,112,199,199
32,193,199,199
33,57,199,199
33,78,199,199
33,100,199,199
34,110,199,199
35,74,199,199
35,100,199,199
35,151,199,199
36,74,199,199
36,100,199,199
36,151,199,199
37,197,199,199
38,77,199,199
39,73,199,199
40,53,199,199
40,83,199,199
40,86,199,199
41,192,199,199
42,119,199,199
43,9,199,199
43,131,199,199
43,138,199,199
44,22,199,199
45,26,199,199
45,67,199,199
45,91,199,199
46,107,199,199
46,178,199,199
46,193,199,199
47,94,199,199
47,130,199,199
47,181,199,199
48,77,199,199
49,17,199,199
49,32,199,199
49,66,199,199
50,94,199,199
50,137,199,199
50,169,199,199
51,57,199,199
51,78,199,199
51,100,199,199
52,14,199,199
52,49,199,199
52,82,199,199
53,107,199,199
53,178,199,199
53,193,199,199
54,19,199,199
55,149,199,199
56,9,199,199
56,11,199,199
56,31,199,199
57,20,199,199
57,70,199,199
57,174,199,199
58,32,199,199
58,112,199,199
58,159,199,199
59,149,199,199
60,24,199,199
61,53,199,199
61,83,199,199
61,86,199,199
62,4,199,199
62,27,199,199
62,58,199,199
63,49,199,199
63,72,199,199
63,88,199,199
64,102,199,199
64,158,199,199
64,171,199,199
65,85,199,199
65,131,199,199
65,160,199,199
66,20,199,199
66,91,199,199
66,135,199,199
67,71,199,199
68,22,199,199
69,170,199,199
70,20,199,199
70,70,199,199
70,174,199,199
71,143,199,199
72,20,199,199
72,70,199,199
72,174,199,199
73,176,199,199
74,119,199,199
75,54,199,199
76,95,199,199
77,166,199,199
78,134,199,199
79,96,199,199
79,162,199,199
79,169,199,199
80,57,199,199
80,130,199,199
80,136,199,199
81,160,199,199
81,162,199,199
81,198,199,199
82,118,199,199
83,119,199,199
84,183,199,199
85,149,199,199
86,66,199,199
86,147,199,199
86,161,199,199
87,22,199,199
88,84,199,199
89,160,199,199
89,162,199,199
89,198,199,199
90,45,199,199
90,58,199,199
90,93,199,199
91,26,199,199
91,76,199,199
91,178,199,199
92,101,199,199
92,155,199,199
92,158,199,199
93,15,199,199
94,26,199,199
94,76,199,199
94,178,199,199
95,164,199,199
96,95,199,199
97,156,199,199
98,53,199,199
98,83,199,199
98,86,199,199
99,75,199,199
100,107,199,199
100,178,199,199
100,193,199,199
101,34,199,199
102,20,199,199
102,91,199,199
102,135,199,199
103,53,199,199
103,72,199,199
103,109,199,199
104,96,199,199
104,162,199,199
104,169,199,199
105,163,199,199
106,101,199,199
106,155,199,199
106,158,199,199
107,15,199,199
108,163,199,199
109,134,199,199
110,189,199,199
111,49,199,199
111,72,199,199
111,88,199,199
112,42,199,199
112,46,199,199
112,161,199,199
113,77,199,199
114,4,199,199
114,14,199,199
114,194,199,199
115,57,199,199
115,78,199,199
115,100,199,199
116,86,199,199
116,102,199,199
116,191,199,199
117,102,199,199
117,158,199,199
117,171,199,199
118,189,199,199
119,166,199,199
120,164,199,199
121,45,199,199
121,58,199,199
121,93,199,199
122,57,199,199
122,130,199,199
122,136,199,199
123,53,199,199
123,72,199,199
123,109,199,199
124,85,199,199
124,131,199,199
124,160,199,199
125,86,199,199
125,102,199,199
125,191,199,199
126,94,199,199
126,137,199,199
126,169,199,199
127,148,199,199
128,74,199,199
128,100,199,199
128,151,199,199
129,148,199,199
130,17,199,199
130,32,199,199
130,66,199,199
131,42,199,199
131,46,199,199
131,161,199,199
132,4,199,199
132,27,199,199
132,58,199,199
133,156,199,199
134,54,199,199
135,118,199,199
136,84,199,199
137,71,199,199
138,34,199,199
139,14,199,199
139,49,199,199
139,82,199,199
140,4,199,199
140,14,199,199
140,194,199,199
141,197,199,199
142,148,199,199
143,110,199,199
144,4,199,199
144,14,199,199
144,194,199,199
145,94,199,199
145,130,199,199
145,181,199,199
146,75,199,199
147,24,199,199
148,183,199,199
149,176,199,199
150,170,199,199
151,66,199,199
151,147,199,199
151,161,199,199
152,19,199,199
153,75,199,199
154,73,199,199
155,42,199,199
155,46,199,199
155,161,199,199
156,186,199,199
157,86,199,199
157,102,199,199
157,191,199,199
158,59,199,199
158,112,199,199
158,193,199,199
159,34,199,199
160,26,199,199
160,67,199,199
160,91,199,199
161,66,199,199
161,147,199,199
161,161,199,199
162,32,199,199
162,112,199,199
162,159,199,199
163,143,199,199
164,143,199,199
165,9,199,199
165,11,199,199
165,31,199,199
166,183,199,199
167,192,199,199
168,156,199,199
169,12,199,199
169,46,199,199
169,70,199,199
170,189,199,199
171,152,199,199
172,53,199,199
172,72,199,199
172,109,199,199
173,120,199,199
174,84,199,199
175,9,199,199
175,131,199,199
175,138,199,199
176,176,199,199
177,9,199,199
177,11,199,199
177,31,199,199
178,32,199,199
178,112,199,199
178,159,199,199
179,170,199,199
180,9,199,199
180,131,199,199
180,138,199,199
181,118,199,199
182,45,199,199
182,55,199,199
182,155,199,199
183,164,199,199
184,31,199,199
184,60,199,199
184,151,199,199
185,163,199,199
186,3,199,199
187,45,199,199
187,58,199,199
187,93,199,199
188,45,199,199
188,55,199,199
188,155,199,199
189,54,199,199
190,192,199,199
191,24,199,199
192,19,199,199
193,26,199,199
193,67,199,199
193,91,199,199
194,71,199,199
195,120,199,199
196,57,199,199
196,130,199,199
196,136,199,199
197,3,199,199
198,15,199,199
1,26,211,211
1,37,211,211
1,54,211,211
1,66,211,211
1,115,211,211
2,39,211,211
3,26,211,211
4,3,211,211
4,105,211,211
4,126,211,211
4,135,211,211
4,201,211,211
5,10,211,211
5,28,211,211
5,37,211,211
5,139,211,211
5,209,211,211
6,2,211,211
6,70,211,211
6,84,211,211
6,90,211,211
6,134,211,211
7,127,211,211
8,110,211,211
9,19,211,211
9,56,211,211
9,60,211,211
9,117,211,211
9,142,211,211
10,15,211,211
11,20,211,211
11,24,211,211
11,86,211,211
11,91,211,211
11,189,211,211
12,3,211,211
13,4,211,211
13,47,211,211
13,80,211,211
13,186,211,211
13,187,211,211
14,26,211,211
14,37,211,211
14,54,211,211
14,66,211,211
14,115,211,211
15,10,211,211
16,4,211,211
16,47,211,211
16,80,211,211
16,186,211,211
16,187,211,211
17,142,211,211
18,2,211,211
19,24,211,211
19,35,211,211
19,98,211,211
19,170,211,211
19,204,211,211
20,16,211,211
20,126,211,211
20,131,211,211
20,154,211,211
20,198,211,211
21,36,211,211
21,44,211,211
21,95,211,211
21,147,211,211
21,158,211,211
22,31,211,211
23,128,211,211
24,73,211,211
24,124,211,211
24,172,211,211
24,194,211,211
24,195,211,211
25,21,211,211
25,27,211,211
25,85,211,211
25,194,211,211
25,209,211,211
26,175,211,211
27,142,211,211
28,39,211,211
29,7,211,211
30,17,211,211
30,81,211,211
30,84,211,211
30,132,211,211
30,173,211,211
31,3,211,211
32,175,211,211
33,91,211,211
34,9,211,211
34,53,211,211
34,102,211,211
34,157,211,211
34,180,211,211
35,130,211,211
36,59,211,211
36,119,211,211
36,130,211,211
36,153,211,211
36,185,211,211
37,49,211,211
37,63,211,211
37,101,211,211
37,128,211,211
37,136,211,211
38,158,211,211
39,187,211,211
40,91,211,211
41,2,211,211
42,26,211,211
43,50,211,211
43,62,211,211
43,140,211,211
43,185,211,211
43,201,211,211
44,19,211,211
44,51,211,211
44,116,211,211
44,156,211,211
44,176,211,211
45,45,211,211
45,54,211,211
45,56,211,211
45,88,211,211
45,152,211,211
46,20,211,211
46,24,211,211
46,86,211,211
46,91,211,211
46,189,211,211
47,21,211,211
47,27,211,211
47,85,211,211
47,194,211,211
47,209,211,211
48,187,211,211
49,12,211,211
49,46,211,211
49,150,211,211
49,155,211,211
49,180,211,211
50,22,211,211
51,6,211,211
51,68,211,211
51,120,211,211
51,175,211,211
51,176,211,211
52,46,211,211
52,179,211,211
52,192,211,211
52,200,211,211
52,204,211,211
53,12,211,211
53,46,211,211
53,150,211,211
53,155,211,211
53,180,211,211
54,9,211,211
54,53,211,211
54,102,211,211
54,157,211,211
54,180,211,211
55,24,211,211
55,35,211,211
55,98,211,211
55,170,211,211
55,204,211,211
56,3,211,211
56,105,211,211
56,126,211,211
56,135,211,211
56,201,211,211
57,35,211,211
58,8,211,211
58,33,211,211
58,100,211,211
58,101,211,211
58,120,211,211
59,23,211,211
59,53,211,211
59,134,211,211
59,174,211,211
59,182,211,211
60,131,211,211
61,15,211,211
62,73,211,211
62,124,211,211
62,172,211,211
62,194,211,211
62,195,211,211
63,158,211,211
64,46,211,211
64,179,211,211
64,192,211,211
64,200,211,211
64,204,211,211
65,7,211,211
65,34,211,211
65,47,211,211
65,83,211,211
65,104,211,211
66,7,211,211
66,34,211,211
66,47,211,211
66,83,211,211
66,104,211,211
67,22,211,211
68,130,211,211
69,16,211,211
69,126,211,211
69,131,211,211
69,154,211,211
69,198,211,211
70,10,211,211
70,28,211,211
70,37,211,211
70,139,211,211
70,209,211,211
71,39,211,211
71,67,211,211
71,81,211,211
71,99,211,211
71,161,211,211
72,195,211,211
73,52,211,211
73,97,211,211
73,110,211,211
73,189,211,211
73,196,211,211
74,192,211,211
75,85,211,211
76,19,211,211
76,56,211,211
76,60,211,211
76,117,211,211
76,142,211,211
77,128,211,211
78,49,211,211
78,63,211,211
78,101,211,211
78,128,211,211
78,136,211,211
79,6,211,211
79,68,211,211
79,120,211,211
79,175,211,211
79,176,211,211
80,7,211,211
80,34,211,211
80,47,211,211
80,83,211,211
80,104,211,211
81,6,211,211
81,68,211,211
81,120,211,211
81,175,211,211
81,176,211,211
82,59,211,211
82,119,211,211
82,130,211,211
82,153,211,211
82,185,211,211
83,36,211,211
83,44,211,211
83,95,211,211
83,147,211,211
83,158,211,211
84,2,211,211
84,70,211,211
84,84,211,211
84,90,211,211
84,134,211,211
85,152,211,211
86,75,211,211
87,22,211,211
87,80,211,211
87,137,211,211
87,146,211,211
87,208,211,211
88,174,211,211
89,164,211,211
90,17,211,211
91,110,211,211
92,31,211,211
93,59,211,211
93,119,211,211
93,130,211,211
93,153,211,211
93,185,211,211
94,22,211,211
95,46,211,211
95,179,211,211
95,192,211,211
95,200,211,211
95,204,211,211
96,49,211,211
96,63,211,211
96,101,211,211
96,128,211,211
96,136,211,211
97,31,211,211
98,127,211,211
99,75,211,211
99,93,211,211
99,172,211,211
99,196,211,211
99,210,211,211
100,16,211,211
100,43,211,211
100,136,211,211
100,164,211,211
100,206,211,211
101,30,211,211
101,31,211,211
101,36,211,211
101,129,211,211
101,178,211,211
102,157,211,211
103,14,211,211
103,18,211,211
103,59,211,211
103,69,211,211
103,127,211,211
104,77,211,211
105,69,211,211
105,77,211,211
105,89,211,211
105,95,211,211
105,163,211,211
106,127,211,211
107,36,211,211
107,44,211,211
107,95,211,211
107,147,211,211
107,158,211,211
108,130,211,211
109,12,211,211
109,46,211,211
109,150,211,211
109,155,211,211
109,180,211,211
110,158,211,211
111,128,211,211
112,110,211,211
113,69,211,211
113,77,211,211
113,89,211,211
113,95,211,211
113,163,211,211
114,40,211,211
114,78,211,211
114,83,211,211
114,165,211,211
114,178,211,211
115,33,211,211
116,155,211,211
117,15,211,211
117,42,211,211
117,103,211,211
117,161,211,211
117,208,211,211
118,50,211,211
119,40,211,211
119,78,211,211
119,83,211,211
119,165,211,211
119,178,211,211
120,75,211,211
120,93,211,211
120,172,211,211
120,196,211,211
120,210,211,211
121,2,211,211
121,70,211,211
121,84,211,211
121,90,211,211
121,134,211,211
122,16,211,211
122,126,211,211
122,131,211,211
122,154,211,211
122,198,211,211
123,9,211,211
123,53,211,211
123,102,211,211
123,157,211,211
123,180,211,211
124,187,211,211
125,73,211,211
125,124,211,211
125,172,211,211
125,194,211,211
125,195,211,211
126,19,211,211
126,56,211,211
126,60,211,211
126,117,211,211
126,142,211,211
127,17,211,211
128,77,211,211
129,50,211,211
130,116,211,211
131,165,211,211
132,116,211,211
133,33,211,211
134,16,211,211
134,43,211,211
134,136,211,211
134,164,211,211
134,206,211,211
135,152,211,211
136,10,211,211
136,28,211,211
136,37,211,211
136,139,211,211
136,209,211,211
137,24,211,211
137,35,211,211
137,98,211,211
137,170,211,211
137,204,211,211
138,91,211,211
139,21,211,211
139,27,211,211
139,85,211,211
139,194,211,211
139,209,211,211
140,15,211,211
141,85,211,211
142,164,211,211
143,14,211,211
143,18,211,211
143,59,211,211
143,69,211,211
143,127,211,211
144,15,211,211
144,42,211,211
144,103,211,211
144,161,211,211
144,208,211,211
145,165,211,211
146,165,211,211
147,155,211,211
148,30,211,211
148,31,211,211
148,36,211,211
148,129,211,211
148,178,211,211
149,75,211,211
150,39,211,211
150,67,211,211
150,81,211,211
150,99,211,211
150,161,211,211
151,3,211,211
151,105,211,211
151,126,211,211
151,135,211,211
151,201,211,211
152,2,211,211
153,175,211,211
154,20,211,211
154,24,211,211
154,86,211,211
154,91,211,211
154,189,211,211
155,131,211,211
156,192,211,211
157,174,211,211
158,157,211,211
159,155,211,211
160,116,211,211
161,15,211,211
161,42,211,211
161,103,211,211
161,161,211,211
161,208,211,211
162,157,211,211
163,22,211,211
163,80,211,211
163,137,211,211
163,146,211,211
163,208,211,211
164,195,211,211
165,35,211,211
166,26,211,211
167,142,211,211
168,3,211,211
169,45,211,211
169,54,211,211
169,56,211,211
169,88,211,211
169,152,211,211
170,23,211,211
170,53,211,211
170,134,211,211
170,174,211,211
170,182,211,211
171,52,211,211
171,97,211,211
171,110,211,211
171,189,211,211
171,196,211,211
172,22,211,211
172,80,211,211
172,137,211,211
172,146,211,211
172,208,211,211
173,30,211,211
173,31,211,211
173,36,211,211
173,129,211,211
173,178,211,211
174,33,211,211
175,50,211,211
176,14,211,211
176,18,211,211
176,59,211,211
176,69,211,211
176,127,211,211
177,174,211,211
178,52,211,211
178,97,211,211
178,110,211,211
178,189,211,211
178,196,211,211
179,8,211,211
179,33,211,211
179,100,211,211
179,101,211,211
179,120,211,211
180,50,211,211
180,62,211,211
180,140,211,211
180,185,211,211
180,201,211,211
181,39,211,211
182,4,211,211
182,47,211,211
182,80,211,211
182,186,211,211
182,187,211,211
183,17,211,211
183,81,211,211
183,84,211,211
183,132,211,211
183,173,211,211
184,19,211,211
184,51,211,211
184,116,211,211
184,156,211,211
184,176,211,211
185,8,211,211
185,33,211,211
185,100,211,211
185,101,211,211
185,120,211,211
186,195,211,211
187,75,211,211
188,16,211,211
188,43,211,211
188,136,211,211
188,164,211,211
188,206,211,211
189,40,211,211
189,78,211,211
189,83,211,211
189,165,211,211
189,178,211,211
190,77,211,211
191,164,211,211
192,192,211,211
193,23,211,211
193,53,211,211
193,134,211,211
193,174,211,211
193,182,211,211
194,19,211,211
194,51,211,211
194,116,211,211
194,156,211,211
194,176,211,211
195,7,211,211
196,26,211,211
196,37,211,211
196,54,211,211
196,66,211,211
196,115,211,211
197,10,211,211
198,7,211,211
199,50,211,211
199,62,211,211
199,140,211,211
199,185,211,211
199,201,211,211
200,35,211,211
201,39,211,211
201,67,211,211
201,81,211,211
201,99,211,211
201,161,211,211
202,152,211,211
203,75,211,211
203,93,211,211
203,172,211,211
203,196,211,211
203,210,211,211
204,69,211,211
204,77,211,211
204,89,211,211
204,95,211,211
204,163,211,211
205,17,211,211
206,85,211,211
207,131,211,211
208,45,211,211
208,54,211,211
208,56,211,211
208,88,211,211
208,152,211,211
209,17,211,211
209,81,211,211
209,84,211,211
209,132,211,211
209,173,211,211
210,10,211,211
1,136,223,223
1,202,223,223
1,210,223,223
1,214,223,223
2,39,223,223
2,56,223,223
2,66,223,223
2,176,223,223
3,18,223,223
3,56,223,223
3,79,223,223
3,89,223,223
3,126,223,223
4,55,223,223
4,119,223,223
4,151,223,223
4,196,223,223
5,35,223,223
5,53,223,223
5,110,223,223
5,135,223,223
5,197,223,223
6,94,223,223
6,119,223,223
6,140,223,223
6,212,223,223
6,217,223,223
7,1,223,223
7,31,223,223
7,77,223,223
7,136,223,223
8,2,223,223
8,70,223,223
8,82,223,223
8,89,223,223
9,20,223,223
9,119,223,223
9,121,223,223
9,128,223,223
10,29,223,223
10,36,223,223
10,112,223,223
10,158,223,223
10,178,223,223
11,94,223,223
11,119,223,223
11,140,223,223
11,212,223,223
11,217,223,223
12,2,223,223
12,43,223,223
12,116,223,223
12,144,223,223
12,186,223,223
13,38,223,223
13,64,223,223
13,144,223,223
13,148,223,223
13,154,223,223
14,30,223,223
14,38,223,223
14,66,223,223
14,80,223,223
15,68,223,223
15,112,223,223
15,127,223,223
15,150,223,223
16,7,223,223
16,60,223,223
16,93,223,223
16,217,223,223
17,11,223,223
17,32,223,223
17,100,223,223
17,115,223,223
18,2,223,223
18,49,223,223
18,62,223,223
18,154,223,223
19,16,223,223
19,50,223,223
19,117,223,223
19,169,223,223
20,15,223,223
20,57,223,223
20,188,223,223
20,201,223,223
20,211,223,223
21,37,223,223
21,66,223,223
21,69,223,223
21,81,223,223
21,117,223,223
22,2,223,223
22,43,223,223
22,116,223,223
22,144,223,223
22,186,223,223
23,35,223,223
23,53,223,223
23,110,223,223
23,135,223,223
23,197,223,223
24,5,223,223
24,60,223,223
24,83,223,223
24,135,223,223
24,175,223,223
25,10,223,223
25,64,223,223
25,171,223,223
25,172,223,223
26,25,223,223
26,83,223,223
26,136,223,223
26,160,223,223
26,203,223,223
27,49,223,223
27,50,223,223
27,97,223,223
27,166,223,223
27,183,223,223
28,8,223,223
28,25,223,223
28,170,223,223
28,196,223,223
29,7,223,223
29,60,223,223
29,93,223,223
29,217,223,223
30,15,223,223
30,19,223,223
30,33,223,223
30,40,223,223
31,30,223,223
31,115,223,223
31,158,223,223
31,220,223,223
32,16,223,223
32,43,223,223
32,114,223,223
32,210,223,223
33,2,223,223
33,49,223,223
33,62,223,223
33,154,223,223
34,68,223,223
34,101,223,223
34,105,223,223
34,107,223,223
35,49,223,223
35,50,223,223
35,97,223,223
35,166,223,223
35,183,223,223
36,60,223,223
36,76,223,223
36,132,223,223
36,160,223,223
37,78,223,223
37,112,223,223
37,129,223,223
37,132,223,223
38,34,223,223
38,162,223,223
38,164,223,223
38,165,223,223
39,136,223,223
39,202,223,223
39,210,223,223
39,214,223,223
40,4,223,223
40,9,223,223
40,65,223,223
40,86,223,223
40,149,223,223
41,34,223,223
41,162,223,223
41,164,223,223
41,165,223,223
42,63,223,223
42,165,223,223
42,196,223,223
42,200,223,223
42,218,223,223
43,34,223,223
43,56,223,223
43,75,223,223
43,175,223,223
44,5,223,223
44,60,223,223
44,83,223,223
44,135,223,223
44,175,223,223
45,33,223,223
45,130,223,223
45,146,223,223
45,152,223,223
45,170,223,223
46,29,223,223
46,36,223,223
46,112,223,223
46,158,223,223
46,178,223,223
47,1,223,223
47,35,223,223
47,41,223,223
47,156,223,223
48,16,223,223
48,36,223,223
48,37,223,223
48,121,223,223
48,150,223,223
49,1,223,223
49,35,223,223
49,41,223,223
49,156,223,223
50,1,223,223
50,31,223,223
50,77,223,223
50,136,223,223
51,69,223,223
51,105,223,223
51,139,223,223
51,176,223,223
51,201,223,223
52,37,223,223
52,66,223,223
52,69,223,223
52,81,223,223
52,117,223,223
53,4,223,223
53,85,223,223
53,98,223,223
53,124,223,223
54,11,223,223
54,74,223,223
54,132,223,223
54,138,223,223
54,162,223,223
55,15,223,223
55,19,223,223
55,33,223,223
55,40,223,223
56,17,223,223
56,81,223,223
56,82,223,223
56,194,223,223
57,88,223,223
57,146,223,223
57,164,223,223
57,181,223,223
57,212,223,223
58,16,223,223
58,43,223,223
58,114,223,223
58,210,223,223
59,8,223,223
59,18,223,223
59,75,223,223
59,130,223,223
59,172,223,223
60,4,223,223
60,85,223,223
60,98,223,223
60,124,223,223
61,38,223,223
61,64,223,223
61,144,223,223
61,148,223,223
61,154,223,223
62,8,223,223
62,57,223,223
62,105,223,223
62,133,223,223
63,55,223,223
63,119,223,223
63,151,223,223
63,196,223,223
64,34,223,223
64,56,223,223
64,75,223,223
64,175,223,223
65,14,223,223
65,44,223,223
65,128,223,223
65,177,223,223
66,60,223,223
66,76,223,223
66,132,223,223
66,160,223,223
67,19,223,223
67,32,223,223
67,72,223,223
67,74,223,223
67,77,223,223
68,28,223,223
68,33,223,223
68,88,223,223
68,131,223,223
69,68,223,223
69,112,223,223
69,127,223,223
69,150,223,223
70,11,223,223
70,74,223,223
70,132,223,223
70,138,223,223
70,162,223,223
71,8,223,223
71,18,223,223
71,75,223,223
71,130,223,223
71,172,223,223
72,16,223,223
72,50,223,223
72,117,223,223
72,169,223,223
73,14,223,223
73,120,223,223
73,186,223,223
73,211,223,223
74,15,223,223
74,79,223,223
74,110,223,223
74,169,223,223
75,25,223,223
75,83,223,223
75,136,223,223
75,160,223,223
75,203,223,223
76,14,223,223
76,44,223,223
76,128,223,223
76,177,223,223
77,63,223,223
77,165,223,223
77,196,223,223
77,200,223,223
77,218,223,223
78,39,223,223
78,56,223,223
78,66,223,223
78,176,223,223
79,1,223,223
79,58,223,223
79,72,223,223
79,93,223,223
79,133,223,223
80,10,223,223
80,47,223,223
80,120,223,223
80,127,223,223
80,166,223,223
81,78,223,223
81,112,223,223
81,129,223,223
81,132,223,223
82,14,223,223
82,44,223,223
82,128,223,223
82,177,223,223
83,10,223,223
83,64,223,223
83,171,223,223
83,172,223,223
84,44,223,223
84,73,223,223
84,82,223,223
84,106,223,223
84,202,223,223
85,7,223,223
85,39,223,223
85,58,223,223
85,183,223,223
85,205,223,223
86,20,223,223
86,119,223,223
86,121,223,223
86,128,223,223
87,16,223,223
87,36,223,223
87,37,223,223
87,121,223,223
87,150,223,223
88,16,223,223
88,36,223,223
88,37,223,223
88,121,223,223
88,150,223,223
89,2,223,223
89,70,223,223
89,82,223,223
89,89,223,223
90,98,223,223
90,100,223,223
90,109,223,223
90,143,223,223
90,194,223,223
91,47,223,223
91,70,223,223
91,106,223,223
91,171,223,223
91,220,223,223
92,15,223,223
92,57,223,223
92,188,223,223
92,201,223,223
92,211,223,223
93,8,223,223
93,18,223,223
93,75,223,223
93,130,223,223
93,172,223,223
94,30,223,223
94,115,223,223
94,158,223,223
94,220,223,223
95,29,223,223
95,115,223,223
95,131,223,223
95,203,223,223
95,214,223,223
96,34,223,223
96,40,223,223
96,62,223,223
96,188,223,223
96,218,223,223
97,68,223,223
97,80,223,223
97,124,223,223
97,153,223,223
97,213,223,223
98,30,223,223
98,115,223,223
98,158,223,223
98,220,223,223
99,11,223,223
99,74,223,223
99,132,223,223
99,138,223,223
99,162,223,223
100,30,223,223
100,38,223,223
100,66,223,223
100,80,223,223
101,4,223,223
101,140,223,223
101,164,223,223
101,178,223,223
102,9,223,223
102,28,223,223
102,63,223,223
102,151,223,223
102,156,223,223
103,18,223,223
103,56,223,223
103,79,223,223
103,89,223,223
103,126,223,223
104,63,223,223
104,165,223,223
104,196,223,223
104,200,223,223
104,218,223,223
105,78,223,223
105,112,223,223
105,129,223,223
105,132,223,223
106,41,223,223
106,97,223,223
106,120,223,223
106,152,223,223
107,22,223,223
107,41,223,223
107,53,223,223
107,101,223,223
107,148,223,223
108,107,223,223
108,126,223,223
108,169,223,223
108,177,223,223
108,213,223,223
109,30,223,223
109,38,223,223
109,66,223,223
109,80,223,223
110,4,223,223
110,85,223,223
110,98,223,223
110,124,223,223
111,15,223,223
111,57,223,223
111,188,223,223
111,201,223,223
111,211,223,223
112,7,223,223
112,22,223,223
112,64,223,223
112,200,223,223
113,55,223,223
113,129,223,223
113,138,223,223
113,179,223,223
113,210,223,223
114,14,223,223
114,78,223,223
114,116,223,223
114,143,223,223
114,187,223,223
115,10,223,223
115,64,223,223
115,171,223,223
115,172,223,223
116,34,223,223
116,56,223,223
116,75,223,223
116,175,223,223
117,18,223,223
117,56,223,223
117,79,223,223
117,89,223,223
117,126,223,223
118,17,223,223
118,20,223,223
118,31,223,223
118,94,223,223
118,109,223,223
119,5,223,223
119,32,223,223
119,86,223,223
119,197,223,223
120,41,223,223
120,97,223,223
120,120,223,223
120,152,223,223
121,60,223,223
121,76,223,223
121,132,223,223
121,160,223,223
122,25,223,223
122,83,223,223
122,136,223,223
122,160,223,223
122,203,223,223
123,14,223,223
123,78,223,223
123,116,223,223
123,143,223,223
123,187,223,223
124,17,223,223
124,28,223,223
124,149,223,223
124,199,223,223
125,65,223,223
125,73,223,223
125,76,223,223
125,85,223,223
125,128,223,223
126,2,223,223
126,70,223,223
126,82,223,223
126,89,223,223
127,1,223,223
127,35,223,223
127,41,223,223
127,156,223,223
128,20,223,223
128,119,223,223
128,121,223,223
128,128,223,223
129,65,223,223
129,73,223,223
129,76,223,223
129,85,223,223
129,128,223,223
130,49,223,223
130,181,223,223
130,197,223,223
130,205,223,223
131,7,223,223
131,22,223,223
131,64,223,223
131,200,223,223
132,16,223,223
132,50,223,223
132,117,223,223
132,169,223,223
133,16,223,223
133,43,223,223
133,114,223,223
133,210,223,223
134,68,223,223
134,80,223,223
134,124,223,223
134,153,223,223
134,213,223,223
135,98,223,223
135,139,223,223
135,171,223,223
135,187,223,223
136,98,223,223
136,139,223,223
136,171,223,223
136,187,223,223
137,29,223,223
137,115,223,223
137,131,223,223
137,203,223,223
137,214,223,223
138,15,223,223
138,19,223,223
138,33,223,223
138,40,223,223
139,68,223,223
139,112,223,223
139,127,223,223
139,150,223,223
140,107,223,223
140,126,223,223
140,169,223,223
140,177,223,223
140,213,223,223
141,30,223,223
141,114,223,223
141,153,223,223
141,179,223,223
141,199,223,223
142,17,223,223
142,20,223,223
142,31,223,223
142,94,223,223
142,109,223,223
143,39,223,223
143,56,223,223
143,66,223,223
143,176,223,223
144,34,223,223
144,162,223,223
144,164,223,223
144,165,223,223
145,10,223,223
145,47,223,223
145,120,223,223
145,127,223,223
145,166,223,223
146,5,223,223
146,32,223,223
146,86,223,223
146,197,223,223
147,30,223,223
147,114,223,223
147,153,223,223
147,179,223,223
147,199,223,223
148,4,223,223
148,140,223,223
148,164,223,223
148,178,223,223
149,38,223,223
149,64,223,223
149,144,223,223
149,148,223,223
149,154,223,223
150,37,223,223
150,66,223,223
150,69,223,223
150,81,223,223
150,117,223,223
151,47,223,223
151,70,223,223
151,106,223,223
151,171,223,223
151,220,223,223
152,49,223,223
152,181,223,223
152,197,223,223
152,205,223,223
153,17,223,223
153,28,223,223
153,149,223,223
153,199,223,223
154,44,223,223
154,73,223,223
154,82,223,223
154,106,223,223
154,202,223,223
155,5,223,223
155,60,223,223
155,83,223,223
155,135,223,223
155,175,223,223
156,55,223,223
156,119,223,223
156,151,223,223
156,196,223,223
157,9,223,223
157,28,223,223
157,63,223,223
157,151,223,223
157,156,223,223
158,30,223,223
158,114,223,223
158,153,223,223
158,179,223,223
158,199,223,223
159,22,223,223
159,41,223,223
159,53,223,223
159,101,223,223
159,148,223,223
160,19,223,223
160,32,223,223
160,72,223,223
160,74,223,223
160,77,223,223
161,49,223,223
161,50,223,223
161,97,223,223
161,166,223,223
161,183,223,223
162,15,223,223
162,79,223,223
162,110,223,223
162,169,223,223
163,55,223,223
163,129,223,223
163,138,223,223
163,179,223,223
163,210,223,223
164,49,223,223
164,181,223,223
164,197,223,223
164,205,223,223
165,98,223,223
165,100,223,223
165,109,223,223
165,143,223,223
165,194,223,223
166,1,223,223
166,31,223,223
166,77,223,223
166,136,223,223
167,29,223,223
167,36,223,223
167,112,223,223
167,158,223,223
167,178,223,223
168,7,223,223
168,39,223,223
168,58,223,223
168,183,223,223
168,205,223,223
169,17,223,223
169,28,223,223
169,149,223,223
169,199,223,223
170,55,223,223
170,129,223,223
170,138,223,223
170,179,223,223
170,210,223,223
171,14,223,223
171,120,223,223
171,186,223,223
171,211,223,223
172,2,223,223
172,49,223,223
172,62,223,223
172,154,223,223
173,88,223,223
173,146,223,223
173,164,223,223
173,181,223,223
173,212,223,223
174,34,223,223
174,40,223,223
174,62,223,223
174,188,223,223
174,218,223,223
175,98,223,223
175,139,223,223
175,171,223,223
175,187,223,223
176,34,223,223
176,40,223,223
176,62,223,223
176,188,223,223
176,218,223,223
177,17,223,223
177,81,223,223
177,82,223,223
177,194,223,223
178,7,223,223
178,60,223,223
178,93,223,223
178,217,223,223
179,28,223,223
179,33,223,223
179,88,223,223
179,131,223,223
180,22,223,223
180,41,223,223
180,53,223,223
180,101,223,223
180,148,223,223
181,5,223,223
181,32,223,223
181,86,223,223
181,197,223,223
182,1,223,223
182,58,223,223
182,72,223,223
182,93,223,223
182,133,223,223
183,136,223,223
183,202,223,223
183,210,223,223
183,214,223,223
184,4,223,223
184,9,223,223
184,65,223,223
184,86,223,223
184,149,223,223
185,1,223,223
185,58,223,223
185,72,223,223
185,93,223,223
185,133,223,223
186,17,223,223
186,20,223,223
186,31,223,223
186,94,223,223
186,109,223,223
187,9,223,223
187,28,223,223
187,63,223,223
187,151,223,223
187,156,223,223
188,8,223,223
188,57,223,223
188,105,223,223
188,133,223,223
189,2,223,223
189,43,223,223
189,116,223,223
189,144,223,223
189,186,223,223
190,69,223,223
190,105,223,223
190,139,223,223
190,176,223,223
190,201,223,223
191,98,223,223
191,100,223,223
191,109,223,223
191,143,223,223
191,194,223,223
192,65,223,223
192,73,223,223
192,76,223,223
192,85,223,223
192,128,223,223
193,7,223,223
193,39,223,223
193,58,223,223
193,183,223,223
193,205,223,223
194,33,223,223
194,130,223,223
194,146,223,223
194,152,223,223
194,170,223,223
195,35,223,223
195,53,223,223
195,110,223,223
195,135,223,223
195,197,223,223
196,8,223,223
196,57,223,223
196,105,223,223
196,133,223,223
197,4,223,223
197,140,223,223
197,164,223,223
197,178,223,223
198,107,223,223
198,126,223,223
198,169,223,223
198,177,223,223
198,213,223,223
199,28,223,223
199,33,223,223
199,88,223,223
199,131,223,223
200,8,223,223
200,25,223,223
200,170,223,223
200,196,223,223
201,68,223,223
201,101,223,223
201,105,223,223
201,107,223,223
202,14,223,223
202,120,223,223
202,186,223,223
202,211,223,223
203,7,223,223
203,22,223,223
203,64,223,223
203,200,223,223
204,47,223,223
204,70,223,223
204,106,223,223
204,171,223,223
204,220,223,223
205,69,223,223
205,105,223,223
205,139,223,223
205,176,223,223
205,201,223,223
206,94,223,223
206,119,223,223
206,140,223,223
206,212,223,223
206,217,223,223
207,33,223,223
207,130,223,223
207,146,223,223
207,152,223,223
207,170,223,223
208,44,223,223
208,73,223,223
208,82,223,223
208,106,223,223
208,202,223,223
209,14,223,223
209,78,223,223
209,116,223,223
209,143,223,223
209,187,223,223
210,15,223,223
210,79,223,223
210,110,223,223
210,169,223,223
211,68,223,223
211,101,223,223
211,105,223,223
211,107,223,223
212,11,223,223
212,32,223,223
212,100,223,223
212,115,223,223
213,17,223,223
213,81,223,223
213,82,223,223
213,194,223,223
214,29,223,223
214,115,223,223
214,131,223,223
214,203,223,223
214,214,223,223
215,68,223,223
215,80,223,223
215,124,223,223
215,153,223,223
215,213,223,223
216,88,223,223
216,146,223,223
216,164,223,223
216,181,223,223
216,212,223,223
217,11,223,223
217,32,223,223
217,100,223,223
217,115,223,223
218,8,223,223
218,25,223,223
218,170,223,223
218,196,223,223
219,19,223,223
219,32,223,223
219,72,223,223
219,74,223,223
219,77,223,223
220,41,223,223
220,97,223,223
220,120,223,223
220,152,223,223
221,10,223,223
221,47,223,223
221,120,223,223
221,127,223,223
221,166,223,223
222,4,223,223
222,9,223,223
222,65,223,223
222,86,223,223
222,149,223,223
1,54,227,227
1,89,227,227
2,96,227,227
3,43,227,227
3,72,227,227
4,22,227,227
4,196,227,227
5,38,227,227
6,128,227,227
7,88,227,227
7,103,227,227
8,140,227,227
9,96,227,227
9,133,227,227
10,56,227,227
10,210,227,227
11,116,227,227
11,152,227,227
12,105,227,227
12,110,227,227
13,216,227,227
14,106,227,227
15,202,227,227
16,21,227,227
16,51,227,227
17,165,227,227
18,95,227,227
19,151,227,227
19,169,227,227
20,150,227,227
21,193,227,227
21,213,227,227
22,18,227,227
23,37,227,227
23,82,227,227
24,111,227,227
25,60,227,227
25,225,227,227
26,163,227,227
26,214,227,227
27,26,227,227
27,128,227,227
28,84,227,227
28,204,227,227
29,86,227,227
29,209,227,227
30,53,227,227
30,226,227,227
31,163,227,227
32,15,227,227
33,79,227,227
33,127,227,227
34,52,227,227
34,195,227,227
35,146,227,227
36,71,227,227
36,140,227,227
37,35,227,227
38,218,227,227
39,61,227,227
40,6,227,227
40,136,227,227
41,164,227,227
42,217,227,227
43,69,227,227
43,200,227,227
44,146,227,227
44,207,227,227
45,118,227,227
46,91,227,227
47,77,227,227
47,187,227,227
48,28,227,227
48,68,227,227
49,109,227,227
49,135,227,227
50,31,227,227
51,220,227,227
52,88,227,227
53,35,227,227
53,188,227,227
54,51,227,227
55,149,227,227
56,60,227,227
57,50,227,227
57,74,227,227
58,52,227,227
59,182,227,227
59,215,227,227
60,200,227,227
61,178,227,227
62,61,227,227
62,172,227,227
63,57,227,227
63,106,227,227
64,46,227,227
64,59,227,227
65,126,227,227
65,132,227,227
66,24,227,227
67,93,227,227
68,42,227,227
69,125,227,227
69,185,227,227
70,24,227,227
70,90,227,227
71,161,227,227
71,164,227,227
72,148,227,227
73,41,227,227
73,97,227,227
74,62,227,227
74,183,227,227
75,73,227,227
75,80,227,227
76,10,227,227
76,154,227,227
77,130,227,227
77,147,227,227
78,66,227,227
78,134,227,227
79,42,227,227
79,44,227,227
80,162,227,227
81,95,227,227
81,186,227,227
82,70,227,227
82,170,227,227
83,127,227,227
84,45,227,227
84,112,227,227
85,63,227,227
85,153,227,227
86,179,227,227
87,39,227,227
87,203,227,227
88,83,227,227
89,102,227,227
89,118,227,227
90,150,227,227
90,222,227,227
91,125,227,227
92,25,227,227
92,158,227,227
93,66,227,227
94,55,227,227
95,39,227,227
96,20,227,227
97,101,227,227
97,148,227,227
98,13,227,227
99,18,227,227
99,181,227,227
100,16,227,227
100,201,227,227
101,2,227,227
101,121,227,227
102,33,227,227
102,145,227,227
103,14,227,227
103,166,227,227
104,58,227,227
104,104,227,227
105,119,227,227
106,37,227,227
107,98,227,227
108,19,227,227
108,111,227,227
109,12,227,227
109,94,227,227
110,11,227,227
110,124,227,227
111,198,227,227
112,9,227,227
112,184,227,227
113,138,227,227
113,177,227,227
114,215,227,227
115,211,227,227
116,144,227,227
116,220,227,227
117,157,227,227
118,130,227,227
119,168,227,227
120,8,227,227
120,30,227,227
121,142,227,227
121,192,227,227
122,4,227,227
122,107,227,227
123,143,227,227
124,58,227,227
125,17,227,227
126,138,227,227
127,22,227,227
128,107,227,227
129,92,227,227
129,191,227,227
130,224,227,227
131,159,227,227
131,224,227,227
132,49,227,227
132,119,227,227
133,40,227,227
133,162,227,227
134,48,227,227
134,149,227,227
135,6,227,227
136,29,227,227
136,38,227,227
137,135,227,227
138,197,227,227
139,67,227,227
139,81,227,227
140,194,227,227
141,27,227,227
141,98,227,227
142,115,227,227
143,154,227,227
144,15,227,227
144,113,227,227
145,153,227,227
146,199,227,227
147,180,227,227
147,221,227,227
148,174,227,227
149,14,227,227
150,117,227,227
151,184,227,227
152,72,227,227
153,142,227,227
154,105,227,227
155,87,227,227
155,114,227,227
156,193,227,227
157,67,227,227
158,226,227,227
159,175,227,227
159,198,227,227
160,47,227,227
160,179,227,227
161,100,227,227
161,178,227,227
162,68,227,227
163,223,227,227
164,50,227,227
165,123,227,227
166,212,227,227
166,223,227,227
167,1,227,227
167,197,227,227
168,80,227,227
169,83,227,227
169,141,227,227
170,45,227,227
171,23,227,227
171,218,227,227
172,129,227,227
172,216,227,227
173,99,227,227
173,208,227,227
174,145,227,227
175,64,227,227
175,123,227,227
176,160,227,227
176,194,227,227
177,167,227,227
177,211,227,227
178,8,227,227
179,152,227,227
180,191,227,227
181,190,227,227
181,202,227,227
182,5,227,227
182,189,227,227
183,86,227,227
184,180,227,227
185,34,227,227
185,115,227,227
186,78,227,227
186,157,227,227
187,187,227,227
188,65,227,227
188,93,227,227
189,76,227,227
189,217,227,227
190,108,227,227
190,165,227,227
191,126,227,227
192,3,227,227
192,137,227,227
193,183,227,227
194,137,227,227
195,168,227,227
195,176,227,227
196,36,227,227
196,55,227,227
197,158,227,227
198,32,227,227
199,2,227,227
200,206,227,227
201,124,227,227
202,54,227,227
203,122,227,227
203,199,227,227
204,56,227,227
205,20,227,227
205,75,227,227
206,151,227,227
207,91,227,227
207,171,227,227
208,204,227,227
209,131,227,227
209,156,227,227
210,32,227,227
210,120,227,227
211,114,227,227
212,85,227,227
212,174,227,227
213,139,227,227
213,143,227,227
214,13,227,227
214,219,227,227
215,208,227,227
216,46,227,227
217,5,227,227
218,41,227,227
219,205,227,227
219,206,227,227
220,170,227,227
221,117,227,227
221,155,227,227
222,7,227,227
222,17,227,227
223,156,227,227
224,201,227,227
225,31,227,227
225,173,227,227
226,94,227,227
1,73,229,229
1,101,229,229
1,102,229,229
1,106,229,229
1,123,229,229
1,127,229,229
1,128,229,229
1,156,229,229
2,62,229,229
2,95,229,229
2,134,229,229
2,167,229,229
3,13,229,229
3,23,229,229
3,29,229,229
3,93,229,229
3,136,229,229
3,200,229,229
3,206,229,229
3,216,229,229
4,51,229,229
4,178,229,229
5,100,229,229
5,129,229,229
6,76,229,229
6,83,229,229
6,146,229,229
6,153,229,229
7,55,229,229
7,174,229,229
8,82,229,229
8,147,229,229
9,6,229,229
9,21,229,229
9,90,229,229
9,114,229,229
9,115,229,229
9,139,229,229
9,208,229,229
9,223,229,229
10,62,229,229
10,167,229,229
11,37,229,229
11,192,229,229
12,100,229,229
12,129,229,229
13,37,229,229
13,82,229,229
13,147,229,229
13,192,229,229
14,13,229,229
14,50,229,229
14,73,229,229
14,88,229,229
14,141,229,229
14,156,229,229
14,179,229,229
14,216,229,229
15,3,229,229
15,226,229,229
16,52,229,229
16,86,229,229
16,92,229,229
16,113,229,229
16,116,229,229
16,137,229,229
16,143,229,229
16,177,229,229
17,6,229,229
17,84,229,229
17,92,229,229
17,93,229,229
17,136,229,229
17,137,229,229
17,145,229,229
17,223,229,229
18,46,229,229
18,71,229,229
18,158,229,229
18,183,229,229
19,8,229,229
19,66,229,229
19,96,229,229
19,107,229,229
19,122,229,229
19,133,229,229
19,163,229,229
19,221,229,229
20,2,229,229
20,24,229,229
20,84,229,229
20,98,229,229
20,131,229,229
20,145,229,229
20,205,229,229
20,227,229,229
21,36,229,229
21,193,229,229
22,55,229,229
22,174,229,229
23,3,229,229
23,80,229,229
23,149,229,229
23,226,229,229
24,62,229,229
24,167,229,229
25,30,229,229
25,32,229,229
25,35,229,229
25,74,229,229
25,155,229,229
25,194,229,229
25,197,229,229
25,199,229,229
26,97,229,229
26,132,229,229
27,8,229,229
27,66,229,229
27,96,229,229
27,107,229,229
27,122,229,229
27,133,229,229
27,163,229,229
27,221,229,229
28,14,229,229
28,51,229,229
28,178,229,229
28,215,229,229
29,81,229,229
29,99,229,229
29,130,229,229
29,148,229,229
30,76,229,229
30,153,229,229
31,75,229,229
31,103,229,229
31,126,229,229
31,154,229,229
32,75,229,229
32,103,229,229
32,126,229,229
32,154,229,229
33,95,229,229
33,134,229,229
34,20,229,229
34,58,229,229
34,171,229,229
34,209,229,229
35,5,229,229
35,100,229,229
35,129,229,229
35,224,229,229
36,3,229,229
36,226,229,229
37,2,229,229
37,66,229,229
37,74,229,229
37,109,229,229
37,120,229,229
37,155,229,229
37,163,229,229
37,227,229,229
38,9,229,229
38,49,229,229
38,180,229,229
38,220,229,229
39,62,229,229
39,95,229,229
39,134,229,229
39,167,229,229
40,45,229,229
40,55,229,229
40,174,229,229
40,184,229,229
41,9,229,229
41,220,229,229
42,21,229,229
42,23,229,229
42,34,229,229
42,113,229,229
42,116,229,229
42,195,229,229
42,206,229,229
42,208,229,229
43,2,229,229
43,66,229,229
43,74,229,229
43,109,229,229
43,120,229,229
43,155,229,229
43,163,229,229
43,227,229,229
44,13,229,229
44,50,229,229
44,73,229,229
44,88,229,229
44,141,229,229
44,156,229,229
44,179,229,229
44,216,229,229
45,48,229,229
45,181,229,229
46,45,229,229
46,184,229,229
47,80,229,229
47,149,229,229
48,2,229,229
48,24,229,229
48,84,229,229
48,98,229,229
48,131,229,229
48,145,229,229
48,205,229,229
48,227,229,229
49,97,229,229
49,132,229,229
50,33,229,229
50,36,229,229
50,193,229,229
50,196,229,229
51,30,229,229
51,96,229,229
51,98,229,229
51,114,229,229
51,115,229,229
51,131,229,229
51,133,229,229
51,199,229,229
52,91,229,229
52,138,229,229
53,13,229,229
53,23,229,229
53,29,229,229
53,93,229,229
53,136,229,229
53,200,229,229
53,206,229,229
53,216,229,229
54,9,229,229
54,49,229,229
54,180,229,229
54,220,229,229
55,21,229,229
55,23,229,229
55,34,229,229
55,113,229,229
55,116,229,229
55,195,229,229
55,206,229,229
55,208,229,229
56,78,229,229
56,151,229,229
57,67,229,229
57,89,229,229
57,101,229,229
57,109,229,229
57,120,229,229
57,128,229,229
57,140,229,229
57,162,229,229
58,70,229,229
58,159,229,229
59,33,229,229
59,36,229,229
59,193,229,229
59,196,229,229
60,30,229,229
60,32,229,229
60,35,229,229
60,74,229,229
60,155,229,229
60,194,229,229
60,197,229,229
60,199,229,229
61,6,229,229
61,21,229,229
61,90,229,229
61,114,229,229
61,115,229,229
61,139,229,229
61,208,229,229
61,223,229,229
62,58,229,229
62,171,229,229
63,111,229,229
63,118,229,229
64,58,229,229
64,171,229,229
65,82,229,229
65,147,229,229
66,36,229,229
66,193,229,229
67,80,229,229
67,149,229,229
68,46,229,229
68,183,229,229
69,48,229,229
69,94,229,229
69,135,229,229
69,181,229,229
70,103,229,229
70,126,229,229
71,95,229,229
71,134,229,229
72,76,229,229
72,153,229,229
73,25,229,229
73,56,229,229
73,173,229,229
73,204,229,229
74,48,229,229
74,94,229,229
74,135,229,229
74,181,229,229
75,22,229,229
75,39,229,229
75,54,229,229
75,102,229,229
75,127,229,229
75,175,229,229
75,190,229,229
75,207,229,229
76,48,229,229
76,181,229,229
77,37,229,229
77,82,229,229
77,147,229,229
77,192,229,229
78,51,229,229
78,178,229,229
79,91,229,229
79,138,229,229
80,12,229,229
80,217,229,229
81,67,229,229
81,89,229,229
81,101,229,229
81,109,229,229
81,120,229,229
81,128,229,229
81,140,229,229
81,162,229,229
82,29,229,229
82,52,229,229
82,63,229,229
82,106,229,229
82,123,229,229
82,166,229,229
82,177,229,229
82,200,229,229
83,52,229,229
83,86,229,229
83,92,229,229
83,113,229,229
83,116,229,229
83,137,229,229
83,143,229,229
83,177,229,229
84,5,229,229
84,100,229,229
84,129,229,229
84,224,229,229
85,49,229,229
85,180,229,229
86,48,229,229
86,94,229,229
86,135,229,229
86,181,229,229
87,19,229,229
87,78,229,229
87,151,229,229
87,210,229,229
88,14,229,229
88,51,229,229
88,178,229,229
88,215,229,229
89,46,229,229
89,71,229,229
89,158,229,229
89,183,229,229
90,71,229,229
90,158,229,229
91,67,229,229
91,89,229,229
91,101,229,229
91,109,229,229
91,120,229,229
91,128,229,229
91,140,229,229
91,162,229,229
92,5,229,229
92,224,229,229
93,45,229,229
93,55,229,229
93,174,229,229
93,184,229,229
94,73,229,229
94,101,229,229
94,102,229,229
94,106,229,229
94,123,229,229
94,127,229,229
94,128,229,229
94,156,229,229
95,81,229,229
95,148,229,229
96,45,229,229
96,55,229,229
96,174,229,229
96,184,229,229
97,25,229,229
97,204,229,229
98,91,229,229
98,138,229,229
99,83,229,229
99,146,229,229
100,37,229,229
100,192,229,229
101,3,229,229
101,80,229,229
101,149,229,229
101,226,229,229
102,12,229,229
102,91,229,229
102,138,229,229
102,217,229,229
103,58,229,229
103,171,229,229
104,34,229,229
104,50,229,229
104,54,229,229
104,63,229,229
104,166,229,229
104,175,229,229
104,179,229,229
104,195,229,229
105,3,229,229
105,80,229,229
105,149,229,229
105,226,229,229
106,76,229,229
106,83,229,229
106,146,229,229
106,153,229,229
107,14,229,229
107,215,229,229
108,48,229,229
108,181,229,229
109,20,229,229
109,209,229,229
110,5,229,229
110,100,229,229
110,129,229,229
110,224,229,229
111,32,229,229
111,39,229,229
111,88,229,229
111,89,229,229
111,140,229,229
111,141,229,229
111,190,229,229
111,197,229,229
112,85,229,229
112,144,229,229
113,14,229,229
113,51,229,229
113,178,229,229
113,215,229,229
114,85,229,229
114,97,229,229
114,132,229,229
114,144,229,229
115,80,229,229
115,149,229,229
116,94,229,229
116,135,229,229
117,76,229,229
117,83,229,229
117,146,229,229
117,153,229,229
118,37,229,229
118,192,229,229
119,99,229,229
119,130,229,229
120,33,229,229
120,36,229,229
120,193,229,229
120,196,229,229
121,8,229,229
121,22,229,229
121,35,229,229
121,67,229,229
121,162,229,229
121,194,229,229
121,207,229,229
121,221,229,229
122,46,229,229
122,71,229,229
122,158,229,229
122,183,229,229
123,85,229,229
123,144,229,229
124,19,229,229
124,210,229,229
125,95,229,229
125,134,229,229
126,24,229,229
126,86,229,229
126,90,229,229
126,107,229,229
126,122,229,229
126,139,229,229
126,143,229,229
126,205,229,229
127,76,229,229
127,153,229,229
128,19,229,229
128,210,229,229
129,32,229,229
129,39,229,229
129,88,229,229
129,89,229,229
129,140,229,229
129,141,229,229
129,190,229,229
129,197,229,229
130,52,229,229
130,86,229,229
130,92,229,229
130,113,229,229
130,116,229,229
130,137,229,229
130,143,229,229
130,177,229,229
131,70,229,229
131,111,229,229
131,118,229,229
131,159,229,229
132,21,229,229
132,23,229,229
132,34,229,229
132,113,229,229
132,116,229,229
132,195,229,229
132,206,229,229
132,208,229,229
133,56,229,229
133,173,229,229
134,73,229,229
134,101,229,229
134,102,229,229
134,106,229,229
134,123,229,229
134,127,229,229
134,128,229,229
134,156,229,229
135,81,229,229
135,148,229,229
136,56,229,229
136,173,229,229
137,9,229,229
137,49,229,229
137,180,229,229
137,220,229,229
138,33,229,229
138,196,229,229
139,37,229,229
139,82,229,229
139,147,229,229
139,192,229,229
140,14,229,229
140,215,229,229
141,94,229,229
141,135,229,229
142,36,229,229
142,193,229,229
143,75,229,229
143,154,229,229
144,30,229,229
144,32,229,229
144,35,229,229
144,74,229,229
144,155,229,229
144,194,229,229
144,197,229,229
144,199,229,229
145,99,229,229
145,130,229,229
146,83,229,229
146,146,229,229
147,51,229,229
147,178,229,229
148,33,229,229
148,196,229,229
149,2,229,229
149,66,229,229
149,74,229,229
149,109,229,229
149,120,229,229
149,155,229,229
149,163,229,229
149,227,229,229
150,70,229,229
150,111,229,229
150,118,229,229
150,159,229,229
151,29,229,229
151,52,229,229
151,63,229,229
151,106,229,229
151,123,229,229
151,166,229,229
151,177,229,229
151,200,229,229
152,71,229,229
152,158,229,229
153,8,229,229
153,22,229,229
153,35,229,229
153,67,229,229
153,162,229,229
153,194,229,229
153,207,229,229
153,221,229,229
154,97,229,229
154,132,229,229
155,75,229,229
155,154,229,229
156,82,229,229
156,147,229,229
157,12,229,229
157,91,229,229
157,138,229,229
157,217,229,229
158,34,229,229
158,50,229,229
158,54,229,229
158,63,229,229
158,166,229,229
158,175,229,229
158,179,229,229
158,195,229,229
159,6,229,229
159,21,229,229
159,90,229,229
159,114,229,229
159,115,229,229
159,139,229,229
159,208,229,229
159,223,229,229
160,75,229,229
160,154,229,229
161,2,229,229
161,24,229,229
161,84,229,229
161,98,229,229
161,131,229,229
161,145,229,229
161,205,229,229
161,227,229,229
162,85,229,229
162,97,229,229
162,132,229,229
162,144,229,229
163,19,229,229
163,78,229,229
163,151,229,229
163,210,229,229
164,25,229,229
164,56,229,229
164,173,229,229
164,204,229,229
165,24,229,229
165,86,229,229
165,90,229,229
165,107,229,229
165,122,229,229
165,139,229,229
165,143,229,229
165,205,229,229
166,75,229,229
166,103,229,229
166,126,229,229
166,154,229,229
167,24,229,229
167,86,229,229
167,90,229,229
167,107,229,229
167,122,229,229
167,139,229,229
167,143,229,229
167,205,229,229
168,103,229,229
168,126,229,229
169,49,229,229
169,180,229,229
170,20,229,229
170,209,229,229
171,13,229,229
171,50,229,229
171,73,229,229
171,88,229,229
171,141,229,229
171,156,229,229
171,179,229,229
171,216,229,229
172,33,229,229
172,196,229,229
173,13,229,229
173,23,229,229
173,29,229,229
173,93,229,229
173,136,229,229
173,200,229,229
173,206,229,229
173,216,229,229
174,25,229,229
174,204,229,229
175,5,229,229
175,224,229,229
176,78,229,229
176,151,229,229
177,70,229,229
177,111,229,229
177,118,229,229
177,159,229,229
178,3,229,229
178,226,229,229
179,20,229,229
179,209,229,229
180,22,229,229
180,39,229,229
180,54,229,229
180,102,229,229
180,127,229,229
180,175,229,229
180,190,229,229
180,207,229,229
181,46,229,229
181,183,229,229
182,85,229,229
182,97,229,229
182,132,229,229
182,144,229,229
183,8,229,229
183,66,229,229
183,96,229,229
183,107,229,229
183,122,229,229
183,133,229,229
183,163,229,229
183,221,229,229
184,8,229,229
184,22,229,229
184,35,229,229
184,67,229,229
184,162,229,229
184,194,229,229
184,207,229,229
184,221,229,229
185,70,229,229
185,159,229,229
186,12,229,229
186,217,229,229
187,25,229,229
187,204,229,229
188,62,229,229
188,95,229,229
188,134,229,229
188,167,229,229
189,56,229,229
189,173,229,229
190,9,229,229
190,220,229,229
191,5,229,229
191,224,229,229
192,12,229,229
192,217,229,229
193,30,229,229
193,96,229,229
193,98,229,229
193,114,229,229
193,115,229,229
193,131,229,229
193,133,229,229
193,199,229,229
194,99,229,229
194,130,229,229
195,62,229,229
195,167,229,229
196,34,229,229
196,50,229,229
196,54,229,229
196,63,229,229
196,166,229,229
196,175,229,229
196,179,229,229
196,195,229,229
197,111,229,229
197,118,229,229
198,111,229,229
198,118,229,229
199,12,229,229
199,91,229,229
199,138,229,229
199,217,229,229
200,55,229,229
200,174,229,229
201,94,229,229
201,135,229,229
202,45,229,229
202,184,229,229
203,22,229,229
203,39,229,229
203,54,229,229
203,102,229,229
203,127,229,229
203,175,229,229
203,190,229,229
203,207,229,229
204,49,229,229
204,180,229,229
205,20,229,229
205,58,229,229
205,171,229,229
205,209,229,229
206,19,229,229
206,210,229,229
207,81,229,229
207,99,229,229
207,130,229,229
207,148,229,229
208,19,229,229
208,78,229,229
208,151,229,229
208,210,229,229
209,46,229,229
209,183,229,229
210,45,229,229
210,184,229,229
211,14,229,229
211,215,229,229
212,100,229,229
212,129,229,229
213,83,229,229
213,146,229,229
214,30,229,229
214,96,229,229
214,98,229,229
214,114,229,229
214,115,229,229
214,131,229,229
214,133,229,229
214,199,229,229
215,70,229,229
215,159,229,229
216,71,229,229
216,158,229,229
217,6,229,229
217,84,229,229
217,92,229,229
217,93,229,229
217,136,229,229
217,137,229,229
217,145,229,229
217,223,229,229
218,32,229,229
218,39,229,229
218,88,229,229
218,89,229,229
218,140,229,229
218,141,229,229
218,190,229,229
218,197,229,229
219,20,229,229
219,58,229,229
219,171,229,229
219,209,229,229
220,103,229,229
220,126,229,229
221,25,229,229
221,56,229,229
221,173,229,229
221,204,229,229
222,81,229,229
222,99,229,229
222,130,229,229
222,148,229,229
223,85,229,229
223,144,229,229
224,6,229,229
224,84,229,229
224,92,229,229
224,93,229,229
224,136,229,229
224,137,229,229
224,145,229,229
224,223,229,229
225,29,229,229
225,52,229,229
225,63,229,229
225,106,229,229
225,123,229,229
225,166,229,229
225,177,229,229
225,200,229,229
226,78,229,229
226,151,229,229
227,9,229,229
227,220,229,229
228,81,229,229
228,148,229,229
3,66,233,233
3,167,233,233
5,98,233,233
5,135,233,233
6,36,233,233
6,197,233,233
7,59,233,233
7,65,233,233
7,77,233,233
7,86,233,233
7,112,233,233
7,121,233,233
7,147,233,233
7,156,233,233
7,168,233,233
7,174,233,233
9,21,233,233
9,44,233,233
9,59,233,233
9,78,233,233
9,107,233,233
9,126,233,233
9,155,233,233
9,174,233,233
9,189,233,233
9,212,233,233
10,116,233,233
10,117,233,233
11,8,233,233
11,225,233,233
12,62,233,233
12,171,233,233
13,3,233,233
13,31,233,233
13,44,233,233
13,65,233,233
13,70,233,233
13,163,233,233
13,168,233,233
13,189,233,233
13,202,233,233
13,230,233,233
14,11,233,233
14,42,233,233
14,59,233,233
14,66,233,233
14,99,233,233
14,134,233,233
14,167,233,233
14,174,233,233
14,191,233,233
14,222,233,233
15,10,233,233
15,17,233,233
15,60,233,233
15,90,233,233
15,96,233,233
15,137,233,233
15,143,233,233
15,173,233,233
15,216,233,233
15,223,233,233
17,6,233,233
17,227,233,233
18,11,233,233
18,16,233,233
18,21,233,233
18,24,233,233
18,75,233,233
18,158,233,233
18,209,233,233
18,212,233,233
18,217,233,233
18,222,233,233
20,85,233,233
20,148,233,233
21,57,233,233
21,176,233,233
22,38,233,233
22,195,233,233
24,55,233,233
24,178,233,233
25,3,233,233
25,38,233,233
25,57,233,233
25,79,233,233
25,84,233,233
25,149,233,233
25,154,233,233
25,176,233,233
25,195,233,233
25,230,233,233
26,17,233,233
26,24,233,233
26,44,233,233
26,89,233,233
26,99,233,233
26,134,233,233
26,144,233,233
26,189,233,233
26,209,233,233
26,216,233,233
27,35,233,233
27,198,233,233
28,6,233,233
28,11,233,233
28,36,233,233
28,54,233,233
28,83,233,233
28,150,233,233
28,179,233,233
28,197,233,233
28,222,233,233
28,227,233,233
30,10,233,233
30,52,233,233
30,69,233,233
30,78,233,233
30,94,233,233
30,139,233,233
30,155,233,233
30,164,233,233
30,181,233,233
30,223,233,233
31,12,233,233
31,22,233,233
31,67,233,233
31,72,233,233
31,108,233,233
31,125,233,233
31,161,233,233
31,166,233,233
31,211,233,233
31,221,233,233
33,61,233,233
33,73,233,233
33,83,233,233
33,100,233,233
33,106,233,233
33,127,233,233
33,133,233,233
33,150,233,233
33,160,233,233
33,172,233,233
34,88,233,233
34,145,233,233
35,106,233,233
35,127,233,233
36,6,233,233
36,65,233,233
36,75,233,233
36,76,233,233
36,114,233,233
36,119,233,233
36,157,233,233
36,158,233,233
36,168,233,233
36,227,233,233
39,82,233,233
39,151,233,233
40,4,233,233
40,229,233,233
41,76,233,233
41,157,233,233
42,96,233,233
42,137,233,233
43,18,233,233
43,215,233,233
44,64,233,233
44,169,233,233
45,61,233,233
45,172,233,233
47,67,233,233
47,166,233,233
48,30,233,233
48,203,233,233
50,44,233,233
50,64,233,233
50,67,233,233
50,84,233,233
50,96,233,233
50,137,233,233
50,149,233,233
50,166,233,233
50,169,233,233
50,189,233,233
52,15,233,233
52,24,233,233
52,54,233,233
52,94,233,233
52,114,233,233
52,119,233,233
52,139,233,233
52,179,233,233
52,209,233,233
52,218,233,233
53,94,233,233
53,139,233,233
54,108,233,233
54,125,233,233
55,5,233,233
55,54,233,233
55,92,233,233
55,93,233,233
55,95,233,233
55,138,233,233
55,140,233,233
55,141,233,233
55,179,233,233
55,228,233,233
56,6,233,233
56,62,233,233
56,88,233,233
56,93,233,233
56,103,233,233
56,130,233,233
56,140,233,233
56,145,233,233
56,171,233,233
56,227,233,233
57,100,233,233
57,133,233,233
59,50,233,233
59,183,233,233
60,14,233,233
60,21,233,233
60,69,233,233
60,80,233,233
60,97,233,233
60,136,233,233
60,153,233,233
60,164,233,233
60,212,233,233
60,219,233,233
61,1,233,233
61,232,233,233
62,12,233,233
62,27,233,233
62,47,233,233
62,57,233,233
62,109,233,233
62,124,233,233
62,176,233,233
62,186,233,233
62,206,233,233
62,221,233,233
65,83,233,233
65,150,233,233
66,9,233,233
66,61,233,233
66,79,233,233
66,103,233,233
66,115,233,233
66,118,233,233
66,130,233,233
66,154,233,233
66,172,233,233
66,224,233,233
67,45,233,233
67,188,233,233
68,48,233,233
68,185,233,233
69,56,233,233
69,177,233,233
70,79,233,233
70,154,233,233
72,41,233,233
72,65,233,233
72,88,233,233
72,99,233,233
72,105,233,233
72,128,233,233
72,134,233,233
72,145,233,233
72,168,233,233
72,192,233,233
73,52,233,233
73,181,233,233
75,93,233,233
75,140,233,233
77,99,233,233
77,134,233,233
78,40,233,233
78,193,233,233
79,87,233,233
79,146,233,233
80,19,233,233
80,214,233,233
82,105,233,233
82,128,233,233
83,3,233,233
83,230,233,233
84,10,233,233
84,223,233,233
86,31,233,233
86,202,233,233
87,81,233,233
87,152,233,233
88,71,233,233
88,162,233,233
89,43,233,233
89,56,233,233
89,78,233,233
89,84,233,233
89,87,233,233
89,146,233,233
89,149,233,233
89,155,233,233
89,177,233,233
89,190,233,233
90,115,233,233
90,118,233,233
93,20,233,233
93,213,233,233
94,27,233,233
94,206,233,233
95,92,233,233
95,141,233,233
96,26,233,233
96,207,233,233
97,21,233,233
97,212,233,233
99,24,233,233
99,209,233,233
100,10,233,233
100,24,233,233
100,27,233,233
100,67,233,233
100,71,233,233
100,162,233,233
100,166,233,233
100,206,233,233
100,209,233,233
100,223,233,233
101,17,233,233
101,20,233,233
101,86,233,233
101,94,233,233
101,98,233,233
101,135,233,233
101,139,233,233
101,147,233,233
101,213,233,233
101,216,233,233
103,80,233,233
103,153,233,233
104,13,233,233
104,41,233,233
104,93,233,233
104,97,233,233
104,114,233,233
104,119,233,233
104,136,233,233
104,140,233,233
104,192,233,233
104,220,233,233
106,97,233,233
106,136,233,233
108,47,233,233
108,186,233,233
109,4,233,233
109,6,233,233
109,53,233,233
109,61,233,233
109,77,233,233
109,156,233,233
109,172,233,233
109,180,233,233
109,227,233,233
109,229,233,233
110,29,233,233
110,34,233,233
110,73,233,233
110,82,233,233
110,93,233,233
110,140,233,233
110,151,233,233
110,160,233,233
110,199,233,233
110,204,233,233
111,15,233,233
111,218,233,233
112,34,233,233
112,35,233,233
112,48,233,233
112,55,233,233
112,88,233,233
112,145,233,233
112,178,233,233
112,185,233,233
112,198,233,233
112,199,233,233
113,23,233,233
113,35,233,233
113,57,233,233
113,82,233,233
113,103,233,233
113,130,233,233
113,151,233,233
113,176,233,233
113,198,233,233
113,210,233,233
114,9,233,233
114,224,233,233
115,51,233,233
115,182,233,233
118,112,233,233
118,121,233,233
119,102,233,233
119,131,233,233
120,50,233,233
120,53,233,233
120,75,233,233
120,80,233,233
120,86,233,233
120,147,233,233
120,153,233,233
120,158,233,233
120,180,233,233
120,183,233,233
121,2,233,233
121,3,233,233
121,78,233,233
121,86,233,233
121,90,233,233
121,143,233,233
121,147,233,233
121,155,233,233
121,230,233,233
121,231,233,233
122,63,233,233
122,170,233,233
123,3,233,233
123,18,233,233
123,27,233,233
123,75,233,233
123,111,233,233
123,122,233,233
123,158,233,233
123,206,233,233
123,215,233,233
123,230,233,233
124,57,233,233
124,68,233,233
124,70,233,233
124,96,233,233
124,110,233,233
124,123,233,233
124,137,233,233
124,163,233,233
124,165,233,233
124,176,233,233
125,11,233,233
125,222,233,233
127,12,233,233
127,221,233,233
129,8,233,233
129,12,233,233
129,79,233,233
129,106,233,233
129,111,233,233
129,122,233,233
129,127,233,233
129,154,233,233
129,221,233,233
129,225,233,233
130,103,233,233
130,130,233,233
132,22,233,233
132,35,233,233
132,84,233,233
132,101,233,233
132,115,233,233
132,118,233,233
132,132,233,233
132,149,233,233
132,198,233,233
132,211,233,233
133,28,233,233
133,39,233,233
133,42,233,233
133,73,233,233
133,95,233,233
133,138,233,233
133,160,233,233
133,191,233,233
133,194,233,233
133,205,233,233
134,39,233,233
134,194,233,233
136,5,233,233
136,228,233,233
137,16,233,233
137,217,233,233
138,33,233,233
138,200,233,233
139,73,233,233
139,160,233,233
140,84,233,233
140,149,233,233
143,17,233,233
143,216,233,233
144,20,233,233
144,48,233,233
144,54,233,233
144,91,233,233
144,99,233,233
144,134,233,233
144,142,233,233
144,179,233,233
144,185,233,233
144,213,233,233
145,28,233,233
145,205,233,233
146,14,233,233
146,219,233,233
147,37,233,233
147,196,233,233
149,42,233,233
149,191,233,233
150,34,233,233
150,199,233,233
151,25,233,233
151,208,233,233
153,60,233,233
153,173,233,233
154,54,233,233
154,179,233,233
155,65,233,233
155,168,233,233
156,43,233,233
156,190,233,233
158,111,233,233
158,122,233,233
160,32,233,233
160,201,233,233
161,25,233,233
161,40,233,233
161,43,233,233
161,79,233,233
161,90,233,233
161,143,233,233
161,154,233,233
161,190,233,233
161,193,233,233
161,208,233,233
163,41,233,233
163,192,233,233
164,91,233,233
164,142,233,233
165,78,233,233
165,155,233,233
166,44,233,233
166,189,233,233
167,17,233,233
167,41,233,233
167,70,233,233
167,80,233,233
167,102,233,233
167,131,233,233
167,153,233,233
167,163,233,233
167,192,233,233
167,216,233,233
168,69,233,233
168,164,233,233
171,11,233,233
171,53,233,233
171,73,233,233
171,85,233,233
171,97,233,233
171,136,233,233
171,148,233,233
171,160,233,233
171,180,233,233
171,222,233,233
172,89,233,233
172,144,233,233
173,5,233,233
173,12,233,233
173,81,233,233
173,83,233,233
173,103,233,233
173,130,233,233
173,150,233,233
173,152,233,233
173,221,233,233
173,228,233,233
174,23,233,233
174,210,233,233
176,46,233,233
176,187,233,233
177,68,233,233
177,74,233,233
177,80,233,233
177,90,233,233
177,111,233,233
177,122,233,233
177,143,233,233
177,153,233,233
177,159,233,233
177,165,233,233
178,21,233,233
178,33,233,233
178,67,233,233
178,87,233,233
178,111,233,233
178,122,233,233
178,146,233,233
178,166,233,233
178,200,233,233
178,212,233,233
179,59,233,233
179,174,233,233
180,22,233,233
180,211,233,233
181,22,233,233
181,39,233,233
181,63,233,233
181,87,233,233
181,106,233,233
181,127,233,233
181,146,233,233
181,170,233,233
181,194,233,233
181,211,233,233
183,20,233,233
183,45,233,233
183,77,233,233
183,95,233,233
183,104,233,233
183,129,233,233
183,138,233,233
183,156,233,233
183,188,233,233
183,213,233,233
185,107,233,233
185,126,233,233
186,95,233,233
186,138,233,233
188,70,233,233
188,163,233,233
189,104,233,233
189,129,233,233
190,29,233,233
190,204,233,233
191,77,233,233
191,156,233,233
192,7,233,233
192,226,233,233
193,110,233,233
193,123,233,233
194,75,233,233
194,158,233,233
197,7,233,233
197,40,233,233
197,68,233,233
197,82,233,233
197,106,233,233
197,127,233,233
197,151,233,233
197,165,233,233
197,193,233,233
197,226,233,233
198,114,233,233
198,119,233,233
199,90,233,233
199,143,233,233
200,27,233,233
200,46,233,233
200,69,233,233
200,70,233,233
200,114,233,233
200,119,233,233
200,163,233,233
200,164,233,233
200,187,233,233
200,206,233,233
202,59,233,233
202,94,233,233
202,95,233,233
202,97,233,233
202,116,233,233
202,117,233,233
202,136,233,233
202,138,233,233
202,139,233,233
202,174,233,233
203,22,233,233
203,32,233,233
203,42,233,233
203,48,233,233
203,83,233,233
203,150,233,233
203,185,233,233
203,191,233,233
203,201,233,233
203,211,233,233
205,47,233,233
205,58,233,233
205,68,233,233
205,69,233,233
205,87,233,233
205,146,233,233
205,164,233,233
205,165,233,233
205,175,233,233
205,186,233,233
206,86,233,233
206,147,233,233
207,1,233,233
207,39,233,233
207,43,233,233
207,45,233,233
207,115,233,233
207,118,233,233
207,188,233,233
207,190,233,233
207,194,233,233
207,232,233,233
208,20,233,233
208,34,233,233
208,41,233,233
208,53,233,233
208,113,233,233
208,120,233,233
208,180,233,233
208,192,233,233
208,199,233,233
208,213,233,233
209,2,233,233
209,231,233,233
211,113,233,233
211,120,233,233
212,53,233,233
212,180,233,233
213,109,233,233
213,124,233,233
215,5,233,233
215,26,233,233
215,39,233,233
215,47,233,233
215,82,233,233
215,151,233,233
215,186,233,233
215,194,233,233
215,207,233,233
215,228,233,233
216,68,233,233
216,165,233,233
218,19,233,233
218,42,233,233
218,77,233,233
218,88,233,233
218,115,233,233
218,118,233,233
218,145,233,233
218,156,233,233
218,191,233,233
218,214,233,233
219,10,233,233
219,43,233,233
219,47,233,233
219,49,233,233
219,108,233,233
219,125,233,233
219,184,233,233
219,186,233,233
219,190,233,233
219,223,233,233
220,34,233,233
220,37,233,233
220,40,233,233
220,45,233,233
220,61,233,233
220,172,233,233
220,188,233,233
220,193,233,233
220,196,233,233
220,199,233,233
221,74,233,233
221,159,233,233
222,13,233,233
222,220,233,233
223,72,233,233
223,161,233,233
224,5,233,233
224,30,233,233
224,45,233,233
224,48,233,233
224,108,233,233
224,125,233,233
224,185,233,233
224,188,233,233
224,203,233,233
224,228,233,233
226,35,233,233
226,40,233,233
226,51,233,233
226,96,233,233
226,108,233,233
226,125,233,233
226,137,233,233
226,182,233,233
226,193,233,233
226,198,233,233
227,58,233,233
227,175,233,233
228,101,233,233
228,132,233,233
230,49,233,233
230,184,233,233
1,138,239,239
1,220,239,239
2,62,239,239
2,78,239,239
3,67,239,239
3,92,239,239
4,87,239,239
4,148,239,239
5,119,239,239
5,162,239,239
6,52,239,239
6,121,239,239
7,108,239,239
7,181,239,239
8,18,239,239
8,146,239,239
9,141,239,239
9,204,239,239
10,50,239,239
10,140,239,239
11,36,239,239
11,53,239,239
12,19,239,239
12,58,239,239
13,139,239,239
13,145,239,239
14,113,239,239
14,227,239,239
15,108,239,239
15,159,239,239
16,218,239,239
16,228,239,239
17,13,239,239
17,90,239,239
18,1,239,239
18,194,239,239
19,191,239,239
19,213,239,239
20,101,239,239
20,235,239,239
21,41,239,239
21,72,239,239
22,197,239,239
22,217,239,239
23,86,239,239
23,186,239,239
24,12,239,239
24,177,239,239
25,15,239,239
25,42,239,239
26,30,239,239
26,37,239,239
27,94,239,239
27,136,239,239
28,14,239,239
28,147,239,239
29,25,239,239
29,70,239,239
30,113,239,239
30,173,239,239
31,130,239,239
31,183,239,239
32,144,239,239
32,212,239,239
33,24,239,239
33,115,239,239
34,134,239,239
34,184,239,239
35,10,239,239
35,92,239,239
36,172,239,239
36,198,239,239
37,36,239,239
37,140,239,239
38,56,239,239
38,110,239,239
39,13,239,239
39,17,239,239
40,161,239,239
40,164,239,239
41,66,239,239
41,177,239,239
42,155,239,239
42,231,239,239
43,130,239,239
43,170,239,239
44,49,239,239
44,185,239,239
45,72,239,239
45,106,239,239
46,22,239,239
46,59,239,239
47,106,239,239
47,157,239,239
48,152,239,239
48,225,239,239
49,64,239,239
49,227,239,239
50,102,239,239
50,190,239,239
51,60,239,239
51,168,239,239
52,156,239,239
52,204,239,239
53,65,239,239
53,85,239,239
54,160,239,239
54,209,239,239
55,83,239,239
55,89,239,239
56,143,239,239
56,187,239,239
57,142,239,239
57,207,239,239
58,170,239,239
58,237,239,239
59,12,239,239
59,206,239,239
60,77,239,239
60,147,239,239
61,80,239,239
61,224,239,239
62,145,239,239
62,167,239,239
63,48,239,239
63,107,239,239
64,71,239,239
64,151,239,239
65,9,239,239
65,35,239,239
66,65,239,239
66,211,239,239
67,33,239,239
67,188,239,239
68,3,239,239
68,104,239,239
69,124,239,239
69,137,239,239
70,52,239,239
70,68,239,239
71,9,239,239
71,73,239,239
72,8,239,239
72,118,239,239
73,38,239,239
73,160,239,239
74,197,239,239
74,235,239,239
75,10,239,239
75,28,239,239
76,31,239,239
76,94,239,239
77,47,239,239
77,135,239,239
78,20,239,239
78,184,239,239
79,215,239,239
79,226,239,239
80,91,239,239
80,207,239,239
81,11,239,239
81,222,239,239
82,152,239,239
82,162,239,239
83,75,239,239
83,210,239,239
84,89,239,239
84,98,239,239
85,88,239,239
85,103,239,239
86,167,239,239
86,200,239,239
87,176,239,239
87,206,239,239
88,63,239,239
88,142,239,239
89,21,239,239
89,101,239,239
90,155,239,239
90,195,239,239
91,37,239,239
91,201,239,239
92,54,239,239
92,210,239,239
93,7,239,239
93,122,239,239
94,16,239,239
94,195,239,239
95,33,239,239
95,208,239,239
96,96,239,239
96,221,239,239
97,67,239,239
97,234,239,239
98,5,239,239
98,14,239,239
99,16,239,239
99,236,239,239
100,97,239,239
100,120,239,239
101,107,239,239
101,226,239,239
102,43,239,239
102,169,239,239
103,78,239,239
103,102,239,239
104,1,239,239
104,57,239,239
105,141,239,239
105,166,239,239
106,100,239,239
106,203,239,239
107,4,239,239
107,228,239,239
108,35,239,239
108,132,239,239
109,213,239,239
109,214,239,239
110,175,239,239
110,182,239,239
111,24,239,239
111,173,239,239
112,112,239,239
112,220,239,239
113,26,239,239
113,180,239,239
114,117,239,239
114,153,239,239
115,150,239,239
115,185,239,239
116,82,239,239
116,200,239,239
117,91,239,239
117,168,239,239
118,158,239,239
118,225,239,239
119,218,239,239
119,237,239,239
120,187,239,239
120,189,239,239
121,45,239,239
121,126,239,239
122,66,239,239
122,137,239,239
123,44,239,239
123,118,239,239
124,30,239,239
124,84,239,239
125,57,239,239
125,174,239,239
126,154,239,239
126,183,239,239
127,44,239,239
127,171,239,239
128,23,239,239
128,196,239,239
129,7,239,239
129,193,239,239
130,109,239,239
130,238,239,239
131,97,239,239
131,182,239,239
132,192,239,239
132,203,239,239
133,20,239,239
133,56,239,239
134,81,239,239
134,179,239,239
135,48,239,239
135,230,239,239
136,38,239,239
136,116,239,239
137,126,239,239
137,128,239,239
138,119,239,239
138,174,239,239
139,23,239,239
139,122,239,239
140,19,239,239
140,80,239,239
141,25,239,239
141,230,239,239
142,109,239,239
142,114,239,239
143,2,239,239
143,114,239,239
144,150,239,239
144,181,239,239
145,51,239,239
145,95,239,239
146,115,239,239
146,132,239,239
147,202,239,239
147,231,239,239
148,49,239,239
148,164,239,239
149,58,239,239
149,199,239,239
150,47,239,239
150,68,239,239
151,79,239,239
151,232,239,239
152,163,239,239
152,209,239,239
153,40,239,239
153,112,239,239
154,201,239,239
154,224,239,239
155,74,239,239
155,163,239,239
156,104,239,239
156,136,239,239
157,128,239,239
157,215,239,239
158,28,239,239
158,55,239,239
159,123,239,239
159,216,239,239
160,93,239,239
160,117,239,239
161,4,239,239
161,59,239,239
162,27,239,239
162,219,239,239
163,54,239,239
163,199,239,239
164,50,239,239
164,221,239,239
165,135,239,239
165,139,239,239
166,32,239,239
166,233,239,239
167,40,239,239
167,129,239,239
168,45,239,239
168,175,239,239
169,105,239,239
169,157,239,239
170,79,239,239
170,216,239,239
171,15,239,239
171,138,239,239
172,84,239,239
172,165,239,239
173,99,239,239
173,146,239,239
174,158,239,239
174,193,239,239
175,116,239,239
175,159,239,239
176,46,239,239
176,153,239,239
177,8,239,239
177,217,239,239
178,95,239,239
178,161,239,239
179,18,239,239
179,70,239,239
180,98,239,239
180,131,239,239
181,133,239,239
181,172,239,239
182,124,239,239
182,156,239,239
183,133,239,239
183,229,239,239
184,176,239,239
184,233,239,239
185,83,239,239
185,190,239,239
186,17,239,239
186,191,239,239
187,76,239,239
187,232,239,239
188,61,239,239
188,131,239,239
189,32,239,239
189,151,239,239
190,76,239,239
190,81,239,239
191,73,239,239
191,169,239,239
192,21,239,239
192,127,239,239
193,41,239,239
193,100,239,239
194,121,239,239
194,205,239,239
195,6,239,239
195,103,239,239
196,34,239,239
196,143,239,239
197,31,239,239
197,39,239,239
198,61,239,239
198,123,239,239
199,88,239,239
199,236,239,239
200,86,239,239
200,99,239,239
201,22,239,239
201,205,239,239
202,55,239,239
202,154,239,239
203,26,239,239
203,34,239,239
204,2,239,239
204,149,239,239
205,189,239,239
205,192,239,239
206,120,239,239
206,148,239,239
207,3,239,239
207,171,239,239
208,53,239,239
208,198,239,239
209,87,239,239
209,179,239,239
210,125,239,239
210,194,239,239
211,111,239,239
211,125,239,239
212,42,239,239
212,202,239,239
213,6,239,239
213,208,239,239
214,75,239,239
214,212,239,239
215,60,239,239
215,74,239,239
216,85,239,239
216,238,239,239
217,29,239,239
217,219,239,239
218,69,239,239
218,110,239,239
219,27,239,239
219,105,239,239
220,186,239,239
220,234,239,239
221,5,239,239
221,46,239,239
222,77,239,239
222,211,239,239
223,134,239,239
223,229,239,239
224,62,239,239
224,188,239,239
225,166,239,239
225,178,239,239
226,29,239,239
226,129,239,239
227,39,239,239
227,51,239,239
228,180,239,239
228,222,239,239
229,11,239,239
229,149,239,239
230,63,239,239
230,64,239,239
231,90,239,239
231,111,239,239
232,165,239,239
232,223,239,239
233,69,239,239
233,127,239,239
234,43,239,239
234,93,239,239
235,178,239,239
235,196,239,239
236,96,239,239
236,214,239,239
237,71,239,239
237,223,239,239
238,82,239,239
238,144,239,239
2,28,241,241
2,55,241,241
2,97,241,241
2,144,241,241
2,186,241,241
2,213,241,241
3,24,241,241
3,31,241,241
3,85,241,241
3,156,241,241
3,210,241,241
3,217,241,241
5,19,241,241
5,21,241,241
5,108,241,241
5,133,241,241
5,220,241,241
5,222,241,241
7,60,241,241
7,113,241,241
7,128,241,241
7,181,241,241
8,17,241,241
8,42,241,241
8,53,241,241
8,188,241,241
8,199,241,241
8,224,241,241
11,54,241,241
11,67,241,241
11,174,241,241
11,187,241,241
12,7,241,241
12,43,241,241
12,49,241,241
12,192,241,241
12,198,241,241
12,234,241,241
13,6,241,241
13,10,241,241
13,109,241,241
13,114,241,241
13,127,241,241
13,132,241,241
13,231,241,241
13,235,241,241
14,37,241,241
14,40,241,241
14,84,241,241
14,94,241,241
14,147,241,241
14,157,241,241
14,201,241,241
14,204,241,241
17,37,241,241
17,40,241,241
17,84,241,241
17,94,241,241
17,147,241,241
17,157,241,241
17,201,241,241
17,204,241,241
18,32,241,241
18,33,241,241
18,39,241,241
18,202,241,241
18,208,241,241
18,209,241,241
19,50,241,241
19,54,241,241
19,187,241,241
19,191,241,241
20,73,241,241
20,89,241,241
20,100,241,241
20,141,241,241
20,152,241,241
20,168,241,241
21,14,241,241
21,34,241,241
21,87,241,241
21,96,241,241
21,145,241,241
21,154,241,241
21,207,241,241
21,227,241,241
22,36,241,241
22,39,241,241
22,60,241,241
22,69,241,241
22,172,241,241
22,181,241,241
22,202,241,241
22,205,241,241
23,72,241,241
23,94,241,241
23,147,241,241
23,169,241,241
26,9,241,241
26,72,241,241
26,169,241,241
26,232,241,241
27,75,241,241
27,114,241,241
27,115,241,241
27,126,241,241
27,127,241,241
27,166,241,241
28,2,241,241
28,60,241,241
28,181,241,241
28,239,241,241
29,32,241,241
29,33,241,241
29,39,241,241
29,202,241,241
29,208,241,241
29,209,241,241
30,28,241,241
30,55,241,241
30,97,241,241
30,144,241,241
30,186,241,241
30,213,241,241
31,9,241,241
31,42,241,241
31,74,241,241
31,91,241,241
31,150,241,241
31,167,241,241
31,199,241,241
31,232,241,241
32,58,241,241
32,95,241,241
32,105,241,241
32,136,241,241
32,146,241,241
32,183,241,241
33,6,241,241
33,10,241,241
33,109,241,241
33,114,241,241
33,127,241,241
33,132,241,241
33,231,241,241
33,235,241,241
34,2,241,241
34,60,241,241
34,181,241,241
34,239,241,241
35,30,241,241
35,50,241,241
35,63,241,241
35,88,241,241
35,153,241,241
35,178,241,241
35,191,241,241
35,211,241,241
37,10,241,241
37,59,241,241
37,182,241,241
37,231,241,241
38,2,241,241
38,47,241,241
38,70,241,241
38,71,241,241
38,170,241,241
38,171,241,241
38,194,241,241
38,239,241,241
39,12,241,241
39,119,241,241
39,122,241,241
39,229,241,241
41,46,241,241
41,76,241,241
41,81,241,241
41,160,241,241
41,165,241,241
41,195,241,241
42,10,241,241
42,80,241,241
42,161,241,241
42,231,241,241
43,30,241,241
43,50,241,241
43,63,241,241
43,88,241,241
43,153,241,241
43,178,241,241
43,191,241,241
43,211,241,241
44,50,241,241
44,54,241,241
44,187,241,241
44,191,241,241
45,24,241,241
45,31,241,241
45,85,241,241
45,156,241,241
45,210,241,241
45,217,241,241
46,13,241,241
46,66,241,241
46,83,241,241
46,98,241,241
46,143,241,241
46,158,241,241
46,175,241,241
46,228,241,241
47,57,241,241
47,86,241,241
47,120,241,241
47,121,241,241
47,155,241,241
47,184,241,241
48,56,241,241
48,90,241,241
48,103,241,241
48,138,241,241
48,151,241,241
48,185,241,241
49,7,241,241
49,43,241,241
49,49,241,241
49,192,241,241
49,198,241,241
49,234,241,241
50,75,241,241
50,114,241,241
50,115,241,241
50,126,241,241
50,127,241,241
50,166,241,241
51,10,241,241
51,80,241,241
51,161,241,241
51,231,241,241
52,48,241,241
52,52,241,241
52,80,241,241
52,92,241,241
52,149,241,241
52,161,241,241
52,189,241,241
52,193,241,241
53,15,241,241
53,23,241,241
53,71,241,241
53,170,241,241
53,218,241,241
53,226,241,241
55,27,241,241
55,31,241,241
55,45,241,241
55,112,241,241
55,129,241,241
55,196,241,241
55,210,241,241
55,214,241,241
56,29,241,241
56,51,241,241
56,55,241,241
56,79,241,241
56,162,241,241
56,186,241,241
56,190,241,241
56,212,241,241
57,48,241,241
57,52,241,241
57,80,241,241
57,92,241,241
57,149,241,241
57,161,241,241
57,189,241,241
57,193,241,241
59,73,241,241
59,89,241,241
59,100,241,241
59,141,241,241
59,152,241,241
59,168,241,241
61,3,241,241
61,34,241,241
61,101,241,241
61,140,241,241
61,207,241,241
61,238,241,241
62,16,241,241
62,113,241,241
62,128,241,241
62,225,241,241
63,67,241,241
63,82,241,241
63,159,241,241
63,174,241,241
65,54,241,241
65,67,241,241
65,174,241,241
65,187,241,241
66,9,241,241
66,72,241,241
66,169,241,241
66,232,241,241
67,46,241,241
67,76,241,241
67,81,241,241
67,160,241,241
67,165,241,241
67,195,241,241
68,29,241,241
68,51,241,241
68,55,241,241
68,79,241,241
68,162,241,241
68,186,241,241
68,190,241,241
68,212,241,241
69,11,241,241
69,38,241,241
69,54,241,241
69,64,241,241
69,177,241,241
69,187,241,241
69,203,241,241
69,230,241,241
70,45,241,241
70,119,241,241
70,122,241,241
70,196,241,241
71,11,241,241
71,38,241,241
71,54,241,241
71,64,241,241
71,177,241,241
71,187,241,241
71,203,241,241
71,230,241,241
72,15,241,241
72,23,241,241
72,71,241,241
72,170,241,241
72,218,241,241
72,226,241,241
73,10,241,241
73,59,241,241
73,182,241,241
73,231,241,241
74,14,241,241
74,34,241,241
74,87,241,241
74,96,241,241
74,145,241,241
74,154,241,241
74,207,241,241
74,227,241,241
75,19,241,241
75,21,241,241
75,108,241,241
75,133,241,241
75,220,241,241
75,222,241,241
76,50,241,241
76,82,241,241
76,159,241,241
76,191,241,241
77,20,241,241
77,66,241,241
77,111,241,241
77,130,241,241
77,175,241,241
77,221,241,241
78,8,241,241
78,65,241,241
78,67,241,241
78,89,241,241
78,152,241,241
78,174,241,241
78,176,241,241
78,233,241,241
79,88,241,241
79,93,241,241
79,107,241,241
79,134,241,241
79,148,241,241
79,153,241,241
80,11,241,241
80,77,241,241
80,102,241,241
80,139,241,241
80,164,241,241
80,230,241,241
84,27,241,241
84,31,241,241
84,45,241,241
84,112,241,241
84,129,241,241
84,196,241,241
84,210,241,241
84,214,241,241
85,45,241,241
85,119,241,241
85,122,241,241
85,196,241,241
86,45,241,241
86,119,241,241
86,122,241,241
86,196,241,241
88,2,241,241
88,47,241,241
88,70,241,241
88,71,241,241
88,170,241,241
88,171,241,241
88,194,241,241
88,239,241,241
89,36,241,241
89,39,241,241
89,60,241,241
89,69,241,241
89,172,241,241
89,181,241,241
89,202,241,241
89,205,241,241
92,29,241,241
92,94,241,241
92,147,241,241
92,212,241,241
93,59,241,241
93,83,241,241
93,158,241,241
93,182,241,241
95,7,241,241
95,25,241,241
95,68,241,241
95,119,241,241
95,122,241,241
95,173,241,241
95,216,241,241
95,234,241,241
99,12,241,241
99,119,241,241
99,122,241,241
99,229,241,241
101,11,241,241
101,38,241,241
101,54,241,241
101,64,241,241
101,177,241,241
101,187,241,241
101,203,241,241
101,230,241,241
102,27,241,241
102,31,241,241
102,45,241,241
102,112,241,241
102,129,241,241
102,196,241,241
102,210,241,241
102,214,241,241
103,12,241,241
103,119,241,241
103,122,241,241
103,229,241,241
104,72,241,241
104,94,241,241
104,147,241,241
104,169,241,241
105,60,241,241
105,113,241,241
105,128,241,241
105,181,241,241
108,44,241,241
108,52,241,241
108,118,241,241
108,123,241,241
108,189,241,241
108,197,241,241
109,46,241,241
109,59,241,241
109,61,241,241
109,104,241,241
109,137,241,241
109,180,241,241
109,182,241,241
109,195,241,241
110,80,241,241
110,83,241,241
110,158,241,241
110,161,241,241
111,16,241,241
111,78,241,241
111,86,241,241
111,106,241,241
111,135,241,241
111,155,241,241
111,163,241,241
111,225,241,241
112,2,241,241
112,16,241,241
112,225,241,241
112,239,241,241
113,17,241,241
113,42,241,241
113,53,241,241
113,188,241,241
113,199,241,241
113,224,241,241
114,72,241,241
114,94,241,241
114,147,241,241
114,169,241,241
115,2,241,241
115,47,241,241
115,70,241,241
115,71,241,241
115,170,241,241
115,171,241,241
115,194,241,241
115,239,241,241
116,15,241,241
116,23,241,241
116,71,241,241
116,170,241,241
116,218,241,241
116,226,241,241
117,29,241,241
117,51,241,241
117,55,241,241
117,79,241,241
117,162,241,241
117,186,241,241
117,190,241,241
117,212,241,241
120,17,241,241
120,42,241,241
120,53,241,241
120,188,241,241
120,199,241,241
120,224,241,241
121,18,241,241
121,37,241,241
121,117,241,241
121,124,241,241
121,204,241,241
121,223,241,241
124,5,241,241
124,72,241,241
124,95,241,241
124,110,241,241
124,131,241,241
124,146,241,241
124,169,241,241
124,236,241,241
125,4,241,241
125,26,241,241
125,35,241,241
125,206,241,241
125,215,241,241
125,237,241,241
126,35,241,241
126,99,241,241
126,113,241,241
126,116,241,241
126,125,241,241
126,128,241,241
126,142,241,241
126,206,241,241
127,9,241,241
127,29,241,241
127,212,241,241
127,232,241,241
128,18,241,241
128,37,241,241
128,117,241,241
128,124,241,241
128,204,241,241
128,223,241,241
129,60,241,241
129,113,241,241
129,128,241,241
129,181,241,241
130,36,241,241
130,39,241,241
130,60,241,241
130,69,241,241
130,172,241,241
130,181,241,241
130,202,241,241
130,205,241,241
131,10,241,241
131,59,241,241
131,182,241,241
131,231,241,241
132,48,241,241
132,52,241,241
132,80,241,241
132,92,241,241
132,149,241,241
132,161,241,241
132,189,241,241
132,193,241,241
133,46,241,241
133,76,241,241
133,81,241,241
133,160,241,241
133,165,241,241
133,195,241,241
136,2,241,241
136,16,241,241
136,225,241,241
136,239,241,241
137,9,241,241
137,29,241,241
137,212,241,241
137,232,241,241
138,45,241,241
138,96,241,241
138,145,241,241
138,196,241,241
139,12,241,241
139,41,241,241
139,56,241,241
139,62,241,241
139,179,241,241
139,185,241,241
139,200,241,241
139,229,241,241
140,1,241,241
140,19,241,241
140,22,241,241
140,82,241,241
140,159,241,241
140,219,241,241
140,222,241,241
140,240,241,241
142,45,241,241
142,96,241,241
142,145,241,241
142,196,241,241
146,14,241,241
146,34,241,241
146,87,241,241
146,96,241,241
146,145,241,241
146,154,241,241
146,207,241,241
146,227,241,241
148,10,241,241
148,80,241,241
148,161,241,241
148,231,241,241
149,9,241,241
149,72,241,241
149,169,241,241
149,232,241,241
152,16,241,241
152,78,241,241
152,86,241,241
152,106,241,241
152,135,241,241
152,155,241,241
152,163,241,241
152,225,241,241
153,35,241,241
153,99,241,241
153,113,241,241
153,116,241,241
153,125,241,241
153,128,241,241
153,142,241,241
153,206,241,241
155,12,241,241
155,96,241,241
155,145,241,241
155,229,241,241
156,12,241,241
156,96,241,241
156,145,241,241
156,229,241,241
157,12,241,241
157,41,241,241
157,56,241,241
157,62,241,241
157,179,241,241
157,185,241,241
157,200,241,241
157,229,241,241
161,19,241,241
161,21,241,241
161,108,241,241
161,133,241,241
161,220,241,241
161,222,241,241
162,73,241,241
162,89,241,241
162,100,241,241
162,141,241,241
162,152,241,241
162,168,241,241
163,30,241,241
163,50,241,241
163,63,241,241
163,88,241,241
163,153,241,241
163,178,241,241
163,191,241,241
163,211,241,241
164,75,241,241
164,114,241,241
164,115,241,241
164,126,241,241
164,127,241,241
164,166,241,241
165,54,241,241
165,67,241,241
165,174,241,241
165,187,241,241
166,11,241,241
166,77,241,241
166,102,241,241
166,139,241,241
166,164,241,241
166,230,241,241
167,7,241,241
167,25,241,241
167,68,241,241
167,119,241,241
167,122,241,241
167,173,241,241
167,216,241,241
167,234,241,241
168,80,241,241
168,83,241,241
168,158,241,241
168,161,241,241
169,4,241,241
169,26,241,241
169,35,241,241
169,206,241,241
169,215,241,241
169,237,241,241
170,1,241,241
170,19,241,241
170,22,241,241
170,82,241,241
170,159,241,241
170,219,241,241
170,222,241,241
170,240,241,241
171,12,241,241
171,96,241,241
171,145,241,241
171,229,241,241
172,1,241,241
172,19,241,241
172,22,241,241
172,82,241,241
172,159,241,241
172,219,241,241
172,222,241,241
172,240,241,241
173,5,241,241
173,72,241,241
173,95,241,241
173,110,241,241
173,131,241,241
173,146,241,241
173,169,241,241
173,236,241,241
174,44,241,241
174,52,241,241
174,118,241,241
174,123,241,241
174,189,241,241
174,197,241,241
175,29,241,241
175,94,241,241
175,147,241,241
175,212,241,241
176,50,241,241
176,82,241,241
176,159,241,241
176,191,241,241
178,50,241,241
178,54,241,241
178,187,241,241
178,191,241,241
179,2,241,241
179,60,241,241
179,181,241,241
179,239,241,241
180,7,241,241
180,43,241,241
180,49,241,241
180,192,241,241
180,198,241,241
180,234,241,241
182,88,241,241
182,93,241,241
182,107,241,241
182,134,241,241
182,148,241,241
182,153,241,241
184,46,241,241
184,59,241,241
184,61,241,241
184,104,241,241
184,137,241,241
184,180,241,241
184,182,241,241
184,195,241,241
185,5,241,241
185,72,241,241
185,95,241,241
185,110,241,241
185,131,241,241
185,146,241,241
185,169,241,241
185,236,241,241
186,12,241,241
186,41,241,241
186,56,241,241
186,62,241,241
186,179,241,241
186,185,241,241
186,200,241,241
186,229,241,241
188,4,241,241
188,26,241,241
188,35,241,241
188,206,241,241
188,215,241,241
188,237,241,241
189,46,241,241
189,59,241,241
189,61,241,241
189,104,241,241
189,137,241,241
189,180,241,241
189,182,241,241
189,195,241,241
190,59,241,241
190,83,241,241
190,158,241,241
190,182,241,241
191,20,241,241
191,66,241,241
191,111,241,241
191,130,241,241
191,175,241,241
191,221,241,241
192,3,241,241
192,34,241,241
192,101,241,241
192,140,241,241
192,207,241,241
192,238,241,241
193,24,241,241
193,31,241,241
193,85,241,241
193,156,241,241
193,210,241,241
193,217,241,241
194,32,241,241
194,33,241,241
194,39,241,241
194,202,241,241
194,208,241,241
194,209,241,241
195,6,241,241
195,10,241,241
195,109,241,241
195,114,241,241
195,127,241,241
195,132,241,241
195,231,241,241
195,235,241,241
196,56,241,241
196,90,241,241
196,103,241,241
196,138,241,241
196,151,241,241
196,185,241,241
197,67,241,241
197,82,241,241
197,159,241,241
197,174,241,241
198,8,241,241
198,65,241,241
198,67,241,241
198,89,241,241
198,152,241,241
198,174,241,241
198,176,241,241
198,233,241,241
199,59,241,241
199,83,241,241
199,158,241,241
199,182,241,241
200,44,241,241
200,52,241,241
200,118,241,241
200,123,241,241
200,189,241,241
200,197,241,241
202,45,241,241
202,96,241,241
202,145,241,241
202,196,241,241
203,35,241,241
203,99,241,241
203,113,241,241
203,116,241,241
203,125,241,241
203,128,241,241
203,142,241,241
203,206,241,241
204,80,241,241
204,83,241,241
204,158,241,241
204,161,241,241
206,8,241,241
206,65,241,241
206,67,241,241
206,89,241,241
206,152,241,241
206,174,241,241
206,176,241,241
206,233,241,241
207,16,241,241
207,113,241,241
207,128,241,241
207,225,241,241
208,13,241,241
208,66,241,241
208,83,241,241
208,98,241,241
208,143,241,241
208,158,241,241
208,175,241,241
208,228,241,241
209,28,241,241
209,55,241,241
209,97,241,241
209,144,241,241
209,186,241,241
209,213,241,241
210,37,241,241
210,40,241,241
210,84,241,241
210,94,241,241
210,147,241,241
210,157,241,241
210,201,241,241
210,204,241,241
211,58,241,241
211,95,241,241
211,105,241,241
211,136,241,241
211,146,241,241
211,183,241,241
212,57,241,241
212,86,241,241
212,120,241,241
212,121,241,241
212,155,241,241
212,184,241,241
213,16,241,241
213,113,241,241
213,128,241,241
213,225,241,241
214,20,241,241
214,66,241,241
214,111,241,241
214,130,241,241
214,175,241,241
214,221,241,241
215,29,241,241
215,94,241,241
215,147,241,241
215,212,241,241
218,9,241,241
218,29,241,241
218,212,241,241
218,232,241,241
219,16,241,241
219,78,241,241
219,86,241,241
219,106,241,241
219,135,241,241
219,155,241,241
219,163,241,241
219,225,241,241
220,7,241,241
220,25,241,241
220,68,241,241
220,119,241,241
220,122,241,241
220,173,241,241
220,216,241,241
220,234,241,241
221,88,241,241
221,93,241,241
221,107,241,241
221,134,241,241
221,148,241,241
221,153,241,241
222,67,241,241
222,82,241,241
222,159,241,241
222,174,241,241
223,57,241,241
223,86,241,241
223,120,241,241
223,121,241,241
223,155,241,241
223,184,241,241
224,9,241,241
224,42,241,241
224,74,241,241
224,91,241,241
224,150,241,241
224,167,241,241
224,199,241,241
224,232,241,241
227,9,241,241
227,42,241,241
227,74,241,241
227,91,241,241
227,150,241,241
227,167,241,241
227,199,241,241
227,232,241,241
228,13,241,241
228,66,241,241
228,83,241,241
228,98,241,241
228,143,241,241
228,158,241,241
228,175,241,241
228,228,241,241
229,3,241,241
229,34,241,241
229,101,241,241
229,140,241,241
229,207,241,241
229,238,241,241
230,50,241,241
230,82,241,241
230,159,241,241
230,191,241,241
233,18,241,241
233,37,241,241
233,117,241,241
233,124,241,241
233,204,241,241
233,223,241,241
234,2,241,241
234,16,241,241
234,225,241,241
234,239,241,241
236,11,241,241
236,77,241,241
236,102,241,241
236,139,241,241
236,164,241,241
236,230,241,241
238,56,241,241
238,90,241,241
238,103,241,241
238,138,241,241
238,151,241,241
238,185,241,241
239,58,241,241
239,95,241,241
239,105,241,241
239,136,241,241
239,146,241,241
239,183,241,241
1,48,251,251
1,196,251,251
2,114,251,251
2,143,251,251
3,100,251,251
3,241,251,251
4,118,251,251
4,189,251,251
5,75,251,251
5,118,251,251
6,26,251,251
6,112,251,251
7,106,251,251
7,195,251,251
8,92,251,251
8,111,251,251
9,21,251,251
9,41,251,251
10,84,251,251
10,145,251,251
11,35,251,251
11,165,251,251
12,80,251,251
12,204,251,251
13,67,251,251
13,169,251,251
14,118,251,251
14,126,251,251
15,204,251,251
15,219,251,251
16,60,251,251
16,245,251,251
17,74,251,251
17,93,251,251
18,66,251,251
18,96,251,251
19,187,251,251
19,207,251,251
20,60,251,251
20,153,251,251
21,179,251,251
21,218,251,251
22,1,251,251
22,25,251,251
23,36,251,251
23,142,251,251
24,43,251,251
24,108,251,251
25,153,251,251
25,227,251,251
26,65,251,251
26,163,251,251
27,190,251,251
27,232,251,251
28,156,251,251
28,197,251,251
29,31,251,251
29,182,251,251
30,72,251,251
30,175,251,251
31,201,251,251
31,249,251,251
32,17,251,251
32,116,251,251
33,30,251,251
33,52,251,251
34,113,251,251
34,210,251,251
35,38,251,251
35,197,251,251
36,83,251,251
36,174,251,251
37,120,251,251
37,208,251,251
38,112,251,251
38,135,251,251
39,35,251,251
39,122,251,251
40,81,251,251
40,95,251,251
41,66,251,251
41,144,251,251
42,137,251,251
42,204,251,251
43,13,251,251
43,133,251,251
44,186,251,251
44,222,251,251
45,17,251,251
45,174,251,251
46,57,251,251
46,149,251,251
47,117,251,251
47,193,251,251
48,113,251,251
48,125,251,251
49,149,251,251
49,211,251,251
50,54,251,251
50,194,251,251
51,131,251,251
51,196,251,251
52,154,251,251
52,217,251,251
53,171,251,251
53,196,251,251
54,12,251,251
54,200,251,251
55,39,251,251
55,148,251,251
56,60,251,251
56,247,251,251
57,34,251,251
57,243,251,251
58,58,251,251
58,173,251,251
59,109,251,251
59,122,251,251
60,5,251,251
60,125,251,251
61,88,251,251
61,128,251,251
62,58,251,251
62,130,251,251
63,101,251,251
63,245,251,251
64,22,251,251
64,48,251,251
65,89,251,251
65,217,251,251
66,23,251,251
66,73,251,251
67,179,251,251
67,208,251,251
68,9,251,251
68,161,251,251
69,3,251,251
69,75,251,251
70,40,251,251
70,153,251,251
71,59,251,251
71,119,251,251
72,225,251,251
72,236,251,251
73,180,251,251
73,233,251,251
74,41,251,251
74,92,251,251
75,5,251,251
75,201,251,251
76,10,251,251
76,101,251,251
77,1,251,251
77,184,251,251
78,235,251,251
78,240,251,251
79,67,251,251
79,83,251,251
80,22,251,251
80,31,251,251
81,65,251,251
81,103,251,251
82,94,251,251
82,228,251,251
83,86,251,251
83,144,251,251
84,13,251,251
84,74,251,251
85,147,251,251
85,161,251,251
86,81,251,251
86,194,251,251
87,170,251,251
87,211,251,251
88,51,251,251
88,243,251,251
89,79,251,251
89,218,251,251
90,9,251,251
90,150,251,251
91,12,251,251
91,131,251,251
92,119,251,251
92,214,251,251
93,105,251,251
93,205,251,251
94,227,251,251
94,240,251,251
95,151,251,251
95,245,251,251
96,140,251,251
96,158,251,251
97,69,251,251
97,146,251,251
98,104,251,251
98,197,251,251
99,188,251,251
99,192,251,251
100,31,251,251
100,192,251,251
101,64,251,251
101,94,251,251
102,61,251,251
102,89,251,251
103,68,251,251
103,73,251,251
104,202,251,251
104,233,251,251
105,13,251,251
105,121,251,251
106,106,251,251
106,140,251,251
107,214,251,251
107,220,251,251
108,152,251,251
108,237,251,251
109,55,251,251
109,179,251,251
110,80,251,251
110,243,251,251
111,15,251,251
111,250,251,251
112,7,251,251
112,181,251,251
113,155,251,251
113,207,251,251
114,66,251,251
114,93,251,251
115,65,251,251
115,119,251,251
116,3,251,251
116,50,251,251
117,45,251,251
117,52,251,251
118,25,251,251
118,123,251,251
119,17,251,251
119,81,251,251
120,106,251,251
120,177,251,251
121,117,251,251
121,164,251,251
122,27,251,251
122,232,251,251
123,12,251,251
123,49,251,251
124,16,251,251
124,149,251,251
125,88,251,251
125,192,251,251
126,139,251,251
126,174,251,251
127,185,251,251
127,237,251,251
128,76,251,251
128,115,251,251
129,47,251,251
129,48,251,251
130,180,251,251
130,239,251,251
131,91,251,251
131,94,251,251
132,11,251,251
132,86,251,251
133,135,251,251
133,242,251,251
134,80,251,251
134,162,251,251
135,140,251,251
135,237,251,251
136,77,251,251
136,100,251,251
137,87,251,251
137,201,251,251
138,56,251,251
138,164,251,251
139,124,251,251
139,226,251,251
140,181,251,251
140,198,251,251
141,172,251,251
141,181,251,251
142,85,251,251
142,154,251,251
143,75,251,251
143,246,251,251
144,89,251,251
144,114,251,251
145,2,251,251
145,221,251,251
146,51,251,251
146,97,251,251
147,84,251,251
147,164,251,251
148,44,251,251
148,93,251,251
149,3,251,251
149,221,251,251
150,195,251,251
150,238,251,251
151,83,251,251
151,212,251,251
152,108,251,251
152,175,251,251
153,1,251,251
153,241,251,251
154,180,251,251
154,208,251,251
155,16,251,251
155,91,251,251
156,28,251,251
156,222,251,251
157,14,251,251
157,41,251,251
158,103,251,251
158,127,251,251
159,168,251,251
159,241,251,251
160,105,251,251
160,244,251,251
161,169,251,251
161,209,251,251
162,25,251,251
162,82,251,251
163,7,251,251
163,33,251,251
164,103,251,251
164,225,251,251
165,141,251,251
165,144,251,251
166,91,251,251
166,178,251,251
167,20,251,251
167,166,251,251
168,125,251,251
168,159,251,251
169,36,251,251
169,147,251,251
170,4,251,251
170,234,251,251
171,29,251,251
171,67,251,251
172,147,251,251
172,191,251,251
173,135,251,251
173,156,251,251
174,79,251,251
174,214,251,251
175,28,251,251
175,198,251,251
176,18,251,251
176,232,251,251
177,45,251,251
177,248,251,251
178,136,251,251
178,219,251,251
179,205,251,251
179,209,251,251
180,114,251,251
180,115,251,251
181,39,251,251
181,112,251,251
182,19,251,251
182,217,251,251
183,16,251,251
183,183,251,251
184,46,251,251
184,63,251,251
185,62,251,251
185,74,251,251
186,79,251,251
186,229,251,251
187,169,251,251
187,223,251,251
188,68,251,251
188,213,251,251
189,64,251,251
189,113,251,251
190,7,251,251
190,175,251,251
191,27,251,251
191,199,251,251
192,4,251,251
192,100,251,251
193,8,251,251
193,131,251,251
194,45,251,251
194,121,251,251
195,39,251,251
195,222,251,251
196,63,251,251
196,69,251,251
197,58,251,251
197,195,251,251
198,27,251,251
198,173,251,251
199,203,251,251
199,218,251,251
200,70,251,251
200,205,251,251
201,15,251,251
201,101,251,251
202,107,251,251
202,152,251,251
203,173,251,251
203,206,251,251
204,189,251,251
204,207,251,251
205,9,251,251
205,225,251,251
206,24,251,251
206,142,251,251
207,69,251,251
207,219,251,251
208,21,251,251
208,23,251,251
209,52,251,251
209,233,251,251
210,5,251,251
210,167,251,251
211,15,251,251
211,124,251,251
212,138,251,251
212,189,251,251
213,102,251,251
213,227,251,251
214,85,251,251
214,117,251,251
215,36,251,251
215,98,251,251
216,155,251,251
216,157,251,251
217,86,251,251
217,142,251,251
218,84,251,251
218,92,251,251
219,88,251,251
219,124,251,251
220,71,251,251
220,190,251,251
221,20,251,251
221,51,251,251
222,108,251,251
222,190,251,251
223,110,251,251
223,160,251,251
224,22,251,251
224,32,251,251
225,105,251,251
225,115,251,251
226,21,251,251
226,99,251,251
227,20,251,251
227,249,251,251
228,64,251,251
228,230,251,251
229,90,251,251
229,156,251,251
230,42,251,251
230,123,251,251
231,23,251,251
231,216,251,251
232,38,251,251
232,122,251,251
233,68,251,251
233,194,251,251
234,134,251,251
234,249,251,251
235,73,251,251
235,129,251,251
236,28,251,251
236,132,251,251
237,35,251,251
237,152,251,251
238,6,251,251
238,161,251,251
239,37,251,251
239,198,251,251
240,4,251,251
240,211,251,251
241,110,251,251
241,155,251,251
242,121,251,251
242,176,251,251
243,110,251,251
243,240,251,251
244,49,251,251
244,231,251,251
245,63,251,251
245,123,251,251
246,154,251,251
246,224,251,251
247,78,251,251
247,85,251,251
248,38,251,251
248,215,251,251
249,49,251,251
249,221,251,251
250,53,251,251
250,209,251,251
1,99,257,257
1,158,257,257
2,58,257,257
2,199,257,257
3,126,257,257
3,131,257,257
4,21,257,257
4,236,257,257
5,90,257,257
5,167,257,257
6,43,257,257
6,214,257,257
7,14,257,257
7,243,257,257
8,50,257,257
8,207,257,257
9,24,257,257
9,233,257,257
10,6,257,257
10,251,257,257
11,117,257,257
11,140,257,257
12,20,257,257
12,237,257,257
13,38,257,257
13,219,257,257
14,119,257,257
14,138,257,257
15,26,257,257
15,231,257,257
16,89,257,257
16,168,257,257
17,104,257,257
17,153,257,257
18,53,257,257
18,204,257,257
19,48,257,257
19,209,257,257
20,51,257,257
20,206,257,257
21,83,257,257
21,174,257,257
22,95,257,257
22,162,257,257
23,32,257,257
23,225,257,257
24,87,257,257
24,170,257,257
25,54,257,257
25,203,257,257
26,66,257,257
26,191,257,257
27,78,257,257
27,179,257,257
28,112,257,257
28,145,257,257
29,78,257,257
29,179,257,257
30,36,257,257
30,221,257,257
31,51,257,257
31,206,257,257
32,114,257,257
32,143,257,257
33,38,257,257
33,219,257,257
34,113,257,257
34,144,257,257
35,60,257,257
35,197,257,257
36,65,257,257
36,192,257,257
37,87,257,257
37,170,257,257
38,106,257,257
38,151,257,257
39,5,257,257
39,252,257,257
40,48,257,257
40,209,257,257
41,54,257,257
41,203,257,257
42,63,257,257
42,194,257,257
43,119,257,257
43,138,257,257
44,92,257,257
44,165,257,257
45,37,257,257
45,220,257,257
46,15,257,257
46,242,257,257
47,12,257,257
47,245,257,257
48,97,257,257
48,160,257,257
49,105,257,257
49,152,257,257
50,55,257,257
50,202,257,257
51,109,257,257
51,148,257,257
52,47,257,257
52,210,257,257
53,74,257,257
53,183,257,257
54,108,257,257
54,149,257,257
55,83,257,257
55,174,257,257
56,76,257,257
56,181,257,257
57,101,257,257
57,156,257,257
58,108,257,257
58,149,257,257
59,91,257,257
59,166,257,257
60,49,257,257
60,208,257,257
61,76,257,257
61,181,257,257
62,48,257,257
62,209,257,257
63,77,257,257
63,180,257,257
64,59,257,257
64,198,257,257
65,80,257,257
65,177,257,257
66,66,257,257
66,191,257,257
67,111,257,257
67,146,257,257
68,61,257,257
68,196,257,257
69,6,257,257
69,251,257,257
70,4,257,257
70,253,257,257
71,74,257,257
71,183,257,257
72,90,257,257
72,167,257,257
73,121,257,257
73,136,257,257
74,97,257,257
74,160,257,257
75,47,257,257
75,210,257,257
76,127,257,257
76,130,257,257
77,110,257,257
77,147,257,257
78,86,257,257
78,171,257,257
79,85,257,257
79,172,257,257
80,106,257,257
80,151,257,257
81,46,257,257
81,211,257,257
82,55,257,257
82,202,257,257
83,38,257,257
83,219,257,257
84,107,257,257
84,150,257,257
85,69,257,257
85,188,257,257
86,112,257,257
86,145,257,257
87,125,257,257
87,132,257,257
88,11,257,257
88,246,257,257
89,97,257,257
89,160,257,257
90,71,257,257
90,186,257,257
91,28,257,257
91,229,257,257
92,1,257,257
92,256,257,257
93,27,257,257
93,230,257,257
94,102,257,257
94,155,257,257
95,88,257,257
95,169,257,257
96,75,257,257
96,182,257,257
97,24,257,257
97,233,257,257
98,7,257,257
98,250,257,257
99,5,257,257
99,252,257,257
100,82,257,257
100,175,257,257
101,126,257,257
101,131,257,257
102,27,257,257
102,230,257,257
103,54,257,257
103,203,257,257
104,14,257,257
104,243,257,257
105,53,257,257
105,204,257,257
106,115,257,257
106,142,257,257
107,33,257,257
107,224,257,257
108,110,257,257
108,147,257,257
109,85,257,257
109,172,257,257
110,63,257,257
110,194,257,257
111,8,257,257
111,249,257,257
112,125,257,257
112,132,257,257
113,96,257,257
113,161,257,257
114,41,257,257
114,216,257,257
115,41,257,257
115,216,257,257
116,110,257,257
116,147,257,257
117,30,257,257
117,227,257,257
118,126,257,257
118,131,257,257
119,45,257,257
119,212,257,257
120,31,257,257
120,226,257,257
121,72,257,257
121,185,257,257
122,125,257,257
122,132,257,257
123,67,257,257
123,190,257,257
124,106,257,257
124,151,257,257
125,19,257,257
125,238,257,257
126,12,257,257
126,245,257,257
127,86,257,257
127,171,257,257
128,116,257,257
128,141,257,257
129,57,257,257
129,200,257,257
130,91,257,257
130,166,257,257
131,65,257,257
131,192,257,257
132,47,257,257
132,210,257,257
133,103,257,257
133,154,257,257
134,44,257,257
134,213,257,257
135,56,257,257
135,201,257,257
136,124,257,257
136,133,257,257
137,18,257,257
137,239,257,257
138,51,257,257
138,206,257,257
139,40,257,257
139,217,257,257
140,34,257,257
140,223,257,257
141,39,257,257
141,218,257,257
142,115,257,257
142,142,257,257
143,115,257,257
143,142,257,257
144,6,257,257
144,251,257,257
145,56,257,257
145,201,257,257
146,128,257,257
146,129,257,257
147,20,257,257
147,237,257,257
148,75,257,257
148,182,257,257
149,39,257,257
149,218,257,257
150,14,257,257
150,243,257,257
151,41,257,257
151,216,257,257
152,77,257,257
152,180,257,257
153,33,257,257
153,224,257,257
154,93,257,257
154,164,257,257
155,82,257,257
155,175,257,257
156,40,257,257
156,217,257,257
157,27,257,257
157,230,257,257
158,80,257,257
158,177,257,257
159,112,257,257
159,145,257,257
160,127,257,257
160,130,257,257
161,85,257,257
161,172,257,257
162,123,257,257
162,134,257,257
163,90,257,257
163,167,257,257
164,82,257,257
164,175,257,257
165,16,257,257
165,241,257,257
166,66,257,257
166,191,257,257
167,108,257,257
167,149,257,257
168,10,257,257
168,247,257,257
169,81,257,257
169,176,257,257
170,56,257,257
170,201,257,257
171,7,257,257
171,250,257,257
172,76,257,257
172,181,257,257
173,87,257,257
173,170,257,257
174,94,257,257
174,163,257,257
175,109,257,257
175,148,257,257
176,35,257,257
176,222,257,257
177,103,257,257
177,154,257,257
178,75,257,257
178,182,257,257
179,91,257,257
179,166,257,257
180,39,257,257
180,218,257,257
181,24,257,257
181,233,257,257
182,19,257,257
182,238,257,257
183,10,257,257
183,247,257,257
184,120,257,257
184,137,257,257
185,102,257,257
185,155,257,257
186,101,257,257
186,156,257,257
187,64,257,257
187,193,257,257
188,96,257,257
188,161,257,257
189,52,257,257
189,205,257,257
190,23,257,257
190,234,257,257
191,28,257,257
191,229,257,257
192,5,257,257
192,252,257,257
193,84,257,257
193,173,257,257
194,53,257,257
194,204,257,257
195,3,257,257
195,254,257,257
196,69,257,257
196,188,257,257
197,13,257,257
197,244,257,257
198,86,257,257
198,171,257,257
199,71,257,257
199,186,257,257
200,74,257,257
200,183,257,257
201,69,257,257
201,188,257,257
202,43,257,257
202,214,257,257
203,71,257,257
203,186,257,257
204,101,257,257
204,156,257,257
205,19,257,257
205,238,257,257
206,55,257,257
206,202,257,257
207,109,257,257
207,148,257,257
208,119,257,257
208,138,257,257
209,10,257,257
209,247,257,257
210,65,257,257
210,192,257,257
211,17,257,257
211,240,257,257
212,78,257,257
212,179,257,257
213,70,257,257
213,187,257,257
214,105,257,257
214,152,257,257
215,20,257,257
215,237,257,257
216,93,257,257
216,164,257,257
217,3,257,257
217,254,257,257
218,80,257,257
218,177,257,257
219,103,257,257
219,154,257,257
220,107,257,257
220,150,257,257
221,12,257,257
221,245,257,257
222,68,257,257
222,189,257,257
223,9,257,257
223,248,257,257
224,94,257,257
224,163,257,257
225,25,257,257
225,232,257,257
226,45,257,257
226,212,257,257
227,62,257,257
227,195,257,257
228,37,257,257
228,220,257,257
229,7,257,257
229,250,257,257
230,37,257,257
230,220,257,257
231,28,257,257
231,229,257,257
232,93,257,257
232,164,257,257
233,107,257,257
233,150,257,257
234,2,257,257
234,255,257,257
235,22,257,257
235,235,257,257
236,43,257,257
236,214,257,257
237,45,257,257
237,212,257,257
238,3,257,257
238,254,257,257
239,77,257,257
239,180,257,257
240,122,257,257
240,135,257,257
241,118,257,257
241,139,257,257
242,98,257,257
242,159,257,257
243,105,257,257
243,152,257,257
244,94,257,257
244,163,257,257
245,63,257,257
245,194,257,257
246,73,257,257
246,184,257,257
247,96,257,257
247,161,257,257
248,127,257,257
248,130,257,257
249,29,257,257
249,228,257,257
250,33,257,257
250,224,257,257
251,83,257,257
251,174,257,257
252,102,257,257
252,155,257,257
253,79,257,257
253,178,257,257
254,40,257,257
254,217,257,257
255,100,257,257
255,157,257,257
256,42,257,257
256,215,257,257
1,44,263,263
2,51,263,263
3,143,263,263
4,89,263,263
5,126,263,263
5,129,263,263
5,141,263,263
5,251,263,263
6,100,263,263
7,2,263,263
7,45,263,263
7,57,263,263
7,220,263,263
8,145,263,263
9,136,263,263
10,10,263,263
10,14,263,263
10,24,263,263
10,158,263,263
11,176,263,263
12,92,263,263
13,122,263,263
14,84,263,263
14,86,263,263
14,94,263,263
14,255,263,263
15,15,263,263
15,222,263,263
15,224,263,263
15,261,263,263
16,186,263,263
17,35,263,263
18,62,263,263
19,31,263,263
19,40,263,263
19,226,263,263
19,254,263,263
20,76,263,263
20,167,263,263
20,219,263,263
20,243,263,263
21,138,263,263
21,189,263,263
21,212,263,263
21,251,263,263
22,204,263,263
23,207,263,263
24,11,263,263
25,23,263,263
26,249,263,263
27,179,263,263
28,16,263,263
28,97,263,263
28,182,263,263
28,193,263,263
29,168,263,263
29,172,263,263
29,188,263,263
29,247,263,263
30,78,263,263
30,119,263,263
30,164,263,263
30,177,263,263
31,153,263,263
32,108,263,263
33,46,263,263
34,190,263,263
35,192,263,263
36,36,263,263
37,72,263,263
38,18,263,263
38,139,263,263
38,142,263,263
38,250,263,263
39,2,263,263
40,80,263,263
40,112,263,263
40,192,263,263
40,212,263,263
41,143,263,263
41,193,263,263
41,213,263,263
41,262,263,263
42,10,263,263
42,148,263,263
42,174,263,263
42,237,263,263
43,133,263,263
44,93,263,263
45,64,263,263
45,125,263,263
45,202,263,263
45,246,263,263
46,222,263,263
47,131,263,263
47,203,263,263
47,228,263,263
47,238,263,263
48,210,263,263
49,162,263,263
50,200,263,263
51,48,263,263
52,187,263,263
53,42,263,263
53,85,263,263
53,164,263,263
53,206,263,263
54,70,263,263
55,38,263,263
55,215,263,263
55,241,263,263
55,253,263,263
56,146,263,263
56,162,263,263
56,199,263,263
56,226,263,263
57,35,263,263
57,77,263,263
57,130,263,263
57,168,263,263
58,32,263,263
58,101,263,263
58,123,263,263
58,194,263,263
59,34,263,263
59,58,263,263
59,180,263,263
59,239,263,263
60,120,263,263
60,198,263,263
60,214,263,263
60,247,263,263
61,183,263,263
62,4,263,263
63,54,263,263
63,154,263,263
63,163,263,263
63,224,263,263
64,173,263,263
65,11,263,263
65,116,263,263
65,158,263,263
65,182,263,263
66,137,263,263
67,49,263,263
67,130,263,263
67,182,263,263
67,213,263,263
68,17,263,263
69,81,263,263
70,103,263,263
71,83,263,263
71,130,263,263
71,158,263,263
71,188,263,263
72,233,263,263
73,21,263,263
73,153,263,263
73,155,263,263
73,261,263,263
74,203,263,263
75,9,263,263
76,57,263,263
76,191,263,263
76,230,263,263
76,248,263,263
77,8,263,263
77,91,263,263
77,180,263,263
77,228,263,263
78,86,263,263
79,71,263,263
79,152,263,263
79,175,263,263
79,223,263,263
80,21,263,263
80,82,263,263
80,103,263,263
80,174,263,263
81,253,263,263
82,100,263,263
82,146,263,263
82,217,263,263
82,220,263,263
83,43,263,263
84,52,263,263
84,118,263,263
84,167,263,263
84,197,263,263
85,1,263,263
85,110,263,263
85,154,263,263
85,160,263,263
86,196,263,263
87,20,263,263
87,33,263,263
87,85,263,263
87,211,263,263
88,54,263,263
89,169,263,263
90,7,263,263
90,58,263,263
90,115,263,263
90,122,263,263
91,65,263,263
91,84,263,263
91,149,263,263
91,170,263,263
92,78,263,263
93,37,263,263
94,50,263,263
94,73,263,263
94,110,263,263
94,240,263,263
95,83,263,263
96,88,263,263
97,56,263,263
97,131,263,263
97,187,263,263
97,201,263,263
98,128,263,263
99,18,263,263
100,184,263,263
101,45,263,263
101,140,263,263
101,146,263,263
101,257,263,263
102,223,263,263
103,129,263,263
104,151,263,263
105,98,263,263
106,179,263,263
106,214,263,263
106,228,263,263
106,236,263,263
107,111,263,263
107,112,263,263
107,139,263,263
107,262,263,263
108,117,263,263
109,33,263,263
110,40,263,263
110,56,263,263
110,96,263,263
110,106,263,263
111,234,263,263
112,128,263,263
112,141,263,263
112,229,263,263
112,250,263,263
113,58,263,263
113,79,263,263
113,91,263,263
113,137,263,263
114,67,263,263
114,123,263,263
114,155,263,263
114,190,263,263
115,7,263,263
115,51,263,263
115,87,263,263
115,227,263,263
116,29,263,263
116,61,263,263
116,135,263,263
116,189,263,263
117,138,263,263
118,20,263,263
118,113,263,263
118,127,263,263
118,147,263,263
119,135,263,263
119,157,263,263
119,175,263,263
119,245,263,263
120,98,263,263
120,101,263,263
120,163,263,263
120,260,263,263
121,178,263,263
122,242,263,263
123,136,263,263
123,167,263,263
123,194,263,263
123,232,263,263
124,172,263,263
125,30,263,263
125,181,263,263
125,185,263,263
125,259,263,263
126,47,263,263
126,164,263,263
126,171,263,263
126,218,263,263
127,25,263,263
127,55,263,263
127,120,263,263
127,168,263,263
128,75,263,263
129,235,263,263
130,199,263,263
130,210,263,263
130,219,263,263
130,254,263,263
131,41,263,263
131,186,263,263
131,209,263,263
131,240,263,263
132,105,263,263
133,144,263,263
134,3,263,263
134,67,263,263
134,199,263,263
134,217,263,263
135,142,263,263
135,208,263,263
135,209,263,263
135,262,263,263
136,205,263,263
137,157,263,263
138,64,263,263
139,55,263,263
139,152,263,263
139,207,263,263
139,245,263,263
140,221,263,263
141,68,263,263
141,97,263,263
141,116,263,263
141,215,263,263
142,67,263,263
142,150,263,263
142,194,263,263
142,219,263,263
143,225,263,263
144,25,263,263
145,206,263,263
146,4,263,263
146,90,263,263
146,114,263,263
146,177,263,263
147,132,263,263
148,50,263,263
149,243,263,263
150,124,263,263
151,208,263,263
152,60,263,263
152,84,263,263
152,144,263,263
152,159,263,263
153,156,263,263
154,73,263,263
154,81,263,263
154,113,263,263
154,231,263,263
155,30,263,263
155,42,263,263
155,72,263,263
155,211,263,263
156,16,263,263
157,258,263,263
158,121,263,263
158,160,263,263
158,161,263,263
158,224,263,263
159,5,263,263
159,7,263,263
159,12,263,263
159,79,263,263
160,107,263,263
160,114,263,263
160,118,263,263
160,221,263,263
161,47,263,263
161,117,263,263
161,134,263,263
161,246,263,263
162,96,263,263
163,93,263,263
163,120,263,263
163,152,263,263
163,236,263,263
164,92,263,263
164,126,263,263
164,229,263,263
164,255,263,263
165,60,263,263
165,99,263,263
165,107,263,263
165,255,263,263
166,8,263,263
167,90,263,263
167,107,263,263
167,126,263,263
167,216,263,263
168,55,263,263
168,77,263,263
168,80,263,263
168,132,263,263
169,147,263,263
170,42,263,263
170,43,263,263
170,47,263,263
170,259,263,263
171,20,263,263
171,28,263,263
171,48,263,263
171,53,263,263
172,12,263,263
173,1,263,263
174,71,263,263
174,104,263,263
174,131,263,263
174,236,263,263
175,13,263,263
175,115,263,263
175,161,263,263
175,239,263,263
176,218,263,263
177,57,263,263
177,59,263,263
177,185,263,263
177,242,263,263
178,166,263,263
179,216,263,263
180,38,263,263
180,127,263,263
180,211,263,263
180,249,263,263
181,31,263,263
182,95,263,263
182,165,263,263
182,193,263,263
182,209,263,263
183,3,263,263
184,198,263,263
185,76,263,263
185,159,263,263
185,235,263,263
185,254,263,263
186,13,263,263
187,140,263,263
188,46,263,263
188,63,263,263
188,246,263,263
188,259,263,263
189,44,263,263
189,106,263,263
189,201,263,263
189,202,263,263
190,150,263,263
191,22,263,263
191,53,263,263
191,101,263,263
191,232,263,263
192,102,263,263
193,10,263,263
193,188,263,263
193,195,263,263
193,205,263,263
194,41,263,263
194,110,263,263
194,151,263,263
194,227,263,263
195,114,263,263
195,119,263,263
195,197,263,263
195,233,263,263
196,244,263,263
197,56,263,263
197,145,263,263
197,170,263,263
197,238,263,263
198,248,263,263
199,40,263,263
199,66,263,263
199,159,263,263
199,170,263,263
200,22,263,263
201,28,263,263
201,197,263,263
201,225,263,263
201,232,263,263
202,5,263,263
202,94,263,263
202,229,263,263
202,234,263,263
203,256,263,263
204,121,263,263
205,52,263,263
206,24,263,263
207,66,263,263
208,181,263,263
209,115,263,263
209,124,263,263
209,160,263,263
209,227,263,263
210,6,263,263
211,63,263,263
211,196,263,263
211,202,263,263
211,257,263,263
212,70,263,263
212,73,263,263
212,154,263,263
212,260,263,263
213,28,263,263
213,85,263,263
213,119,263,263
213,204,263,263
214,39,263,263
214,82,263,263
214,191,263,263
214,220,263,263
215,82,263,263
215,109,263,263
215,155,263,263
215,217,263,263
216,34,263,263
217,19,263,263
217,239,263,263
217,252,263,263
217,258,263,263
218,104,263,263
219,37,263,263
219,125,263,263
219,134,263,263
219,175,263,263
220,41,263,263
220,87,263,263
220,142,263,263
220,183,263,263
221,109,263,263
222,68,263,263
223,49,263,263
224,14,263,263
224,116,263,263
224,230,263,263
224,244,263,263
225,95,263,263
226,105,263,263
226,127,263,263
226,231,263,263
226,241,263,263
227,184,263,263
227,195,263,263
227,247,263,263
227,252,263,263
228,17,263,263
228,29,263,263
228,90,263,263
228,251,263,263
229,15,263,263
229,21,263,263
229,36,263,263
229,237,263,263
230,30,263,263
230,38,263,263
230,59,263,263
230,89,263,263
231,26,263,263
231,59,263,263
231,215,263,263
231,230,263,263
232,19,263,263
232,195,263,263
232,237,263,263
232,256,263,263
233,61,263,263
234,148,263,263
235,26,263,263
236,9,263,263
236,71,263,263
236,125,263,263
236,201,263,263
237,133,263,263
237,165,263,263
237,231,263,263
237,240,263,263
238,15,263,263
238,19,263,263
238,161,263,263
238,176,263,263
239,27,263,263
239,77,263,263
239,112,263,263
239,213,263,263
240,6,263,263
240,134,263,263
240,135,263,263
240,171,263,263
241,53,263,263
241,113,263,263
241,166,263,263
241,260,263,263
242,27,263,263
243,99,263,263
244,149,263,263
245,29,263,263
245,171,263,263
245,177,263,263
245,200,263,263
246,62,263,263
246,80,263,263
246,189,263,263
246,245,263,263
247,5,263,263
247,74,263,263
247,87,263,263
247,250,263,263
248,32,263,263
249,74,263,263
250,65,263,263
250,91,263,263
250,156,263,263
250,238,263,263
251,60,263,263
251,76,263,263
251,118,263,263
251,178,263,263
252,169,263,263
252,180,263,263
252,214,263,263
252,252,263,263
253,39,263,263
254,23,263,263
254,123,263,263
254,163,263,263
254,261,263,263
255,69,263,263
255,106,263,263
255,226,263,263
255,257,263,263
256,69,263,263
257,14,263,263
257,102,263,263
257,174,263,263
257,191,263,263
258,111,263,263
259,75,263,263
259,97,263,263
259,165,263,263
259,241,263,263
260,88,263,263
260,139,263,263
260,141,263,263
260,212,263,263
261,65,263,263
261,79,263,263
261,94,263,263
261,173,263,263
262,45,263,263
262,63,263,263
262,108,263,263
262,185,263,263
1,32,269,269
1,237,269,269
2,42,269,269
2,57,269,269
2,212,269,269
2,227,269,269
3,112,269,269
3,117,269,269
3,152,269,269
3,157,269,269
4,17,269,269
4,21,269,269
4,248,269,269
4,252,269,269
5,15,269,269
5,254,269,269
6,56,269,269
6,134,269,269
6,135,269,269
6,213,269,269
7,52,269,269
7,84,269,269
7,185,269,269
7,217,269,269
8,34,269,269
8,43,269,269
8,226,269,269
8,235,269,269
9,30,269,269
9,91,269,269
9,178,269,269
9,239,269,269
10,98,269,269
10,133,269,269
10,136,269,269
10,171,269,269
11,85,269,269
11,105,269,269
11,164,269,269
11,184,269,269
12,1,269,269
12,25,269,269
12,244,269,269
12,268,269,269
13,71,269,269
13,118,269,269
13,151,269,269
13,198,269,269
14,107,269,269
14,162,269,269
15,4,269,269
15,82,269,269
15,187,269,269
15,265,269,269
16,104,269,269
16,165,269,269
17,36,269,269
17,69,269,269
17,200,269,269
17,233,269,269
18,23,269,269
18,87,269,269
18,182,269,269
18,246,269,269
19,81,269,269
19,127,269,269
19,142,269,269
19,188,269,269
20,49,269,269
20,50,269,269
20,219,269,269
20,220,269,269
21,106,269,269
21,163,269,269
22,54,269,269
22,99,269,269
22,170,269,269
22,215,269,269
23,2,269,269
23,267,269,269
24,98,269,269
24,171,269,269
25,35,269,269
25,234,269,269
26,53,269,269
26,127,269,269
26,142,269,269
26,216,269,269
27,37,269,269
27,118,269,269
27,151,269,269
27,232,269,269
28,70,269,269
28,90,269,269
28,179,269,269
28,199,269,269
29,21,269,269
29,96,269,269
29,173,269,269
29,248,269,269
30,41,269,269
30,46,269,269
30,223,269,269
30,228,269,269
31,103,269,269
31,125,269,269
31,144,269,269
31,166,269,269
32,2,269,269
32,118,269,269
32,151,269,269
32,267,269,269
33,5,269,269
33,125,269,269
33,144,269,269
33,264,269,269
34,100,269,269
34,124,269,269
34,145,269,269
34,169,269,269
35,58,269,269
35,73,269,269
35,196,269,269
35,211,269,269
36,82,269,269
36,187,269,269
37,19,269,269
37,250,269,269
38,132,269,269
38,137,269,269
39,20,269,269
39,38,269,269
39,231,269,269
39,249,269,269
40,79,269,269
40,100,269,269
40,169,269,269
40,190,269,269
41,110,269,269
41,159,269,269
42,29,269,269
42,97,269,269
42,172,269,269
42,240,269,269
43,102,269,269
43,126,269,269
43,143,269,269
43,167,269,269
44,18,269,269
44,251,269,269
45,33,269,269
45,70,269,269
45,199,269,269
45,236,269,269
46,31,269,269
46,54,269,269
46,215,269,269
46,238,269,269
47,29,269,269
47,240,269,269
48,44,269,269
48,95,269,269
48,174,269,269
48,225,269,269
49,90,269,269
49,127,269,269
49,142,269,269
49,179,269,269
50,130,269,269
50,131,269,269
50,138,269,269
50,139,269,269
51,28,269,269
51,92,269,269
51,177,269,269
51,241,269,269
52,72,269,269
52,197,269,269
53,111,269,269
53,158,269,269
54,129,269,269
54,140,269,269
55,19,269,269
55,24,269,269
55,245,269,269
55,250,269,269
56,2,269,269
56,45,269,269
56,224,269,269
56,267,269,269
57,83,269,269
57,186,269,269
58,7,269,269
58,262,269,269
59,16,269,269
59,131,269,269
59,138,269,269
59,253,269,269
60,92,269,269
60,121,269,269
60,148,269,269
60,177,269,269
61,112,269,269
61,157,269,269
62,124,269,269
62,145,269,269
63,100,269,269
63,102,269,269
63,167,269,269
63,169,269,269
64,1,269,269
64,12,269,269
64,257,269,269
64,268,269,269
65,76,269,269
65,96,269,269
65,173,269,269
65,193,269,269
66,48,269,269
66,221,269,269
67,59,269,269
67,210,269,269
68,13,269,269
68,21,269,269
68,248,269,269
68,256,269,269
69,7,269,269
69,125,269,269
69,144,269,269
69,262,269,269
70,109,269,269
70,160,269,269
71,49,269,269
71,120,269,269
71,149,269,269
71,220,269,269
72,62,269,269
72,74,269,269
72,195,269,269
72,207,269,269
73,78,269,269
73,129,269,269
73,140,269,269
73,191,269,269
74,25,269,269
74,109,269,269
74,160,269,269
74,244,269,269
75,12,269,269
75,99,269,269
75,170,269,269
75,257,269,269
76,67,269,269
76,106,269,269
76,163,269,269
76,202,269,269
77,81,269,269
77,88,269,269
77,181,269,269
77,188,269,269
78,77,269,269
78,192,269,269
79,55,269,269
79,122,269,269
79,147,269,269
79,214,269,269
80,116,269,269
80,153,269,269
81,75,269,269
81,194,269,269
82,11,269,269
82,91,269,269
82,178,269,269
82,258,269,269
83,41,269,269
83,120,269,269
83,149,269,269
83,228,269,269
84,95,269,269
84,120,269,269
84,149,269,269
84,174,269,269
85,84,269,269
85,108,269,269
85,161,269,269
85,185,269,269
86,11,269,269
86,65,269,269
86,204,269,269
86,258,269,269
87,71,269,269
87,198,269,269
88,10,269,269
88,52,269,269
88,217,269,269
88,259,269,269
89,79,269,269
89,128,269,269
89,141,269,269
89,190,269,269
90,36,269,269
90,66,269,269
90,203,269,269
90,233,269,269
91,55,269,269
91,83,269,269
91,186,269,269
91,214,269,269
92,83,269,269
92,119,269,269
92,150,269,269
92,186,269,269
93,28,269,269
93,241,269,269
94,24,269,269
94,46,269,269
94,223,269,269
94,245,269,269
95,80,269,269
95,117,269,269
95,152,269,269
95,189,269,269
96,32,269,269
96,87,269,269
96,182,269,269
96,237,269,269
97,69,269,269
97,73,269,269
97,196,269,269
97,200,269,269
98,73,269,269
98,89,269,269
98,180,269,269
98,196,269,269
99,128,269,269
99,141,269,269
100,27,269,269
100,65,269,269
100,204,269,269
100,242,269,269
101,75,269,269
101,121,269,269
101,148,269,269
101,194,269,269
102,55,269,269
102,56,269,269
102,213,269,269
102,214,269,269
103,52,269,269
103,86,269,269
103,183,269,269
103,217,269,269
104,40,269,269
104,61,269,269
104,208,269,269
104,229,269,269
105,68,269,269
105,201,269,269
106,28,269,269
106,38,269,269
106,231,269,269
106,241,269,269
107,14,269,269
107,81,269,269
107,188,269,269
107,255,269,269
108,14,269,269
108,18,269,269
108,251,269,269
108,255,269,269
109,36,269,269
109,93,269,269
109,176,269,269
109,233,269,269
110,38,269,269
110,126,269,269
110,143,269,269
110,231,269,269
111,23,269,269
111,68,269,269
111,201,269,269
111,246,269,269
112,4,269,269
112,100,269,269
112,169,269,269
112,265,269,269
113,61,269,269
113,89,269,269
113,180,269,269
113,208,269,269
114,76,269,269
114,89,269,269
114,180,269,269
114,193,269,269
115,85,269,269
115,184,269,269
116,26,269,269
116,80,269,269
116,189,269,269
116,243,269,269
117,26,269,269
117,243,269,269
118,46,269,269
118,223,269,269
119,74,269,269
119,195,269,269
120,130,269,269
120,139,269,269
121,90,269,269
121,179,269,269
122,65,269,269
122,122,269,269
122,147,269,269
122,204,269,269
123,116,269,269
123,119,269,269
123,150,269,269
123,153,269,269
124,39,269,269
124,120,269,269
124,149,269,269
124,230,269,269
125,8,269,269
125,261,269,269
126,51,269,269
126,74,269,269
126,195,269,269
126,218,269,269
127,68,269,269
127,84,269,269
127,185,269,269
127,201,269,269
128,24,269,269
128,62,269,269
128,207,269,269
128,245,269,269
129,6,269,269
129,119,269,269
129,150,269,269
129,263,269,269
130,34,269,269
130,117,269,269
130,152,269,269
130,235,269,269
131,88,269,269
131,181,269,269
132,49,269,269
132,63,269,269
132,206,269,269
132,220,269,269
133,36,269,269
133,106,269,269
133,163,269,269
133,233,269,269
134,21,269,269
134,27,269,269
134,242,269,269
134,248,269,269
135,93,269,269
135,96,269,269
135,173,269,269
135,176,269,269
136,94,269,269
136,175,269,269
137,45,269,269
137,52,269,269
137,217,269,269
137,224,269,269
138,42,269,269
138,131,269,269
138,138,269,269
138,227,269,269
139,43,269,269
139,60,269,269
139,209,269,269
139,226,269,269
140,16,269,269
140,59,269,269
140,210,269,269
140,253,269,269
141,33,269,269
141,64,269,269
141,205,269,269
141,236,269,269
142,40,269,269
142,229,269,269
143,91,269,269
143,178,269,269
144,37,269,269
144,94,269,269
144,175,269,269
144,232,269,269
145,45,269,269
145,49,269,269
145,220,269,269
145,224,269,269
146,6,269,269
146,11,269,269
146,258,269,269
146,263,269,269
147,58,269,269
147,105,269,269
147,164,269,269
147,211,269,269
148,80,269,269
148,116,269,269
148,153,269,269
148,189,269,269
149,4,269,269
149,48,269,269
149,221,269,269
149,265,269,269
150,6,269,269
150,72,269,269
150,197,269,269
150,263,269,269
151,11,269,269
151,132,269,269
151,137,269,269
151,258,269,269
152,53,269,269
152,98,269,269
152,171,269,269
152,216,269,269
153,30,269,269
153,57,269,269
153,212,269,269
153,239,269,269
154,10,269,269
154,44,269,269
154,225,269,269
154,259,269,269
155,61,269,269
155,67,269,269
155,202,269,269
155,208,269,269
156,17,269,269
156,73,269,269
156,196,269,269
156,252,269,269
157,79,269,269
157,129,269,269
157,140,269,269
157,190,269,269
158,25,269,269
158,87,269,269
158,182,269,269
158,244,269,269
159,15,269,269
159,78,269,269
159,191,269,269
159,254,269,269
160,85,269,269
160,96,269,269
160,173,269,269
160,184,269,269
161,62,269,269
161,64,269,269
161,205,269,269
161,207,269,269
162,48,269,269
162,127,269,269
162,142,269,269
162,221,269,269
163,20,269,269
163,53,269,269
163,216,269,269
163,249,269,269
164,8,269,269
164,89,269,269
164,180,269,269
164,261,269,269
165,67,269,269
165,78,269,269
165,191,269,269
165,202,269,269
166,76,269,269
166,193,269,269
167,30,269,269
167,77,269,269
167,192,269,269
167,239,269,269
168,79,269,269
168,92,269,269
168,177,269,269
168,190,269,269
169,95,269,269
169,174,269,269
170,54,269,269
170,110,269,269
170,159,269,269
170,215,269,269
171,58,269,269
171,113,269,269
171,156,269,269
171,211,269,269
172,86,269,269
172,183,269,269
173,3,269,269
173,266,269,269
174,34,269,269
174,110,269,269
174,159,269,269
174,235,269,269
175,9,269,269
175,44,269,269
175,225,269,269
175,260,269,269
176,5,269,269
176,60,269,269
176,209,269,269
176,264,269,269
177,33,269,269
177,236,269,269
178,13,269,269
178,56,269,269
178,213,269,269
178,256,269,269
179,93,269,269
179,111,269,269
179,158,269,269
179,176,269,269
180,12,269,269
180,257,269,269
181,84,269,269
181,115,269,269
181,154,269,269
181,185,269,269
182,40,269,269
182,93,269,269
182,176,269,269
182,229,269,269
183,6,269,269
183,123,269,269
183,146,269,269
183,263,269,269
184,103,269,269
184,115,269,269
184,154,269,269
184,166,269,269
185,134,269,269
185,135,269,269
186,51,269,269
186,104,269,269
186,165,269,269
186,218,269,269
187,65,269,269
187,105,269,269
187,164,269,269
187,204,269,269
188,7,269,269
188,23,269,269
188,246,269,269
188,262,269,269
189,18,269,269
189,133,269,269
189,136,269,269
189,251,269,269
190,39,269,269
190,230,269,269
191,81,269,269
191,104,269,269
191,165,269,269
191,188,269,269
192,14,269,269
192,64,269,269
192,205,269,269
192,255,269,269
193,78,269,269
193,126,269,269
193,143,269,269
193,191,269,269
194,47,269,269
194,131,269,269
194,138,269,269
194,222,269,269
195,1,269,269
195,43,269,269
195,226,269,269
195,268,269,269
196,114,269,269
196,155,269,269
197,24,269,269
197,44,269,269
197,225,269,269
197,245,269,269
198,41,269,269
198,101,269,269
198,168,269,269
198,228,269,269
199,3,269,269
199,67,269,269
199,202,269,269
199,266,269,269
200,5,269,269
200,54,269,269
200,215,269,269
200,264,269,269
201,56,269,269
201,72,269,269
201,197,269,269
201,213,269,269
202,88,269,269
202,97,269,269
202,172,269,269
202,181,269,269
203,26,269,269
203,47,269,269
203,222,269,269
203,243,269,269
204,108,269,269
204,161,269,269
205,102,269,269
205,167,269,269
206,4,269,269
206,97,269,269
206,172,269,269
206,265,269,269
207,99,269,269
207,112,269,269
207,157,269,269
207,170,269,269
208,20,269,269
208,29,269,269
208,240,269,269
208,249,269,269
209,8,269,269
209,66,269,269
209,203,269,269
209,261,269,269
210,22,269,269
210,47,269,269
210,222,269,269
210,247,269,269
211,15,269,269
211,66,269,269
211,203,269,269
211,254,269,269
212,14,269,269
212,101,269,269
212,168,269,269
212,255,269,269
213,17,269,269
213,252,269,269
214,27,269,269
214,242,269,269
215,25,269,269
215,31,269,269
215,238,269,269
215,244,269,269
216,9,269,269
216,108,269,269
216,161,269,269
216,260,269,269
217,39,269,269
217,64,269,269
217,205,269,269
217,230,269,269
218,31,269,269
218,238,269,269
219,16,269,269
219,119,269,269
219,150,269,269
219,253,269,269
220,42,269,269
220,227,269,269
221,9,269,269
221,118,269,269
221,151,269,269
221,260,269,269
222,34,269,269
222,130,269,269
222,139,269,269
222,235,269,269
223,47,269,269
223,99,269,269
223,170,269,269
223,222,269,269
224,123,269,269
224,146,269,269
225,16,269,269
225,77,269,269
225,192,269,269
225,253,269,269
226,60,269,269
226,209,269,269
227,70,269,269
227,133,269,269
227,136,269,269
227,199,269,269
228,38,269,269
228,82,269,269
228,187,269,269
228,231,269,269
229,3,269,269
229,92,269,269
229,177,269,269
229,266,269,269
230,107,269,269
230,126,269,269
230,143,269,269
230,162,269,269
231,62,269,269
231,63,269,269
231,206,269,269
231,207,269,269
232,13,269,269
232,113,269,269
232,156,269,269
232,256,269,269
233,22,269,269
233,43,269,269
233,226,269,269
233,247,269,269
234,105,269,269
234,134,269,269
234,135,269,269
234,164,269,269
235,22,269,269
235,247,269,269
236,94,269,269
236,103,269,269
236,166,269,269
236,175,269,269
237,23,269,269
237,37,269,269
237,232,269,269
237,246,269,269
238,71,269,269
238,115,269,269
238,154,269,269
238,198,269,269
239,122,269,269
239,147,269,269
240,13,269,269
240,132,269,269
240,137,269,269
240,256,269,269
241,41,269,269
241,51,269,269
241,218,269,269
241,228,269,269
242,9,269,269
242,50,269,269
242,219,269,269
242,260,269,269
243,20,269,269
243,128,269,269
243,141,269,269
243,249,269,269
244,61,269,269
244,75,269,269
244,194,269,269
244,208,269,269
245,59,269,269
245,117,269,269
245,152,269,269
245,210,269,269
246,58,269,269
246,111,269,269
246,158,269,269
246,211,269,269
247,5,269,269
247,32,269,269
247,237,269,269
247,264,269,269
248,35,269,269
248,115,269,269
248,154,269,269
248,234,269,269
249,113,269,269
249,156,269,269
250,53,269,269
250,124,269,269
250,145,269,269
250,216,269,269
251,37,269,269
251,86,269,269
251,183,269,269
251,232,269,269
252,66,269,269
252,121,269,269
252,148,269,269
252,203,269,269
253,57,269,269
253,123,269,269
253,146,269,269
253,212,269,269
254,97,269,269
254,133,269,269
254,136,269,269
254,172,269,269
255,114,269,269
255,125,269,269
255,144,269,269
255,155,269,269
256,69,269,269
256,200,269,269
257,35,269,269
257,87,269,269
257,182,269,269
257,234,269,269
258,50,269,269
258,219,269,269
259,51,269,269
259,70,269,269
259,199,269,269
259,218,269,269
260,101,269,269
260,168,269,269
261,1,269,269
261,114,269,269
261,155,269,269
261,268,269,269
262,19,269,269
262,45,269,269
262,224,269,269
262,250,269,269
263,63,269,269
263,206,269,269
264,103,269,269
264,109,269,269
264,160,269,269
264,166,269,269
265,10,269,269
265,259,269,269
266,57,269,269
266,80,269,269
266,189,269,269
266,212,269,269
267,30,269,269
267,55,269,269
267,214,269,269
267,239,269,269
268,107,269,269
268,121,269,269
268,148,269,269
268,162,269,269
0,12,271,271
0,15,271,271
0,42,271,271
0,43,271,271
0,51,271,271
0,52,271,271
0,65,271,271
0,66,271,271
0,73,271,271
0,76,271,271
0,92,271,271
0,95,271,271
0,96,271,271
0,101,271,271
0,107,271,271
0,108,271,271
0,115,271,271
0,116,271,271
0,118,271,271
0,120,271,271
0,131,271,271
0,135,271,271
0,137,271,271
0,142,271,271
0,145,271,271
0,147,271,271
0,149,271,271
0,150,271,271
0,159,271,271
0,182,271,271
0,188,271,271
0,194,271,271
0,197,271,271
0,218,271,271
0,221,271,271
0,222,271,271
0,226,271,271
0,231,271,271
0,235,271,271
0,239,271,271
0,249,271,271
0,254,271,271
0,257,271,271
0,266,271,271
0,267,271,271
1,202,271,271
1,226,271,271
2,239,271,271
2,240,271,271
3,59,271,271
3,92,271,271
3,102,271,271
3,181,271,271
4,182,271,271
4,261,271,271
5,3,271,271
5,108,271,271
6,54,271,271
6,199,271,271
6,207,271,271
6,222,271,271
7,93,271,271
7,96,271,271
8,15,271,271
8,23,271,271
9,131,271,271
9,237,271,271
10,131,271,271
10,237,271,271
11,73,271,271
11,130,271,271
12,3,271,271
12,93,271,271
12,194,271,271
12,201,271,271
13,29,271,271
13,145,271,271
13,202,271,271
13,255,271,271
14,30,271,271
14,267,271,271
15,21,271,271
15,216,271,271
15,243,271,271
15,267,271,271
16,101,271,271
16,191,271,271
17,12,271,271
17,181,271,271
18,24,271,271
18,51,271,271
19,173,271,271
19,209,271,271
19,214,271,271
19,257,271,271
20,24,271,271
20,51,271,271
21,109,271,271
21,147,271,271
21,192,271,271
21,216,271,271
22,76,271,271
22,243,271,271
23,94,271,271
23,236,271,271
23,266,271,271
23,270,271,271
24,30,271,271
24,150,271,271
24,161,271,271
24,237,271,271
25,47,271,271
25,66,271,271
26,73,271,271
26,91,271,271
26,123,271,271
26,240,271,271
27,33,271,271
27,226,271,271
27,227,271,271
27,262,271,271
28,202,271,271
28,226,271,271
29,104,271,271
29,131,271,271
29,193,271,271
29,243,271,271
30,33,271,271
30,226,271,271
30,227,271,271
30,262,271,271
31,150,271,271
31,230,271,271
32,120,271,271
32,184,271,271
33,97,271,271
33,146,271,271
33,188,271,271
33,232,271,271
34,135,271,271
34,207,271,271
35,102,271,271
35,149,271,271
36,235,271,271
36,270,271,271
37,73,271,271
37,130,271,271
38,104,271,271
38,117,271,271
38,249,271,271
38,251,271,271
39,15,271,271
39,23,271,271
40,235,271,271
40,270,271,271
41,173,271,271
41,266,271,271
42,210,271,271
42,231,271,271
42,262,271,271
42,263,271,271
43,182,271,271
43,190,271,271
43,199,271,271
43,264,271,271
44,42,271,271
44,227,271,271
45,65,271,271
45,190,271,271
46,109,271,271
46,147,271,271
46,192,271,271
46,216,271,271
47,26,271,271
47,137,271,271
47,146,271,271
47,190,271,271
48,24,271,271
48,197,271,271
48,202,271,271
48,253,271,271
49,12,271,271
49,181,271,271
50,65,271,271
50,190,271,271
51,24,271,271
51,27,271,271
51,120,271,271
51,183,271,271
52,76,271,271
52,143,271,271
52,232,271,271
52,261,271,271
53,27,271,271
53,159,271,271
54,47,271,271
54,102,271,271
54,168,271,271
54,239,271,271
55,150,271,271
55,230,271,271
56,239,271,271
56,240,271,271
57,92,271,271
57,123,271,271
58,51,271,271
58,71,271,271
58,86,271,271
58,227,271,271
59,73,271,271
59,91,271,271
59,123,271,271
59,240,271,271
60,47,271,271
60,102,271,271
60,168,271,271
60,239,271,271
61,117,271,271
61,147,271,271
62,13,271,271
62,197,271,271
63,118,271,271
63,199,271,271
64,173,271,271
64,266,271,271
65,3,271,271
65,93,271,271
65,194,271,271
65,201,271,271
66,75,271,271
66,152,271,271
66,171,271,271
66,218,271,271
67,86,271,271
67,115,271,271
68,93,271,271
68,96,271,271
69,102,271,271
69,149,271,271
70,118,271,271
70,199,271,271
71,52,271,271
71,93,271,271
71,173,271,271
71,269,271,271
72,137,271,271
72,192,271,271
73,24,271,271
73,27,271,271
73,120,271,271
73,183,271,271
74,76,271,271
74,243,271,271
75,13,271,271
75,58,271,271
75,118,271,271
75,132,271,271
76,29,271,271
76,46,271,271
76,86,271,271
76,159,271,271
77,43,271,271
77,84,271,271
78,101,271,271
78,191,271,271
79,42,271,271
79,227,271,271
80,137,271,271
80,192,271,271
81,105,271,271
81,257,271,271
82,117,271,271
82,147,271,271
83,120,271,271
83,184,271,271
84,59,271,271
84,92,271,271
84,102,271,271
84,181,271,271
85,188,271,271
85,216,271,271
86,3,271,271
86,15,271,271
86,105,271,271
86,260,271,271
87,107,271,271
87,146,271,271
88,47,271,271
88,66,271,271
89,27,271,271
89,159,271,271
90,105,271,271
90,257,271,271
91,52,271,271
91,93,271,271
91,173,271,271
91,269,271,271
92,210,271,271
92,231,271,271
92,262,271,271
92,263,271,271
93,29,271,271
93,145,271,271
93,202,271,271
93,255,271,271
94,105,271,271
94,152,271,271
94,157,271,271
94,254,271,271
95,142,271,271
95,181,271,271
95,191,271,271
95,203,271,271
96,116,271,271
96,204,271,271
96,240,271,271
96,270,271,271
97,54,271,271
97,199,271,271
97,207,271,271
97,222,271,271
98,135,271,271
98,207,271,271
99,13,271,271
99,197,271,271
100,105,271,271
100,257,271,271
101,76,271,271
101,143,271,271
101,232,271,271
101,261,271,271
102,94,271,271
102,236,271,271
102,266,271,271
102,270,271,271
103,52,271,271
103,152,271,271
104,23,271,271
104,42,271,271
104,171,271,271
104,186,271,271
105,27,271,271
105,132,271,271
105,135,271,271
105,172,271,271
106,95,271,271
106,236,271,271
107,21,271,271
107,216,271,271
107,243,271,271
107,267,271,271
108,182,271,271
108,190,271,271
108,199,271,271
108,264,271,271
109,52,271,271
109,93,271,271
109,173,271,271
109,269,271,271
110,13,271,271
110,197,271,271
111,97,271,271
111,146,271,271
111,188,271,271
111,232,271,271
112,182,271,271
112,261,271,271
113,6,271,271
113,23,271,271
113,115,271,271
113,263,271,271
114,222,271,271
114,232,271,271
115,12,271,271
115,84,271,271
115,165,271,271
115,208,271,271
116,19,271,271
116,47,271,271
116,189,271,271
116,235,271,271
117,30,271,271
117,150,271,271
117,161,271,271
117,237,271,271
118,76,271,271
118,143,271,271
118,232,271,271
118,261,271,271
119,137,271,271
119,192,271,271
120,182,271,271
120,190,271,271
120,199,271,271
120,264,271,271
121,30,271,271
121,267,271,271
122,29,271,271
122,231,271,271
123,127,271,271
123,192,271,271
123,221,271,271
123,261,271,271
124,116,271,271
124,214,271,271
125,104,271,271
125,221,271,271
126,3,271,271
126,108,271,271
127,97,271,271
127,146,271,271
127,188,271,271
127,232,271,271
128,117,271,271
128,147,271,271
129,27,271,271
129,159,271,271
130,30,271,271
130,150,271,271
130,161,271,271
130,237,271,271
131,13,271,271
131,65,271,271
131,133,271,271
131,184,271,271
132,84,271,271
132,149,271,271
132,230,271,271
132,234,271,271
133,60,271,271
133,66,271,271
133,191,271,271
133,230,271,271
134,19,271,271
134,142,271,271
135,108,271,271
135,130,271,271
135,214,271,271
135,246,271,271
136,30,271,271
136,267,271,271
137,210,271,271
137,231,271,271
137,262,271,271
137,263,271,271
138,118,271,271
138,199,271,271
139,135,271,271
139,207,271,271
140,3,271,271
140,108,271,271
141,132,271,271
141,145,271,271
142,30,271,271
142,43,271,271
142,113,271,271
142,117,271,271
143,38,271,271
143,96,271,271
143,130,271,271
143,236,271,271
144,254,271,271
144,263,271,271
145,13,271,271
145,65,271,271
145,133,271,271
145,184,271,271
146,94,271,271
146,236,271,271
146,266,271,271
146,270,271,271
147,24,271,271
147,27,271,271
147,120,271,271
147,183,271,271
148,42,271,271
148,227,271,271
149,21,271,271
149,216,271,271
149,243,271,271
149,267,271,271
150,108,271,271
150,130,271,271
150,214,271,271
150,246,271,271
151,171,271,271
151,194,271,271
152,19,271,271
152,95,271,271
152,111,271,271
152,123,271,271
153,218,271,271
153,262,271,271
154,132,271,271
154,145,271,271
155,182,271,271
155,261,271,271
156,120,271,271
156,184,271,271
157,47,271,271
157,102,271,271
157,168,271,271
157,239,271,271
158,47,271,271
158,66,271,271
159,19,271,271
159,47,271,271
159,189,271,271
159,235,271,271
160,254,271,271
160,263,271,271
161,101,271,271
161,165,271,271
161,215,271,271
161,237,271,271
162,165,271,271
162,249,271,271
163,171,271,271
163,194,271,271
164,29,271,271
164,231,271,271
165,29,271,271
165,145,271,271
165,202,271,271
165,255,271,271
166,173,271,271
166,266,271,271
167,102,271,271
167,149,271,271
168,54,271,271
168,199,271,271
168,207,271,271
168,222,271,271
169,104,271,271
169,221,271,271
170,218,271,271
170,262,271,271
171,48,271,271
171,107,271,271
171,184,271,271
171,207,271,271
172,101,271,271
172,165,271,271
172,215,271,271
172,237,271,271
173,84,271,271
173,149,271,271
173,230,271,271
173,234,271,271
174,52,271,271
174,152,271,271
175,76,271,271
175,243,271,271
176,65,271,271
176,190,271,271
177,101,271,271
177,191,271,271
178,95,271,271
178,236,271,271
179,19,271,271
179,142,271,271
180,165,271,271
180,249,271,271
181,48,271,271
181,107,271,271
181,184,271,271
181,207,271,271
182,30,271,271
182,43,271,271
182,113,271,271
182,117,271,271
183,6,271,271
183,23,271,271
183,115,271,271
183,263,271,271
184,59,271,271
184,92,271,271
184,102,271,271
184,181,271,271
185,150,271,271
185,230,271,271
186,73,271,271
186,91,271,271
186,123,271,271
186,240,271,271
187,107,271,271
187,146,271,271
188,12,271,271
188,84,271,271
188,165,271,271
188,208,271,271
189,38,271,271
189,96,271,271
189,130,271,271
189,236,271,271
190,48,271,271
190,107,271,271
190,184,271,271
190,207,271,271
191,19,271,271
191,95,271,271
191,111,271,271
191,123,271,271
192,127,271,271
192,192,271,271
192,221,271,271
192,261,271,271
193,105,271,271
193,152,271,271
193,157,271,271
193,254,271,271
194,3,271,271
194,93,271,271
194,194,271,271
194,201,271,271
195,235,271,271
195,270,271,271
196,93,271,271
196,96,271,271
197,116,271,271
197,204,271,271
197,240,271,271
197,270,271,271
198,116,271,271
198,214,271,271
199,19,271,271
199,95,271,271
199,111,271,271
199,123,271,271
200,165,271,271
200,249,271,271
201,60,271,271
201,66,271,271
201,191,271,271
201,230,271,271
202,23,271,271
202,42,271,271
202,171,271,271
202,186,271,271
203,13,271,271
203,58,271,271
203,118,271,271
203,132,271,271
204,109,271,271
204,147,271,271
204,192,271,271
204,216,271,271
205,12,271,271
205,181,271,271
206,43,271,271
206,84,271,271
207,27,271,271
207,132,271,271
207,135,271,271
207,172,271,271
208,60,271,271
208,66,271,271
208,191,271,271
208,230,271,271
209,101,271,271
209,165,271,271
209,215,271,271
209,237,271,271
210,38,271,271
210,96,271,271
210,130,271,271
210,236,271,271
211,222,271,271
211,232,271,271
212,188,271,271
212,216,271,271
213,239,271,271
213,240,271,271
214,33,271,271
214,226,271,271
214,227,271,271
214,262,271,271
215,51,271,271
215,71,271,271
215,86,271,271
215,227,271,271
216,3,271,271
216,15,271,271
216,105,271,271
216,260,271,271
217,222,271,271
217,232,271,271
218,30,271,271
218,43,271,271
218,113,271,271
218,117,271,271
219,218,271,271
219,262,271,271
220,116,271,271
220,214,271,271
221,142,271,271
221,181,271,271
221,191,271,271
221,203,271,271
222,75,271,271
222,152,271,271
222,171,271,271
222,218,271,271
223,73,271,271
223,130,271,271
224,15,271,271
224,23,271,271
225,86,271,271
225,115,271,271
226,142,271,271
226,181,271,271
226,191,271,271
226,203,271,271
227,127,271,271
227,192,271,271
227,221,271,271
227,261,271,271
228,171,271,271
228,194,271,271
229,19,271,271
229,142,271,271
230,27,271,271
230,132,271,271
230,135,271,271
230,172,271,271
231,29,271,271
231,46,271,271
231,86,271,271
231,159,271,271
232,26,271,271
232,137,271,271
232,146,271,271
232,190,271,271
233,24,271,271
233,51,271,271
234,24,271,271
234,197,271,271
234,202,271,271
234,253,271,271
235,29,271,271
235,46,271,271
235,86,271,271
235,159,271,271
236,23,271,271
236,42,271,271
236,171,271,271
236,186,271,271
237,84,271,271
237,149,271,271
237,230,271,271
237,234,271,271
238,254,271,271
238,263,271,271
239,12,271,271
239,84,271,271
239,165,271,271
239,208,271,271
240,3,271,271
240,15,271,271
240,105,271,271
240,260,271,271
241,92,271,271
241,123,271,271
242,202,271,271
242,226,271,271
243,104,271,271
243,131,271,271
243,193,271,271
243,243,271,271
244,92,271,271
244,123,271,271
245,188,271,271
245,216,271,271
246,6,271,271
246,23,271,271
246,115,271,271
246,263,271,271
247,132,271,271
247,145,271,271
248,104,271,271
248,221,271,271
249,116,271,271
249,204,271,271
249,240,271,271
249,270,271,271
250,86,271,271
250,115,271,271
251,104,271,271
251,117,271,271
251,249,271,271
251,251,271,271
252,131,271,271
252,237,271,271
253,104,271,271
253,117,271,271
253,249,271,271
253,251,271,271
254,75,271,271
254,152,271,271
254,171,271,271
254,218,271,271
255,105,271,271
255,152,271,271
255,157,271,271
255,254,271,271
256,29,271,271
256,231,271,271
257,108,271,271
257,130,271,271
257,214,271,271
257,246,271,271
258,95,271,271
258,236,271,271
259,43,271,271
259,84,271,271
260,24,271,271
260,197,271,271
260,202,271,271
260,253,271,271
261,173,271,271
261,209,271,271
261,214,271,271
261,257,271,271
262,173,271,271
262,209,271,271
262,214,271,271
262,257,271,271
263,26,271,271
263,137,271,271
263,146,271,271
263,190,271,271
264,13,271,271
264,58,271,271
264,118,271,271
264,132,271,271
265,52,271,271
265,152,271,271
266,13,271,271
266,65,271,271
266,133,271,271
266,184,271,271
267,19,271,271
267,47,271,271
267,189,271,271
267,235,271,271
268,107,271,271
268,146,271,271
269,51,271,271
269,71,271,271
269,86,271,271
269,227,271,271
270,104,271,271
270,131,271,271
270,193,271,271
270,243,271,271
1,20,277,277
1,69,277,277
1,86,277,277
1,191,277,277
1,208,277,277
1,257,277,277
2,17,277,277
2,126,277,277
2,151,277,277
2,260,277,277
3,23,277,277
3,41,277,277
3,44,277,277
3,233,277,277
3,236,277,277
3,254,277,277
4,113,277,277
4,164,277,277
5,78,277,277
5,87,277,277
5,190,277,277
5,199,277,277
6,18,277,277
6,111,277,277
6,166,277,277
6,259,277,277
7,27,277,277
7,250,277,277
8,107,277,277
8,130,277,277
8,147,277,277
8,170,277,277
9,14,277,277
9,76,277,277
9,106,277,277
9,171,277,277
9,201,277,277
9,263,277,277
10,10,277,277
10,17,277,277
10,66,277,277
10,211,277,277
10,260,277,277
10,267,277,277
11,6,277,277
11,14,277,277
11,263,277,277
11,271,277,277
12,27,277,277
12,250,277,277
13,16,277,277
13,261,277,277
14,9,277,277
14,97,277,277
14,180,277,277
14,268,277,277
15,50,277,277
15,136,277,277
15,141,277,277
15,227,277,277
16,16,277,277
16,36,277,277
16,105,277,277
16,172,277,277
16,241,277,277
16,261,277,277
17,80,277,277
17,124,277,277
17,153,277,277
17,197,277,277
18,78,277,277
18,95,277,277
18,182,277,277
18,199,277,277
19,13,277,277
19,40,277,277
19,68,277,277
19,209,277,277
19,237,277,277
19,264,277,277
20,24,277,277
20,56,277,277
20,221,277,277
20,253,277,277
21,4,277,277
21,273,277,277
22,21,277,277
22,256,277,277
23,4,277,277
23,9,277,277
23,43,277,277
23,234,277,277
23,268,277,277
23,273,277,277
24,9,277,277
24,97,277,277
24,180,277,277
24,268,277,277
25,69,277,277
25,208,277,277
26,78,277,277
26,87,277,277
26,190,277,277
26,199,277,277
27,1,277,277
27,67,277,277
27,80,277,277
27,197,277,277
27,210,277,277
27,276,277,277
28,46,277,277
28,87,277,277
28,131,277,277
28,146,277,277
28,190,277,277
28,231,277,277
29,84,277,277
29,193,277,277
30,18,277,277
30,21,277,277
30,22,277,277
30,255,277,277
30,256,277,277
30,259,277,277
31,97,277,277
31,134,277,277
31,143,277,277
31,180,277,277
32,20,277,277
32,31,277,277
32,246,277,277
32,257,277,277
33,80,277,277
33,124,277,277
33,153,277,277
33,197,277,277
34,120,277,277
34,157,277,277
35,43,277,277
35,58,277,277
35,219,277,277
35,234,277,277
36,4,277,277
36,273,277,277
37,135,277,277
37,137,277,277
37,140,277,277
37,142,277,277
38,53,277,277
38,96,277,277
38,181,277,277
38,224,277,277
39,131,277,277
39,146,277,277
40,84,277,277
40,193,277,277
41,108,277,277
41,169,277,277
42,91,277,277
42,119,277,277
42,158,277,277
42,186,277,277
43,17,277,277
43,126,277,277
43,151,277,277
43,260,277,277
44,7,277,277
44,137,277,277
44,140,277,277
44,270,277,277
45,110,277,277
45,133,277,277
45,144,277,277
45,167,277,277
46,5,277,277
46,77,277,277
46,200,277,277
46,272,277,277
47,108,277,277
47,169,277,277
48,46,277,277
48,87,277,277
48,131,277,277
48,146,277,277
48,190,277,277
48,231,277,277
49,65,277,277
49,122,277,277
49,136,277,277
49,141,277,277
49,155,277,277
49,212,277,277
50,23,277,277
50,94,277,277
50,183,277,277
50,254,277,277
51,101,277,277
51,115,277,277
51,162,277,277
51,176,277,277
52,10,277,277
52,17,277,277
52,66,277,277
52,211,277,277
52,260,277,277
52,267,277,277
53,50,277,277
53,68,277,277
53,209,277,277
53,227,277,277
54,50,277,277
54,68,277,277
54,209,277,277
54,227,277,277
55,14,277,277
55,76,277,277
55,106,277,277
55,171,277,277
55,201,277,277
55,263,277,277
56,44,277,277
56,98,277,277
56,179,277,277
56,233,277,277
57,72,277,277
57,84,277,277
57,88,277,277
57,189,277,277
57,193,277,277
57,205,277,277
58,6,277,277
58,28,277,277
58,249,277,277
58,271,277,277
59,21,277,277
59,256,277,277
60,43,277,277
60,58,277,277
60,219,277,277
60,234,277,277
61,46,277,277
61,99,277,277
61,178,277,277
61,231,277,277
62,76,277,277
62,201,277,277
63,102,277,277
63,175,277,277
64,30,277,277
64,247,277,277
65,46,277,277
65,99,277,277
65,178,277,277
65,231,277,277
66,120,277,277
66,157,277,277
67,16,277,277
67,36,277,277
67,105,277,277
67,172,277,277
67,241,277,277
67,261,277,277
68,31,277,277
68,40,277,277
68,237,277,277
68,246,277,277
69,91,277,277
69,102,277,277
69,127,277,277
69,150,277,277
69,175,277,277
69,186,277,277
70,74,277,277
70,203,277,277
71,23,277,277
71,41,277,277
71,44,277,277
71,233,277,277
71,236,277,277
71,254,277,277
72,91,277,277
72,119,277,277
72,158,277,277
72,186,277,277
73,5,277,277
73,77,277,277
73,200,277,277
73,272,277,277
74,64,277,277
74,213,277,277
75,41,277,277
75,236,277,277
76,59,277,277
76,218,277,277
77,31,277,277
77,40,277,277
77,237,277,277
77,246,277,277
78,50,277,277
78,136,277,277
78,141,277,277
78,227,277,277
79,4,277,277
79,9,277,277
79,43,277,277
79,234,277,277
79,268,277,277
79,273,277,277
80,6,277,277
80,28,277,277
80,249,277,277
80,271,277,277
81,92,277,277
81,101,277,277
81,113,277,277
81,164,277,277
81,176,277,277
81,185,277,277
82,36,277,277
82,111,277,277
82,166,277,277
82,241,277,277
83,52,277,277
83,225,277,277
84,65,277,277
84,122,277,277
84,136,277,277
84,141,277,277
84,155,277,277
84,212,277,277
85,1,277,277
85,67,277,277
85,80,277,277
85,197,277,277
85,210,277,277
85,276,277,277
86,113,277,277
86,164,277,277
87,74,277,277
87,203,277,277
88,5,277,277
88,52,277,277
88,117,277,277
88,160,277,277
88,225,277,277
88,272,277,277
89,41,277,277
89,236,277,277
90,7,277,277
90,95,277,277
90,120,277,277
90,157,277,277
90,182,277,277
90,270,277,277
91,18,277,277
91,21,277,277
91,22,277,277
91,255,277,277
91,256,277,277
91,259,277,277
92,131,277,277
92,146,277,277
93,93,277,277
93,119,277,277
93,158,277,277
93,184,277,277
94,36,277,277
94,111,277,277
94,166,277,277
94,241,277,277
95,92,277,277
95,99,277,277
95,178,277,277
95,185,277,277
96,44,277,277
96,98,277,277
96,179,277,277
96,233,277,277
97,107,277,277
97,130,277,277
97,147,277,277
97,170,277,277
98,6,277,277
98,14,277,277
98,263,277,277
98,271,277,277
99,101,277,277
99,115,277,277
99,162,277,277
99,176,277,277
100,27,277,277
100,56,277,277
100,130,277,277
100,147,277,277
100,221,277,277
100,250,277,277
101,36,277,277
101,111,277,277
101,166,277,277
101,241,277,277
102,13,277,277
102,264,277,277
103,135,277,277
103,137,277,277
103,140,277,277
103,142,277,277
104,24,277,277
104,56,277,277
104,221,277,277
104,253,277,277
105,94,277,277
105,127,277,277
105,150,277,277
105,183,277,277
106,102,277,277
106,175,277,277
107,22,277,277
107,114,277,277
107,163,277,277
107,255,277,277
108,102,277,277
108,175,277,277
109,58,277,277
109,86,277,277
109,191,277,277
109,219,277,277
110,78,277,277
110,95,277,277
110,182,277,277
110,199,277,277
111,20,277,277
111,31,277,277
111,246,277,277
111,257,277,277
112,66,277,277
112,211,277,277
113,41,277,277
113,236,277,277
114,45,277,277
114,105,277,277
114,172,277,277
114,232,277,277
115,7,277,277
115,137,277,277
115,140,277,277
115,270,277,277
116,20,277,277
116,69,277,277
116,86,277,277
116,191,277,277
116,208,277,277
116,257,277,277
117,122,277,277
117,155,277,277
118,7,277,277
118,137,277,277
118,140,277,277
118,270,277,277
119,88,277,277
119,98,277,277
119,179,277,277
119,189,277,277
120,74,277,277
120,203,277,277
121,1,277,277
121,276,277,277
122,69,277,277
122,208,277,277
123,16,277,277
123,261,277,277
124,45,277,277
124,67,277,277
124,210,277,277
124,232,277,277
125,44,277,277
125,98,277,277
125,179,277,277
125,233,277,277
126,34,277,277
126,126,277,277
126,151,277,277
126,243,277,277
127,101,277,277
127,115,277,277
127,162,277,277
127,176,277,277
128,10,277,277
128,77,277,277
128,200,277,277
128,267,277,277
129,18,277,277
129,111,277,277
129,166,277,277
129,259,277,277
130,69,277,277
130,208,277,277
131,19,277,277
131,112,277,277
131,135,277,277
131,142,277,277
131,165,277,277
131,258,277,277
132,31,277,277
132,40,277,277
132,237,277,277
132,246,277,277
133,19,277,277
133,258,277,277
134,20,277,277
134,31,277,277
134,246,277,277
134,257,277,277
135,35,277,277
135,71,277,277
135,206,277,277
135,242,277,277
136,11,277,277
136,59,277,277
136,75,277,277
136,202,277,277
136,218,277,277
136,266,277,277
137,135,277,277
137,137,277,277
137,140,277,277
137,142,277,277
138,11,277,277
138,114,277,277
138,163,277,277
138,266,277,277
139,6,277,277
139,28,277,277
139,249,277,277
139,271,277,277
140,117,277,277
140,124,277,277
140,153,277,277
140,160,277,277
141,16,277,277
141,261,277,277
142,18,277,277
142,111,277,277
142,166,277,277
142,259,277,277
143,75,277,277
143,115,277,277
143,162,277,277
143,202,277,277
144,65,277,277
144,122,277,277
144,136,277,277
144,141,277,277
144,155,277,277
144,212,277,277
145,35,277,277
145,103,277,277
145,174,277,277
145,242,277,277
146,131,277,277
146,146,277,277
147,64,277,277
147,133,277,277
147,134,277,277
147,143,277,277
147,144,277,277
147,213,277,277
148,35,277,277
148,71,277,277
148,206,277,277
148,242,277,277
149,78,277,277
149,95,277,277
149,182,277,277
149,199,277,277
150,96,277,277
150,106,277,277
150,171,277,277
150,181,277,277
151,46,277,277
151,99,277,277
151,178,277,277
151,231,277,277
152,24,277,277
152,112,277,277
152,165,277,277
152,253,277,277
153,24,277,277
153,56,277,277
153,221,277,277
153,253,277,277
154,11,277,277
154,59,277,277
154,75,277,277
154,202,277,277
154,218,277,277
154,266,277,277
155,64,277,277
155,133,277,277
155,134,277,277
155,143,277,277
155,144,277,277
155,213,277,277
156,18,277,277
156,21,277,277
156,22,277,277
156,255,277,277
156,256,277,277
156,259,277,277
157,34,277,277
157,53,277,277
157,108,277,277
157,169,277,277
157,224,277,277
157,243,277,277
158,5,277,277
158,77,277,277
158,200,277,277
158,272,277,277
159,72,277,277
159,110,277,277
159,167,277,277
159,205,277,277
160,20,277,277
160,69,277,277
160,86,277,277
160,191,277,277
160,208,277,277
160,257,277,277
161,122,277,277
161,155,277,277
162,72,277,277
162,110,277,277
162,167,277,277
162,205,277,277
163,91,277,277
163,119,277,277
163,158,277,277
163,186,277,277
164,30,277,277
164,71,277,277
164,93,277,277
164,184,277,277
164,206,277,277
164,247,277,277
165,1,277,277
165,67,277,277
165,80,277,277
165,197,277,277
165,210,277,277
165,276,277,277
166,75,277,277
166,115,277,277
166,162,277,277
166,202,277,277
167,10,277,277
167,77,277,277
167,200,277,277
167,267,277,277
168,6,277,277
168,14,277,277
168,263,277,277
168,271,277,277
169,28,277,277
169,74,277,277
169,103,277,277
169,174,277,277
169,203,277,277
169,249,277,277
170,50,277,277
170,68,277,277
170,209,277,277
170,227,277,277
171,28,277,277
171,74,277,277
171,103,277,277
171,174,277,277
171,203,277,277
171,249,277,277
172,107,277,277
172,130,277,277
172,147,277,277
172,170,277,277
173,45,277,277
173,67,277,277
173,210,277,277
173,232,277,277
174,117,277,277
174,124,277,277
174,153,277,277
174,160,277,277
175,4,277,277
175,9,277,277
175,43,277,277
175,234,277,277
175,268,277,277
175,273,277,277
176,65,277,277
176,107,277,277
176,170,277,277
176,212,277,277
177,120,277,277
177,157,277,277
178,96,277,277
178,106,277,277
178,171,277,277
178,181,277,277
179,58,277,277
179,86,277,277
179,191,277,277
179,219,277,277
180,94,277,277
180,127,277,277
180,150,277,277
180,183,277,277
181,24,277,277
181,112,277,277
181,165,277,277
181,253,277,277
182,43,277,277
182,58,277,277
182,219,277,277
182,234,277,277
183,65,277,277
183,107,277,277
183,170,277,277
183,212,277,277
184,50,277,277
184,136,277,277
184,141,277,277
184,227,277,277
185,19,277,277
185,112,277,277
185,135,277,277
185,142,277,277
185,165,277,277
185,258,277,277
186,1,277,277
186,276,277,277
187,113,277,277
187,164,277,277
188,30,277,277
188,71,277,277
188,93,277,277
188,184,277,277
188,206,277,277
188,247,277,277
189,108,277,277
189,169,277,277
190,34,277,277
190,53,277,277
190,108,277,277
190,169,277,277
190,224,277,277
190,243,277,277
191,7,277,277
191,95,277,277
191,120,277,277
191,157,277,277
191,182,277,277
191,270,277,277
192,66,277,277
192,211,277,277
193,19,277,277
193,258,277,277
194,16,277,277
194,36,277,277
194,105,277,277
194,172,277,277
194,241,277,277
194,261,277,277
195,65,277,277
195,107,277,277
195,170,277,277
195,212,277,277
196,21,277,277
196,256,277,277
197,11,277,277
197,114,277,277
197,163,277,277
197,266,277,277
198,13,277,277
198,264,277,277
199,93,277,277
199,119,277,277
199,158,277,277
199,184,277,277
200,35,277,277
200,103,277,277
200,174,277,277
200,242,277,277
201,46,277,277
201,87,277,277
201,131,277,277
201,146,277,277
201,190,277,277
201,231,277,277
202,30,277,277
202,71,277,277
202,93,277,277
202,184,277,277
202,206,277,277
202,247,277,277
203,23,277,277
203,41,277,277
203,44,277,277
203,233,277,277
203,236,277,277
203,254,277,277
204,88,277,277
204,98,277,277
204,179,277,277
204,189,277,277
205,45,277,277
205,105,277,277
205,172,277,277
205,232,277,277
206,64,277,277
206,213,277,277
207,34,277,277
207,53,277,277
207,108,277,277
207,169,277,277
207,224,277,277
207,243,277,277
208,84,277,277
208,193,277,277
209,35,277,277
209,103,277,277
209,174,277,277
209,242,277,277
210,52,277,277
210,225,277,277
211,27,277,277
211,56,277,277
211,130,277,277
211,147,277,277
211,221,277,277
211,250,277,277
212,34,277,277
212,126,277,277
212,151,277,277
212,243,277,277
213,14,277,277
213,76,277,277
213,106,277,277
213,171,277,277
213,201,277,277
213,263,277,277
214,28,277,277
214,74,277,277
214,103,277,277
214,174,277,277
214,203,277,277
214,249,277,277
215,10,277,277
215,17,277,277
215,66,277,277
215,211,277,277
215,260,277,277
215,267,277,277
216,34,277,277
216,126,277,277
216,151,277,277
216,243,277,277
217,92,277,277
217,99,277,277
217,178,277,277
217,185,277,277
218,92,277,277
218,101,277,277
218,113,277,277
218,164,277,277
218,176,277,277
218,185,277,277
219,11,277,277
219,114,277,277
219,163,277,277
219,266,277,277
220,4,277,277
220,273,277,277
221,24,277,277
221,112,277,277
221,165,277,277
221,253,277,277
222,30,277,277
222,247,277,277
223,22,277,277
223,114,277,277
223,163,277,277
223,255,277,277
224,22,277,277
224,114,277,277
224,163,277,277
224,255,277,277
225,76,277,277
225,201,277,277
226,96,277,277
226,106,277,277
226,171,277,277
226,181,277,277
227,80,277,277
227,124,277,277
227,153,277,277
227,197,277,277
228,19,277,277
228,258,277,277
229,59,277,277
229,218,277,277
230,5,277,277
230,52,277,277
230,117,277,277
230,160,277,277
230,225,277,277
230,272,277,277
231,88,277,277
231,98,277,277
231,179,277,277
231,189,277,277
232,17,277,277
232,126,277,277
232,151,277,277
232,260,277,277
233,72,277,277
233,110,277,277
233,167,277,277
233,205,277,277
234,110,277,277
234,133,277,277
234,144,277,277
234,167,277,277
235,45,277,277
235,105,277,277
235,172,277,277
235,232,277,277
236,5,277,277
236,52,277,277
236,117,277,277
236,160,277,277
236,225,277,277
236,272,277,277
237,91,277,277
237,102,277,277
237,127,277,277
237,150,277,277
237,175,277,277
237,186,277,277
238,19,277,277
238,112,277,277
238,135,277,277
238,142,277,277
238,165,277,277
238,258,277,277
239,9,277,277
239,97,277,277
239,180,277,277
239,268,277,277
240,117,277,277
240,124,277,277
240,153,277,277
240,160,277,277
241,72,277,277
241,84,277,277
241,88,277,277
241,189,277,277
241,193,277,277
241,205,277,277
242,92,277,277
242,99,277,277
242,178,277,277
242,185,277,277
243,27,277,277
243,56,277,277
243,130,277,277
243,147,277,277
243,221,277,277
243,250,277,277
244,23,277,277
244,94,277,277
244,183,277,277
244,254,277,277
245,75,277,277
245,115,277,277
245,162,277,277
245,202,277,277
246,78,277,277
246,87,277,277
246,190,277,277
246,199,277,277
247,1,277,277
247,276,277,277
248,91,277,277
248,102,277,277
248,127,277,277
248,150,277,277
248,175,277,277
248,186,277,277
249,59,277,277
249,218,277,277
250,66,277,277
250,211,277,277
251,97,277,277
251,134,277,277
251,143,277,277
251,180,277,277
252,64,277,277
252,133,277,277
252,134,277,277
252,143,277,277
252,144,277,277
252,213,277,277
253,53,277,277
253,96,277,277
253,181,277,277
253,224,277,277
254,13,277,277
254,264,277,277
255,92,277,277
255,101,277,277
255,113,277,277
255,164,277,277
255,176,277,277
255,185,277,277
256,72,277,277
256,84,277,277
256,88,277,277
256,189,277,277
256,193,277,277
256,205,277,277
257,45,277,277
257,67,277,277
257,210,277,277
257,232,277,277
258,27,277,277
258,250,277,277
259,10,277,277
259,77,277,277
259,200,277,277
259,267,277,277
260,23,277,277
260,94,277,277
260,183,277,277
260,254,277,277
261,52,277,277
261,225,277,277
262,93,277,277
262,119,277,277
262,158,277,277
262,184,277,277
263,53,277,277
263,96,277,277
263,181,277,277
263,224,277,277
264,11,277,277
264,59,277,277
264,75,277,277
264,202,277,277
264,218,277,277
264,266,277,277
265,13,277,277
265,40,277,277
265,68,277,277
265,209,277,277
265,237,277,277
265,264,277,277
266,58,277,277
266,86,277,277
266,191,277,277
266,219,277,277
267,76,277,277
267,201,277,277
268,30,277,277
268,247,277,277
269,94,277,277
269,127,277,277
269,150,277,277
269,183,277,277
270,13,277,277
270,40,277,277
270,68,277,277
270,209,277,277
270,237,277,277
270,264,277,277
271,35,277,277
271,71,277,277
271,206,277,277
271,242,277,277
272,97,277,277
272,134,277,277
272,143,277,277
272,180,277,277
273,7,277,277
273,95,277,277
273,120,277,277
273,157,277,277
273,182,277,277
273,270,277,277
274,64,277,277
274,213,277,277
275,110,277,277
275,133,277,277
275,144,277,277
275,167,277,277
276,122,277,277
276,155,277,277
1,65,281,281
1,216,281,281
2,19,281,281
2,262,281,281
3,42,281,281
3,137,281,281
3,144,281,281
3,239,281,281
4,42,281,281
4,239,281,281
5,47,281,281
5,234,281,281
6,81,281,281
6,129,281,281
6,152,281,281
6,200,281,281
7,76,281,281
7,205,281,281
8,129,281,281
8,152,281,281
9,127,281,281
9,154,281,281
10,44,281,281
10,237,281,281
11,6,281,281
11,140,281,281
11,141,281,281
11,275,281,281
12,28,281,281
12,55,281,281
12,226,281,281
12,253,281,281
13,36,281,281
13,130,281,281
13,151,281,281
13,245,281,281
14,113,281,281
14,168,281,281
15,44,281,281
15,237,281,281
16,55,281,281
16,226,281,281
17,92,281,281
17,189,281,281
18,89,281,281
18,192,281,281
19,128,281,281
19,131,281,281
19,150,281,281
19,153,281,281
20,95,281,281
20,186,281,281
21,113,281,281
21,168,281,281
22,102,281,281
22,132,281,281
22,149,281,281
22,179,281,281
23,43,281,281
23,46,281,281
23,235,281,281
23,238,281,281
24,86,281,281
24,92,281,281
24,189,281,281
24,195,281,281
25,24,281,281
25,257,281,281
26,38,281,281
26,50,281,281
26,231,281,281
26,243,281,281
27,89,281,281
27,192,281,281
28,46,281,281
28,235,281,281
29,87,281,281
29,194,281,281
30,95,281,281
30,186,281,281
31,103,281,281
31,178,281,281
32,92,281,281
32,189,281,281
33,22,281,281
33,259,281,281
34,122,281,281
34,159,281,281
35,15,281,281
35,266,281,281
36,108,281,281
36,173,281,281
37,41,281,281
37,240,281,281
38,21,281,281
38,72,281,281
38,209,281,281
38,260,281,281
39,102,281,281
39,179,281,281
40,71,281,281
40,210,281,281
41,37,281,281
41,244,281,281
42,46,281,281
42,235,281,281
43,11,281,281
43,270,281,281
44,4,281,281
44,48,281,281
44,233,281,281
44,277,281,281
45,23,281,281
45,258,281,281
46,61,281,281
46,112,281,281
46,169,281,281
46,220,281,281
47,26,281,281
47,255,281,281
48,57,281,281
48,122,281,281
48,159,281,281
48,224,281,281
49,96,281,281
49,185,281,281
50,127,281,281
50,154,281,281
51,122,281,281
51,159,281,281
52,7,281,281
52,84,281,281
52,197,281,281
52,274,281,281
53,30,281,281
53,251,281,281
54,108,281,281
54,173,281,281
55,74,281,281
55,207,281,281
56,61,281,281
56,220,281,281
57,12,281,281
57,269,281,281
58,74,281,281
58,207,281,281
59,47,281,281
59,234,281,281
60,71,281,281
60,210,281,281
61,96,281,281
61,185,281,281
62,65,281,281
62,216,281,281
63,91,281,281
63,190,281,281
64,122,281,281
64,159,281,281
65,11,281,281
65,270,281,281
66,93,281,281
66,188,281,281
67,52,281,281
67,98,281,281
67,183,281,281
67,229,281,281
68,107,281,281
68,174,281,281
69,75,281,281
69,206,281,281
70,26,281,281
70,255,281,281
71,18,281,281
71,65,281,281
71,216,281,281
71,263,281,281
72,131,281,281
72,150,281,281
73,71,281,281
73,123,281,281
73,158,281,281
73,210,281,281
74,135,281,281
74,146,281,281
75,16,281,281
75,89,281,281
75,192,281,281
75,265,281,281
76,76,281,281
76,100,281,281
76,181,281,281
76,205,281,281
77,24,281,281
77,257,281,281
78,48,281,281
78,233,281,281
79,37,281,281
79,244,281,281
80,83,281,281
80,198,281,281
81,104,281,281
81,177,281,281
82,67,281,281
82,214,281,281
83,55,281,281
83,226,281,281
84,61,281,281
84,220,281,281
85,41,281,281
85,240,281,281
86,94,281,281
86,187,281,281
87,58,281,281
87,134,281,281
87,147,281,281
87,223,281,281
88,27,281,281
88,68,281,281
88,213,281,281
88,254,281,281
89,2,281,281
89,24,281,281
89,257,281,281
89,279,281,281
90,110,281,281
90,171,281,281
91,42,281,281
91,239,281,281
92,63,281,281
92,87,281,281
92,194,281,281
92,218,281,281
93,65,281,281
93,216,281,281
94,120,281,281
94,161,281,281
95,117,281,281
95,164,281,281
96,107,281,281
96,126,281,281
96,155,281,281
96,174,281,281
97,1,281,281
97,12,281,281
97,269,281,281
97,280,281,281
98,54,281,281
98,227,281,281
99,93,281,281
99,188,281,281
100,89,281,281
100,192,281,281
101,83,281,281
101,198,281,281
102,107,281,281
102,174,281,281
103,13,281,281
103,116,281,281
103,165,281,281
103,268,281,281
104,23,281,281
104,119,281,281
104,162,281,281
104,258,281,281
105,10,281,281
105,120,281,281
105,161,281,281
105,271,281,281
106,52,281,281
106,229,281,281
107,8,281,281
107,96,281,281
107,185,281,281
107,273,281,281
108,131,281,281
108,150,281,281
109,113,281,281
109,168,281,281
110,134,281,281
110,147,281,281
111,130,281,281
111,151,281,281
112,87,281,281
112,194,281,281
113,115,281,281
113,166,281,281
114,77,281,281
114,204,281,281
115,99,281,281
115,182,281,281
116,134,281,281
116,147,281,281
117,48,281,281
117,233,281,281
118,44,281,281
118,237,281,281
119,131,281,281
119,150,281,281
120,83,281,281
120,198,281,281
121,37,281,281
121,244,281,281
122,54,281,281
122,227,281,281
123,102,281,281
123,179,281,281
124,19,281,281
124,262,281,281
125,26,281,281
125,255,281,281
126,139,281,281
126,142,281,281
127,13,281,281
127,268,281,281
128,107,281,281
128,174,281,281
129,88,281,281
129,101,281,281
129,180,281,281
129,193,281,281
130,94,281,281
130,187,281,281
131,85,281,281
131,104,281,281
131,177,281,281
131,196,281,281
132,105,281,281
132,176,281,281
133,38,281,281
133,243,281,281
134,20,281,281
134,41,281,281
134,240,281,281
134,261,281,281
135,97,281,281
135,109,281,281
135,172,281,281
135,184,281,281
136,133,281,281
136,148,281,281
137,11,281,281
137,270,281,281
138,130,281,281
138,151,281,281
139,80,281,281
139,117,281,281
139,164,281,281
139,201,281,281
140,120,281,281
140,161,281,281
141,103,281,281
141,178,281,281
142,19,281,281
142,25,281,281
142,256,281,281
142,262,281,281
143,135,281,281
143,146,281,281
144,21,281,281
144,260,281,281
145,24,281,281
145,257,281,281
146,83,281,281
146,124,281,281
146,157,281,281
146,198,281,281
147,64,281,281
147,75,281,281
147,206,281,281
147,217,281,281
148,47,281,281
148,234,281,281
149,55,281,281
149,226,281,281
150,9,281,281
150,108,281,281
150,173,281,281
150,272,281,281
151,76,281,281
151,205,281,281
152,14,281,281
152,113,281,281
152,168,281,281
152,267,281,281
153,51,281,281
153,230,281,281
154,127,281,281
154,154,281,281
155,61,281,281
155,220,281,281
156,27,281,281
156,254,281,281
157,117,281,281
157,164,281,281
158,67,281,281
158,214,281,281
159,52,281,281
159,229,281,281
160,6,281,281
160,275,281,281
161,97,281,281
161,184,281,281
162,82,281,281
162,199,281,281
163,84,281,281
163,197,281,281
164,15,281,281
164,266,281,281
165,77,281,281
165,204,281,281
166,92,281,281
166,189,281,281
167,134,281,281
167,147,281,281
168,87,281,281
168,194,281,281
169,115,281,281
169,166,281,281
170,135,281,281
170,146,281,281
171,77,281,281
171,204,281,281
172,88,281,281
172,193,281,281
173,82,281,281
173,199,281,281
174,30,281,281
174,138,281,281
174,143,281,281
174,251,281,281
175,54,281,281
175,227,281,281
176,32,281,281
176,103,281,281
176,178,281,281
176,249,281,281
177,95,281,281
177,125,281,281
177,156,281,281
177,186,281,281
178,34,281,281
178,127,281,281
178,154,281,281
178,247,281,281
179,51,281,281
179,230,281,281
180,97,281,281
180,184,281,281
181,60,281,281
181,221,281,281
182,129,281,281
182,152,281,281
183,52,281,281
183,229,281,281
184,53,281,281
184,74,281,281
184,207,281,281
184,228,281,281
185,51,281,281
185,66,281,281
185,215,281,281
185,230,281,281
186,19,281,281
186,262,281,281
187,103,281,281
187,178,281,281
188,73,281,281
188,208,281,281
189,33,281,281
189,115,281,281
189,166,281,281
189,248,281,281
190,22,281,281
190,259,281,281
191,71,281,281
191,210,281,281
192,106,281,281
192,133,281,281
192,148,281,281
192,175,281,281
193,26,281,281
193,49,281,281
193,232,281,281
193,255,281,281
194,17,281,281
194,77,281,281
194,204,281,281
194,264,281,281
195,76,281,281
195,205,281,281
196,75,281,281
196,206,281,281
197,139,281,281
197,142,281,281
198,105,281,281
198,176,281,281
199,102,281,281
199,179,281,281
200,108,281,281
200,173,281,281
201,97,281,281
201,184,281,281
202,6,281,281
202,275,281,281
203,15,281,281
203,266,281,281
204,133,281,281
204,148,281,281
205,39,281,281
205,94,281,281
205,187,281,281
205,242,281,281
206,5,281,281
206,60,281,281
206,221,281,281
206,276,281,281
207,130,281,281
207,151,281,281
208,56,281,281
208,110,281,281
208,171,281,281
208,225,281,281
209,82,281,281
209,199,281,281
210,73,281,281
210,111,281,281
210,170,281,281
210,208,281,281
211,27,281,281
211,254,281,281
212,41,281,281
212,240,281,281
213,51,281,281
213,230,281,281
214,54,281,281
214,136,281,281
214,145,281,281
214,227,281,281
215,129,281,281
215,152,281,281
216,21,281,281
216,260,281,281
217,3,281,281
217,278,281,281
218,46,281,281
218,235,281,281
219,73,281,281
219,208,281,281
220,30,281,281
220,251,281,281
221,110,281,281
221,171,281,281
222,38,281,281
222,243,281,281
223,12,281,281
223,269,281,281
224,74,281,281
224,207,281,281
225,139,281,281
225,142,281,281
226,12,281,281
226,269,281,281
227,104,281,281
227,177,281,281
228,96,281,281
228,185,281,281
229,44,281,281
229,90,281,281
229,191,281,281
229,237,281,281
230,3,281,281
230,278,281,281
231,13,281,281
231,268,281,281
232,30,281,281
232,251,281,281
233,3,281,281
233,70,281,281
233,211,281,281
233,278,281,281
234,27,281,281
234,254,281,281
235,35,281,281
235,139,281,281
235,142,281,281
235,246,281,281
236,95,281,281
236,186,281,281
237,15,281,281
237,69,281,281
237,212,281,281
237,266,281,281
238,21,281,281
238,260,281,281
239,91,281,281
239,190,281,281
240,6,281,281
240,275,281,281
241,110,281,281
241,171,281,281
242,67,281,281
242,214,281,281
243,11,281,281
243,118,281,281
243,163,281,281
243,270,281,281
244,75,281,281
244,206,281,281
245,104,281,281
245,177,281,281
246,48,281,281
246,233,281,281
247,3,281,281
247,278,281,281
248,42,281,281
248,239,281,281
249,99,281,281
249,182,281,281
250,120,281,281
250,161,281,281
251,23,281,281
251,258,281,281
252,115,281,281
252,166,281,281
253,91,281,281
253,190,281,281
254,60,281,281
254,221,281,281
255,47,281,281
255,121,281,281
255,160,281,281
255,234,281,281
256,133,281,281
256,148,281,281
257,62,281,281
257,99,281,281
257,182,281,281
257,219,281,281
258,31,281,281
258,91,281,281
258,190,281,281
258,250,281,281
259,29,281,281
259,67,281,281
259,214,281,281
259,252,281,281
260,88,281,281
260,193,281,281
261,23,281,281
261,258,281,281
262,40,281,281
262,82,281,281
262,199,281,281
262,241,281,281
263,60,281,281
263,221,281,281
264,99,281,281
264,182,281,281
265,105,281,281
265,176,281,281
266,84,281,281
266,197,281,281
267,88,281,281
267,193,281,281
268,59,281,281
268,135,281,281
268,146,281,281
268,222,281,281
269,79,281,281
269,105,281,281
269,176,281,281
269,202,281,281
270,37,281,281
270,114,281,281
270,167,281,281
270,244,281,281
271,84,281,281
271,197,281,281
272,13,281,281
272,268,281,281
273,93,281,281
273,188,281,281
274,94,281,281
274,187,281,281
275,78,281,281
275,93,281,281
275,188,281,281
275,203,281,281
276,38,281,281
276,243,281,281
277,22,281,281
277,259,281,281
278,22,281,281
278,45,281,281
278,236,281,281
278,259,281,281
279,117,281,281
279,164,281,281
280,73,281,281
280,208,281,281
1,17,283,283
1,162,283,283
2,30,283,283
2,134,283,283
2,160,283,283
2,187,283,283
2,189,283,283
2,233,283,283
3,59,283,283
3,70,283,283
3,75,283,283
3,152,283,283
3,191,283,283
3,241,283,283
4,119,283,283
4,147,283,283
5,11,283,283
5,50,283,283
5,85,283,283
5,225,283,283
5,232,283,283
5,273,283,283
6,173,283,283
6,247,283,283
7,126,283,283
7,139,283,283
8,43,283,283
8,60,283,283
8,117,283,283
8,135,283,283
8,186,283,283
8,202,283,283
9,107,283,283
9,154,283,283
10,109,283,283
10,118,283,283
11,104,283,283
11,192,283,283
12,6,283,283
12,53,283,283
12,94,283,283
12,170,283,283
12,199,283,283
12,249,283,283
13,173,283,283
13,247,283,283
14,24,283,283
14,93,283,283
14,114,283,283
14,147,283,283
14,212,283,283
14,230,283,283
15,187,283,283
15,231,283,283
16,180,283,283
16,239,283,283
17,5,283,283
17,29,283,283
17,99,283,283
17,136,283,283
17,167,283,283
17,258,283,283
18,39,283,283
18,45,283,283
18,61,283,283
18,208,283,283
18,218,283,283
18,274,283,283
19,13,283,283
19,49,283,283
19,162,283,283
19,163,283,283
19,194,283,283
19,197,283,283
20,80,283,283
20,125,283,283
20,166,283,283
20,169,283,283
20,181,283,283
20,195,283,283
21,23,283,283
21,156,283,283
21,180,283,283
21,244,283,283
21,247,283,283
21,266,283,283
22,12,283,283
22,54,283,283
22,67,283,283
22,77,283,283
22,224,283,283
22,263,283,283
23,178,283,283
23,198,283,283
24,5,283,283
24,31,283,283
25,126,283,283
25,139,283,283
26,6,283,283
26,53,283,283
26,94,283,283
26,170,283,283
26,199,283,283
26,249,283,283
27,2,283,283
27,91,283,283
27,105,283,283
27,141,283,283
27,220,283,283
27,239,283,283
28,20,283,283
28,124,283,283
29,56,283,283
29,234,283,283
30,10,283,283
30,103,283,283
30,108,283,283
30,171,283,283
30,256,283,283
30,277,283,283
31,80,283,283
31,125,283,283
31,166,283,283
31,169,283,283
31,181,283,283
31,195,283,283
32,52,283,283
32,82,283,283
32,86,283,283
32,196,283,283
32,210,283,283
32,222,283,283
33,26,283,283
33,28,283,283
33,62,283,283
33,76,283,283
33,153,283,283
33,264,283,283
34,87,283,283
34,224,283,283
35,40,283,283
35,118,283,283
35,129,283,283
35,149,283,283
35,175,283,283
35,259,283,283
36,183,283,283
36,276,283,283
37,26,283,283
37,28,283,283
37,62,283,283
37,76,283,283
37,153,283,283
37,264,283,283
38,88,283,283
38,206,283,283
39,39,283,283
39,45,283,283
39,61,283,283
39,208,283,283
39,218,283,283
39,274,283,283
40,188,283,283
40,260,283,283
41,153,283,283
41,189,283,283
42,166,283,283
42,255,283,283
43,38,283,283
43,131,283,283
43,159,283,283
43,227,283,283
43,231,283,283
43,260,283,283
44,17,283,283
44,162,283,283
45,65,283,283
45,151,283,283
45,245,283,283
45,252,283,283
45,269,283,283
45,270,283,283
46,38,283,283
46,131,283,283
46,159,283,283
46,227,283,283
46,231,283,283
46,260,283,283
47,14,283,283
47,128,283,283
47,164,283,283
47,211,283,283
47,213,283,283
47,251,283,283
48,55,283,283
48,97,283,283
48,106,283,283
48,142,283,283
48,235,283,283
48,272,283,283
49,98,283,283
49,171,283,283
50,24,283,283
50,93,283,283
50,114,283,283
50,147,283,283
50,212,283,283
50,230,283,283
51,26,283,283
51,48,283,283
52,5,283,283
52,31,283,283
53,44,283,283
53,51,283,283
53,57,283,283
53,79,283,283
53,200,283,283
53,243,283,283
54,123,283,283
54,140,283,283
55,34,283,283
55,72,283,283
55,78,283,283
55,206,283,283
55,237,283,283
55,254,283,283
56,2,283,283
56,91,283,283
56,105,283,283
56,141,283,283
56,220,283,283
56,239,283,283
57,221,283,283
57,273,283,283
58,11,283,283
58,50,283,283
58,85,283,283
58,225,283,283
58,232,283,283
58,273,283,283
59,98,283,283
59,171,283,283
60,133,283,283
60,202,283,283
61,72,283,283
61,220,283,283
62,188,283,283
62,260,283,283
63,209,283,283
63,277,283,283
64,69,283,283
64,258,283,283
65,10,283,283
65,103,283,283
65,108,283,283
65,171,283,283
65,256,283,283
65,277,283,283
66,146,283,283
66,226,283,283
67,20,283,283
67,102,283,283
67,113,283,283
67,116,283,283
67,183,283,283
67,261,283,283
68,44,283,283
68,51,283,283
68,57,283,283
68,79,283,283
68,200,283,283
68,243,283,283
69,43,283,283
69,60,283,283
69,117,283,283
69,135,283,283
69,186,283,283
69,202,283,283
70,242,283,283
70,249,283,283
71,104,283,283
71,192,283,283
72,34,283,283
72,72,283,283
72,78,283,283
72,206,283,283
72,237,283,283
72,254,283,283
73,22,283,283
73,193,283,283
74,146,283,283
74,226,283,283
75,23,283,283
75,156,283,283
75,180,283,283
75,244,283,283
75,247,283,283
75,266,283,283
76,111,283,283
76,119,283,283
76,122,283,283
76,146,283,283
76,174,283,283
76,179,283,283
77,18,283,283
77,55,283,283
78,183,283,283
78,276,283,283
79,63,283,283
79,87,283,283
79,132,283,283
79,138,283,283
79,209,283,283
79,250,283,283
80,63,283,283
80,87,283,283
80,132,283,283
80,138,283,283
80,209,283,283
80,250,283,283
81,87,283,283
81,224,283,283
82,37,283,283
82,98,283,283
82,110,283,283
82,158,283,283
82,214,283,283
82,217,283,283
83,14,283,283
83,200,283,283
84,5,283,283
84,29,283,283
84,99,283,283
84,136,283,283
84,167,283,283
84,258,283,283
85,72,283,283
85,220,283,283
86,114,283,283
86,274,283,283
87,14,283,283
87,128,283,283
87,164,283,283
87,211,283,283
87,213,283,283
87,251,283,283
88,30,283,283
88,134,283,283
88,160,283,283
88,187,283,283
88,189,283,283
88,233,283,283
89,68,283,283
89,82,283,283
90,170,283,283
90,210,283,283
91,166,283,283
91,255,283,283
92,114,283,283
92,274,283,283
93,133,283,283
93,202,283,283
94,187,283,283
94,231,283,283
95,46,283,283
95,190,283,283
96,35,283,283
96,243,283,283
97,178,283,283
97,198,283,283
98,20,283,283
98,102,283,283
98,113,283,283
98,116,283,283
98,183,283,283
98,261,283,283
99,22,283,283
99,193,283,283
100,20,283,283
100,124,283,283
101,3,283,283
101,37,283,283
102,3,283,283
102,56,283,283
102,90,283,283
102,155,283,283
102,229,283,283
102,278,283,283
103,119,283,283
103,147,283,283
104,55,283,283
104,97,283,283
104,106,283,283
104,142,283,283
104,235,283,283
104,272,283,283
105,114,283,283
105,274,283,283
106,153,283,283
106,189,283,283
107,21,283,283
107,46,283,283
107,104,283,283
107,112,283,283
107,207,283,283
107,248,283,283
108,4,283,283
108,9,283,283
108,69,283,283
108,121,283,283
108,221,283,283
108,267,283,283
109,33,283,283
109,123,283,283
109,176,283,283
109,204,283,283
109,228,283,283
109,234,283,283
110,56,283,283
110,234,283,283
111,22,283,283
111,193,283,283
112,123,283,283
112,140,283,283
113,107,283,283
113,154,283,283
114,22,283,283
114,71,283,283
114,89,283,283
114,96,283,283
114,173,283,283
114,282,283,283
115,32,283,283
115,41,283,283
115,124,283,283
115,145,283,283
115,265,283,283
115,275,283,283
116,109,283,283
116,118,283,283
117,123,283,283
117,140,283,283
118,20,283,283
118,102,283,283
118,113,283,283
118,116,283,283
118,183,283,283
118,261,283,283
119,12,283,283
119,54,283,283
119,67,283,283
119,77,283,283
119,224,283,283
119,263,283,283
120,25,283,283
120,47,283,283
120,48,283,283
120,203,283,283
120,216,283,283
120,268,283,283
121,259,283,283
121,270,283,283
122,68,283,283
122,95,283,283
122,168,283,283
122,177,283,283
122,226,283,283
122,271,283,283
123,40,283,283
123,118,283,283
123,129,283,283
123,149,283,283
123,175,283,283
123,259,283,283
124,63,283,283
124,87,283,283
124,132,283,283
124,138,283,283
124,209,283,283
124,250,283,283
125,40,283,283
125,118,283,283
125,129,283,283
125,149,283,283
125,175,283,283
125,259,283,283
126,16,283,283
126,35,283,283
126,36,283,283
126,201,283,283
126,219,283,283
126,276,283,283
127,80,283,283
127,213,283,283
128,18,283,283
128,130,283,283
128,150,283,283
128,161,283,283
128,193,283,283
128,205,283,283
129,180,283,283
129,239,283,283
130,133,283,283
130,202,283,283
131,55,283,283
131,97,283,283
131,106,283,283
131,142,283,283
131,235,283,283
131,272,283,283
132,59,283,283
132,70,283,283
132,75,283,283
132,152,283,283
132,191,283,283
132,241,283,283
133,1,283,283
133,73,283,283
133,88,283,283
133,101,283,283
133,126,283,283
133,279,283,283
134,47,283,283
134,65,283,283
135,45,283,283
135,272,283,283
136,153,283,283
136,189,283,283
137,72,283,283
137,220,283,283
138,180,283,283
138,239,283,283
139,8,283,283
139,31,283,283
139,81,283,283
139,107,283,283
139,137,283,283
139,281,283,283
140,15,283,283
140,100,283,283
140,188,283,283
140,192,283,283
140,223,283,283
140,246,283,283
141,186,283,283
141,191,283,283
142,12,283,283
142,54,283,283
142,67,283,283
142,77,283,283
142,224,283,283
142,263,283,283
143,146,283,283
143,226,283,283
144,56,283,283
144,234,283,283
145,17,283,283
145,42,283,283
145,115,283,283
145,198,283,283
145,236,283,283
145,280,283,283
146,172,283,283
146,178,283,283
146,185,283,283
146,240,283,283
146,242,283,283
146,257,283,283
147,27,283,283
147,64,283,283
147,140,283,283
147,144,283,283
147,238,283,283
147,255,283,283
148,59,283,283
148,70,283,283
148,75,283,283
148,152,283,283
148,191,283,283
148,241,283,283
149,14,283,283
149,128,283,283
149,164,283,283
149,211,283,283
149,213,283,283
149,251,283,283
150,166,283,283
150,255,283,283
151,45,283,283
151,272,283,283
152,50,283,283
152,145,283,283
153,7,283,283
153,19,283,283
153,66,283,283
153,109,283,283
153,148,283,283
153,157,283,283
154,17,283,283
154,42,283,283
154,115,283,283
154,198,283,283
154,236,283,283
154,280,283,283
155,20,283,283
155,124,283,283
156,34,283,283
156,72,283,283
156,78,283,283
156,206,283,283
156,237,283,283
156,254,283,283
157,109,283,283
157,118,283,283
158,184,283,283
158,194,283,283
159,75,283,283
159,182,283,283
160,184,283,283
160,194,283,283
161,107,283,283
161,154,283,283
162,44,283,283
162,51,283,283
162,57,283,283
162,79,283,283
162,200,283,283
162,243,283,283
163,178,283,283
163,198,283,283
164,186,283,283
164,191,283,283
165,12,283,283
165,148,283,283
166,58,283,283
166,92,283,283
166,127,283,283
166,139,283,283
166,154,283,283
166,215,283,283
167,16,283,283
167,35,283,283
167,36,283,283
167,201,283,283
167,219,283,283
167,276,283,283
168,87,283,283
168,224,283,283
169,183,283,283
169,276,283,283
170,68,283,283
170,95,283,283
170,168,283,283
170,177,283,283
170,226,283,283
170,271,283,283
171,58,283,283
171,92,283,283
171,127,283,283
171,139,283,283
171,154,283,283
171,215,283,283
172,84,283,283
172,133,283,283
172,143,283,283
172,165,283,283
172,184,283,283
172,262,283,283
173,8,283,283
173,31,283,283
173,81,283,283
173,107,283,283
173,137,283,283
173,281,283,283
174,187,283,283
174,231,283,283
175,98,283,283
175,171,283,283
176,119,283,283
176,147,283,283
177,27,283,283
177,64,283,283
177,140,283,283
177,144,283,283
177,238,283,283
177,255,283,283
178,74,283,283
178,83,283,283
178,120,283,283
178,182,283,283
178,190,283,283
178,253,283,283
179,50,283,283
179,145,283,283
180,21,283,283
180,46,283,283
180,104,283,283
180,112,283,283
180,207,283,283
180,248,283,283
181,188,283,283
181,260,283,283
182,5,283,283
182,29,283,283
182,99,283,283
182,136,283,283
182,167,283,283
182,258,283,283
183,18,283,283
183,130,283,283
183,150,283,283
183,161,283,283
183,193,283,283
183,205,283,283
184,84,283,283
184,133,283,283
184,143,283,283
184,165,283,283
184,184,283,283
184,262,283,283
185,12,283,283
185,148,283,283
186,25,283,283
186,47,283,283
186,48,283,283
186,203,283,283
186,216,283,283
186,268,283,283
187,23,283,283
187,156,283,283
187,180,283,283
187,244,283,283
187,247,283,283
187,266,283,283
188,10,283,283
188,103,283,283
188,108,283,283
188,171,283,283
188,256,283,283
188,277,283,283
189,33,283,283
189,123,283,283
189,176,283,283
189,204,283,283
189,228,283,283
189,234,283,283
190,7,283,283
190,19,283,283
190,66,283,283
190,109,283,283
190,148,283,283
190,157,283,283
191,74,283,283
191,83,283,283
191,120,283,283
191,182,283,283
191,190,283,283
191,253,283,283
192,1,283,283
192,73,283,283
192,88,283,283
192,101,283,283
192,126,283,283
192,279,283,283
193,30,283,283
193,134,283,283
193,160,283,283
193,187,283,283
193,189,283,283
193,233,283,283
194,38,283,283
194,131,283,283
194,159,283,283
194,227,283,283
194,231,283,283
194,260,283,283
195,170,283,283
195,210,283,283
196,47,283,283
196,65,283,283
197,74,283,283
197,83,283,283
197,120,283,283
197,182,283,283
197,190,283,283
197,253,283,283
198,172,283,283
198,178,283,283
198,185,283,283
198,240,283,283
198,242,283,283
198,257,283,283
199,3,283,283
199,37,283,283
200,2,283,283
200,91,283,283
200,105,283,283
200,141,283,283
200,220,283,283
200,239,283,283
201,104,283,283
201,192,283,283
202,32,283,283
202,41,283,283
202,124,283,283
202,145,283,283
202,265,283,283
202,275,283,283
203,75,283,283
203,182,283,283
204,75,283,283
204,182,283,283
205,22,283,283
205,71,283,283
205,89,283,283
205,96,283,283
205,173,283,283
205,282,283,283
206,43,283,283
206,60,283,283
206,117,283,283
206,135,283,283
206,186,283,283
206,202,283,283
207,5,283,283
207,31,283,283
208,35,283,283
208,243,283,283
209,15,283,283
209,100,283,283
209,188,283,283
209,192,283,283
209,223,283,283
209,246,283,283
210,84,283,283
210,133,283,283
210,143,283,283
210,165,283,283
210,184,283,283
210,262,283,283
211,80,283,283
211,213,283,283
212,37,283,283
212,98,283,283
212,110,283,283
212,158,283,283
212,214,283,283
212,217,283,283
213,26,283,283
213,28,283,283
213,62,283,283
213,76,283,283
213,153,283,283
213,264,283,283
214,18,283,283
214,55,283,283
215,259,283,283
215,270,283,283
216,12,283,283
216,148,283,283
217,15,283,283
217,100,283,283
217,188,283,283
217,192,283,283
217,223,283,283
217,246,283,283
218,46,283,283
218,190,283,283
219,24,283,283
219,93,283,283
219,114,283,283
219,147,283,283
219,212,283,283
219,230,283,283
220,11,283,283
220,50,283,283
220,85,283,283
220,225,283,283
220,232,283,283
220,273,283,283
221,3,283,283
221,56,283,283
221,90,283,283
221,155,283,283
221,229,283,283
221,278,283,283
222,172,283,283
222,178,283,283
222,185,283,283
222,240,283,283
222,242,283,283
222,257,283,283
223,7,283,283
223,19,283,283
223,66,283,283
223,109,283,283
223,148,283,283
223,157,283,283
224,4,283,283
224,9,283,283
224,69,283,283
224,121,283,283
224,221,283,283
224,267,283,283
225,209,283,283
225,277,283,283
226,39,283,283
226,45,283,283
226,61,283,283
226,208,283,283
226,218,283,283
226,274,283,283
227,14,283,283
227,200,283,283
228,80,283,283
228,213,283,283
229,58,283,283
229,92,283,283
229,127,283,283
229,139,283,283
229,154,283,283
229,215,283,283
230,259,283,283
230,270,283,283
231,111,283,283
231,119,283,283
231,122,283,283
231,146,283,283
231,174,283,283
231,179,283,283
232,80,283,283
232,125,283,283
232,166,283,283
232,169,283,283
232,181,283,283
232,195,283,283
233,69,283,283
233,258,283,283
234,4,283,283
234,9,283,283
234,69,283,283
234,121,283,283
234,221,283,283
234,267,283,283
235,50,283,283
235,145,283,283
236,47,283,283
236,65,283,283
237,68,283,283
237,82,283,283
238,17,283,283
238,162,283,283
239,65,283,283
239,151,283,283
239,245,283,283
239,252,283,283
239,269,283,283
239,270,283,283
240,68,283,283
240,82,283,283
241,1,283,283
241,73,283,283
241,88,283,283
241,101,283,283
241,126,283,283
241,279,283,283
242,27,283,283
242,64,283,283
242,140,283,283
242,144,283,283
242,238,283,283
242,255,283,283
243,3,283,283
243,56,283,283
243,90,283,283
243,155,283,283
243,229,283,283
243,278,283,283
244,221,283,283
244,273,283,283
245,6,283,283
245,53,283,283
245,94,283,283
245,170,283,283
245,199,283,283
245,249,283,283
246,242,283,283
246,249,283,283
247,22,283,283
247,71,283,283
247,89,283,283
247,96,283,283
247,173,283,283
247,282,283,283
248,184,283,283
248,194,283,283
249,32,283,283
249,41,283,283
249,124,283,283
249,145,283,283
249,265,283,283
249,275,283,283
250,242,283,283
250,249,283,283
251,126,283,283
251,139,283,283
252,26,283,283
252,48,283,283
253,46,283,283
253,190,283,283
254,8,283,283
254,31,283,283
254,81,283,283
254,107,283,283
254,137,283,283
254,281,283,283
255,18,283,283
255,130,283,283
255,150,283,283
255,161,283,283
255,193,283,283
255,205,283,283
256,14,283,283
256,200,283,283
257,88,283,283
257,206,283,283
258,52,283,283
258,82,283,283
258,86,283,283
258,196,283,283
258,210,283,283
258,222,283,283
259,111,283,283
259,119,283,283
259,122,283,283
259,146,283,283
259,174,283,283
259,179,283,283
260,25,283,283
260,47,283,283
260,48,283,283
260,203,283,283
260,216,283,283
260,268,283,283
261,186,283,283
261,191,283,283
262,35,283,283
262,243,283,283
263,26,283,283
263,48,283,283
264,173,283,283
264,247,283,283
265,221,283,283
265,273,283,283
266,3,283,283
266,37,283,283
267,17,283,283
267,42,283,283
267,115,283,283
267,198,283,283
267,236,283,283
267,280,283,283
268,33,283,283
268,123,283,283
268,176,283,283
268,204,283,283
268,228,283,283
268,234,283,283
269,69,283,283
269,258,283,283
270,13,283,283
270,49,283,283
270,162,283,283
270,163,283,283
270,194,283,283
270,197,283,283
271,88,283,283
271,206,283,283
272,37,283,283
272,98,283,283
272,110,283,283
272,158,283,283
272,214,283,283
272,217,283,283
273,16,283,283
273,35,283,283
273,36,283,283
273,201,283,283
273,219,283,283
273,276,283,283
274,68,283,283
274,95,283,283
274,168,283,283
274,177,283,283
274,226,283,283
274,271,283,283
275,18,283,283
275,55,283,283
276,52,283,283
276,82,283,283
276,86,283,283
276,196,283,283
276,210,283,283
276,222,283,283
277,13,283,283
277,49,283,283
277,162,283,283
277,163,283,283
277,194,283,283
277,197,283,283
278,209,283,283
278,277,283,283
279,21,283,283
279,46,283,283
279,104,283,283
279,112,283,283
279,207,283,283
279,248,283,283
280,45,283,283
280,272,283,283
281,170,283,283
281,210,283,283
282,65,283,283
282,151,283,283
282,245,283,283
282,252,283,283
282,269,283,283
282,270,283,283
1,40,293,293
1,253,293,293
2,20,293,293
2,40,293,293
2,63,293,293
2,75,293,293
2,108,293,293
2,185,293,293
2,218,293,293
2,230,293,293
2,253,293,293
2,273,293,293
3,44,293,293
3,80,293,293
3,88,293,293
3,114,293,293
3,128,293,293
3,165,293,293
3,179,293,293
3,205,293,293
3,213,293,293
3,249,293,293
5,2,293,293
5,50,293,293
5,55,293,293
5,80,293,293
5,119,293,293
5,174,293,293
5,213,293,293
5,238,293,293
5,243,293,293
5,291,293,293
7,11,293,293
7,23,293,293
7,41,293,293
7,50,293,293
7,100,293,293
7,193,293,293
7,243,293,293
7,252,293,293
7,270,293,293
7,282,293,293
8,61,293,293
8,232,293,293
11,37,293,293
11,256,293,293
12,17,293,293
12,276,293,293
13,25,293,293
13,268,293,293
16,77,293,293
16,216,293,293
17,14,293,293
17,279,293,293
18,96,293,293
18,197,293,293
19,4,293,293
19,289,293,293
20,26,293,293
20,267,293,293
22,107,293,293
22,186,293,293
23,1,293,293
23,292,293,293
24,65,293,293
24,228,293,293
26,94,293,293
26,199,293,293
27,94,293,293
27,199,293,293
28,6,293,293
28,287,293,293
29,19,293,293
29,34,293,293
29,68,293,293
29,98,293,293
29,125,293,293
29,168,293,293
29,195,293,293
29,225,293,293
29,259,293,293
29,274,293,293
30,60,293,293
30,233,293,293
32,70,293,293
32,77,293,293
32,108,293,293
32,112,293,293
32,120,293,293
32,173,293,293
32,181,293,293
32,185,293,293
32,216,293,293
32,223,293,293
33,1,293,293
33,292,293,293
34,7,293,293
34,14,293,293
34,47,293,293
34,66,293,293
34,138,293,293
34,155,293,293
34,227,293,293
34,246,293,293
34,279,293,293
34,286,293,293
36,143,293,293
36,150,293,293
38,67,293,293
38,226,293,293
39,31,293,293
39,262,293,293
40,4,293,293
40,289,293,293
41,88,293,293
41,205,293,293
42,104,293,293
42,189,293,293
44,44,293,293
44,92,293,293
44,93,293,293
44,107,293,293
44,129,293,293
44,164,293,293
44,186,293,293
44,200,293,293
44,201,293,293
44,249,293,293
45,132,293,293
45,161,293,293
46,90,293,293
46,203,293,293
47,97,293,293
47,196,293,293
48,12,293,293
48,29,293,293
48,65,293,293
48,114,293,293
48,139,293,293
48,154,293,293
48,179,293,293
48,228,293,293
48,264,293,293
48,281,293,293
50,109,293,293
50,184,293,293
51,28,293,293
51,48,293,293
51,74,293,293
51,131,293,293
51,145,293,293
51,148,293,293
51,162,293,293
51,219,293,293
51,245,293,293
51,265,293,293
52,47,293,293
52,78,293,293
52,94,293,293
52,101,293,293
52,103,293,293
52,190,293,293
52,192,293,293
52,199,293,293
52,215,293,293
52,246,293,293
53,71,293,293
53,222,293,293
54,37,293,293
54,256,293,293
55,36,293,293
55,257,293,293
56,46,293,293
56,247,293,293
57,87,293,293
57,206,293,293
59,109,293,293
59,184,293,293
60,126,293,293
60,167,293,293
62,67,293,293
62,226,293,293
63,53,293,293
63,240,293,293
65,56,293,293
65,237,293,293
66,1,293,293
66,32,293,293
66,79,293,293
66,108,293,293
66,146,293,293
66,147,293,293
66,185,293,293
66,214,293,293
66,261,293,293
66,292,293,293
69,95,293,293
69,198,293,293
70,65,293,293
70,228,293,293
72,75,293,293
72,85,293,293
72,112,293,293
72,130,293,293
72,143,293,293
72,150,293,293
72,163,293,293
72,181,293,293
72,208,293,293
72,218,293,293
73,104,293,293
73,189,293,293
74,14,293,293
74,279,293,293
75,64,293,293
75,229,293,293
76,19,293,293
76,67,293,293
76,89,293,293
76,93,293,293
76,113,293,293
76,180,293,293
76,200,293,293
76,204,293,293
76,226,293,293
76,274,293,293
77,121,293,293
77,172,293,293
78,31,293,293
78,105,293,293
78,113,293,293
78,125,293,293
78,131,293,293
78,162,293,293
78,168,293,293
78,180,293,293
78,188,293,293
78,262,293,293
79,42,293,293
79,45,293,293
79,47,293,293
79,81,293,293
79,106,293,293
79,187,293,293
79,212,293,293
79,246,293,293
79,248,293,293
79,251,293,293
80,2,293,293
80,4,293,293
80,23,293,293
80,128,293,293
80,139,293,293
80,154,293,293
80,165,293,293
80,270,293,293
80,289,293,293
80,291,293,293
81,140,293,293
81,153,293,293
82,9,293,293
82,284,293,293
84,16,293,293
84,277,293,293
85,27,293,293
85,28,293,293
85,30,293,293
85,54,293,293
85,129,293,293
85,164,293,293
85,239,293,293
85,263,293,293
85,265,293,293
85,266,293,293
86,83,293,293
86,210,293,293
89,41,293,293
89,51,293,293
89,102,293,293
89,118,293,293
89,146,293,293
89,147,293,293
89,175,293,293
89,191,293,293
89,242,293,293
89,252,293,293
90,133,293,293
90,160,293,293
91,58,293,293
91,235,293,293
92,45,293,293
92,50,293,293
92,51,293,293
92,78,293,293
92,90,293,293
92,203,293,293
92,215,293,293
92,242,293,293
92,243,293,293
92,248,293,293
93,87,293,293
93,206,293,293
94,60,293,293
94,233,293,293
95,91,293,293
95,202,293,293
98,15,293,293
98,278,293,293
99,2,293,293
99,89,293,293
99,114,293,293
99,115,293,293
99,129,293,293
99,164,293,293
99,178,293,293
99,179,293,293
99,204,293,293
99,291,293,293
100,141,293,293
100,152,293,293
101,25,293,293
101,63,293,293
101,76,293,293
101,79,293,293
101,134,293,293
101,159,293,293
101,214,293,293
101,217,293,293
101,230,293,293
101,268,293,293
103,81,293,293
103,212,293,293
105,143,293,293
105,150,293,293
106,42,293,293
106,50,293,293
106,71,293,293
106,72,293,293
106,111,293,293
106,182,293,293
106,221,293,293
106,222,293,293
106,243,293,293
106,251,293,293
108,7,293,293
108,12,293,293
108,37,293,293
108,106,293,293
108,128,293,293
108,165,293,293
108,187,293,293
108,256,293,293
108,281,293,293
108,286,293,293
109,33,293,293
109,260,293,293
110,18,293,293
110,20,293,293
110,36,293,293
110,79,293,293
110,86,293,293
110,207,293,293
110,214,293,293
110,257,293,293
110,273,293,293
110,275,293,293
111,145,293,293
111,148,293,293
112,7,293,293
112,13,293,293
112,23,293,293
112,46,293,293
112,118,293,293
112,175,293,293
112,247,293,293
112,270,293,293
112,280,293,293
112,286,293,293
113,107,293,293
113,186,293,293
114,20,293,293
114,87,293,293
114,103,293,293
114,134,293,293
114,146,293,293
114,147,293,293
114,159,293,293
114,190,293,293
114,206,293,293
114,273,293,293
115,96,293,293
115,197,293,293
116,133,293,293
116,160,293,293
117,18,293,293
117,49,293,293
117,62,293,293
117,103,293,293
117,122,293,293
117,171,293,293
117,190,293,293
117,231,293,293
117,244,293,293
117,275,293,293
118,28,293,293
118,52,293,293
118,92,293,293
118,109,293,293
118,114,293,293
118,179,293,293
118,184,293,293
118,201,293,293
118,241,293,293
118,265,293,293
119,29,293,293
119,35,293,293
119,52,293,293
119,128,293,293
119,129,293,293
119,164,293,293
119,165,293,293
119,241,293,293
119,258,293,293
119,264,293,293
120,8,293,293
120,63,293,293
120,70,293,293
120,126,293,293
120,130,293,293
120,163,293,293
120,167,293,293
120,223,293,293
120,230,293,293
120,285,293,293
122,39,293,293
122,254,293,293
123,137,293,293
123,156,293,293
124,123,293,293
124,170,293,293
125,40,293,293
125,253,293,293
126,82,293,293
126,211,293,293
127,11,293,293
127,20,293,293
127,22,293,293
127,32,293,293
127,118,293,293
127,175,293,293
127,261,293,293
127,271,293,293
127,273,293,293
127,282,293,293
128,95,293,293
128,198,293,293
129,124,293,293
129,169,293,293
130,28,293,293
130,29,293,293
130,34,293,293
130,56,293,293
130,105,293,293
130,188,293,293
130,237,293,293
130,259,293,293
130,264,293,293
130,265,293,293
131,57,293,293
131,236,293,293
133,21,293,293
133,272,293,293
134,49,293,293
134,244,293,293
135,59,293,293
135,234,293,293
136,36,293,293
136,257,293,293
137,57,293,293
137,236,293,293
138,5,293,293
138,95,293,293
138,99,293,293
138,110,293,293
138,113,293,293
138,180,293,293
138,183,293,293
138,194,293,293
138,198,293,293
138,288,293,293
139,137,293,293
139,156,293,293
140,10,293,293
140,283,293,293
141,132,293,293
141,161,293,293
142,102,293,293
142,191,293,293
146,12,293,293
146,52,293,293
146,98,293,293
146,104,293,293
146,105,293,293
146,188,293,293
146,189,293,293
146,195,293,293
146,241,293,293
146,281,293,293
147,33,293,293
147,260,293,293
148,88,293,293
148,205,293,293
149,55,293,293
149,238,293,293
150,100,293,293
150,193,293,293
151,70,293,293
151,75,293,293
151,79,293,293
151,117,293,293
151,135,293,293
151,158,293,293
151,176,293,293
151,214,293,293
151,218,293,293
151,223,293,293
154,63,293,293
154,86,293,293
154,110,293,293
154,117,293,293
154,121,293,293
154,172,293,293
154,176,293,293
154,183,293,293
154,207,293,293
154,230,293,293
155,91,293,293
155,202,293,293
157,8,293,293
157,27,293,293
157,73,293,293
157,93,293,293
157,110,293,293
157,183,293,293
157,200,293,293
157,220,293,293
157,266,293,293
157,285,293,293
159,39,293,293
159,76,293,293
159,110,293,293
159,127,293,293
159,142,293,293
159,151,293,293
159,166,293,293
159,183,293,293
159,217,293,293
159,254,293,293
161,68,293,293
161,225,293,293
162,70,293,293
162,74,293,293
162,85,293,293
162,116,293,293
162,140,293,293
162,153,293,293
162,177,293,293
162,208,293,293
162,219,293,293
162,223,293,293
163,140,293,293
163,153,293,293
164,5,293,293
164,9,293,293
164,93,293,293
164,125,293,293
164,142,293,293
164,151,293,293
164,168,293,293
164,200,293,293
164,284,293,293
164,288,293,293
165,2,293,293
165,19,293,293
165,38,293,293
165,44,293,293
165,72,293,293
165,221,293,293
165,249,293,293
165,255,293,293
165,274,293,293
165,291,293,293
166,55,293,293
166,238,293,293
168,8,293,293
168,16,293,293
168,30,293,293
168,74,293,293
168,92,293,293
168,201,293,293
168,219,293,293
168,263,293,293
168,277,293,293
168,285,293,293
171,43,293,293
171,44,293,293
171,89,293,293
171,119,293,293
171,125,293,293
171,168,293,293
171,174,293,293
171,204,293,293
171,249,293,293
171,250,293,293
172,145,293,293
172,148,293,293
173,22,293,293
173,271,293,293
174,59,293,293
174,234,293,293
175,126,293,293
175,167,293,293
176,24,293,293
176,269,293,293
177,3,293,293
177,32,293,293
177,64,293,293
177,75,293,293
177,120,293,293
177,173,293,293
177,218,293,293
177,229,293,293
177,261,293,293
177,290,293,293
179,71,293,293
179,222,293,293
180,7,293,293
180,41,293,293
180,80,293,293
180,133,293,293
180,139,293,293
180,154,293,293
180,160,293,293
180,213,293,293
180,252,293,293
180,286,293,293
181,115,293,293
181,178,293,293
182,29,293,293
182,58,293,293
182,98,293,293
182,106,293,293
182,111,293,293
182,182,293,293
182,187,293,293
182,195,293,293
182,235,293,293
182,264,293,293
183,90,293,293
183,203,293,293
185,54,293,293
185,239,293,293
186,81,293,293
186,212,293,293
187,31,293,293
187,262,293,293
188,30,293,293
188,34,293,293
188,52,293,293
188,60,293,293
188,131,293,293
188,162,293,293
188,233,293,293
188,241,293,293
188,259,293,293
188,263,293,293
189,54,293,293
189,239,293,293
190,18,293,293
190,91,293,293
190,101,293,293
190,134,293,293
190,136,293,293
190,157,293,293
190,159,293,293
190,192,293,293
190,202,293,293
190,275,293,293
191,102,293,293
191,191,293,293
192,84,293,293
192,209,293,293
194,141,293,293
194,152,293,293
195,3,293,293
195,6,293,293
195,62,293,293
195,101,293,293
195,112,293,293
195,181,293,293
195,192,293,293
195,231,293,293
195,287,293,293
195,290,293,293
196,115,293,293
196,178,293,293
197,25,293,293
197,268,293,293
200,5,293,293
200,8,293,293
200,76,293,293
200,117,293,293
200,141,293,293
200,152,293,293
200,176,293,293
200,217,293,293
200,285,293,293
200,288,293,293
201,68,293,293
201,225,293,293
204,38,293,293
204,255,293,293
205,49,293,293
205,244,293,293
206,35,293,293
206,258,293,293
207,11,293,293
207,42,293,293
207,51,293,293
207,84,293,293
207,103,293,293
207,190,293,293
207,209,293,293
207,242,293,293
207,251,293,293
207,282,293,293
208,135,293,293
208,158,293,293
210,22,293,293
210,271,293,293
213,10,293,293
213,283,293,293
214,56,293,293
214,237,293,293
215,69,293,293
215,224,293,293
217,21,293,293
217,272,293,293
218,30,293,293
218,33,293,293
218,48,293,293
218,116,293,293
218,130,293,293
218,163,293,293
218,177,293,293
218,245,293,293
218,260,293,293
218,263,293,293
219,53,293,293
219,62,293,293
219,85,293,293
219,120,293,293
219,136,293,293
219,157,293,293
219,173,293,293
219,208,293,293
219,231,293,293
219,240,293,293
221,82,293,293
221,211,293,293
222,135,293,293
222,158,293,293
223,3,293,293
223,13,293,293
223,26,293,293
223,47,293,293
223,122,293,293
223,171,293,293
223,246,293,293
223,267,293,293
223,280,293,293
223,290,293,293
225,73,293,293
225,220,293,293
226,39,293,293
226,254,293,293
227,144,293,293
227,149,293,293
229,38,293,293
229,255,293,293
230,34,293,293
230,48,293,293
230,96,293,293
230,113,293,293
230,142,293,293
230,151,293,293
230,180,293,293
230,197,293,293
230,245,293,293
230,259,293,293
231,23,293,293
231,51,293,293
231,72,293,293
231,80,293,293
231,144,293,293
231,149,293,293
231,213,293,293
231,221,293,293
231,242,293,293
231,270,293,293
232,43,293,293
232,250,293,293
235,64,293,293
235,229,293,293
241,58,293,293
241,235,293,293
242,77,293,293
242,216,293,293
243,13,293,293
243,15,293,293
243,106,293,293
243,138,293,293
243,139,293,293
243,154,293,293
243,155,293,293
243,187,293,293
243,278,293,293
243,280,293,293
244,6,293,293
244,287,293,293
245,16,293,293
245,277,293,293
246,11,293,293
246,18,293,293
246,78,293,293
246,137,293,293
246,146,293,293
246,147,293,293
246,156,293,293
246,215,293,293
246,275,293,293
246,282,293,293
248,48,293,293
248,85,293,293
248,99,293,293
248,123,293,293
248,127,293,293
248,166,293,293
248,170,293,293
248,194,293,293
248,208,293,293
248,245,293,293
249,121,293,293
249,172,293,293
250,84,293,293
250,209,293,293
251,17,293,293
251,42,293,293
251,78,293,293
251,122,293,293
251,138,293,293
251,155,293,293
251,171,293,293
251,215,293,293
251,251,293,293
251,276,293,293
252,13,293,293
252,32,293,293
252,41,293,293
252,66,293,293
252,82,293,293
252,211,293,293
252,227,293,293
252,252,293,293
252,261,293,293
252,280,293,293
256,53,293,293
256,240,293,293
258,26,293,293
258,267,293,293
259,35,293,293
259,258,293,293
261,46,293,293
261,247,293,293
262,144,293,293
262,149,293,293
263,12,293,293
263,24,293,293
263,45,293,293
263,111,293,293
263,138,293,293
263,155,293,293
263,182,293,293
263,248,293,293
263,269,293,293
263,281,293,293
264,123,293,293
264,170,293,293
265,61,293,293
265,99,293,293
265,116,293,293
265,131,293,293
265,142,293,293
265,151,293,293
265,162,293,293
265,177,293,293
265,194,293,293
265,232,293,293
266,21,293,293
266,76,293,293
266,86,293,293
266,99,293,293
266,136,293,293
266,157,293,293
266,194,293,293
266,207,293,293
266,217,293,293
266,272,293,293
268,15,293,293
268,278,293,293
270,27,293,293
270,59,293,293
270,74,293,293
270,117,293,293
270,130,293,293
270,163,293,293
270,176,293,293
270,219,293,293
270,234,293,293
270,266,293,293
272,17,293,293
272,276,293,293
273,69,293,293
273,112,293,293
273,116,293,293
273,127,293,293
273,136,293,293
273,157,293,293
273,166,293,293
273,177,293,293
273,181,293,293
273,224,293,293
274,3,293,293
274,57,293,293
274,66,293,293
274,108,293,293
274,118,293,293
274,175,293,293
274,185,293,293
274,227,293,293
274,236,293,293
274,290,293,293
275,45,293,293
275,72,293,293
275,97,293,293
275,98,293,293
275,119,293,293
275,174,293,293
275,195,293,293
275,196,293,293
275,221,293,293
275,248,293,293
278,24,293,293
278,269,293,293
279,61,293,293
279,232,293,293
280,5,293,293
280,10,293,293
280,27,293,293
280,89,293,293
280,92,293,293
280,201,293,293
280,204,293,293
280,266,293,293
280,283,293,293
280,288,293,293
281,62,293,293
281,86,293,293
281,124,293,293
281,127,293,293
281,134,293,293
281,159,293,293
281,166,293,293
281,169,293,293
281,207,293,293
281,231,293,293
282,66,293,293
282,101,293,293
282,120,293,293
282,122,293,293
282,132,293,293
282,161,293,293
282,171,293,293
282,173,293,293
282,192,293,293
282,227,293,293
283,69,293,293
283,224,293,293
284,97,293,293
284,196,293,293
285,19,293,293
285,83,293,293
285,105,293,293
285,111,293,293
285,119,293,293
285,174,293,293
285,182,293,293
285,188,293,293
285,210,293,293
285,274,293,293
286,43,293,293
286,250,293,293
287,124,293,293
287,169,293,293
288,9,293,293
288,284,293,293
289,83,293,293
289,210,293,293
290,73,293,293
290,220,293,293
291,100,293,293
291,193,293,293
2,27,307,307
2,110,307,307
2,260,307,307
2,303,307,307
3,7,307,307
3,62,307,307
3,205,307,307
3,288,307,307
5,28,307,307
5,206,307,307
5,231,307,307
5,248,307,307
8,32,307,307
8,41,307,307
8,69,307,307
8,91,307,307
12,118,307,307
12,152,307,307
12,202,307,307
12,251,307,307
13,93,307,307
13,122,307,307
13,136,307,307
13,230,307,307
14,25,307,307
14,46,307,307
14,162,307,307
14,283,307,307
18,41,307,307
18,100,307,307
18,108,307,307
18,192,307,307
20,83,307,307
20,165,307,307
20,194,307,307
20,301,307,307
21,2,307,307
21,42,307,307
21,65,307,307
21,193,307,307
22,57,307,307
22,128,307,307
22,164,307,307
22,276,307,307
23,94,307,307
23,278,307,307
23,291,307,307
23,298,307,307
27,118,307,307
27,168,307,307
27,206,307,307
27,298,307,307
29,72,307,307
29,128,307,307
29,169,307,307
29,232,307,307
30,93,307,307
30,125,307,307
30,154,307,307
30,164,307,307
31,107,307,307
31,192,307,307
31,239,307,307
31,246,307,307
32,51,307,307
32,62,307,307
32,193,307,307
32,286,307,307
33,83,307,307
33,165,307,307
33,194,307,307
33,301,307,307
34,27,307,307
34,110,307,307
34,260,307,307
34,303,307,307
35,8,307,307
35,158,307,307
35,168,307,307
35,260,307,307
38,51,307,307
38,62,307,307
38,193,307,307
38,286,307,307
43,12,307,307
43,83,307,307
43,237,307,307
43,252,307,307
45,58,307,307
45,165,307,307
45,210,307,307
45,271,307,307
47,46,307,307
47,163,307,307
47,226,307,307
47,232,307,307
48,12,307,307
48,141,307,307
48,226,307,307
48,284,307,307
50,2,307,307
50,42,307,307
50,65,307,307
50,193,307,307
51,7,307,307
51,62,307,307
51,205,307,307
51,288,307,307
52,2,307,307
52,140,307,307
52,177,307,307
52,252,307,307
55,25,307,307
55,46,307,307
55,162,307,307
55,283,307,307
56,107,307,307
56,192,307,307
56,239,307,307
56,246,307,307
57,12,307,307
57,141,307,307
57,226,307,307
57,284,307,307
59,91,307,307
59,107,307,307
59,225,307,307
59,230,307,307
61,38,307,307
61,183,307,307
61,204,307,307
61,293,307,307
67,57,307,307
67,128,307,307
67,164,307,307
67,276,307,307
72,57,307,307
72,121,307,307
72,286,307,307
72,306,307,307
73,93,307,307
73,122,307,307
73,136,307,307
73,230,307,307
74,93,307,307
74,125,307,307
74,154,307,307
74,164,307,307
75,46,307,307
75,163,307,307
75,226,307,307
75,232,307,307
78,51,307,307
78,150,307,307
78,163,307,307
78,276,307,307
80,48,307,307
80,215,307,307
80,257,307,307
80,290,307,307
82,91,307,307
82,107,307,307
82,225,307,307
82,230,307,307
84,94,307,307
84,278,307,307
84,291,307,307
84,298,307,307
85,28,307,307
85,206,307,307
85,231,307,307
85,248,307,307
88,158,307,307
88,204,307,307
88,223,307,307
88,248,307,307
91,118,307,307
91,152,307,307
91,202,307,307
91,251,307,307
92,72,307,307
92,128,307,307
92,169,307,307
92,232,307,307
95,48,307,307
95,215,307,307
95,257,307,307
95,290,307,307
98,51,307,307
98,150,307,307
98,163,307,307
98,276,307,307
106,28,307,307
106,122,307,307
106,152,307,307
106,239,307,307
108,72,307,307
108,191,307,307
108,194,307,307
108,284,307,307
111,58,307,307
111,165,307,307
111,210,307,307
111,271,307,307
116,38,307,307
116,183,307,307
116,204,307,307
116,293,307,307
117,12,307,307
117,83,307,307
117,237,307,307
117,252,307,307
120,177,307,307
120,223,307,307
120,228,307,307
120,303,307,307
123,18,307,307
123,71,307,307
123,202,307,307
123,278,307,307
124,65,307,307
124,181,307,307
124,237,307,307
124,306,307,307
125,7,307,307
125,38,307,307
125,184,307,307
125,290,307,307
126,34,307,307
126,231,307,307
126,246,307,307
126,293,307,307
128,118,307,307
128,168,307,307
128,206,307,307
128,298,307,307
130,38,307,307
130,183,307,307
130,204,307,307
130,293,307,307
131,51,307,307
131,150,307,307
131,163,307,307
131,276,307,307
132,48,307,307
132,215,307,307
132,257,307,307
132,290,307,307
136,32,307,307
136,41,307,307
136,69,307,307
136,91,307,307
137,150,307,307
137,162,307,307
137,215,307,307
137,288,307,307
138,35,307,307
138,112,307,307
138,181,307,307
138,301,307,307
139,42,307,307
139,183,307,307
139,205,307,307
139,228,307,307
140,69,307,307
140,191,307,307
140,243,307,307
140,271,307,307
142,125,307,307
142,169,307,307
142,225,307,307
142,243,307,307
143,8,307,307
143,87,307,307
143,94,307,307
143,253,307,307
147,12,307,307
147,83,307,307
147,237,307,307
147,252,307,307
151,58,307,307
151,165,307,307
151,210,307,307
151,271,307,307
152,118,307,307
152,168,307,307
152,206,307,307
152,298,307,307
154,35,307,307
154,63,307,307
154,121,307,307
154,154,307,307
157,3,307,307
157,71,307,307
157,112,307,307
157,210,307,307
158,110,307,307
158,140,307,307
158,141,307,307
158,283,307,307
159,108,307,307
159,119,307,307
159,133,307,307
159,291,307,307
161,133,307,307
161,211,307,307
161,253,307,307
161,257,307,307
162,35,307,307
162,63,307,307
162,121,307,307
162,154,307,307
163,32,307,307
163,41,307,307
163,69,307,307
163,91,307,307
166,91,307,307
166,107,307,307
166,225,307,307
166,230,307,307
172,133,307,307
172,211,307,307
172,253,307,307
172,257,307,307
173,18,307,307
173,32,307,307
173,58,307,307
173,119,307,307
174,25,307,307
174,27,307,307
174,48,307,307
174,87,307,307
178,18,307,307
178,32,307,307
178,58,307,307
178,119,307,307
180,150,307,307
180,162,307,307
180,215,307,307
180,288,307,307
185,46,307,307
185,163,307,307
185,226,307,307
185,232,307,307
186,72,307,307
186,128,307,307
186,169,307,307
186,232,307,307
188,34,307,307
188,231,307,307
188,246,307,307
188,293,307,307
189,8,307,307
189,87,307,307
189,94,307,307
189,253,307,307
192,34,307,307
192,100,307,307
192,184,307,307
192,211,307,307
193,3,307,307
193,63,307,307
193,136,307,307
193,251,307,307
194,34,307,307
194,100,307,307
194,184,307,307
194,211,307,307
195,25,307,307
195,27,307,307
195,48,307,307
195,87,307,307
197,35,307,307
197,112,307,307
197,181,307,307
197,301,307,307
198,177,307,307
198,223,307,307
198,228,307,307
198,303,307,307
200,94,307,307
200,278,307,307
200,291,307,307
200,298,307,307
202,12,307,307
202,141,307,307
202,226,307,307
202,284,307,307
203,93,307,307
203,125,307,307
203,154,307,307
203,164,307,307
204,118,307,307
204,152,307,307
204,202,307,307
204,251,307,307
205,72,307,307
205,191,307,307
205,194,307,307
205,284,307,307
206,7,307,307
206,38,307,307
206,184,307,307
206,290,307,307
207,125,307,307
207,169,307,307
207,225,307,307
207,243,307,307
208,108,307,307
208,119,307,307
208,133,307,307
208,291,307,307
210,3,307,307
210,63,307,307
210,136,307,307
210,251,307,307
211,3,307,307
211,63,307,307
211,136,307,307
211,251,307,307
213,3,307,307
213,71,307,307
213,112,307,307
213,210,307,307
214,42,307,307
214,183,307,307
214,205,307,307
214,228,307,307
217,28,307,307
217,206,307,307
217,231,307,307
217,248,307,307
218,57,307,307
218,128,307,307
218,164,307,307
218,276,307,307
220,107,307,307
220,192,307,307
220,239,307,307
220,246,307,307
221,93,307,307
221,122,307,307
221,136,307,307
221,230,307,307
224,65,307,307
224,181,307,307
224,237,307,307
224,306,307,307
226,110,307,307
226,140,307,307
226,141,307,307
226,283,307,307
228,34,307,307
228,100,307,307
228,184,307,307
228,211,307,307
230,110,307,307
230,140,307,307
230,141,307,307
230,283,307,307
231,69,307,307
231,191,307,307
231,243,307,307
231,271,307,307
236,2,307,307
236,42,307,307
236,65,307,307
236,193,307,307
237,51,307,307
237,62,307,307
237,193,307,307
237,286,307,307
238,25,307,307
238,46,307,307
238,162,307,307
238,283,307,307
239,57,307,307
239,121,307,307
239,286,307,307
239,306,307,307
241,28,307,307
241,122,307,307
241,152,307,307
241,239,307,307
242,18,307,307
242,71,307,307
242,202,307,307
242,278,307,307
243,69,307,307
243,191,307,307
243,243,307,307
243,271,307,307
244,3,307,307
244,71,307,307
244,112,307,307
244,210,307,307
245,25,307,307
245,27,307,307
245,48,307,307
245,87,307,307
247,108,307,307
247,119,307,307
247,133,307,307
247,291,307,307
249,18,307,307
249,71,307,307
249,202,307,307
249,278,307,307
253,7,307,307
253,62,307,307
253,205,307,307
253,288,307,307
254,83,307,307
254,165,307,307
254,194,307,307
254,301,307,307
258,158,307,307
258,204,307,307
258,223,307,307
258,248,307,307
261,42,307,307
261,183,307,307
261,205,307,307
261,228,307,307
263,18,307,307
263,32,307,307
263,58,307,307
263,119,307,307
265,125,307,307
265,169,307,307
265,225,307,307
265,243,307,307
266,65,307,307
266,181,307,307
266,237,307,307
266,306,307,307
267,28,307,307
267,122,307,307
267,152,307,307
267,239,307,307
268,158,307,307
268,204,307,307
268,223,307,307
268,248,307,307
270,2,307,307
270,140,307,307
270,177,307,307
270,252,307,307
271,27,307,307
271,110,307,307
271,260,307,307
271,303,307,307
279,35,307,307
279,112,307,307
279,181,307,307
279,301,307,307
281,133,307,307
281,211,307,307
281,253,307,307
281,257,307,307
282,8,307,307
282,87,307,307
282,94,307,307
282,253,307,307
283,7,307,307
283,38,307,307
283,184,307,307
283,290,307,307
288,8,307,307
288,158,307,307
288,168,307,307
288,260,307,307
290,41,307,307
290,100,307,307
290,108,307,307
290,192,307,307
291,8,307,307
291,158,307,307
291,168,307,307
291,260,307,307
292,2,307,307
292,140,307,307
292,177,307,307
292,252,307,307
296,177,307,307
296,223,307,307
296,228,307,307
296,303,307,307
297,150,307,307
297,162,307,307
297,215,307,307
297,288,307,307
298,35,307,307
298,63,307,307
298,121,307,307
298,154,307,307
300,34,307,307
300,231,307,307
300,246,307,307
300,293,307,307
301,72,307,307
301,191,307,307
301,194,307,307
301,284,307,307
303,57,307,307
303,121,307,307
303,286,307,307
303,306,307,307
306,41,307,307
306,100,307,307
306,108,307,307
306,192,307,307
1,64,311,311
1,92,311,311
2,260,311,311
2,296,311,311
3,58,311,311
3,135,311,311
4,114,311,311
4,201,311,311
5,17,311,311
5,120,311,311
6,119,311,311
6,218,311,311
7,209,311,311
7,281,311,311
8,191,311,311
8,214,311,311
9,173,311,311
9,307,311,311
10,21,311,311
10,244,311,311
11,25,311,311
11,285,311,311
12,147,311,311
12,153,311,311
13,48,311,311
13,69,311,311
14,91,311,311
14,228,311,311
15,31,311,311
15,292,311,311
16,53,311,311
16,290,311,311
17,81,311,311
17,177,311,311
18,178,311,311
18,217,311,311
19,105,311,311
19,264,311,311
20,27,311,311
20,136,311,311
21,125,311,311
21,238,311,311
22,11,311,311
22,121,311,311
23,21,311,311
23,115,311,311
24,19,311,311
24,189,311,311
25,225,311,311
25,304,311,311
26,195,311,311
26,222,311,311
27,11,311,311
27,224,311,311
28,71,311,311
28,117,311,311
29,167,311,311
29,282,311,311
30,20,311,311
30,262,311,311
31,190,311,311
31,224,311,311
32,157,311,311
32,284,311,311
33,9,311,311
33,227,311,311
34,193,311,311
34,272,311,311
35,42,311,311
35,177,311,311
36,140,311,311
36,279,311,311
37,16,311,311
37,58,311,311
38,135,311,311
38,295,311,311
39,179,311,311
39,199,311,311
40,86,311,311
40,168,311,311
41,82,311,311
41,280,311,311
42,294,311,311
42,306,311,311
43,251,311,311
43,273,311,311
44,103,311,311
44,200,311,311
45,130,311,311
45,148,311,311
46,27,311,311
46,59,311,311
47,242,311,311
47,309,311,311
48,243,311,311
48,291,311,311
49,145,311,311
49,182,311,311
50,156,311,311
50,302,311,311
51,166,311,311
51,213,311,311
52,73,311,311
52,241,311,311
53,10,311,311
53,131,311,311
54,103,311,311
54,288,311,311
55,8,311,311
55,29,311,311
56,106,311,311
56,269,311,311
57,100,311,311
57,207,311,311
58,37,311,311
58,96,311,311
59,83,311,311
59,262,311,311
60,159,311,311
60,248,311,311
61,48,311,311
61,174,311,311
62,111,311,311
62,288,311,311
63,45,311,311
63,123,311,311
64,113,311,311
64,143,311,311
65,90,311,311
65,246,311,311
66,56,311,311
66,203,311,311
67,163,311,311
67,176,311,311
68,26,311,311
68,172,311,311
69,20,311,311
69,228,311,311
70,54,311,311
70,272,311,311
71,3,311,311
71,283,311,311
72,180,311,311
72,181,311,311
73,278,311,311
73,283,311,311
74,65,311,311
74,119,311,311
75,81,311,311
75,97,311,311
76,218,311,311
76,246,311,311
77,22,311,311
77,242,311,311
78,8,311,311
78,167,311,311
79,15,311,311
79,41,311,311
80,155,311,311
80,216,311,311
81,6,311,311
81,203,311,311
82,49,311,311
82,61,311,311
83,210,311,311
83,263,311,311
84,38,311,311
84,67,311,311
85,113,311,311
85,293,311,311
86,40,311,311
86,145,311,311
87,2,311,311
87,85,311,311
88,35,311,311
88,88,311,311
89,94,311,311
89,174,311,311
90,57,311,311
90,256,311,311
91,79,311,311
91,133,311,311
92,168,311,311
92,298,311,311
93,6,311,311
93,255,311,311
94,89,311,311
94,264,311,311
95,158,311,311
95,184,311,311
96,152,311,311
96,268,311,311
97,108,311,311
97,236,311,311
98,142,311,311
98,234,311,311
99,53,311,311
99,231,311,311
100,245,311,311
100,255,311,311
101,234,311,311
101,304,311,311
102,169,311,311
102,185,311,311
103,38,311,311
103,107,311,311
104,5,311,311
104,221,311,311
105,40,311,311
105,213,311,311
106,124,311,311
106,235,311,311
107,162,311,311
107,194,311,311
108,88,311,311
108,237,311,311
109,9,311,311
109,149,311,311
110,188,311,311
110,215,311,311
111,267,311,311
111,307,311,311
112,3,311,311
112,257,311,311
113,14,311,311
113,59,311,311
114,44,311,311
114,173,311,311
115,99,311,311
115,156,311,311
116,79,311,311
116,92,311,311
117,52,311,311
117,308,311,311
118,240,311,311
118,248,311,311
119,75,311,311
119,233,311,311
120,160,311,311
120,230,311,311
121,30,311,311
121,82,311,311
122,46,311,311
122,195,311,311
123,163,311,311
123,241,311,311
124,237,311,311
124,276,311,311
125,72,311,311
125,259,311,311
126,247,311,311
126,280,311,311
127,99,311,311
127,150,311,311
128,12,311,311
128,95,311,311
129,165,311,311
129,260,311,311
130,183,311,311
130,249,311,311
131,67,311,311
131,204,311,311
132,72,311,311
132,261,311,311
133,270,311,311
133,279,311,311
134,93,311,311
134,254,311,311
135,109,311,311
135,215,311,311
136,300,311,311
136,310,311,311
137,24,311,311
137,190,311,311
138,71,311,311
138,159,311,311
139,68,311,311
139,169,311,311
140,25,311,311
140,172,311,311
141,112,311,311
141,161,311,311
142,226,311,311
142,275,311,311
143,136,311,311
143,252,311,311
144,55,311,311
144,187,311,311
145,41,311,311
145,140,311,311
146,2,311,311
146,275,311,311
147,277,311,311
147,301,311,311
148,128,311,311
148,153,311,311
149,4,311,311
149,170,311,311
150,193,311,311
150,258,311,311
151,144,311,311
151,211,311,311
152,147,311,311
152,183,311,311
153,10,311,311
153,114,311,311
154,89,311,311
154,206,311,311
155,109,311,311
155,123,311,311
156,37,311,311
156,188,311,311
157,105,311,311
157,287,311,311
158,186,311,311
158,197,311,311
159,128,311,311
159,184,311,311
160,66,311,311
160,100,311,311
161,54,311,311
161,118,311,311
162,141,311,311
162,261,311,311
163,158,311,311
163,266,311,311
164,34,311,311
164,63,311,311
165,289,311,311
165,309,311,311
166,116,311,311
166,270,311,311
167,120,311,311
167,124,311,311
168,175,311,311
168,271,311,311
169,36,311,311
169,285,311,311
170,12,311,311
170,199,311,311
171,36,311,311
171,286,311,311
172,7,311,311
172,142,311,311
173,34,311,311
173,240,311,311
174,47,311,311
174,287,311,311
175,1,311,311
175,293,311,311
176,45,311,311
176,202,311,311
177,5,311,311
177,57,311,311
178,32,311,311
178,46,311,311
179,33,311,311
179,50,311,311
180,107,311,311
180,251,311,311
181,60,311,311
181,62,311,311
182,146,311,311
182,171,311,311
183,179,311,311
183,299,311,311
184,161,311,311
184,216,311,311
185,30,311,311
185,31,311,311
186,141,311,311
186,239,311,311
187,35,311,311
187,303,311,311
188,70,311,311
188,295,311,311
189,206,311,311
189,265,311,311
190,281,311,311
190,292,311,311
191,106,311,311
191,151,311,311
192,78,311,311
192,151,311,311
193,63,311,311
193,110,311,311
194,50,311,311
194,259,311,311
195,101,311,311
195,219,311,311
196,212,311,311
196,227,311,311
197,170,311,311
197,267,311,311
198,157,311,311
198,297,311,311
199,278,311,311
199,308,311,311
200,4,311,311
200,239,311,311
201,96,311,311
201,138,311,311
202,212,311,311
202,302,311,311
203,74,311,311
203,192,311,311
204,84,311,311
204,149,311,311
205,76,311,311
205,214,311,311
206,182,311,311
206,271,311,311
207,256,311,311
207,306,311,311
208,62,311,311
208,273,311,311
209,126,311,311
209,220,311,311
210,7,311,311
210,185,311,311
211,66,311,311
211,104,311,311
212,80,311,311
212,115,311,311
213,77,311,311
213,225,311,311
214,75,311,311
214,205,311,311
215,43,311,311
215,162,311,311
216,127,311,311
216,202,311,311
217,222,311,311
217,265,311,311
218,56,311,311
218,236,311,311
219,13,311,311
219,77,311,311
220,64,311,311
220,232,311,311
221,55,311,311
221,294,311,311
222,210,311,311
222,217,311,311
223,29,311,311
223,223,311,311
224,226,311,311
224,286,311,311
225,122,311,311
225,166,311,311
226,18,311,311
226,298,311,311
227,196,311,311
227,244,311,311
228,101,311,311
228,178,311,311
229,165,311,311
229,250,311,311
230,245,311,311
230,305,311,311
231,95,311,311
231,112,311,311
232,146,311,311
232,296,311,311
233,223,311,311
233,303,311,311
234,85,311,311
234,289,311,311
235,65,311,311
235,74,311,311
236,42,311,311
236,230,311,311
237,192,311,311
237,276,311,311
238,33,311,311
238,52,311,311
239,131,311,311
239,197,311,311
240,28,311,311
240,118,311,311
241,28,311,311
241,257,311,311
242,61,311,311
242,83,311,311
243,139,311,311
243,297,311,311
244,73,311,311
244,148,311,311
245,108,311,311
245,233,311,311
246,221,311,311
246,254,311,311
247,1,311,311
247,198,311,311
248,127,311,311
248,266,311,311
249,132,311,311
249,200,311,311
250,22,311,311
250,137,311,311
251,117,311,311
251,152,311,311
252,49,311,311
252,51,311,311
253,44,311,311
253,274,311,311
254,104,311,311
254,305,311,311
255,78,311,311
255,205,311,311
256,211,311,311
256,282,311,311
257,23,311,311
257,253,311,311
258,201,311,311
258,301,311,311
259,130,311,311
259,238,311,311
260,98,311,311
260,102,311,311
261,150,311,311
261,155,311,311
262,129,311,311
262,175,311,311
263,68,311,311
263,126,311,311
264,69,311,311
264,137,311,311
265,129,311,311
265,252,311,311
266,125,311,311
266,181,311,311
267,208,311,311
267,299,311,311
268,60,311,311
268,164,311,311
269,17,311,311
269,187,311,311
270,229,311,311
270,232,311,311
271,18,311,311
271,143,311,311
272,132,311,311
272,208,311,311
273,16,311,311
273,23,311,311
274,111,311,311
274,253,311,311
275,15,311,311
275,171,311,311
276,160,311,311
276,269,311,311
277,39,311,311
277,231,311,311
278,43,311,311
278,84,311,311
279,139,311,311
279,154,311,311
280,121,311,311
280,310,311,311
281,91,311,311
281,291,311,311
282,144,311,311
282,207,311,311
283,194,311,311
283,268,311,311
284,24,311,311
284,87,311,311
285,32,311,311
285,116,311,311
286,13,311,311
286,86,311,311
287,98,311,311
287,122,311,311
288,196,311,311
288,204,311,311
289,198,311,311
289,300,311,311
290,180,311,311
290,186,311,311
291,14,311,311
291,284,311,311
292,47,311,311
292,87,311,311
293,133,311,311
293,219,311,311
294,76,311,311
294,134,311,311
295,39,311,311
295,258,311,311
296,19,311,311
296,209,311,311
297,220,311,311
297,243,311,311
298,94,311,311
298,263,311,311
299,164,311,311
299,249,311,311
300,26,311,311
300,154,311,311
301,80,311,311
301,290,311,311
302,138,311,311
302,274,311,311
303,97,311,311
303,134,311,311
304,102,311,311
304,189,311,311
305,90,311,311
305,93,311,311
306,191,311,311
306,235,311,311
307,110,311,311
307,277,311,311
308,70,311,311
308,176,311,311
309,51,311,311
309,250,311,311
310,229,311,311
310,247,311,311
1,14,313,313
1,88,313,313
1,107,313,313
1,129,313,313
1,184,313,313
1,206,313,313
1,225,313,313
1,299,313,313
2,39,313,313
2,119,313,313
2,122,313,313
2,191,313,313
2,194,313,313
2,274,313,313
3,2,313,313
3,38,313,313
3,43,313,313
3,118,313,313
3,195,313,313
3,270,313,313
3,275,313,313
3,311,313,313
4,78,313,313
4,83,313,313
4,93,313,313
4,112,313,313
4,201,313,313
4,220,313,313
4,230,313,313
4,235,313,313
5,12,313,313
5,27,313,313
5,31,313,313
5,92,313,313
5,155,313,313
5,158,313,313
5,221,313,313
5,282,313,313
5,286,313,313
5,301,313,313
6,8,313,313
6,17,313,313
6,104,313,313
6,209,313,313
6,296,313,313
6,305,313,313
7,52,313,313
7,91,313,313
7,116,313,313
7,142,313,313
7,154,313,313
7,159,313,313
7,171,313,313
7,197,313,313
7,222,313,313
7,261,313,313
8,1,313,313
8,13,313,313
8,37,313,313
8,276,313,313
8,300,313,313
8,312,313,313
9,40,313,313
9,65,313,313
9,72,313,313
9,128,313,313
9,185,313,313
9,241,313,313
9,248,313,313
9,273,313,313
10,7,313,313
10,19,313,313
10,54,313,313
10,259,313,313
10,294,313,313
10,306,313,313
11,45,313,313
11,98,313,313
11,104,313,313
11,124,313,313
11,189,313,313
11,209,313,313
11,215,313,313
11,268,313,313
12,5,313,313
12,9,313,313
12,16,313,313
12,31,313,313
12,282,313,313
12,297,313,313
12,304,313,313
12,308,313,313
13,55,313,313
13,87,313,313
13,103,313,313
13,210,313,313
13,226,313,313
13,258,313,313
14,25,313,313
14,104,313,313
14,141,313,313
14,172,313,313
14,209,313,313
14,288,313,313
15,59,313,313
15,96,313,313
15,106,313,313
15,142,313,313
15,150,313,313
15,163,313,313
15,171,313,313
15,207,313,313
15,217,313,313
15,254,313,313
16,2,313,313
16,38,313,313
16,43,313,313
16,118,313,313
16,195,313,313
16,270,313,313
16,275,313,313
16,311,313,313
17,70,313,313
17,71,313,313
17,125,313,313
17,188,313,313
17,242,313,313
17,243,313,313
18,83,313,313
18,114,313,313
18,149,313,313
18,164,313,313
18,199,313,313
18,230,313,313
19,11,313,313
19,50,313,313
19,133,313,313
19,136,313,313
19,177,313,313
19,180,313,313
19,263,313,313
19,302,313,313
20,12,313,313
20,65,313,313
20,96,313,313
20,97,313,313
20,110,313,313
20,203,313,313
20,216,313,313
20,217,313,313
20,248,313,313
20,301,313,313
21,11,313,313
21,88,313,313
21,115,313,313
21,123,313,313
21,153,313,313
21,160,313,313
21,190,313,313
21,198,313,313
21,225,313,313
21,302,313,313
22,55,313,313
22,87,313,313
22,103,313,313
22,210,313,313
22,226,313,313
22,258,313,313
23,2,313,313
23,47,313,313
23,78,313,313
23,89,313,313
23,152,313,313
23,161,313,313
23,224,313,313
23,235,313,313
23,266,313,313
23,311,313,313
24,64,313,313
24,107,313,313
24,136,313,313
24,177,313,313
24,206,313,313
24,249,313,313
25,79,313,313
25,88,313,313
25,106,313,313
25,207,313,313
25,225,313,313
25,234,313,313
26,47,313,313
26,53,313,313
26,107,313,313
26,155,313,313
26,158,313,313
26,206,313,313
26,260,313,313
26,266,313,313
27,54,313,313
27,56,313,313
27,87,313,313
27,91,313,313
27,222,313,313
27,226,313,313
27,257,313,313
27,259,313,313
28,11,313,313
28,20,313,313
28,102,313,313
28,103,313,313
28,116,313,313
28,197,313,313
28,210,313,313
28,211,313,313
28,293,313,313
28,302,313,313
29,79,313,313
29,88,313,313
29,106,313,313
29,207,313,313
29,225,313,313
29,234,313,313
30,13,313,313
30,36,313,313
30,135,313,313
30,178,313,313
30,277,313,313
30,300,313,313
31,10,313,313
31,39,313,313
31,41,313,313
31,50,313,313
31,87,313,313
31,226,313,313
31,263,313,313
31,272,313,313
31,274,313,313
31,303,313,313
32,8,313,313
32,17,313,313
32,104,313,313
32,209,313,313
32,296,313,313
32,305,313,313
33,12,313,313
33,63,313,313
33,83,313,313
33,111,313,313
33,202,313,313
33,230,313,313
33,250,313,313
33,301,313,313
34,33,313,313
34,54,313,313
34,119,313,313
34,131,313,313
34,136,313,313
34,177,313,313
34,182,313,313
34,194,313,313
34,259,313,313
34,280,313,313
35,16,313,313
35,71,313,313
35,123,313,313
35,190,313,313
35,242,313,313
35,297,313,313
36,7,313,313
36,50,313,313
36,85,313,313
36,106,313,313
36,207,313,313
36,228,313,313
36,263,313,313
36,306,313,313
37,8,313,313
37,14,313,313
37,66,313,313
37,70,313,313
37,120,313,313
37,193,313,313
37,243,313,313
37,247,313,313
37,299,313,313
37,305,313,313
38,96,313,313
38,112,313,313
38,113,313,313
38,200,313,313
38,201,313,313
38,217,313,313
39,19,313,313
39,66,313,313
39,77,313,313
39,236,313,313
39,247,313,313
39,294,313,313
40,56,313,313
40,119,313,313
40,152,313,313
40,161,313,313
40,194,313,313
40,257,313,313
41,7,313,313
41,19,313,313
41,54,313,313
41,259,313,313
41,294,313,313
41,306,313,313
42,35,313,313
42,53,313,313
42,83,313,313
42,230,313,313
42,260,313,313
42,278,313,313
43,11,313,313
43,42,313,313
43,114,313,313
43,199,313,313
43,271,313,313
43,302,313,313
44,47,313,313
44,53,313,313
44,107,313,313
44,155,313,313
44,158,313,313
44,206,313,313
44,260,313,313
44,266,313,313
45,11,313,313
45,20,313,313
45,102,313,313
45,103,313,313
45,116,313,313
45,197,313,313
45,210,313,313
45,211,313,313
45,293,313,313
45,302,313,313
46,9,313,313
46,49,313,313
46,51,313,313
46,262,313,313
46,264,313,313
46,304,313,313
47,35,313,313
47,53,313,313
47,83,313,313
47,230,313,313
47,260,313,313
47,278,313,313
48,40,313,313
48,65,313,313
48,72,313,313
48,128,313,313
48,185,313,313
48,241,313,313
48,248,313,313
48,273,313,313
49,44,313,313
49,54,313,313
49,63,313,313
49,250,313,313
49,259,313,313
49,269,313,313
50,46,313,313
50,68,313,313
50,128,313,313
50,155,313,313
50,158,313,313
50,185,313,313
50,245,313,313
50,267,313,313
51,98,313,313
51,138,313,313
51,151,313,313
51,162,313,313
51,175,313,313
51,215,313,313
52,70,313,313
52,115,313,313
52,127,313,313
52,186,313,313
52,198,313,313
52,243,313,313
53,16,313,313
53,52,313,313
53,118,313,313
53,195,313,313
53,261,313,313
53,297,313,313
54,9,313,313
54,97,313,313
54,146,313,313
54,167,313,313
54,216,313,313
54,304,313,313
55,16,313,313
55,25,313,313
55,62,313,313
55,122,313,313
55,128,313,313
55,185,313,313
55,191,313,313
55,251,313,313
55,288,313,313
55,297,313,313
56,107,313,313
56,113,313,313
56,124,313,313
56,189,313,313
56,200,313,313
56,206,313,313
57,60,313,313
57,61,313,313
57,70,313,313
57,78,313,313
57,235,313,313
57,243,313,313
57,252,313,313
57,253,313,313
58,46,313,313
58,68,313,313
58,128,313,313
58,155,313,313
58,158,313,313
58,185,313,313
58,245,313,313
58,267,313,313
59,21,313,313
59,64,313,313
59,66,313,313
59,98,313,313
59,112,313,313
59,201,313,313
59,215,313,313
59,247,313,313
59,249,313,313
59,292,313,313
60,52,313,313
60,91,313,313
60,116,313,313
60,142,313,313
60,154,313,313
60,159,313,313
60,171,313,313
60,197,313,313
60,222,313,313
60,261,313,313
61,10,313,313
61,39,313,313
61,41,313,313
61,50,313,313
61,87,313,313
61,226,313,313
61,263,313,313
61,272,313,313
61,274,313,313
61,303,313,313
62,78,313,313
62,97,313,313
62,129,313,313
62,184,313,313
62,216,313,313
62,235,313,313
63,2,313,313
63,47,313,313
63,78,313,313
63,89,313,313
63,152,313,313
63,161,313,313
63,224,313,313
63,235,313,313
63,266,313,313
63,311,313,313
64,5,313,313
64,9,313,313
64,16,313,313
64,31,313,313
64,282,313,313
64,297,313,313
64,304,313,313
64,308,313,313
65,6,313,313
65,50,313,313
65,134,313,313
65,179,313,313
65,263,313,313
65,307,313,313
66,19,313,313
66,66,313,313
66,77,313,313
66,236,313,313
66,247,313,313
66,294,313,313
67,48,313,313
67,83,313,313
67,84,313,313
67,94,313,313
67,107,313,313
67,206,313,313
67,219,313,313
67,229,313,313
67,230,313,313
67,265,313,313
68,58,313,313
68,61,313,313
68,66,313,313
68,247,313,313
68,252,313,313
68,255,313,313
69,16,313,313
69,25,313,313
69,62,313,313
69,122,313,313
69,128,313,313
69,185,313,313
69,191,313,313
69,251,313,313
69,288,313,313
69,297,313,313
70,73,313,313
70,77,313,313
70,119,313,313
70,142,313,313
70,171,313,313
70,194,313,313
70,236,313,313
70,240,313,313
71,27,313,313
71,38,313,313
71,60,313,313
71,253,313,313
71,275,313,313
71,286,313,313
72,27,313,313
72,38,313,313
72,60,313,313
72,253,313,313
72,275,313,313
72,286,313,313
73,38,313,313
73,46,313,313
73,71,313,313
73,83,313,313
73,126,313,313
73,187,313,313
73,230,313,313
73,242,313,313
73,267,313,313
73,275,313,313
74,16,313,313
74,52,313,313
74,118,313,313
74,195,313,313
74,261,313,313
74,297,313,313
75,2,313,313
75,48,313,313
75,102,313,313
75,211,313,313
75,265,313,313
75,311,313,313
76,87,313,313
76,88,313,313
76,125,313,313
76,149,313,313
76,164,313,313
76,188,313,313
76,225,313,313
76,226,313,313
77,33,313,313
77,54,313,313
77,119,313,313
77,131,313,313
77,136,313,313
77,177,313,313
77,182,313,313
77,194,313,313
77,259,313,313
77,280,313,313
78,38,313,313
78,51,313,313
78,96,313,313
78,122,313,313
78,191,313,313
78,217,313,313
78,262,313,313
78,275,313,313
79,78,313,313
79,83,313,313
79,93,313,313
79,112,313,313
79,201,313,313
79,220,313,313
79,230,313,313
79,235,313,313
80,59,313,313
80,96,313,313
80,106,313,313
80,142,313,313
80,150,313,313
80,163,313,313
80,171,313,313
80,207,313,313
80,217,313,313
80,254,313,313
81,13,313,313
81,66,313,313
81,123,313,313
81,141,313,313
81,172,313,313
81,190,313,313
81,247,313,313
81,300,313,313
82,12,313,313
82,65,313,313
82,96,313,313
82,97,313,313
82,110,313,313
82,203,313,313
82,216,313,313
82,217,313,313
82,248,313,313
82,301,313,313
83,17,313,313
83,72,313,313
83,116,313,313
83,134,313,313
83,179,313,313
83,197,313,313
83,241,313,313
83,296,313,313
84,19,313,313
84,28,313,313
84,45,313,313
84,78,313,313
84,88,313,313
84,225,313,313
84,235,313,313
84,268,313,313
84,285,313,313
84,294,313,313
85,7,313,313
85,50,313,313
85,85,313,313
85,106,313,313
85,207,313,313
85,228,313,313
85,263,313,313
85,306,313,313
86,34,313,313
86,44,313,313
86,50,313,313
86,72,313,313
86,77,313,313
86,236,313,313
86,241,313,313
86,263,313,313
86,269,313,313
86,279,313,313
87,2,313,313
87,48,313,313
87,102,313,313
87,211,313,313
87,265,313,313
87,311,313,313
88,70,313,313
88,115,313,313
88,127,313,313
88,186,313,313
88,198,313,313
88,243,313,313
89,64,313,313
89,73,313,313
89,116,313,313
89,197,313,313
89,240,313,313
89,249,313,313
90,107,313,313
90,113,313,313
90,124,313,313
90,189,313,313
90,200,313,313
90,206,313,313
91,58,313,313
91,61,313,313
91,66,313,313
91,247,313,313
91,252,313,313
91,255,313,313
92,2,313,313
92,16,313,313
92,36,313,313
92,63,313,313
92,86,313,313
92,227,313,313
92,250,313,313
92,277,313,313
92,297,313,313
92,311,313,313
93,8,313,313
93,14,313,313
93,66,313,313
93,70,313,313
93,120,313,313
93,193,313,313
93,243,313,313
93,247,313,313
93,299,313,313
93,305,313,313
94,19,313,313
94,28,313,313
94,45,313,313
94,78,313,313
94,88,313,313
94,225,313,313
94,235,313,313
94,268,313,313
94,285,313,313
94,294,313,313
95,6,313,313
95,90,313,313
95,104,313,313
95,107,313,313
95,146,313,313
95,167,313,313
95,206,313,313
95,209,313,313
95,223,313,313
95,307,313,313
96,83,313,313
96,114,313,313
96,149,313,313
96,164,313,313
96,199,313,313
96,230,313,313
97,6,313,313
97,78,313,313
97,91,313,313
97,222,313,313
97,235,313,313
97,307,313,313
98,14,313,313
98,88,313,313
98,107,313,313
98,129,313,313
98,184,313,313
98,206,313,313
98,225,313,313
98,299,313,313
99,9,313,313
99,37,313,313
99,95,313,313
99,142,313,313
99,171,313,313
99,218,313,313
99,276,313,313
99,304,313,313
100,6,313,313
100,78,313,313
100,91,313,313
100,222,313,313
100,235,313,313
100,307,313,313
101,70,313,313
101,71,313,313
101,125,313,313
101,188,313,313
101,242,313,313
101,243,313,313
102,13,313,313
102,60,313,313
102,67,313,313
102,79,313,313
102,104,313,313
102,209,313,313
102,234,313,313
102,246,313,313
102,253,313,313
102,300,313,313
103,38,313,313
103,51,313,313
103,96,313,313
103,122,313,313
103,191,313,313
103,217,313,313
103,262,313,313
103,275,313,313
104,12,313,313
104,63,313,313
104,83,313,313
104,111,313,313
104,202,313,313
104,230,313,313
104,250,313,313
104,301,313,313
105,47,313,313
105,85,313,313
105,151,313,313
105,162,313,313
105,228,313,313
105,266,313,313
106,21,313,313
106,64,313,313
106,66,313,313
106,98,313,313
106,112,313,313
106,201,313,313
106,215,313,313
106,247,313,313
106,249,313,313
106,292,313,313
107,44,313,313
107,54,313,313
107,63,313,313
107,250,313,313
107,259,313,313
107,269,313,313
108,70,313,313
108,102,313,313
108,119,313,313
108,135,313,313
108,178,313,313
108,194,313,313
108,211,313,313
108,243,313,313
109,56,313,313
109,119,313,313
109,152,313,313
109,161,313,313
109,194,313,313
109,257,313,313
110,6,313,313
110,50,313,313
110,134,313,313
110,179,313,313
110,263,313,313
110,307,313,313
111,43,313,313
111,98,313,313
111,114,313,313
111,145,313,313
111,155,313,313
111,158,313,313
111,168,313,313
111,199,313,313
111,215,313,313
111,270,313,313
112,11,313,313
112,88,313,313
112,115,313,313
112,123,313,313
112,153,313,313
112,160,313,313
112,190,313,313
112,198,313,313
112,225,313,313
112,302,313,313
113,13,313,313
113,66,313,313
113,123,313,313
113,141,313,313
113,172,313,313
113,190,313,313
113,247,313,313
113,300,313,313
114,31,313,313
114,33,313,313
114,116,313,313
114,197,313,313
114,280,313,313
114,282,313,313
115,39,313,313
115,119,313,313
115,122,313,313
115,191,313,313
115,194,313,313
115,274,313,313
116,6,313,313
116,78,313,313
116,91,313,313
116,222,313,313
116,235,313,313
116,307,313,313
117,36,313,313
117,80,313,313
117,155,313,313
117,158,313,313
117,233,313,313
117,277,313,313
118,5,313,313
118,103,313,313
118,128,313,313
118,185,313,313
118,210,313,313
118,308,313,313
119,13,313,313
119,66,313,313
119,123,313,313
119,141,313,313
119,172,313,313
119,190,313,313
119,247,313,313
119,300,313,313
120,25,313,313
120,104,313,313
120,141,313,313
120,172,313,313
120,209,313,313
120,288,313,313
121,2,313,313
121,66,313,313
121,138,313,313
121,146,313,313
121,167,313,313
121,175,313,313
121,247,313,313
121,311,313,313
122,78,313,313
122,97,313,313
122,129,313,313
122,184,313,313
122,216,313,313
122,235,313,313
123,13,313,313
123,36,313,313
123,135,313,313
123,178,313,313
123,277,313,313
123,300,313,313
124,1,313,313
124,15,313,313
124,70,313,313
124,80,313,313
124,87,313,313
124,226,313,313
124,233,313,313
124,243,313,313
124,298,313,313
124,312,313,313
125,11,313,313
125,42,313,313
125,114,313,313
125,199,313,313
125,271,313,313
125,302,313,313
126,9,313,313
126,49,313,313
126,51,313,313
126,262,313,313
126,264,313,313
126,304,313,313
127,48,313,313
127,87,313,313
127,133,313,313
127,180,313,313
127,226,313,313
127,265,313,313
128,64,313,313
128,107,313,313
128,136,313,313
128,177,313,313
128,206,313,313
128,249,313,313
129,78,313,313
129,97,313,313
129,129,313,313
129,184,313,313
129,216,313,313
129,235,313,313
130,37,313,313
130,85,313,313
130,113,313,313
130,128,313,313
130,130,313,313
130,183,313,313
130,185,313,313
130,200,313,313
130,228,313,313
130,276,313,313
131,12,313,313
131,27,313,313
131,31,313,313
131,92,313,313
131,155,313,313
131,158,313,313
131,221,313,313
131,282,313,313
131,286,313,313
131,301,313,313
132,38,313,313
132,51,313,313
132,96,313,313
132,122,313,313
132,191,313,313
132,217,313,313
132,262,313,313
132,275,313,313
133,9,313,313
133,38,313,313
133,55,313,313
133,58,313,313
133,69,313,313
133,244,313,313
133,255,313,313
133,258,313,313
133,275,313,313
133,304,313,313
134,1,313,313
134,82,313,313
134,96,313,313
134,217,313,313
134,231,313,313
134,312,313,313
135,19,313,313
135,28,313,313
135,45,313,313
135,78,313,313
135,88,313,313
135,225,313,313
135,235,313,313
135,268,313,313
135,285,313,313
135,294,313,313
136,13,313,313
136,49,313,313
136,109,313,313
136,119,313,313
136,149,313,313
136,164,313,313
136,194,313,313
136,204,313,313
136,264,313,313
136,300,313,313
137,10,313,313
137,13,313,313
137,42,313,313
137,116,313,313
137,197,313,313
137,271,313,313
137,300,313,313
137,303,313,313
138,6,313,313
138,50,313,313
138,134,313,313
138,179,313,313
138,263,313,313
138,307,313,313
139,45,313,313
139,98,313,313
139,104,313,313
139,124,313,313
139,189,313,313
139,209,313,313
139,215,313,313
139,268,313,313
140,45,313,313
140,58,313,313
140,128,313,313
140,185,313,313
140,255,313,313
140,268,313,313
141,9,313,313
141,49,313,313
141,51,313,313
141,262,313,313
141,264,313,313
141,304,313,313
142,54,313,313
142,56,313,313
142,87,313,313
142,91,313,313
142,222,313,313
142,226,313,313
142,257,313,313
142,259,313,313
143,11,313,313
143,49,313,313
143,65,313,313
143,248,313,313
143,264,313,313
143,302,313,313
144,54,313,313
144,56,313,313
144,87,313,313
144,91,313,313
144,222,313,313
144,226,313,313
144,257,313,313
144,259,313,313
145,11,313,313
145,42,313,313
145,114,313,313
145,199,313,313
145,271,313,313
145,302,313,313
146,8,313,313
146,30,313,313
146,142,313,313
146,171,313,313
146,283,313,313
146,305,313,313
147,1,313,313
147,13,313,313
147,37,313,313
147,276,313,313
147,300,313,313
147,312,313,313
148,21,313,313
148,64,313,313
148,66,313,313
148,98,313,313
148,112,313,313
148,201,313,313
148,215,313,313
148,247,313,313
148,249,313,313
148,292,313,313
149,44,313,313
149,148,313,313
149,155,313,313
149,158,313,313
149,165,313,313
149,269,313,313
150,30,313,313
150,54,313,313
150,96,313,313
150,127,313,313
150,186,313,313
150,217,313,313
150,259,313,313
150,283,313,313
151,2,313,313
151,48,313,313
151,102,313,313
151,211,313,313
151,265,313,313
151,311,313,313
152,35,313,313
152,43,313,313
152,142,313,313
152,171,313,313
152,270,313,313
152,278,313,313
153,12,313,313
153,39,313,313
153,68,313,313
153,245,313,313
153,274,313,313
153,301,313,313
154,58,313,313
154,61,313,313
154,66,313,313
154,247,313,313
154,252,313,313
154,255,313,313
155,12,313,313
155,14,313,313
155,25,313,313
155,288,313,313
155,299,313,313
155,301,313,313
156,10,313,313
156,98,313,313
156,152,313,313
156,161,313,313
156,215,313,313
156,303,313,313
157,44,313,313
157,54,313,313
157,63,313,313
157,250,313,313
157,259,313,313
157,269,313,313
158,1,313,313
158,13,313,313
158,37,313,313
158,276,313,313
158,300,313,313
158,312,313,313
159,40,313,313
159,85,313,313
159,115,313,313
159,198,313,313
159,228,313,313
159,273,313,313
160,13,313,313
160,36,313,313
160,135,313,313
160,178,313,313
160,277,313,313
160,300,313,313
161,64,313,313
161,107,313,313
161,136,313,313
161,177,313,313
161,206,313,313
161,249,313,313
162,46,313,313
162,50,313,313
162,52,313,313
162,261,313,313
162,263,313,313
162,267,313,313
163,45,313,313
163,98,313,313
163,104,313,313
163,124,313,313
163,189,313,313
163,209,313,313
163,215,313,313
163,268,313,313
164,56,313,313
164,119,313,313
164,152,313,313
164,161,313,313
164,194,313,313
164,257,313,313
165,17,313,313
165,35,313,313
165,54,313,313
165,85,313,313
165,101,313,313
165,212,313,313
165,228,313,313
165,259,313,313
165,278,313,313
165,296,313,313
166,12,313,313
166,14,313,313
166,25,313,313
166,288,313,313
166,299,313,313
166,301,313,313
167,107,313,313
167,113,313,313
167,124,313,313
167,189,313,313
167,200,313,313
167,206,313,313
168,33,313,313
168,38,313,313
168,111,313,313
168,202,313,313
168,275,313,313
168,280,313,313
169,16,313,313
169,84,313,313
169,98,313,313
169,148,313,313
169,165,313,313
169,215,313,313
169,229,313,313
169,297,313,313
170,27,313,313
170,38,313,313
170,60,313,313
170,253,313,313
170,275,313,313
170,286,313,313
171,16,313,313
171,84,313,313
171,98,313,313
171,148,313,313
171,165,313,313
171,215,313,313
171,229,313,313
171,297,313,313
172,23,313,313
172,27,313,313
172,88,313,313
172,225,313,313
172,286,313,313
172,290,313,313
173,70,313,313
173,115,313,313
173,127,313,313
173,186,313,313
173,198,313,313
173,243,313,313
174,30,313,313
174,54,313,313
174,96,313,313
174,127,313,313
174,186,313,313
174,217,313,313
174,259,313,313
174,283,313,313
175,2,313,313
175,93,313,313
175,150,313,313
175,163,313,313
175,220,313,313
175,311,313,313
176,12,313,313
176,63,313,313
176,83,313,313
176,111,313,313
176,202,313,313
176,230,313,313
176,250,313,313
176,301,313,313
177,12,313,313
177,27,313,313
177,31,313,313
177,92,313,313
177,155,313,313
177,158,313,313
177,221,313,313
177,282,313,313
177,286,313,313
177,301,313,313
178,9,313,313
178,72,313,313
178,74,313,313
178,127,313,313
178,151,313,313
178,162,313,313
178,186,313,313
178,239,313,313
178,241,313,313
178,304,313,313
179,25,313,313
179,104,313,313
179,141,313,313
179,172,313,313
179,209,313,313
179,288,313,313
180,11,313,313
180,88,313,313
180,115,313,313
180,123,313,313
180,153,313,313
180,160,313,313
180,190,313,313
180,198,313,313
180,225,313,313
180,302,313,313
181,11,313,313
181,23,313,313
181,80,313,313
181,104,313,313
181,209,313,313
181,233,313,313
181,290,313,313
181,302,313,313
182,13,313,313
182,49,313,313
182,109,313,313
182,119,313,313
182,149,313,313
182,164,313,313
182,194,313,313
182,204,313,313
182,264,313,313
182,300,313,313
183,8,313,313
183,14,313,313
183,66,313,313
183,70,313,313
183,120,313,313
183,193,313,313
183,243,313,313
183,247,313,313
183,299,313,313
183,305,313,313
184,72,313,313
184,79,313,313
184,95,313,313
184,218,313,313
184,234,313,313
184,241,313,313
185,35,313,313
185,43,313,313
185,142,313,313
185,171,313,313
185,270,313,313
185,278,313,313
186,16,313,313
186,52,313,313
186,118,313,313
186,195,313,313
186,261,313,313
186,297,313,313
187,23,313,313
187,27,313,313
187,88,313,313
187,225,313,313
187,286,313,313
187,290,313,313
188,33,313,313
188,38,313,313
188,111,313,313
188,202,313,313
188,275,313,313
188,280,313,313
189,16,313,313
189,25,313,313
189,62,313,313
189,122,313,313
189,128,313,313
189,185,313,313
189,191,313,313
189,251,313,313
189,288,313,313
189,297,313,313
190,12,313,313
190,39,313,313
190,68,313,313
190,245,313,313
190,274,313,313
190,301,313,313
191,72,313,313
191,79,313,313
191,95,313,313
191,218,313,313
191,234,313,313
191,241,313,313
192,7,313,313
192,50,313,313
192,85,313,313
192,106,313,313
192,207,313,313
192,228,313,313
192,263,313,313
192,306,313,313
193,1,313,313
193,82,313,313
193,96,313,313
193,217,313,313
193,231,313,313
193,312,313,313
194,12,313,313
194,55,313,313
194,82,313,313
194,85,313,313
194,228,313,313
194,231,313,313
194,258,313,313
194,301,313,313
195,70,313,313
195,71,313,313
195,125,313,313
195,188,313,313
195,242,313,313
195,243,313,313
196,39,313,313
196,119,313,313
196,122,313,313
196,191,313,313
196,194,313,313
196,274,313,313
197,72,313,313
197,84,313,313
197,150,313,313
197,163,313,313
197,229,313,313
197,241,313,313
198,36,313,313
198,80,313,313
198,155,313,313
198,158,313,313
198,233,313,313
198,277,313,313
199,83,313,313
199,114,313,313
199,149,313,313
199,164,313,313
199,199,313,313
199,230,313,313
200,12,313,313
200,55,313,313
200,82,313,313
200,85,313,313
200,228,313,313
200,231,313,313
200,258,313,313
200,301,313,313
201,9,313,313
201,38,313,313
201,55,313,313
201,58,313,313
201,69,313,313
201,244,313,313
201,255,313,313
201,258,313,313
201,275,313,313
201,304,313,313
202,33,313,313
202,54,313,313
202,119,313,313
202,131,313,313
202,136,313,313
202,177,313,313
202,182,313,313
202,194,313,313
202,259,313,313
202,280,313,313
203,2,313,313
203,93,313,313
203,150,313,313
203,163,313,313
203,220,313,313
203,311,313,313
204,44,313,313
204,148,313,313
204,155,313,313
204,158,313,313
204,165,313,313
204,269,313,313
205,46,313,313
205,68,313,313
205,128,313,313
205,155,313,313
205,158,313,313
205,185,313,313
205,245,313,313
205,267,313,313
206,10,313,313
206,98,313,313
206,152,313,313
206,161,313,313
206,215,313,313
206,303,313,313
207,17,313,313
207,35,313,313
207,54,313,313
207,85,313,313
207,101,313,313
207,212,313,313
207,228,313,313
207,259,313,313
207,278,313,313
207,296,313,313
208,19,313,313
208,66,313,313
208,77,313,313
208,236,313,313
208,247,313,313
208,294,313,313
209,10,313,313
209,13,313,313
209,42,313,313
209,116,313,313
209,197,313,313
209,271,313,313
209,300,313,313
209,303,313,313
210,11,313,313
210,23,313,313
210,80,313,313
210,104,313,313
210,209,313,313
210,233,313,313
210,290,313,313
210,302,313,313
211,12,313,313
211,65,313,313
211,96,313,313
211,97,313,313
211,110,313,313
211,203,313,313
211,216,313,313
211,217,313,313
211,248,313,313
211,301,313,313
212,5,313,313
212,103,313,313
212,128,313,313
212,185,313,313
212,210,313,313
212,308,313,313
213,72,313,313
213,84,313,313
213,150,313,313
213,163,313,313
213,229,313,313
213,241,313,313
214,14,313,313
214,88,313,313
214,107,313,313
214,129,313,313
214,184,313,313
214,206,313,313
214,225,313,313
214,299,313,313
215,9,313,313
215,37,313,313
215,95,313,313
215,142,313,313
215,171,313,313
215,218,313,313
215,276,313,313
215,304,313,313
216,72,313,313
216,84,313,313
216,150,313,313
216,163,313,313
216,229,313,313
216,241,313,313
217,31,313,313
217,33,313,313
217,116,313,313
217,197,313,313
217,280,313,313
217,282,313,313
218,59,313,313
218,96,313,313
218,106,313,313
218,142,313,313
218,150,313,313
218,163,313,313
218,171,313,313
218,207,313,313
218,217,313,313
218,254,313,313
219,9,313,313
219,72,313,313
219,74,313,313
219,127,313,313
219,151,313,313
219,162,313,313
219,186,313,313
219,239,313,313
219,241,313,313
219,304,313,313
220,37,313,313
220,85,313,313
220,113,313,313
220,128,313,313
220,130,313,313
220,183,313,313
220,185,313,313
220,200,313,313
220,228,313,313
220,276,313,313
221,10,313,313
221,39,313,313
221,41,313,313
221,50,313,313
221,87,313,313
221,226,313,313
221,263,313,313
221,272,313,313
221,274,313,313
221,303,313,313
222,40,313,313
222,85,313,313
222,115,313,313
222,198,313,313
222,228,313,313
222,273,313,313
223,8,313,313
223,30,313,313
223,142,313,313
223,171,313,313
223,283,313,313
223,305,313,313
224,35,313,313
224,53,313,313
224,83,313,313
224,230,313,313
224,260,313,313
224,278,313,313
225,45,313,313
225,58,313,313
225,128,313,313
225,185,313,313
225,255,313,313
225,268,313,313
226,46,313,313
226,50,313,313
226,52,313,313
226,261,313,313
226,263,313,313
226,267,313,313
227,2,313,313
227,47,313,313
227,78,313,313
227,89,313,313
227,152,313,313
227,161,313,313
227,224,313,313
227,235,313,313
227,266,313,313
227,311,313,313
228,2,313,313
228,66,313,313
228,138,313,313
228,146,313,313
228,167,313,313
228,175,313,313
228,247,313,313
228,311,313,313
229,9,313,313
229,72,313,313
229,74,313,313
229,127,313,313
229,151,313,313
229,162,313,313
229,186,313,313
229,239,313,313
229,241,313,313
229,304,313,313
230,78,313,313
230,83,313,313
230,93,313,313
230,112,313,313
230,201,313,313
230,220,313,313
230,230,313,313
230,235,313,313
231,13,313,313
231,60,313,313
231,67,313,313
231,79,313,313
231,104,313,313
231,209,313,313
231,234,313,313
231,246,313,313
231,253,313,313
231,300,313,313
232,12,313,313
232,55,313,313
232,82,313,313
232,85,313,313
232,228,313,313
232,231,313,313
232,258,313,313
232,301,313,313
233,6,313,313
233,90,313,313
233,104,313,313
233,107,313,313
233,146,313,313
233,167,313,313
233,206,313,313
233,209,313,313
233,223,313,313
233,307,313,313
234,17,313,313
234,72,313,313
234,116,313,313
234,134,313,313
234,179,313,313
234,197,313,313
234,241,313,313
234,296,313,313
235,11,313,313
235,23,313,313
235,80,313,313
235,104,313,313
235,209,313,313
235,233,313,313
235,290,313,313
235,302,313,313
236,43,313,313
236,98,313,313
236,114,313,313
236,145,313,313
236,155,313,313
236,158,313,313
236,168,313,313
236,199,313,313
236,215,313,313
236,270,313,313
237,5,313,313
237,9,313,313
237,16,313,313
237,31,313,313
237,282,313,313
237,297,313,313
237,304,313,313
237,308,313,313
238,46,313,313
238,50,313,313
238,52,313,313
238,261,313,313
238,263,313,313
238,267,313,313
239,48,313,313
239,87,313,313
239,133,313,313
239,180,313,313
239,226,313,313
239,265,313,313
240,11,313,313
240,20,313,313
240,102,313,313
240,103,313,313
240,116,313,313
240,197,313,313
240,210,313,313
240,211,313,313
240,293,313,313
240,302,313,313
241,11,313,313
241,49,313,313
241,65,313,313
241,248,313,313
241,264,313,313
241,302,313,313
242,11,313,313
242,49,313,313
242,65,313,313
242,248,313,313
242,264,313,313
242,302,313,313
243,47,313,313
243,53,313,313
243,107,313,313
243,155,313,313
243,158,313,313
243,206,313,313
243,260,313,313
243,266,313,313
244,1,313,313
244,15,313,313
244,70,313,313
244,80,313,313
244,87,313,313
244,226,313,313
244,233,313,313
244,243,313,313
244,298,313,313
244,312,313,313
245,40,313,313
245,85,313,313
245,115,313,313
245,198,313,313
245,228,313,313
245,273,313,313
246,52,313,313
246,91,313,313
246,116,313,313
246,142,313,313
246,154,313,313
246,159,313,313
246,171,313,313
246,197,313,313
246,222,313,313
246,261,313,313
247,47,313,313
247,85,313,313
247,151,313,313
247,162,313,313
247,228,313,313
247,266,313,313
248,2,313,313
248,93,313,313
248,150,313,313
248,163,313,313
248,220,313,313
248,311,313,313
249,87,313,313
249,88,313,313
249,125,313,313
249,149,313,313
249,164,313,313
249,188,313,313
249,225,313,313
249,226,313,313
250,34,313,313
250,44,313,313
250,50,313,313
250,72,313,313
250,77,313,313
250,236,313,313
250,241,313,313
250,263,313,313
250,269,313,313
250,279,313,313
251,72,313,313
251,79,313,313
251,95,313,313
251,218,313,313
251,234,313,313
251,241,313,313
252,2,313,313
252,16,313,313
252,36,313,313
252,63,313,313
252,86,313,313
252,227,313,313
252,250,313,313
252,277,313,313
252,297,313,313
252,311,313,313
253,48,313,313
253,83,313,313
253,84,313,313
253,94,313,313
253,107,313,313
253,206,313,313
253,219,313,313
253,229,313,313
253,230,313,313
253,265,313,313
254,17,313,313
254,35,313,313
254,54,313,313
254,85,313,313
254,101,313,313
254,212,313,313
254,228,313,313
254,259,313,313
254,278,313,313
254,296,313,313
255,70,313,313
255,102,313,313
255,119,313,313
255,135,313,313
255,178,313,313
255,194,313,313
255,211,313,313
255,243,313,313
256,40,313,313
256,65,313,313
256,72,313,313
256,128,313,313
256,185,313,313
256,241,313,313
256,248,313,313
256,273,313,313
257,8,313,313
257,30,313,313
257,142,313,313
257,171,313,313
257,283,313,313
257,305,313,313
258,1,313,313
258,15,313,313
258,70,313,313
258,80,313,313
258,87,313,313
258,226,313,313
258,233,313,313
258,243,313,313
258,298,313,313
258,312,313,313
259,79,313,313
259,88,313,313
259,106,313,313
259,207,313,313
259,225,313,313
259,234,313,313
260,48,313,313
260,87,313,313
260,133,313,313
260,180,313,313
260,226,313,313
260,265,313,313
261,45,313,313
261,58,313,313
261,128,313,313
261,185,313,313
261,255,313,313
261,268,313,313
262,7,313,313
262,19,313,313
262,54,313,313
262,259,313,313
262,294,313,313
262,306,313,313
263,70,313,313
263,102,313,313
263,119,313,313
263,135,313,313
263,178,313,313
263,194,313,313
263,211,313,313
263,243,313,313
264,10,313,313
264,98,313,313
264,152,313,313
264,161,313,313
264,215,313,313
264,303,313,313
265,60,313,313
265,61,313,313
265,70,313,313
265,78,313,313
265,235,313,313
265,243,313,313
265,252,313,313
265,253,313,313
266,64,313,313
266,73,313,313
266,116,313,313
266,197,313,313
266,240,313,313
266,249,313,313
267,23,313,313
267,27,313,313
267,88,313,313
267,225,313,313
267,286,313,313
267,290,313,313
268,38,313,313
268,46,313,313
268,71,313,313
268,83,313,313
268,126,313,313
268,187,313,313
268,230,313,313
268,242,313,313
268,267,313,313
268,275,313,313
269,73,313,313
269,77,313,313
269,119,313,313
269,142,313,313
269,171,313,313
269,194,313,313
269,236,313,313
269,240,313,313
270,33,313,313
270,38,313,313
270,111,313,313
270,202,313,313
270,275,313,313
270,280,313,313
271,64,313,313
271,73,313,313
271,116,313,313
271,197,313,313
271,240,313,313
271,249,313,313
272,98,313,313
272,138,313,313
272,151,313,313
272,162,313,313
272,175,313,313
272,215,313,313
273,44,313,313
273,148,313,313
273,155,313,313
273,158,313,313
273,165,313,313
273,269,313,313
274,47,313,313
274,85,313,313
274,151,313,313
274,162,313,313
274,228,313,313
274,266,313,313
275,8,313,313
275,17,313,313
275,104,313,313
275,209,313,313
275,296,313,313
275,305,313,313
276,37,313,313
276,85,313,313
276,113,313,313
276,128,313,313
276,130,313,313
276,183,313,313
276,185,313,313
276,200,313,313
276,228,313,313
276,276,313,313
277,2,313,313
277,66,313,313
277,138,313,313
277,146,313,313
277,167,313,313
277,175,313,313
277,247,313,313
277,311,313,313
278,55,313,313
278,87,313,313
278,103,313,313
278,210,313,313
278,226,313,313
278,258,313,313
279,43,313,313
279,98,313,313
279,114,313,313
279,145,313,313
279,155,313,313
279,158,313,313
279,168,313,313
279,199,313,313
279,215,313,313
279,270,313,313
280,10,313,313
280,13,313,313
280,42,313,313
280,116,313,313
280,197,313,313
280,271,313,313
280,300,313,313
280,303,313,313
281,96,313,313
281,112,313,313
281,113,313,313
281,200,313,313
281,201,313,313
281,217,313,313
282,2,313,313
282,16,313,313
282,36,313,313
282,63,313,313
282,86,313,313
282,227,313,313
282,250,313,313
282,277,313,313
282,297,313,313
282,311,313,313
283,12,313,313
283,39,313,313
283,68,313,313
283,245,313,313
283,274,313,313
283,301,313,313
284,9,313,313
284,97,313,313
284,146,313,313
284,167,313,313
284,216,313,313
284,304,313,313
285,38,313,313
285,46,313,313
285,71,313,313
285,83,313,313
285,126,313,313
285,187,313,313
285,230,313,313
285,242,313,313
285,267,313,313
285,275,313,313
286,16,313,313
286,84,313,313
286,98,313,313
286,148,313,313
286,165,313,313
286,215,313,313
286,229,313,313
286,297,313,313
287,73,313,313
287,77,313,313
287,119,313,313
287,142,313,313
287,171,313,313
287,194,313,313
287,236,313,313
287,240,313,313
288,9,313,313
288,97,313,313
288,146,313,313
288,167,313,313
288,216,313,313
288,304,313,313
289,35,313,313
289,43,313,313
289,142,313,313
289,171,313,313
289,270,313,313
289,278,313,313
290,34,313,313
290,44,313,313
290,50,313,313
290,72,313,313
290,77,313,313
290,236,313,313
290,241,313,313
290,263,313,313
290,269,313,313
290,279,313,313
291,16,313,313
291,71,313,313
291,123,313,313
291,190,313,313
291,242,313,313
291,297,313,313
292,9,313,313
292,38,313,313
292,55,313,313
292,58,313,313
292,69,313,313
292,244,313,313
292,255,313,313
292,258,313,313
292,275,313,313
292,304,313,313
293,13,313,313
293,60,313,313
293,67,313,313
293,79,313,313
293,104,313,313
293,209,313,313
293,234,313,313
293,246,313,313
293,253,313,313
293,300,313,313
294,2,313,313
294,38,313,313
294,43,313,313
294,118,313,313
294,195,313,313
294,270,313,313
294,275,313,313
294,311,313,313
295,31,313,313
295,33,313,313
295,116,313,313
295,197,313,313
295,280,313,313
295,282,313,313
296,5,313,313
296,103,313,313
296,128,313,313
296,185,313,313
296,210,313,313
296,308,313,313
297,11,313,313
297,50,313,313
297,133,313,313
297,136,313,313
297,177,313,313
297,180,313,313
297,263,313,313
297,302,313,313
298,6,313,313
298,90,313,313
298,104,313,313
298,107,313,313
298,146,313,313
298,167,313,313
298,206,313,313
298,209,313,313
298,223,313,313
298,307,313,313
299,1,313,313
299,82,313,313
299,96,313,313
299,217,313,313
299,231,313,313
299,312,313,313
300,16,313,313
300,71,313,313
300,123,313,313
300,190,313,313
300,242,313,313
300,297,313,313
301,87,313,313
301,88,313,313
301,125,313,313
301,149,313,313
301,164,313,313
301,188,313,313
301,225,313,313
301,226,313,313
302,30,313,313
302,54,313,313
302,96,313,313
302,127,313,313
302,186,313,313
302,217,313,313
302,259,313,313
302,283,313,313
303,98,313,313
303,138,313,313
303,151,313,313
303,162,313,313
303,175,313,313
303,215,313,313
304,60,313,313
304,61,313,313
304,70,313,313
304,78,313,313
304,235,313,313
304,243,313,313
304,252,313,313
304,253,313,313
305,12,313,313
305,14,313,313
305,25,313,313
305,288,313,313
305,299,313,313
305,301,313,313
306,48,313,313
306,83,313,313
306,84,313,313
306,94,313,313
306,107,313,313
306,206,313,313
306,219,313,313
306,229,313,313
306,230,313,313
306,265,313,313
307,96,313,313
307,112,313,313
307,113,313,313
307,200,313,313
307,201,313,313
307,217,313,313
308,13,313,313
308,49,313,313
308,109,313,313
308,119,313,313
308,149,313,313
308,164,313,313
308,194,313,313
308,204,313,313
308,264,313,313
308,300,313,313
309,17,313,313
309,72,313,313
309,116,313,313
309,134,313,313
309,179,313,313
309,197,313,313
309,241,313,313
309,296,313,313
310,11,313,313
310,50,313,313
310,133,313,313
310,136,313,313
310,177,313,313
310,180,313,313
310,263,313,313
310,302,313,313
311,36,313,313
311,80,313,313
311,155,313,313
311,158,313,313
311,233,313,313
311,277,313,313
312,9,313,313
312,37,313,313
312,95,313,313
312,142,313,313
312,171,313,313
312,218,313,313
312,276,313,313
312,304,313,313
2,8,317,317
2,47,317,317
2,87,317,317
2,230,317,317
2,270,317,317
2,309,317,317
3,15,317,317
3,97,317,317
3,134,317,317
3,183,317,317
3,220,317,317
3,302,317,317
4,12,317,317
4,73,317,317
4,244,317,317
4,305,317,317
5,19,317,317
5,298,317,317
6,13,317,317
6,53,317,317
6,264,317,317
6,304,317,317
7,39,317,317
7,128,317,317
7,189,317,317
7,278,317,317
8,98,317,317
8,219,317,317
9,31,317,317
9,118,317,317
9,199,317,317
9,286,317,317
12,158,317,317
12,159,317,317
13,36,317,317
13,68,317,317
13,106,317,317
13,211,317,317
13,249,317,317
13,281,317,317
14,117,317,317
14,200,317,317
17,151,317,317
17,166,317,317
18,93,317,317
18,224,317,317
19,130,317,317
19,187,317,317
20,12,317,317
20,25,317,317
20,56,317,317
20,261,317,317
20,292,317,317
20,305,317,317
21,111,317,317
21,206,317,317
22,2,317,317
22,57,317,317
22,115,317,317
22,202,317,317
22,260,317,317
22,315,317,317
25,29,317,317
25,150,317,317
25,167,317,317
25,288,317,317
26,63,317,317
26,158,317,317
26,159,317,317
26,254,317,317
27,137,317,317
27,180,317,317
29,5,317,317
29,16,317,317
29,129,317,317
29,188,317,317
29,301,317,317
29,312,317,317
30,13,317,317
30,45,317,317
30,105,317,317
30,212,317,317
30,272,317,317
30,304,317,317
32,122,317,317
32,138,317,317
32,155,317,317
32,162,317,317
32,179,317,317
32,195,317,317
33,55,317,317
33,141,317,317
33,151,317,317
33,166,317,317
33,176,317,317
33,262,317,317
35,69,317,317
35,128,317,317
35,156,317,317
35,161,317,317
35,189,317,317
35,248,317,317
37,74,317,317
37,131,317,317
37,186,317,317
37,243,317,317
39,11,317,317
39,93,317,317
39,224,317,317
39,306,317,317
40,84,317,317
40,123,317,317
40,194,317,317
40,233,317,317
41,86,317,317
41,95,317,317
41,109,317,317
41,208,317,317
41,222,317,317
41,231,317,317
44,14,317,317
44,138,317,317
44,179,317,317
44,303,317,317
45,118,317,317
45,124,317,317
45,128,317,317
45,189,317,317
45,193,317,317
45,199,317,317
46,6,317,317
46,88,317,317
46,117,317,317
46,200,317,317
46,229,317,317
46,311,317,317
47,19,317,317
47,72,317,317
47,150,317,317
47,167,317,317
47,245,317,317
47,298,317,317
48,9,317,317
48,17,317,317
48,132,317,317
48,185,317,317
48,300,317,317
48,308,317,317
50,133,317,317
50,184,317,317
52,128,317,317
52,189,317,317
53,34,317,317
53,116,317,317
53,201,317,317
53,283,317,317
55,75,317,317
55,242,317,317
56,113,317,317
56,139,317,317
56,143,317,317
56,174,317,317
56,178,317,317
56,204,317,317
58,28,317,317
58,35,317,317
58,282,317,317
58,289,317,317
60,54,317,317
60,91,317,317
60,226,317,317
60,263,317,317
61,67,317,317
61,154,317,317
61,163,317,317
61,250,317,317
62,53,317,317
62,68,317,317
62,76,317,317
62,241,317,317
62,249,317,317
62,264,317,317
64,83,317,317
64,134,317,317
64,183,317,317
64,234,317,317
66,9,317,317
66,68,317,317
66,249,317,317
66,308,317,317
68,62,317,317
68,78,317,317
68,135,317,317
68,182,317,317
68,239,317,317
68,255,317,317
69,111,317,317
69,116,317,317
69,152,317,317
69,165,317,317
69,201,317,317
69,206,317,317
70,44,317,317
70,55,317,317
70,262,317,317
70,273,317,317
71,12,317,317
71,28,317,317
71,88,317,317
71,229,317,317
71,289,317,317
71,305,317,317
72,8,317,317
72,89,317,317
72,143,317,317
72,174,317,317
72,228,317,317
72,309,317,317
73,17,317,317
73,77,317,317
73,240,317,317
73,300,317,317
74,76,317,317
74,241,317,317
75,12,317,317
75,305,317,317
76,18,317,317
76,84,317,317
76,121,317,317
76,196,317,317
76,233,317,317
76,299,317,317
77,62,317,317
77,113,317,317
77,204,317,317
77,255,317,317
78,33,317,317
78,284,317,317
80,52,317,317
80,265,317,317
82,87,317,317
82,129,317,317
82,188,317,317
82,230,317,317
83,46,317,317
83,90,317,317
83,227,317,317
83,271,317,317
84,30,317,317
84,96,317,317
84,140,317,317
84,177,317,317
84,221,317,317
84,287,317,317
85,97,317,317
85,141,317,317
85,176,317,317
85,220,317,317
86,11,317,317
86,50,317,317
86,56,317,317
86,261,317,317
86,267,317,317
86,306,317,317
87,136,317,317
87,147,317,317
87,170,317,317
87,181,317,317
88,97,317,317
88,220,317,317
90,100,317,317
90,125,317,317
90,192,317,317
90,217,317,317
91,114,317,317
91,203,317,317
92,132,317,317
92,148,317,317
92,169,317,317
92,185,317,317
93,31,317,317
93,32,317,317
93,129,317,317
93,188,317,317
93,285,317,317
93,286,317,317
94,104,317,317
94,130,317,317
94,187,317,317
94,213,317,317
95,92,317,317
95,115,317,317
95,202,317,317
95,225,317,317
96,95,317,317
96,119,317,317
96,198,317,317
96,222,317,317
97,72,317,317
97,245,317,317
98,43,317,317
98,46,317,317
98,109,317,317
98,208,317,317
98,271,317,317
98,274,317,317
99,32,317,317
99,89,317,317
99,228,317,317
99,285,317,317
102,67,317,317
102,74,317,317
102,120,317,317
102,197,317,317
102,243,317,317
102,250,317,317
105,58,317,317
105,86,317,317
105,231,317,317
105,259,317,317
106,102,317,317
106,215,317,317
107,17,317,317
107,19,317,317
107,66,317,317
107,251,317,317
107,298,317,317
107,300,317,317
108,30,317,317
108,70,317,317
108,97,317,317
108,220,317,317
108,247,317,317
108,287,317,317
109,80,317,317
109,237,317,317
111,129,317,317
111,188,317,317
112,40,317,317
112,50,317,317
112,267,317,317
112,277,317,317
114,1,317,317
114,91,317,317
114,139,317,317
114,178,317,317
114,226,317,317
114,316,317,317
115,108,317,317
115,209,317,317
116,84,317,317
116,233,317,317
117,115,317,317
117,202,317,317
118,52,317,317
118,90,317,317
118,147,317,317
118,170,317,317
118,227,317,317
118,265,317,317
119,119,317,317
119,133,317,317
119,145,317,317
119,172,317,317
119,184,317,317
119,198,317,317
120,155,317,317
120,162,317,317
122,116,317,317
122,201,317,317
123,15,317,317
123,98,317,317
123,219,317,317
123,302,317,317
124,102,317,317
124,145,317,317
124,172,317,317
124,215,317,317
125,29,317,317
125,34,317,317
125,76,317,317
125,241,317,317
125,283,317,317
125,288,317,317
126,46,317,317
126,104,317,317
126,126,317,317
126,191,317,317
126,213,317,317
126,271,317,317
127,52,317,317
127,103,317,317
127,137,317,317
127,180,317,317
127,214,317,317
127,265,317,317
128,68,317,317
128,249,317,317
129,45,317,317
129,107,317,317
129,144,317,317
129,173,317,317
129,210,317,317
129,272,317,317
130,65,317,317
130,108,317,317
130,158,317,317
130,159,317,317
130,209,317,317
130,252,317,317
132,27,317,317
132,290,317,317
133,55,317,317
133,83,317,317
133,125,317,317
133,192,317,317
133,234,317,317
133,262,317,317
134,58,317,317
134,111,317,317
134,137,317,317
134,180,317,317
134,206,317,317
134,259,317,317
135,103,317,317
135,109,317,317
135,208,317,317
135,214,317,317
136,117,317,317
136,157,317,317
136,160,317,317
136,200,317,317
137,80,317,317
137,81,317,317
137,153,317,317
137,164,317,317
137,236,317,317
137,237,317,317
138,51,317,317
138,143,317,317
138,174,317,317
138,266,317,317
139,74,317,317
139,243,317,317
140,132,317,317
140,185,317,317
141,7,317,317
141,88,317,317
141,229,317,317
141,310,317,317
142,18,317,317
142,49,317,317
142,268,317,317
142,299,317,317
143,18,317,317
143,42,317,317
143,132,317,317
143,185,317,317
143,275,317,317
143,299,317,317
144,56,317,317
144,82,317,317
144,235,317,317
144,261,317,317
146,86,317,317
146,231,317,317
147,3,317,317
147,14,317,317
147,73,317,317
147,244,317,317
147,303,317,317
147,314,317,317
151,72,317,317
151,106,317,317
151,149,317,317
151,168,317,317
151,211,317,317
151,245,317,317
152,26,317,317
152,126,317,317
152,191,317,317
152,291,317,317
153,99,317,317
153,130,317,317
153,133,317,317
153,184,317,317
153,187,317,317
153,218,317,317
154,22,317,317
154,295,317,317
155,3,317,317
155,314,317,317
157,42,317,317
157,106,317,317
157,211,317,317
157,275,317,317
158,51,317,317
158,114,317,317
158,115,317,317
158,202,317,317
158,203,317,317
158,266,317,317
159,48,317,317
159,269,317,317
161,112,317,317
161,140,317,317
161,177,317,317
161,205,317,317
162,23,317,317
162,27,317,317
162,126,317,317
162,191,317,317
162,290,317,317
162,294,317,317
163,27,317,317
163,63,317,317
163,119,317,317
163,198,317,317
163,254,317,317
163,290,317,317
164,56,317,317
164,261,317,317
166,47,317,317
166,270,317,317
167,122,317,317
167,156,317,317
167,161,317,317
167,195,317,317
168,107,317,317
168,149,317,317
168,168,317,317
168,210,317,317
169,33,317,317
169,37,317,317
169,280,317,317
169,284,317,317
170,106,317,317
170,211,317,317
171,125,317,317
171,131,317,317
171,140,317,317
171,177,317,317
171,186,317,317
171,192,317,317
172,60,317,317
172,75,317,317
172,242,317,317
172,257,317,317
174,91,317,317
174,226,317,317
177,61,317,317
177,80,317,317
177,155,317,317
177,162,317,317
177,237,317,317
177,256,317,317
178,32,317,317
178,39,317,317
178,62,317,317
178,255,317,317
178,278,317,317
178,285,317,317
180,17,317,317
180,300,317,317
183,20,317,317
183,297,317,317
184,127,317,317
184,190,317,317
185,74,317,317
185,110,317,317
185,134,317,317
185,183,317,317
185,207,317,317
185,243,317,317
186,25,317,317
186,48,317,317
186,269,317,317
186,292,317,317
187,88,317,317
187,229,317,317
188,5,317,317
188,312,317,317
189,3,317,317
189,7,317,317
189,22,317,317
189,295,317,317
189,310,317,317
189,314,317,317
190,41,317,317
190,276,317,317
191,14,317,317
191,303,317,317
192,32,317,317
192,285,317,317
195,44,317,317
195,93,317,317
195,117,317,317
195,200,317,317
195,224,317,317
195,273,317,317
196,4,317,317
196,5,317,317
196,312,317,317
196,313,317,317
197,26,317,317
197,127,317,317
197,147,317,317
197,170,317,317
197,190,317,317
197,291,317,317
198,50,317,317
198,267,317,317
199,122,317,317
199,195,317,317
200,75,317,317
200,84,317,317
200,142,317,317
200,175,317,317
200,233,317,317
200,242,317,317
201,10,317,317
201,41,317,317
201,122,317,317
201,195,317,317
201,276,317,317
201,307,317,317
202,21,317,317
202,98,317,317
202,123,317,317
202,194,317,317
202,219,317,317
202,296,317,317
203,55,317,317
203,262,317,317
204,38,317,317
204,111,317,317
204,206,317,317
204,279,317,317
206,29,317,317
206,38,317,317
206,107,317,317
206,210,317,317
206,279,317,317
206,288,317,317
207,24,317,317
207,30,317,317
207,287,317,317
207,293,317,317
208,85,317,317
208,86,317,317
208,127,317,317
208,190,317,317
208,231,317,317
208,232,317,317
209,46,317,317
209,271,317,317
210,143,317,317
210,174,317,317
211,33,317,317
211,148,317,317
211,154,317,317
211,163,317,317
211,169,317,317
211,284,317,317
213,79,317,317
213,139,317,317
213,178,317,317
213,238,317,317
214,43,317,317
214,133,317,317
214,184,317,317
214,274,317,317
215,119,317,317
215,198,317,317
216,36,317,317
216,45,317,317
216,272,317,317
216,281,317,317
217,137,317,317
217,144,317,317
217,173,317,317
217,180,317,317
219,146,317,317
219,171,317,317
220,14,317,317
220,82,317,317
220,146,317,317
220,171,317,317
220,235,317,317
220,303,317,317
224,120,317,317
224,197,317,317
226,33,317,317
226,75,317,317
226,77,317,317
226,240,317,317
226,242,317,317
226,284,317,317
228,22,317,317
228,81,317,317
228,236,317,317
228,295,317,317
229,4,317,317
229,47,317,317
229,78,317,317
229,239,317,317
229,270,317,317
229,313,317,317
231,29,317,317
231,288,317,317
233,109,317,317
233,208,317,317
236,1,317,317
236,78,317,317
236,239,317,317
236,316,317,317
237,24,317,317
237,35,317,317
237,151,317,317
237,166,317,317
237,282,317,317
237,293,317,317
238,16,317,317
238,20,317,317
238,297,317,317
238,301,317,317
239,20,317,317
239,64,317,317
239,118,317,317
239,199,317,317
239,253,317,317
239,297,317,317
241,2,317,317
241,315,317,317
242,92,317,317
242,108,317,317
242,130,317,317
242,187,317,317
242,209,317,317
242,225,317,317
243,22,317,317
243,50,317,317
243,157,317,317
243,160,317,317
243,267,317,317
243,295,317,317
245,140,317,317
245,177,317,317
246,45,317,317
246,272,317,317
248,118,317,317
248,199,317,317
249,134,317,317
249,183,317,317
250,99,317,317
250,114,317,317
250,203,317,317
250,218,317,317
252,69,317,317
252,135,317,317
252,182,317,317
252,248,317,317
254,47,317,317
254,101,317,317
254,216,317,317
254,270,317,317
255,62,317,317
255,255,317,317
258,2,317,317
258,65,317,317
258,252,317,317
258,315,317,317
260,124,317,317
260,155,317,317
260,162,317,317
260,193,317,317
261,125,317,317
261,192,317,317
262,20,317,317
262,41,317,317
262,59,317,317
262,258,317,317
262,276,317,317
262,297,317,317
263,72,317,317
263,121,317,317
263,196,317,317
263,245,317,317
265,13,317,317
265,116,317,317
265,136,317,317
265,181,317,317
265,201,317,317
265,304,317,317
266,66,317,317
266,76,317,317
266,241,317,317
266,251,317,317
267,37,317,317
267,71,317,317
267,120,317,317
267,197,317,317
267,246,317,317
267,280,317,317
268,8,317,317
268,57,317,317
268,260,317,317
268,309,317,317
269,139,317,317
269,178,317,317
270,8,317,317
270,309,317,317
271,13,317,317
271,304,317,317
272,154,317,317
272,163,317,317
274,96,317,317
274,120,317,317
274,197,317,317
274,221,317,317
275,19,317,317
275,142,317,317
275,175,317,317
275,298,317,317
276,153,317,317
276,164,317,317
279,52,317,317
279,105,317,317
279,212,317,317
279,265,317,317
281,59,317,317
281,153,317,317
281,164,317,317
281,258,317,317
282,21,317,317
282,296,317,317
283,3,317,317
283,61,317,317
283,256,317,317
283,314,317,317
284,147,317,317
284,170,317,317
285,18,317,317
285,299,317,317
286,27,317,317
286,85,317,317
286,232,317,317
286,290,317,317
287,69,317,317
287,248,317,317
288,71,317,317
288,246,317,317
289,64,317,317
289,80,317,317
289,237,317,317
289,253,317,317
290,35,317,317
290,48,317,317
290,112,317,317
290,205,317,317
290,269,317,317
290,282,317,317
293,127,317,317
293,152,317,317
293,165,317,317
293,190,317,317
294,21,317,317
294,110,317,317
294,207,317,317
294,296,317,317
295,35,317,317
295,282,317,317
296,48,317,317
296,93,317,317
296,100,317,317
296,217,317,317
296,224,317,317
296,269,317,317
297,107,317,317
297,210,317,317
298,60,317,317
298,71,317,317
298,98,317,317
298,219,317,317
298,246,317,317
298,257,317,317
299,79,317,317
299,102,317,317
299,114,317,317
299,203,317,317
299,215,317,317
299,238,317,317
300,2,317,317
300,91,317,317
300,101,317,317
300,216,317,317
300,226,317,317
300,315,317,317
301,6,317,317
301,151,317,317
301,166,317,317
301,311,317,317
302,23,317,317
302,108,317,317
302,209,317,317
302,294,317,317
303,54,317,317
303,102,317,317
303,158,317,317
303,159,317,317
303,215,317,317
303,263,317,317
304,78,317,317
304,239,317,317
305,21,317,317
305,49,317,317
305,154,317,317
305,163,317,317
305,268,317,317
305,296,317,317
306,41,317,317
306,94,317,317
306,223,317,317
306,276,317,317
307,70,317,317
307,71,317,317
307,246,317,317
307,247,317,317
309,5,317,317
309,69,317,317
309,94,317,317
309,223,317,317
309,248,317,317
309,312,317,317
312,40,317,317
312,146,317,317
312,153,317,317
312,164,317,317
312,171,317,317
312,277,317,317
314,126,317,317
314,191,317,317
315,30,317,317
315,287,317,317
316,10,317,317
316,146,317,317
316,171,317,317
316,307,317,317
0,2,331,331
0,3,331,331
0,13,331,331
0,23,331,331
0,29,331,331
0,41,331,331
0,44,331,331
0,47,331,331
0,55,331,331
0,66,331,331
0,97,331,331
0,98,331,331
0,99,331,331
0,101,331,331
0,112,331,331
0,119,331,331
0,128,331,331
0,134,331,331
0,136,331,331
0,140,331,331
0,147,331,331
0,148,331,331
0,160,331,331
0,168,331,331
0,170,331,331
0,175,331,331
0,185,331,331
0,192,331,331
0,200,331,331
0,201,331,331
0,204,331,331
0,209,331,331
0,210,331,331
0,217,331,331
0,222,331,331
0,227,331,331
0,236,331,331
0,240,331,331
0,248,331,331
0,250,331,331
0,252,331,331
0,255,331,331
0,277,331,331
0,286,331,331
0,288,331,331
0,295,331,331
0,300,331,331
0,301,331,331
0,306,331,331
0,307,331,331
0,310,331,331
0,311,331,331
0,314,331,331
0,315,331,331
0,317,331,331
1,244,331,331
1,250,331,331
1,279,331,331
2,20,331,331
2,122,331,331
2,188,331,331
2,219,331,331
2,271,331,331
2,310,331,331
3,31,331,331
3,78,331,331
3,114,331,331
3,123,331,331
3,192,331,331
3,290,331,331
4,34,331,331
4,85,331,331
4,317,331,331
5,262,331,331
5,301,331,331
5,324,331,331
6,74,331,331
6,128,331,331
6,162,331,331
7,52,331,331
7,76,331,331
7,82,331,331
7,83,331,331
7,128,331,331
7,131,331,331
8,17,331,331
8,149,331,331
8,151,331,331
8,168,331,331
8,171,331,331
8,234,331,331
9,32,331,331
9,80,331,331
9,201,331,331
10,29,331,331
10,130,331,331
10,131,331,331
10,229,331,331
10,265,331,331
10,272,331,331
11,29,331,331
11,130,331,331
11,131,331,331
11,229,331,331
11,265,331,331
11,272,331,331
12,9,331,331
12,38,331,331
12,81,331,331
12,83,331,331
12,119,331,331
12,328,331,331
13,17,331,331
13,98,331,331
13,203,331,331
13,226,331,331
13,280,331,331
13,302,331,331
14,108,331,331
14,270,331,331
14,306,331,331
15,36,331,331
15,79,331,331
15,176,331,331
15,230,331,331
15,255,331,331
15,303,331,331
16,59,331,331
16,112,331,331
16,313,331,331
17,168,331,331
17,254,331,331
17,304,331,331
18,16,331,331
18,45,331,331
18,122,331,331
18,220,331,331
18,236,331,331
18,296,331,331
19,185,331,331
19,260,331,331
19,319,331,331
20,56,331,331
20,221,331,331
20,240,331,331
21,134,331,331
21,242,331,331
21,274,331,331
22,56,331,331
22,221,331,331
22,240,331,331
23,21,331,331
23,36,331,331
23,206,331,331
23,223,331,331
23,227,331,331
23,328,331,331
24,28,331,331
24,70,331,331
24,300,331,331
25,48,331,331
25,120,331,331
25,136,331,331
26,62,331,331
26,155,331,331
26,286,331,331
27,112,331,331
27,114,331,331
27,156,331,331
27,211,331,331
27,232,331,331
27,320,331,331
28,6,331,331
28,54,331,331
28,246,331,331
28,276,331,331
28,300,331,331
28,329,331,331
29,145,331,331
29,161,331,331
29,165,331,331
29,276,331,331
29,306,331,331
29,308,331,331
30,60,331,331
30,150,331,331
30,170,331,331
31,244,331,331
31,250,331,331
31,279,331,331
32,114,331,331
32,116,331,331
32,132,331,331
32,195,331,331
32,287,331,331
32,311,331,331
33,60,331,331
33,150,331,331
33,170,331,331
34,127,331,331
34,171,331,331
34,174,331,331
34,198,331,331
34,265,331,331
34,301,331,331
35,7,331,331
35,24,331,331
35,43,331,331
35,163,331,331
35,170,331,331
35,202,331,331
36,22,331,331
36,47,331,331
36,75,331,331
37,20,331,331
37,39,331,331
37,139,331,331
37,275,331,331
37,295,331,331
37,318,331,331
38,76,331,331
38,81,331,331
38,88,331,331
38,97,331,331
38,130,331,331
38,298,331,331
39,96,331,331
39,175,331,331
39,237,331,331
40,99,331,331
40,141,331,331
40,154,331,331
40,197,331,331
40,276,331,331
40,284,331,331
41,9,331,331
41,38,331,331
41,81,331,331
41,83,331,331
41,119,331,331
41,328,331,331
42,30,331,331
42,47,331,331
42,87,331,331
42,121,331,331
42,257,331,331
42,302,331,331
43,32,331,331
43,80,331,331
43,201,331,331
44,99,331,331
44,141,331,331
44,154,331,331
44,197,331,331
44,276,331,331
44,284,331,331
45,148,331,331
45,189,331,331
45,208,331,331
46,41,331,331
46,153,331,331
46,326,331,331
47,12,331,331
47,43,331,331
47,55,331,331
47,121,331,331
47,183,331,331
47,299,331,331
48,14,331,331
48,24,331,331
48,27,331,331
48,41,331,331
48,259,331,331
48,329,331,331
49,51,331,331
49,293,331,331
49,310,331,331
50,23,331,331
50,24,331,331
50,113,331,331
50,183,331,331
50,233,331,331
50,330,331,331
51,21,331,331
51,36,331,331
51,206,331,331
51,223,331,331
51,227,331,331
51,328,331,331
52,31,331,331
52,77,331,331
52,178,331,331
52,195,331,331
52,209,331,331
52,232,331,331
53,2,331,331
53,137,331,331
53,177,331,331
54,185,331,331
54,260,331,331
54,319,331,331
55,23,331,331
55,24,331,331
55,113,331,331
55,183,331,331
55,233,331,331
55,330,331,331
56,129,331,331
56,157,331,331
56,200,331,331
57,16,331,331
57,18,331,331
57,109,331,331
57,230,331,331
57,248,331,331
57,283,331,331
58,72,331,331
58,180,331,331
58,204,331,331
59,20,331,331
59,58,331,331
59,61,331,331
59,91,331,331
59,191,331,331
59,252,331,331
60,30,331,331
60,43,331,331
60,146,331,331
60,224,331,331
60,247,331,331
60,277,331,331
61,127,331,331
61,171,331,331
61,174,331,331
61,198,331,331
61,265,331,331
61,301,331,331
62,20,331,331
62,122,331,331
62,188,331,331
62,219,331,331
62,271,331,331
62,310,331,331
63,76,331,331
63,103,331,331
63,104,331,331
63,185,331,331
63,251,331,331
63,265,331,331
64,97,331,331
64,144,331,331
64,190,331,331
65,145,331,331
65,161,331,331
65,165,331,331
65,276,331,331
65,306,331,331
65,308,331,331
66,30,331,331
66,43,331,331
66,146,331,331
66,224,331,331
66,247,331,331
66,277,331,331
67,64,331,331
67,158,331,331
67,227,331,331
68,216,331,331
68,285,331,331
68,311,331,331
69,67,331,331
69,93,331,331
69,98,331,331
70,3,331,331
70,40,331,331
70,100,331,331
71,148,331,331
71,189,331,331
71,208,331,331
72,17,331,331
72,98,331,331
72,203,331,331
72,226,331,331
72,280,331,331
72,302,331,331
73,5,331,331
73,45,331,331
73,205,331,331
73,219,331,331
73,230,331,331
73,250,331,331
74,11,331,331
74,193,331,331
74,307,331,331
75,17,331,331
75,149,331,331
75,151,331,331
75,168,331,331
75,171,331,331
75,234,331,331
76,96,331,331
76,175,331,331
76,237,331,331
77,3,331,331
77,40,331,331
77,100,331,331
78,14,331,331
78,54,331,331
78,217,331,331
78,264,331,331
78,284,331,331
78,289,331,331
79,124,331,331
79,182,331,331
79,295,331,331
80,66,331,331
80,214,331,331
80,218,331,331
81,129,331,331
81,157,331,331
81,200,331,331
82,28,331,331
82,70,331,331
82,300,331,331
83,135,331,331
83,172,331,331
83,217,331,331
84,50,331,331
84,125,331,331
84,252,331,331
85,99,331,331
85,321,331,331
85,327,331,331
86,16,331,331
86,45,331,331
86,122,331,331
86,220,331,331
86,236,331,331
86,296,331,331
87,51,331,331
87,293,331,331
87,310,331,331
88,66,331,331
88,214,331,331
88,218,331,331
89,314,331,331
89,316,331,331
89,325,331,331
90,104,331,331
90,106,331,331
90,127,331,331
90,131,331,331
90,210,331,331
90,269,331,331
91,64,331,331
91,158,331,331
91,227,331,331
92,7,331,331
92,24,331,331
92,43,331,331
92,163,331,331
92,170,331,331
92,202,331,331
93,31,331,331
93,78,331,331
93,114,331,331
93,123,331,331
93,192,331,331
93,290,331,331
94,147,331,331
94,266,331,331
94,305,331,331
95,35,331,331
95,44,331,331
95,253,331,331
96,102,331,331
96,107,331,331
96,248,331,331
97,6,331,331
97,54,331,331
97,246,331,331
97,276,331,331
97,300,331,331
97,329,331,331
98,20,331,331
98,58,331,331
98,61,331,331
98,91,331,331
98,191,331,331
98,252,331,331
99,104,331,331
99,106,331,331
99,127,331,331
99,131,331,331
99,210,331,331
99,269,331,331
100,33,331,331
100,236,331,331
100,278,331,331
101,14,331,331
101,54,331,331
101,217,331,331
101,264,331,331
101,284,331,331
101,289,331,331
102,41,331,331
102,153,331,331
102,326,331,331
103,108,331,331
103,270,331,331
103,306,331,331
104,29,331,331
104,84,331,331
104,166,331,331
105,126,331,331
105,209,331,331
105,249,331,331
106,26,331,331
106,73,331,331
106,203,331,331
106,212,331,331
106,234,331,331
106,307,331,331
107,52,331,331
107,76,331,331
107,82,331,331
107,83,331,331
107,128,331,331
107,131,331,331
108,76,331,331
108,81,331,331
108,88,331,331
108,97,331,331
108,130,331,331
108,298,331,331
109,67,331,331
109,93,331,331
109,98,331,331
110,33,331,331
110,236,331,331
110,278,331,331
111,314,331,331
111,316,331,331
111,325,331,331
112,16,331,331
112,18,331,331
112,109,331,331
112,230,331,331
112,248,331,331
112,283,331,331
113,48,331,331
113,120,331,331
113,136,331,331
114,55,331,331
114,68,331,331
114,292,331,331
115,15,331,331
115,146,331,331
115,234,331,331
115,291,331,331
115,302,331,331
115,317,331,331
116,4,331,331
116,36,331,331
116,109,331,331
116,164,331,331
116,184,331,331
116,200,331,331
117,2,331,331
117,53,331,331
117,121,331,331
117,146,331,331
117,187,331,331
117,203,331,331
118,168,331,331
118,254,331,331
118,304,331,331
119,14,331,331
119,24,331,331
119,27,331,331
119,41,331,331
119,259,331,331
119,329,331,331
120,124,331,331
120,182,331,331
120,295,331,331
121,33,331,331
121,236,331,331
121,278,331,331
122,216,331,331
122,285,331,331
122,311,331,331
123,22,331,331
123,47,331,331
123,75,331,331
124,34,331,331
124,85,331,331
124,317,331,331
125,118,331,331
125,222,331,331
125,312,331,331
126,13,331,331
126,63,331,331
126,323,331,331
127,111,331,331
127,192,331,331
127,243,331,331
128,21,331,331
128,65,331,331
128,81,331,331
128,95,331,331
128,160,331,331
128,268,331,331
129,112,331,331
129,114,331,331
129,156,331,331
129,211,331,331
129,232,331,331
129,320,331,331
130,72,331,331
130,180,331,331
130,204,331,331
131,314,331,331
131,316,331,331
131,325,331,331
132,124,331,331
132,182,331,331
132,295,331,331
133,12,331,331
133,43,331,331
133,55,331,331
133,121,331,331
133,183,331,331
133,299,331,331
134,36,331,331
134,79,331,331
134,176,331,331
134,230,331,331
134,255,331,331
134,303,331,331
135,21,331,331
135,66,331,331
135,79,331,331
135,94,331,331
135,184,331,331
135,213,331,331
136,71,331,331
136,197,331,331
136,240,331,331
136,263,331,331
136,287,331,331
136,308,331,331
137,25,331,331
137,31,331,331
137,156,331,331
137,159,331,331
137,238,331,331
137,315,331,331
138,17,331,331
138,127,331,331
138,148,331,331
138,212,331,331
138,267,331,331
138,281,331,331
139,74,331,331
139,128,331,331
139,162,331,331
140,20,331,331
140,39,331,331
140,139,331,331
140,275,331,331
140,295,331,331
140,318,331,331
141,216,331,331
141,285,331,331
141,311,331,331
142,104,331,331
142,106,331,331
142,127,331,331
142,131,331,331
142,210,331,331
142,269,331,331
143,72,331,331
143,180,331,331
143,204,331,331
144,62,331,331
144,155,331,331
144,286,331,331
145,3,331,331
145,16,331,331
145,115,331,331
145,139,331,331
145,219,331,331
145,245,331,331
146,186,331,331
146,273,331,331
146,277,331,331
147,13,331,331
147,57,331,331
147,161,331,331
147,179,331,331
147,287,331,331
147,290,331,331
148,19,331,331
148,104,331,331
148,117,331,331
148,171,331,331
148,212,331,331
148,288,331,331
149,1,331,331
149,199,331,331
149,288,331,331
150,59,331,331
150,112,331,331
150,313,331,331
151,12,331,331
151,43,331,331
151,55,331,331
151,121,331,331
151,183,331,331
151,299,331,331
152,14,331,331
152,54,331,331
152,217,331,331
152,264,331,331
152,284,331,331
152,289,331,331
153,67,331,331
153,93,331,331
153,98,331,331
154,20,331,331
154,39,331,331
154,139,331,331
154,275,331,331
154,295,331,331
154,318,331,331
155,262,331,331
155,301,331,331
155,324,331,331
156,90,331,331
156,225,331,331
156,255,331,331
157,37,331,331
157,160,331,331
157,258,331,331
158,10,331,331
158,91,331,331
158,101,331,331
158,156,331,331
158,194,331,331
158,318,331,331
159,46,331,331
159,83,331,331
159,95,331,331
159,130,331,331
159,231,331,331
159,314,331,331
160,45,331,331
160,79,331,331
160,92,331,331
160,109,331,331
160,196,331,331
160,201,331,331
161,62,331,331
161,155,331,331
161,286,331,331
162,16,331,331
162,18,331,331
162,109,331,331
162,230,331,331
162,248,331,331
162,283,331,331
163,66,331,331
163,214,331,331
163,218,331,331
164,14,331,331
164,24,331,331
164,27,331,331
164,41,331,331
164,259,331,331
164,329,331,331
165,59,331,331
165,112,331,331
165,313,331,331
166,14,331,331
166,44,331,331
166,142,331,331
166,163,331,331
166,173,331,331
166,233,331,331
167,228,331,331
167,239,331,331
167,315,331,331
168,25,331,331
168,91,331,331
168,232,331,331
168,261,331,331
168,286,331,331
168,297,331,331
169,49,331,331
169,152,331,331
169,210,331,331
170,136,331,331
170,138,331,331
170,233,331,331
170,284,331,331
170,294,331,331
170,329,331,331
171,262,331,331
171,301,331,331
171,324,331,331
172,22,331,331
172,47,331,331
172,75,331,331
173,64,331,331
173,158,331,331
173,227,331,331
174,20,331,331
174,58,331,331
174,61,331,331
174,91,331,331
174,191,331,331
174,252,331,331
175,112,331,331
175,114,331,331
175,156,331,331
175,211,331,331
175,232,331,331
175,320,331,331
176,45,331,331
176,79,331,331
176,92,331,331
176,109,331,331
176,196,331,331
176,201,331,331
177,42,331,331
177,105,331,331
177,119,331,331
178,95,331,331
178,110,331,331
178,184,331,331
178,204,331,331
178,207,331,331
178,328,331,331
179,101,331,331
179,133,331,331
179,167,331,331
180,140,331,331
180,143,331,331
180,322,331,331
181,14,331,331
181,44,331,331
181,142,331,331
181,163,331,331
181,173,331,331
181,233,331,331
182,36,331,331
182,79,331,331
182,176,331,331
182,230,331,331
182,255,331,331
182,303,331,331
183,41,331,331
183,153,331,331
183,326,331,331
184,3,331,331
184,40,331,331
184,100,331,331
185,76,331,331
185,81,331,331
185,88,331,331
185,97,331,331
185,130,331,331
185,298,331,331
186,74,331,331
186,128,331,331
186,162,331,331
187,136,331,331
187,138,331,331
187,233,331,331
187,284,331,331
187,294,331,331
187,329,331,331
188,25,331,331
188,191,331,331
188,222,331,331
188,235,331,331
188,256,331,331
188,318,331,331
189,23,331,331
189,86,331,331
189,215,331,331
190,30,331,331
190,134,331,331
190,163,331,331
190,183,331,331
190,241,331,331
190,282,331,331
191,42,331,331
191,105,331,331
191,119,331,331
192,3,331,331
192,16,331,331
192,115,331,331
192,139,331,331
192,219,331,331
192,245,331,331
193,48,331,331
193,120,331,331
193,136,331,331
194,129,331,331
194,157,331,331
194,200,331,331
195,51,331,331
195,293,331,331
195,310,331,331
196,168,331,331
196,254,331,331
196,304,331,331
197,1,331,331
197,199,331,331
197,288,331,331
198,140,331,331
198,143,331,331
198,322,331,331
199,54,331,331
199,161,331,331
199,169,331,331
199,175,331,331
199,197,331,331
199,309,331,331
200,8,331,331
200,89,331,331
200,122,331,331
200,139,331,331
200,147,331,331
200,191,331,331
201,25,331,331
201,191,331,331
201,222,331,331
201,235,331,331
201,256,331,331
201,318,331,331
202,90,331,331
202,225,331,331
202,255,331,331
203,34,331,331
203,85,331,331
203,317,331,331
204,7,331,331
204,24,331,331
204,43,331,331
204,163,331,331
204,170,331,331
204,202,331,331
205,30,331,331
205,43,331,331
205,146,331,331
205,224,331,331
205,247,331,331
205,277,331,331
206,6,331,331
206,54,331,331
206,246,331,331
206,276,331,331
206,300,331,331
206,329,331,331
207,21,331,331
207,65,331,331
207,81,331,331
207,95,331,331
207,160,331,331
207,268,331,331
208,46,331,331
208,83,331,331
208,95,331,331
208,130,331,331
208,231,331,331
208,314,331,331
209,30,331,331
209,134,331,331
209,163,331,331
209,183,331,331
209,241,331,331
209,282,331,331
210,69,331,331
210,140,331,331
210,181,331,331
210,195,331,331
210,290,331,331
210,308,331,331
211,54,331,331
211,161,331,331
211,169,331,331
211,175,331,331
211,197,331,331
211,309,331,331
212,228,331,331
212,239,331,331
212,315,331,331
213,21,331,331
213,66,331,331
213,79,331,331
213,94,331,331
213,184,331,331
213,213,331,331
214,108,331,331
214,270,331,331
214,306,331,331
215,148,331,331
215,189,331,331
215,208,331,331
216,96,331,331
216,175,331,331
216,237,331,331
217,52,331,331
217,76,331,331
217,82,331,331
217,83,331,331
217,128,331,331
217,131,331,331
218,17,331,331
218,127,331,331
218,148,331,331
218,212,331,331
218,267,331,331
218,281,331,331
219,49,331,331
219,152,331,331
219,210,331,331
220,8,331,331
220,89,331,331
220,122,331,331
220,139,331,331
220,147,331,331
220,191,331,331
221,69,331,331
221,140,331,331
221,181,331,331
221,195,331,331
221,290,331,331
221,308,331,331
222,95,331,331
222,110,331,331
222,184,331,331
222,204,331,331
222,207,331,331
222,328,331,331
223,186,331,331
223,273,331,331
223,277,331,331
224,55,331,331
224,68,331,331
224,292,331,331
225,28,331,331
225,70,331,331
225,300,331,331
226,23,331,331
226,24,331,331
226,113,331,331
226,183,331,331
226,233,331,331
226,330,331,331
227,16,331,331
227,45,331,331
227,122,331,331
227,220,331,331
227,236,331,331
227,296,331,331
228,2,331,331
228,53,331,331
228,121,331,331
228,146,331,331
228,187,331,331
228,203,331,331
229,19,331,331
229,104,331,331
229,117,331,331
229,171,331,331
229,212,331,331
229,288,331,331
230,101,331,331
230,133,331,331
230,167,331,331
231,69,331,331
231,140,331,331
231,181,331,331
231,195,331,331
231,290,331,331
231,308,331,331
232,23,331,331
232,86,331,331
232,215,331,331
233,37,331,331
233,160,331,331
233,258,331,331
234,118,331,331
234,222,331,331
234,312,331,331
235,31,331,331
235,78,331,331
235,114,331,331
235,123,331,331
235,192,331,331
235,290,331,331
236,127,331,331
236,171,331,331
236,174,331,331
236,198,331,331
236,265,331,331
236,301,331,331
237,145,331,331
237,161,331,331
237,165,331,331
237,276,331,331
237,306,331,331
237,308,331,331
238,102,331,331
238,107,331,331
238,248,331,331
239,111,331,331
239,192,331,331
239,243,331,331
240,10,331,331
240,91,331,331
240,101,331,331
240,156,331,331
240,194,331,331
240,318,331,331
241,23,331,331
241,86,331,331
241,215,331,331
242,8,331,331
242,89,331,331
242,122,331,331
242,139,331,331
242,147,331,331
242,191,331,331
243,25,331,331
243,91,331,331
243,232,331,331
243,261,331,331
243,286,331,331
243,297,331,331
244,71,331,331
244,197,331,331
244,240,331,331
244,263,331,331
244,287,331,331
244,308,331,331
245,29,331,331
245,84,331,331
245,166,331,331
246,17,331,331
246,98,331,331
246,203,331,331
246,226,331,331
246,280,331,331
246,302,331,331
247,99,331,331
247,141,331,331
247,154,331,331
247,197,331,331
247,276,331,331
247,284,331,331
248,17,331,331
248,149,331,331
248,151,331,331
248,168,331,331
248,171,331,331
248,234,331,331
249,26,331,331
249,73,331,331
249,203,331,331
249,212,331,331
249,234,331,331
249,307,331,331
250,25,331,331
250,31,331,331
250,156,331,331
250,159,331,331
250,238,331,331
250,315,331,331
251,25,331,331
251,91,331,331
251,232,331,331
251,261,331,331
251,286,331,331
251,297,331,331
252,54,331,331
252,161,331,331
252,169,331,331
252,175,331,331
252,197,331,331
252,309,331,331
253,101,331,331
253,133,331,331
253,167,331,331
254,13,331,331
254,57,331,331
254,161,331,331
254,179,331,331
254,287,331,331
254,290,331,331
255,15,331,331
255,146,331,331
255,234,331,331
255,291,331,331
255,302,331,331
255,317,331,331
256,135,331,331
256,172,331,331
256,217,331,331
257,21,331,331
257,36,331,331
257,206,331,331
257,223,331,331
257,227,331,331
257,328,331,331
258,185,331,331
258,260,331,331
258,319,331,331
259,99,331,331
259,321,331,331
259,327,331,331
260,4,331,331
260,36,331,331
260,109,331,331
260,164,331,331
260,184,331,331
260,200,331,331
261,13,331,331
261,57,331,331
261,161,331,331
261,179,331,331
261,287,331,331
261,290,331,331
262,95,331,331
262,110,331,331
262,184,331,331
262,204,331,331
262,207,331,331
262,328,331,331
263,30,331,331
263,134,331,331
263,163,331,331
263,183,331,331
263,241,331,331
263,282,331,331
264,10,331,331
264,91,331,331
264,101,331,331
264,156,331,331
264,194,331,331
264,318,331,331
265,13,331,331
265,63,331,331
265,323,331,331
266,147,331,331
266,266,331,331
266,305,331,331
267,20,331,331
267,122,331,331
267,188,331,331
267,219,331,331
267,271,331,331
267,310,331,331
268,60,331,331
268,150,331,331
268,170,331,331
269,97,331,331
269,144,331,331
269,190,331,331
270,35,331,331
270,44,331,331
270,253,331,331
271,13,331,331
271,63,331,331
271,323,331,331
272,37,331,331
272,160,331,331
272,258,331,331
273,25,331,331
273,191,331,331
273,222,331,331
273,235,331,331
273,256,331,331
273,318,331,331
274,49,331,331
274,152,331,331
274,210,331,331
275,25,331,331
275,31,331,331
275,156,331,331
275,159,331,331
275,238,331,331
275,315,331,331
276,126,331,331
276,209,331,331
276,249,331,331
277,5,331,331
277,45,331,331
277,205,331,331
277,219,331,331
277,230,331,331
277,250,331,331
278,9,331,331
278,38,331,331
278,81,331,331
278,83,331,331
278,119,331,331
278,328,331,331
279,32,331,331
279,80,331,331
279,201,331,331
280,11,331,331
280,193,331,331
280,307,331,331
281,126,331,331
281,209,331,331
281,249,331,331
282,71,331,331
282,197,331,331
282,240,331,331
282,263,331,331
282,287,331,331
282,308,331,331
283,228,331,331
283,239,331,331
283,315,331,331
284,140,331,331
284,143,331,331
284,322,331,331
285,19,331,331
285,104,331,331
285,117,331,331
285,171,331,331
285,212,331,331
285,288,331,331
286,4,331,331
286,36,331,331
286,109,331,331
286,164,331,331
286,184,331,331
286,200,331,331
287,50,331,331
287,125,331,331
287,252,331,331
288,31,331,331
288,77,331,331
288,178,331,331
288,195,331,331
288,209,331,331
288,232,331,331
289,56,331,331
289,221,331,331
289,240,331,331
290,2,331,331
290,137,331,331
290,177,331,331
291,50,331,331
291,125,331,331
291,252,331,331
292,15,331,331
292,146,331,331
292,234,331,331
292,291,331,331
292,302,331,331
292,317,331,331
293,186,331,331
293,273,331,331
293,277,331,331
294,42,331,331
294,105,331,331
294,119,331,331
295,46,331,331
295,83,331,331
295,95,331,331
295,130,331,331
295,231,331,331
295,314,331,331
296,111,331,331
296,192,331,331
296,243,331,331
297,35,331,331
297,44,331,331
297,253,331,331
298,76,331,331
298,103,331,331
298,104,331,331
298,185,331,331
298,251,331,331
298,265,331,331
299,244,331,331
299,250,331,331
299,279,331,331
300,114,331,331
300,116,331,331
300,132,331,331
300,195,331,331
300,287,331,331
300,311,331,331
301,76,331,331
301,103,331,331
301,104,331,331
301,185,331,331
301,251,331,331
301,265,331,331
302,147,331,331
302,266,331,331
302,305,331,331
303,118,331,331
303,222,331,331
303,312,331,331
304,90,331,331
304,225,331,331
304,255,331,331
305,136,331,331
305,138,331,331
305,233,331,331
305,284,331,331
305,294,331,331
305,329,331,331
306,17,331,331
306,127,331,331
306,148,331,331
306,212,331,331
306,267,331,331
306,281,331,331
307,26,331,331
307,73,331,331
307,203,331,331
307,212,331,331
307,234,331,331
307,307,331,331
308,11,331,331
308,193,331,331
308,307,331,331
309,30,331,331
309,47,331,331
309,87,331,331
309,121,331,331
309,257,331,331
309,302,331,331
310,29,331,331
310,130,331,331
310,131,331,331
310,229,331,331
310,265,331,331
310,272,331,331
311,30,331,331
311,47,331,331
311,87,331,331
311,121,331,331
311,257,331,331
311,302,331,331
312,5,331,331
312,45,331,331
312,205,331,331
312,219,331,331
312,230,331,331
312,250,331,331
313,29,331,331
313,84,331,331
313,166,331,331
314,21,331,331
314,66,331,331
314,79,331,331
314,94,331,331
314,184,331,331
314,213,331,331
315,14,331,331
315,44,331,331
315,142,331,331
315,163,331,331
315,173,331,331
315,233,331,331
316,1,331,331
316,199,331,331
316,288,331,331
317,2,331,331
317,53,331,331
317,121,331,331
317,146,331,331
317,187,331,331
317,203,331,331
318,99,331,331
318,321,331,331
318,327,331,331
319,2,331,331
319,137,331,331
319,177,331,331
320,134,331,331
320,242,331,331
320,274,331,331
321,134,331,331
321,242,331,331
321,274,331,331
322,31,331,331
322,77,331,331
322,178,331,331
322,195,331,331
322,209,331,331
322,232,331,331
323,135,331,331
323,172,331,331
323,217,331,331
324,55,331,331
324,68,331,331
324,292,331,331
325,3,331,331
325,16,331,331
325,115,331,331
325,139,331,331
325,219,331,331
325,245,331,331
326,45,331,331
326,79,331,331
326,92,331,331
326,109,331,331
326,196,331,331
326,201,331,331
327,21,331,331
327,65,331,331
327,81,331,331
327,95,331,331
327,160,331,331
327,268,331,331
328,102,331,331
328,107,331,331
328,248,331,331
329,97,331,331
329,144,331,331
329,190,331,331
330,114,331,331
330,116,331,331
330,132,331,331
330,195,331,331
330,287,331,331
330,311,331,331
1,133,337,337
1,143,337,337
1,194,337,337
1,204,337,337
2,22,337,337
2,161,337,337
2,176,337,337
2,315,337,337
3,46,337,337
3,291,337,337
4,53,337,337
4,133,337,337
4,204,337,337
4,284,337,337
6,33,337,337
6,304,337,337
7,163,337,337
7,174,337,337
8,60,337,337
8,161,337,337
8,176,337,337
8,277,337,337
9,116,337,337
9,154,337,337
9,183,337,337
9,221,337,337
11,8,337,337
11,46,337,337
11,148,337,337
11,189,337,337
11,291,337,337
11,329,337,337
12,31,337,337
12,306,337,337
13,60,337,337
13,161,337,337
13,176,337,337
13,277,337,337
14,51,337,337
14,286,337,337
15,1,337,337
15,90,337,337
15,150,337,337
15,187,337,337
15,247,337,337
15,336,337,337
16,53,337,337
16,87,337,337
16,250,337,337
16,284,337,337
18,34,337,337
18,80,337,337
18,257,337,337
18,303,337,337
21,99,337,337
21,118,337,337
21,219,337,337
21,238,337,337
22,33,337,337
22,55,337,337
22,79,337,337
22,258,337,337
22,282,337,337
22,304,337,337
24,73,337,337
24,264,337,337
25,105,337,337
25,232,337,337
26,53,337,337
26,87,337,337
26,250,337,337
26,284,337,337
27,106,337,337
27,231,337,337
28,44,337,337
28,293,337,337
30,38,337,337
30,49,337,337
30,52,337,337
30,285,337,337
30,288,337,337
30,299,337,337
32,60,337,337
32,143,337,337
32,194,337,337
32,277,337,337
35,48,337,337
35,106,337,337
35,121,337,337
35,216,337,337
35,231,337,337
35,289,337,337
36,83,337,337
36,116,337,337
36,221,337,337
36,254,337,337
37,34,337,337
37,80,337,337
37,257,337,337
37,303,337,337
39,73,337,337
39,264,337,337
41,132,337,337
41,152,337,337
41,185,337,337
41,205,337,337
42,70,337,337
42,93,337,337
42,244,337,337
42,267,337,337
43,15,337,337
43,322,337,337
44,31,337,337
44,64,337,337
44,164,337,337
44,173,337,337
44,273,337,337
44,306,337,337
47,46,337,337
47,291,337,337
48,89,337,337
48,248,337,337
49,124,337,337
49,153,337,337
49,184,337,337
49,213,337,337
50,68,337,337
50,269,337,337
51,29,337,337
51,49,337,337
51,64,337,337
51,273,337,337
51,288,337,337
51,308,337,337
52,60,337,337
52,143,337,337
52,194,337,337
52,277,337,337
53,31,337,337
53,64,337,337
53,164,337,337
53,173,337,337
53,273,337,337
53,306,337,337
54,120,337,337
54,217,337,337
55,23,337,337
55,45,337,337
55,292,337,337
55,314,337,337
56,71,337,337
56,266,337,337
57,6,337,337
57,111,337,337
57,134,337,337
57,203,337,337
57,226,337,337
57,331,337,337
59,43,337,337
59,47,337,337
59,163,337,337
59,174,337,337
59,290,337,337
59,294,337,337
60,8,337,337
60,46,337,337
60,148,337,337
60,189,337,337
60,291,337,337
60,329,337,337
61,6,337,337
61,111,337,337
61,134,337,337
61,203,337,337
61,226,337,337
61,331,337,337
63,20,337,337
63,317,337,337
64,22,337,337
64,87,337,337
64,250,337,337
64,315,337,337
67,7,337,337
67,137,337,337
67,139,337,337
67,198,337,337
67,200,337,337
67,330,337,337
69,111,337,337
69,120,337,337
69,137,337,337
69,200,337,337
69,217,337,337
69,226,337,337
70,111,337,337
70,120,337,337
70,137,337,337
70,200,337,337
70,217,337,337
70,226,337,337
71,1,337,337
71,68,337,337
71,164,337,337
71,173,337,337
71,269,337,337
71,336,337,337
72,34,337,337
72,65,337,337
72,272,337,337
72,303,337,337
74,83,337,337
74,116,337,337
74,221,337,337
74,254,337,337
75,45,337,337
75,132,337,337
75,205,337,337
75,292,337,337
78,89,337,337
78,248,337,337
79,22,337,337
79,161,337,337
79,176,337,337
79,315,337,337
81,99,337,337
81,114,337,337
81,223,337,337
81,238,337,337
82,124,337,337
82,153,337,337
82,184,337,337
82,213,337,337
84,67,337,337
84,118,337,337
84,219,337,337
84,270,337,337
85,90,337,337
85,247,337,337
86,106,337,337
86,231,337,337
87,1,337,337
87,90,337,337
87,150,337,337
87,187,337,337
87,247,337,337
87,336,337,337
88,42,337,337
88,73,337,337
88,103,337,337
88,234,337,337
88,264,337,337
88,295,337,337
91,71,337,337
91,266,337,337
93,6,337,337
93,27,337,337
93,71,337,337
93,266,337,337
93,310,337,337
93,331,337,337
94,33,337,337
94,304,337,337
95,44,337,337
95,293,337,337
96,90,337,337
96,247,337,337
97,8,337,337
97,36,337,337
97,130,337,337
97,207,337,337
97,301,337,337
97,329,337,337
98,45,337,337
98,132,337,337
98,205,337,337
98,292,337,337
99,48,337,337
99,106,337,337
99,121,337,337
99,216,337,337
99,231,337,337
99,289,337,337
100,166,337,337
100,171,337,337
101,25,337,337
101,43,337,337
101,109,337,337
101,228,337,337
101,294,337,337
101,312,337,337
102,42,337,337
102,148,337,337
102,160,337,337
102,177,337,337
102,189,337,337
102,295,337,337
103,132,337,337
103,152,337,337
103,185,337,337
103,205,337,337
104,22,337,337
104,87,337,337
104,250,337,337
104,315,337,337
106,42,337,337
106,73,337,337
106,103,337,337
106,234,337,337
106,264,337,337
106,295,337,337
107,51,337,337
107,286,337,337
108,163,337,337
108,174,337,337
109,6,337,337
109,27,337,337
109,71,337,337
109,266,337,337
109,310,337,337
109,331,337,337
110,19,337,337
110,152,337,337
110,185,337,337
110,318,337,337
111,120,337,337
111,217,337,337
112,15,337,337
112,322,337,337
113,151,337,337
113,186,337,337
114,25,337,337
114,43,337,337
114,109,337,337
114,228,337,337
114,294,337,337
114,312,337,337
115,140,337,337
115,197,337,337
117,34,337,337
117,65,337,337
117,272,337,337
117,303,337,337
118,51,337,337
118,85,337,337
118,123,337,337
118,214,337,337
118,252,337,337
118,286,337,337
119,7,337,337
119,137,337,337
119,139,337,337
119,198,337,337
119,200,337,337
119,330,337,337
120,33,337,337
120,55,337,337
120,79,337,337
120,258,337,337
120,282,337,337
120,304,337,337
121,134,337,337
121,203,337,337
122,25,337,337
122,43,337,337
122,109,337,337
122,228,337,337
122,294,337,337
122,312,337,337
123,109,337,337
123,228,337,337
125,29,337,337
125,49,337,337
125,64,337,337
125,273,337,337
125,288,337,337
125,308,337,337
126,29,337,337
126,308,337,337
128,133,337,337
128,143,337,337
128,194,337,337
128,204,337,337
129,67,337,337
129,138,337,337
129,199,337,337
129,270,337,337
131,65,337,337
131,154,337,337
131,183,337,337
131,272,337,337
133,38,337,337
133,49,337,337
133,52,337,337
133,285,337,337
133,288,337,337
133,299,337,337
134,27,337,337
134,47,337,337
134,151,337,337
134,186,337,337
134,290,337,337
134,310,337,337
135,6,337,337
135,27,337,337
135,71,337,337
135,266,337,337
135,310,337,337
135,331,337,337
137,31,337,337
137,306,337,337
138,43,337,337
138,47,337,337
138,163,337,337
138,174,337,337
138,290,337,337
138,294,337,337
139,56,337,337
139,85,337,337
139,101,337,337
139,236,337,337
139,252,337,337
139,281,337,337
140,43,337,337
140,47,337,337
140,163,337,337
140,174,337,337
140,290,337,337
140,294,337,337
141,116,337,337
141,154,337,337
141,183,337,337
141,221,337,337
142,52,337,337
142,103,337,337
142,166,337,337
142,171,337,337
142,234,337,337
142,285,337,337
143,42,337,337
143,73,337,337
143,103,337,337
143,234,337,337
143,264,337,337
143,295,337,337
144,10,337,337
144,83,337,337
144,254,337,337
144,327,337,337
145,105,337,337
145,232,337,337
147,61,337,337
147,276,337,337
148,34,337,337
148,65,337,337
148,272,337,337
148,303,337,337
149,130,337,337
149,207,337,337
150,19,337,337
150,124,337,337
150,213,337,337
150,318,337,337
151,7,337,337
151,137,337,337
151,139,337,337
151,198,337,337
151,200,337,337
151,330,337,337
155,139,337,337
155,198,337,337
156,90,337,337
156,247,337,337
158,53,337,337
158,133,337,337
158,204,337,337
158,284,337,337
161,29,337,337
161,49,337,337
161,64,337,337
161,273,337,337
161,288,337,337
161,308,337,337
162,93,337,337
162,138,337,337
162,199,337,337
162,244,337,337
163,55,337,337
163,105,337,337
163,162,337,337
163,175,337,337
163,232,337,337
163,282,337,337
164,45,337,337
164,132,337,337
164,205,337,337
164,292,337,337
165,101,337,337
165,236,337,337
167,105,337,337
167,232,337,337
168,70,337,337
168,114,337,337
168,223,337,337
168,267,337,337
169,22,337,337
169,87,337,337
169,250,337,337
169,315,337,337
170,38,337,337
170,299,337,337
172,120,337,337
172,217,337,337
173,10,337,337
173,80,337,337
173,257,337,337
173,327,337,337
174,38,337,337
174,49,337,337
174,52,337,337
174,285,337,337
174,288,337,337
174,299,337,337
175,53,337,337
175,133,337,337
175,204,337,337
175,284,337,337
176,36,337,337
176,89,337,337
176,162,337,337
176,175,337,337
176,248,337,337
176,301,337,337
179,93,337,337
179,138,337,337
179,199,337,337
179,244,337,337
181,160,337,337
181,177,337,337
182,15,337,337
182,322,337,337
186,15,337,337
186,25,337,337
186,56,337,337
186,281,337,337
186,312,337,337
186,322,337,337
187,116,337,337
187,154,337,337
187,183,337,337
187,221,337,337
188,31,337,337
188,306,337,337
189,23,337,337
189,153,337,337
189,184,337,337
189,314,337,337
190,71,337,337
190,266,337,337
192,38,337,337
192,299,337,337
193,132,337,337
193,152,337,337
193,185,337,337
193,205,337,337
194,20,337,337
194,79,337,337
194,150,337,337
194,187,337,337
194,258,337,337
194,317,337,337
195,33,337,337
195,55,337,337
195,79,337,337
195,258,337,337
195,282,337,337
195,304,337,337
196,19,337,337
196,124,337,337
196,213,337,337
196,318,337,337
197,39,337,337
197,121,337,337
197,140,337,337
197,197,337,337
197,216,337,337
197,298,337,337
198,111,337,337
198,120,337,337
198,137,337,337
198,200,337,337
198,217,337,337
198,226,337,337
199,39,337,337
199,121,337,337
199,140,337,337
199,197,337,337
199,216,337,337
199,298,337,337
200,130,337,337
200,207,337,337
202,48,337,337
202,61,337,337
202,123,337,337
202,214,337,337
202,276,337,337
202,289,337,337
203,48,337,337
203,106,337,337
203,121,337,337
203,216,337,337
203,231,337,337
203,289,337,337
204,55,337,337
204,105,337,337
204,162,337,337
204,175,337,337
204,232,337,337
204,282,337,337
206,124,337,337
206,153,337,337
206,184,337,337
206,213,337,337
208,133,337,337
208,143,337,337
208,194,337,337
208,204,337,337
209,67,337,337
209,138,337,337
209,199,337,337
209,270,337,337
211,89,337,337
211,248,337,337
212,36,337,337
212,89,337,337
212,162,337,337
212,175,337,337
212,248,337,337
212,301,337,337
214,44,337,337
214,293,337,337
215,7,337,337
215,39,337,337
215,44,337,337
215,293,337,337
215,298,337,337
215,330,337,337
216,51,337,337
216,286,337,337
217,52,337,337
217,103,337,337
217,166,337,337
217,171,337,337
217,234,337,337
217,285,337,337
218,15,337,337
218,25,337,337
218,56,337,337
218,281,337,337
218,312,337,337
218,322,337,337
219,6,337,337
219,111,337,337
219,134,337,337
219,203,337,337
219,226,337,337
219,331,337,337
220,23,337,337
220,153,337,337
220,184,337,337
220,314,337,337
222,163,337,337
222,174,337,337
223,7,337,337
223,39,337,337
223,44,337,337
223,293,337,337
223,298,337,337
223,330,337,337
224,106,337,337
224,231,337,337
225,139,337,337
225,198,337,337
226,101,337,337
226,236,337,337
227,83,337,337
227,116,337,337
227,221,337,337
227,254,337,337
228,48,337,337
228,61,337,337
228,123,337,337
228,214,337,337
228,276,337,337
228,289,337,337
229,140,337,337
229,197,337,337
230,134,337,337
230,203,337,337
231,20,337,337
231,79,337,337
231,150,337,337
231,187,337,337
231,258,337,337
231,317,337,337
233,70,337,337
233,114,337,337
233,223,337,337
233,267,337,337
234,10,337,337
234,83,337,337
234,254,337,337
234,327,337,337
235,1,337,337
235,90,337,337
235,150,337,337
235,187,337,337
235,247,337,337
235,336,337,337
236,7,337,337
236,39,337,337
236,44,337,337
236,293,337,337
236,298,337,337
236,330,337,337
237,33,337,337
237,304,337,337
238,27,337,337
238,47,337,337
238,151,337,337
238,186,337,337
238,290,337,337
238,310,337,337
239,10,337,337
239,80,337,337
239,257,337,337
239,327,337,337
240,31,337,337
240,64,337,337
240,164,337,337
240,173,337,337
240,273,337,337
240,306,337,337
241,160,337,337
241,177,337,337
242,109,337,337
242,228,337,337
243,166,337,337
243,171,337,337
244,48,337,337
244,61,337,337
244,123,337,337
244,214,337,337
244,276,337,337
244,289,337,337
246,61,337,337
246,276,337,337
249,20,337,337
249,79,337,337
249,150,337,337
249,187,337,337
249,258,337,337
249,317,337,337
250,42,337,337
250,148,337,337
250,160,337,337
250,177,337,337
250,189,337,337
250,295,337,337
251,151,337,337
251,186,337,337
252,160,337,337
252,177,337,337
253,60,337,337
253,143,337,337
253,194,337,337
253,277,337,337
255,65,337,337
255,154,337,337
255,183,337,337
255,272,337,337
256,22,337,337
256,161,337,337
256,176,337,337
256,315,337,337
258,99,337,337
258,114,337,337
258,223,337,337
258,238,337,337
259,29,337,337
259,308,337,337
262,10,337,337
262,80,337,337
262,257,337,337
262,327,337,337
263,19,337,337
263,152,337,337
263,185,337,337
263,318,337,337
265,23,337,337
265,153,337,337
265,184,337,337
265,314,337,337
266,8,337,337
266,46,337,337
266,148,337,337
266,189,337,337
266,291,337,337
266,329,337,337
267,56,337,337
267,85,337,337
267,101,337,337
267,236,337,337
267,252,337,337
267,281,337,337
268,56,337,337
268,85,337,337
268,101,337,337
268,236,337,337
268,252,337,337
268,281,337,337
270,15,337,337
270,25,337,337
270,56,337,337
270,281,337,337
270,312,337,337
270,322,337,337
273,70,337,337
273,114,337,337
273,223,337,337
273,267,337,337
274,73,337,337
274,264,337,337
276,51,337,337
276,85,337,337
276,123,337,337
276,214,337,337
276,252,337,337
276,286,337,337
277,1,337,337
277,68,337,337
277,164,337,337
277,173,337,337
277,269,337,337
277,336,337,337
278,39,337,337
278,121,337,337
278,140,337,337
278,197,337,337
278,216,337,337
278,298,337,337
280,51,337,337
280,85,337,337
280,123,337,337
280,214,337,337
280,252,337,337
280,286,337,337
281,61,337,337
281,276,337,337
282,34,337,337
282,80,337,337
282,257,337,337
282,303,337,337
283,101,337,337
283,236,337,337
284,8,337,337
284,36,337,337
284,130,337,337
284,207,337,337
284,301,337,337
284,329,337,337
285,67,337,337
285,118,337,337
285,219,337,337
285,270,337,337
286,36,337,337
286,89,337,337
286,162,337,337
286,175,337,337
286,248,337,337
286,301,337,337
287,46,337,337
287,291,337,337
288,65,337,337
288,154,337,337
288,183,337,337
288,272,337,337
289,29,337,337
289,308,337,337
290,68,337,337
290,269,337,337
293,8,337,337
293,36,337,337
293,130,337,337
293,207,337,337
293,301,337,337
293,329,337,337
294,139,337,337
294,198,337,337
295,53,337,337
295,87,337,337
295,250,337,337
295,284,337,337
296,10,337,337
296,83,337,337
296,254,337,337
296,327,337,337
298,20,337,337
298,317,337,337
300,23,337,337
300,45,337,337
300,292,337,337
300,314,337,337
301,19,337,337
301,152,337,337
301,185,337,337
301,318,337,337
302,27,337,337
302,47,337,337
302,151,337,337
302,186,337,337
302,290,337,337
302,310,337,337
305,67,337,337
305,118,337,337
305,219,337,337
305,270,337,337
307,55,337,337
307,105,337,337
307,162,337,337
307,175,337,337
307,232,337,337
307,282,337,337
309,109,337,337
309,228,337,337
310,151,337,337
310,186,337,337
311,70,337,337
311,93,337,337
311,244,337,337
311,267,337,337
312,38,337,337
312,299,337,337
313,20,337,337
313,317,337,337
315,52,337,337
315,103,337,337
315,166,337,337
315,171,337,337
315,234,337,337
315,285,337,337
316,60,337,337
316,161,337,337
316,176,337,337
316,277,337,337
319,23,337,337
319,45,337,337
319,292,337,337
319,314,337,337
321,70,337,337
321,93,337,337
321,244,337,337
321,267,337,337
322,42,337,337
322,148,337,337
322,160,337,337
322,177,337,337
322,189,337,337
322,295,337,337
323,134,337,337
323,203,337,337
324,99,337,337
324,118,337,337
324,219,337,337
324,238,337,337
325,130,337,337
325,207,337,337
326,1,337,337
326,68,337,337
326,164,337,337
326,173,337,337
326,269,337,337
326,336,337,337
328,19,337,337
328,124,337,337
328,213,337,337
328,318,337,337
329,99,337,337
329,118,337,337
329,219,337,337
329,238,337,337
330,140,337,337
330,197,337,337
331,166,337,337
331,171,337,337
333,93,337,337
333,138,337,337
333,199,337,337
333,244,337,337
334,68,337,337
334,269,337,337
335,99,337,337
335,114,337,337
335,223,337,337
335,238,337,337
336,67,337,337
336,138,337,337
336,199,337,337
336,270,337,337
1,272,347,347
2,49,347,347
2,118,347,347
2,236,347,347
3,139,347,347
4,253,347,347
5,93,347,347
5,109,347,347
5,220,347,347
6,85,347,347
6,289,347,347
6,318,347,347
7,213,347,347
7,280,347,347
7,328,347,347
8,97,347,347
8,194,347,347
8,302,347,347
9,57,347,347
10,60,347,347
11,252,347,347
12,276,347,347
13,226,347,347
14,171,347,347
15,133,347,347
15,182,347,347
15,240,347,347
16,58,347,347
17,13,347,347
17,180,347,347
17,310,347,347
18,63,347,347
18,126,347,347
18,282,347,347
19,128,347,347
19,256,347,347
19,259,347,347
20,169,347,347
20,297,347,347
20,322,347,347
21,137,347,347
21,327,347,347
21,337,347,347
22,137,347,347
22,224,347,347
22,242,347,347
23,116,347,347
23,325,347,347
23,336,347,347
24,14,347,347
24,117,347,347
24,232,347,347
25,6,347,347
26,43,347,347
26,195,347,347
26,278,347,347
27,283,347,347
28,31,347,347
28,152,347,347
28,189,347,347
29,258,347,347
30,97,347,347
31,21,347,347
32,13,347,347
32,183,347,347
32,265,347,347
33,338,347,347
34,333,347,347
35,260,347,347
36,238,347,347
37,201,347,347
37,202,347,347
37,274,347,347
38,98,347,347
39,215,347,347
40,214,347,347
41,34,347,347
41,185,347,347
41,266,347,347
42,155,347,347
43,175,347,347
44,66,347,347
45,41,347,347
45,82,347,347
45,167,347,347
46,344,347,347
47,142,347,347
47,206,347,347
47,284,347,347
48,221,347,347
49,47,347,347
50,121,347,347
50,171,347,347
50,342,347,347
51,212,347,347
51,235,347,347
51,291,347,347
52,274,347,347
53,37,347,347
54,169,347,347
54,213,347,347
54,258,347,347
55,163,347,347
55,300,347,347
55,326,347,347
56,20,347,347
57,45,347,347
57,90,347,347
57,251,347,347
58,66,347,347
58,132,347,347
58,345,347,347
59,78,347,347
60,162,347,347
60,279,347,347
60,324,347,347
61,343,347,347
62,78,347,347
62,156,347,347
62,250,347,347
63,181,347,347
63,199,347,347
63,273,347,347
64,230,347,347
65,39,347,347
65,193,347,347
65,236,347,347
66,181,347,347
66,264,347,347
66,339,347,347
67,266,347,347
68,243,347,347
68,295,347,347
68,296,347,347
69,95,347,347
69,323,347,347
69,335,347,347
70,123,347,347
70,154,347,347
70,246,347,347
71,101,347,347
72,33,347,347
72,173,347,347
72,190,347,347
73,223,347,347
74,264,347,347
75,322,347,347
76,10,347,347
76,17,347,347
76,34,347,347
77,131,347,347
77,161,347,347
77,239,347,347
78,55,347,347
78,110,347,347
78,114,347,347
79,129,347,347
79,140,347,347
79,238,347,347
80,36,347,347
80,53,347,347
80,200,347,347
81,151,347,347
82,41,347,347
83,207,347,347
84,80,347,347
84,160,347,347
84,292,347,347
85,68,347,347
86,117,347,347
86,259,347,347
86,303,347,347
87,313,347,347
88,146,347,347
88,290,347,347
88,292,347,347
89,123,347,347
90,232,347,347
91,48,347,347
91,151,347,347
91,302,347,347
92,88,347,347
92,113,347,347
92,176,347,347
93,86,347,347
94,228,347,347
95,218,347,347
96,105,347,347
96,226,347,347
96,235,347,347
97,107,347,347
97,227,347,347
97,256,347,347
98,125,347,347
98,196,347,347
98,250,347,347
99,211,347,347
100,299,347,347
101,12,347,347
101,249,347,347
101,298,347,347
102,174,347,347
103,106,347,347
103,144,347,347
103,212,347,347
104,3,347,347
104,175,347,347
104,205,347,347
105,189,347,347
106,27,347,347
106,110,347,347
106,187,347,347
107,198,347,347
108,165,347,347
109,28,347,347
110,76,347,347
111,15,347,347
111,30,347,347
111,315,347,347
112,99,347,347
112,172,347,347
112,223,347,347
113,280,347,347
114,170,347,347
115,312,347,347
116,18,347,347
117,203,347,347
118,141,347,347
118,185,347,347
118,282,347,347
119,55,347,347
120,265,347,347
121,111,347,347
122,35,347,347
122,119,347,347
122,233,347,347
123,164,347,347
123,321,347,347
123,328,347,347
124,179,347,347
125,173,347,347
125,255,347,347
125,260,347,347
126,106,347,347
127,45,347,347
128,243,347,347
128,271,347,347
128,309,347,347
129,254,347,347
130,305,347,347
131,84,347,347
132,72,347,347
133,309,347,347
134,241,347,347
134,275,347,347
134,294,347,347
135,56,347,347
135,121,347,347
135,234,347,347
136,112,347,347
137,153,347,347
138,186,347,347
139,26,347,347
139,52,347,347
139,199,347,347
140,2,347,347
141,67,347,347
141,89,347,347
141,218,347,347
142,205,347,347
142,244,347,347
142,276,347,347
143,240,347,347
144,178,347,347
145,76,347,347
145,152,347,347
145,208,347,347
146,44,347,347
146,219,347,347
146,283,347,347
147,209,347,347
148,119,347,347
148,127,347,347
148,237,347,347
149,303,347,347
150,132,347,347
150,155,347,347
150,310,347,347
151,43,347,347
151,285,347,347
151,316,347,347
152,257,347,347
153,2,347,347
153,4,347,347
153,42,347,347
154,286,347,347
155,25,347,347
155,85,347,347
155,216,347,347
156,15,347,347
157,193,347,347
158,128,347,347
159,135,347,347
160,23,347,347
161,334,347,347
162,279,347,347
162,313,347,347
162,327,347,347
163,108,347,347
163,159,347,347
163,253,347,347
164,75,347,347
164,255,347,347
164,301,347,347
165,138,347,347
165,261,347,347
165,304,347,347
166,1,347,347
166,174,347,347
166,184,347,347
167,320,347,347
168,148,347,347
169,50,347,347
170,59,347,347
170,99,347,347
170,203,347,347
171,53,347,347
171,319,347,347
171,333,347,347
172,335,347,347
173,336,347,347
174,72,347,347
174,124,347,347
174,144,347,347
175,47,347,347
175,94,347,347
175,293,347,347
176,166,347,347
177,22,347,347
178,71,347,347
178,209,347,347
178,225,347,347
179,113,347,347
179,230,347,347
179,319,347,347
180,19,347,347
180,38,347,347
180,52,347,347
181,118,347,347
182,262,347,347
183,248,347,347
184,24,347,347
185,304,347,347
186,22,347,347
186,44,347,347
186,115,347,347
187,109,347,347
187,228,347,347
187,277,347,347
188,87,347,347
188,157,347,347
188,252,347,347
189,77,347,347
189,154,347,347
189,229,347,347
190,1,347,347
190,281,347,347
190,314,347,347
191,28,347,347
191,56,347,347
191,241,347,347
192,314,347,347
193,73,347,347
193,210,347,347
193,246,347,347
194,125,347,347
195,11,347,347
195,179,347,347
195,289,347,347
196,318,347,347
197,145,347,347
198,149,347,347
198,229,347,347
198,288,347,347
199,65,347,347
200,20,347,347
200,40,347,347
200,73,347,347
201,164,347,347
202,239,347,347
203,107,347,347
203,225,347,347
203,286,347,347
204,39,347,347
204,101,347,347
204,202,347,347
205,247,347,347
206,92,347,347
207,9,347,347
207,50,347,347
207,100,347,347
208,237,347,347
209,139,347,347
209,143,347,347
209,278,347,347
210,8,347,347
210,16,347,347
210,168,347,347
211,24,347,347
211,48,347,347
211,157,347,347
212,51,347,347
213,331,347,347
214,91,347,347
214,176,347,347
214,182,347,347
215,65,347,347
215,130,347,347
215,324,347,347
216,18,347,347
216,31,347,347
216,36,347,347
217,158,347,347
217,329,347,347
217,338,347,347
218,102,347,347
218,104,347,347
218,208,347,347
219,54,347,347
220,29,347,347
220,84,347,347
220,168,347,347
221,95,347,347
221,130,347,347
221,221,347,347
222,288,347,347
223,275,347,347
223,285,347,347
223,311,347,347
224,187,347,347
225,162,347,347
226,326,347,347
226,345,347,347
226,346,347,347
227,32,347,347
227,64,347,347
227,325,347,347
228,74,347,347
228,321,347,347
228,334,347,347
229,311,347,347
230,46,347,347
230,87,347,347
230,217,347,347
231,81,347,347
231,103,347,347
231,206,347,347
232,16,347,347
232,166,347,347
232,332,347,347
233,71,347,347
233,86,347,347
233,172,347,347
234,60,347,347
234,120,347,347
234,219,347,347
235,231,347,347
236,70,347,347
237,165,347,347
237,330,347,347
237,342,347,347
238,6,347,347
238,12,347,347
238,126,347,347
239,222,347,347
239,269,347,347
239,308,347,347
240,92,347,347
240,184,347,347
240,197,347,347
241,63,347,347
242,81,347,347
242,214,347,347
242,330,347,347
243,7,347,347
244,32,347,347
245,25,347,347
245,89,347,347
245,186,347,347
246,234,347,347
247,29,347,347
247,131,347,347
247,188,347,347
248,70,347,347
248,82,347,347
248,140,347,347
249,5,347,347
250,134,347,347
251,245,347,347
252,143,347,347
252,245,347,347
252,287,347,347
253,148,347,347
253,296,347,347
253,332,347,347
254,40,347,347
254,68,347,347
254,136,347,347
255,295,347,347
256,242,347,347
257,3,347,347
257,149,347,347
257,248,347,347
258,33,347,347
258,251,347,347
258,299,347,347
259,103,347,347
260,35,347,347
260,191,347,347
260,194,347,347
261,26,347,347
262,277,347,347
262,306,347,347
262,312,347,347
263,142,347,347
264,64,347,347
264,287,347,347
264,317,347,347
265,11,347,347
265,315,347,347
265,331,347,347
266,159,347,347
266,263,347,347
266,305,347,347
267,8,347,347
268,301,347,347
269,141,347,347
270,190,347,347
271,195,347,347
272,61,347,347
272,69,347,347
272,138,347,347
273,7,347,347
273,14,347,347
273,147,347,347
274,23,347,347
274,46,347,347
274,136,347,347
275,77,347,347
276,96,347,347
276,192,347,347
276,281,347,347
277,227,347,347
278,291,347,347
279,220,347,347
280,57,347,347
280,114,347,347
280,156,347,347
281,191,347,347
282,91,347,347
283,49,347,347
283,198,347,347
283,341,347,347
284,233,347,347
285,17,347,347
286,147,347,347
286,247,347,347
286,329,347,347
287,62,347,347
288,4,347,347
288,83,347,347
288,215,347,347
289,308,347,347
290,210,347,347
291,90,347,347
291,153,347,347
291,306,347,347
292,298,347,347
293,163,347,347
294,115,347,347
294,231,347,347
294,340,347,347
295,167,347,347
295,192,347,347
295,257,347,347
296,317,347,347
297,104,347,347
298,38,347,347
298,134,347,347
298,268,347,347
299,127,347,347
299,293,347,347
299,320,347,347
300,200,347,347
301,160,347,347
301,197,347,347
301,272,347,347
302,307,347,347
303,177,347,347
303,262,347,347
303,297,347,347
304,75,347,347
304,211,347,347
304,267,347,347
305,58,347,347
305,116,347,347
305,177,347,347
306,316,347,347
307,145,347,347
307,269,347,347
307,290,347,347
308,100,347,347
308,170,347,347
308,340,347,347
309,21,347,347
309,42,347,347
309,94,347,347
310,122,347,347
311,30,347,347
311,51,347,347
311,102,347,347
312,129,347,347
312,161,347,347
312,254,347,347
313,284,347,347
313,341,347,347
313,344,347,347
314,122,347,347
314,133,347,347
314,244,347,347
315,80,347,347
316,9,347,347
316,178,347,347
316,268,347,347
317,263,347,347
317,339,347,347
317,343,347,347
318,61,347,347
318,120,347,347
318,204,347,347
319,188,347,347
320,59,347,347
320,135,347,347
320,270,347,347
321,216,347,347
322,27,347,347
322,150,347,347
322,300,347,347
323,273,347,347
324,180,347,347
325,204,347,347
326,69,347,347
327,346,347,347
328,19,347,347
329,294,347,347
330,146,347,347
331,62,347,347
331,124,347,347
331,261,347,347
332,79,347,347
333,111,347,347
333,222,347,347
333,249,347,347
334,98,347,347
334,196,347,347
334,323,347,347
335,201,347,347
335,267,347,347
335,307,347,347
336,54,347,347
336,93,347,347
336,108,347,347
337,112,347,347
337,224,347,347
337,270,347,347
338,37,347,347
338,74,347,347
338,83,347,347
339,337,347,347
340,150,347,347
341,96,347,347
342,217,347,347
343,79,347,347
343,158,347,347
343,271,347,347
344,5,347,347
344,10,347,347
344,105,347,347
345,88,347,347
346,67,347,347
346,183,347,347
346,207,347,347
1,4,349,349
1,42,349,349
1,50,349,349
1,71,349,349
1,95,349,349
1,254,349,349
1,278,349,349
1,299,349,349
1,307,349,349
1,345,349,349
2,16,349,349
2,47,349,349
2,302,349,349
2,333,349,349
3,30,349,349
3,68,349,349
3,281,349,349
3,319,349,349
4,85,349,349
4,137,349,349
4,212,349,349
4,264,349,349
5,109,349,349
5,161,349,349
5,188,349,349
5,240,349,349
6,62,349,349
6,104,349,349
6,147,349,349
6,202,349,349
6,245,349,349
6,287,349,349
7,107,349,349
7,147,349,349
7,158,349,349
7,191,349,349
7,202,349,349
7,242,349,349
8,78,349,349
8,97,349,349
8,130,349,349
8,219,349,349
8,252,349,349
8,271,349,349
9,46,349,349
9,87,349,349
9,108,349,349
9,122,349,349
9,172,349,349
9,177,349,349
9,227,349,349
9,241,349,349
9,262,349,349
9,303,349,349
10,7,349,349
10,23,349,349
10,56,349,349
10,293,349,349
10,326,349,349
10,342,349,349
11,70,349,349
11,162,349,349
11,187,349,349
11,279,349,349
12,22,349,349
12,117,349,349
12,134,349,349
12,135,349,349
12,153,349,349
12,196,349,349
12,214,349,349
12,215,349,349
12,232,349,349
12,327,349,349
13,2,349,349
13,16,349,349
13,143,349,349
13,206,349,349
13,333,349,349
13,347,349,349
14,22,349,349
14,81,349,349
14,83,349,349
14,129,349,349
14,140,349,349
14,209,349,349
14,220,349,349
14,266,349,349
14,268,349,349
14,327,349,349
15,20,349,349
15,83,349,349
15,84,349,349
15,91,349,349
15,132,349,349
15,217,349,349
15,258,349,349
15,265,349,349
15,266,349,349
15,329,349,349
16,7,349,349
16,59,349,349
16,93,349,349
16,104,349,349
16,147,349,349
16,202,349,349
16,245,349,349
16,256,349,349
16,290,349,349
16,342,349,349
17,30,349,349
17,68,349,349
17,281,349,349
17,319,349,349
18,83,349,349
18,127,349,349
18,222,349,349
18,266,349,349
19,12,349,349
19,51,349,349
19,77,349,349
19,114,349,349
19,120,349,349
19,229,349,349
19,235,349,349
19,272,349,349
19,298,349,349
19,337,349,349
20,25,349,349
20,105,349,349
20,148,349,349
20,158,349,349
20,165,349,349
20,184,349,349
20,191,349,349
20,201,349,349
20,244,349,349
20,324,349,349
21,20,349,349
21,146,349,349
21,203,349,349
21,329,349,349
22,55,349,349
22,108,349,349
22,241,349,349
22,294,349,349
23,22,349,349
23,81,349,349
23,83,349,349
23,129,349,349
23,140,349,349
23,209,349,349
23,220,349,349
23,266,349,349
23,268,349,349
23,327,349,349
24,103,349,349
24,158,349,349
24,191,349,349
24,246,349,349
25,9,349,349
25,15,349,349
25,32,349,349
25,150,349,349
25,151,349,349
25,198,349,349
25,199,349,349
25,317,349,349
25,334,349,349
25,340,349,349
26,30,349,349
26,57,349,349
26,95,349,349
26,97,349,349
26,142,349,349
26,207,349,349
26,252,349,349
26,254,349,349
26,292,349,349
26,319,349,349
27,91,349,349
27,112,349,349
27,237,349,349
27,258,349,349
28,8,349,349
28,25,349,349
28,324,349,349
28,341,349,349
29,164,349,349
29,174,349,349
29,175,349,349
29,185,349,349
30,15,349,349
30,65,349,349
30,284,349,349
30,334,349,349
31,30,349,349
31,57,349,349
31,95,349,349
31,97,349,349
31,142,349,349
31,207,349,349
31,252,349,349
31,254,349,349
31,292,349,349
31,319,349,349
32,23,349,349
32,133,349,349
32,216,349,349
32,326,349,349
33,76,349,349
33,106,349,349
33,165,349,349
33,184,349,349
33,243,349,349
33,273,349,349
34,62,349,349
34,104,349,349
34,147,349,349
34,202,349,349
34,245,349,349
34,287,349,349
35,9,349,349
35,39,349,349
35,310,349,349
35,340,349,349
36,140,349,349
36,148,349,349
36,201,349,349
36,209,349,349
37,40,349,349
37,142,349,349
37,207,349,349
37,309,349,349
38,145,349,349
38,163,349,349
38,186,349,349
38,204,349,349
39,104,349,349
39,131,349,349
39,218,349,349
39,245,349,349
40,6,349,349
40,106,349,349
40,243,349,349
40,343,349,349
41,12,349,349
41,20,349,349
41,85,349,349
41,149,349,349
41,159,349,349
41,190,349,349
41,200,349,349
41,264,349,349
41,329,349,349
41,337,349,349
42,19,349,349
42,84,349,349
42,265,349,349
42,330,349,349
43,70,349,349
43,162,349,349
43,187,349,349
43,279,349,349
44,42,349,349
44,95,349,349
44,119,349,349
44,230,349,349
44,254,349,349
44,307,349,349
45,151,349,349
45,159,349,349
45,190,349,349
45,198,349,349
46,8,349,349
46,25,349,349
46,324,349,349
46,341,349,349
47,72,349,349
47,87,349,349
47,122,349,349
47,227,349,349
47,262,349,349
47,277,349,349
48,164,349,349
48,174,349,349
48,175,349,349
48,185,349,349
49,151,349,349
49,159,349,349
49,190,349,349
49,198,349,349
50,58,349,349
50,94,349,349
50,255,349,349
50,291,349,349
51,46,349,349
51,87,349,349
51,108,349,349
51,122,349,349
51,172,349,349
51,177,349,349
51,227,349,349
51,241,349,349
51,262,349,349
51,303,349,349
52,98,349,349
52,130,349,349
52,219,349,349
52,251,349,349
53,9,349,349
53,15,349,349
53,132,349,349
53,217,349,349
53,334,349,349
53,340,349,349
54,16,349,349
54,71,349,349
54,130,349,349
54,219,349,349
54,278,349,349
54,333,349,349
55,13,349,349
55,57,349,349
55,104,349,349
55,245,349,349
55,292,349,349
55,336,349,349
56,105,349,349
56,111,349,349
56,238,349,349
56,244,349,349
57,141,349,349
57,169,349,349
57,180,349,349
57,208,349,349
58,15,349,349
58,25,349,349
58,129,349,349
58,220,349,349
58,324,349,349
58,334,349,349
59,12,349,349
59,20,349,349
59,173,349,349
59,176,349,349
59,329,349,349
59,337,349,349
60,63,349,349
60,73,349,349
60,276,349,349
60,286,349,349
61,113,349,349
61,122,349,349
61,143,349,349
61,206,349,349
61,227,349,349
61,236,349,349
62,98,349,349
62,130,349,349
62,219,349,349
62,251,349,349
63,78,349,349
63,97,349,349
63,130,349,349
63,219,349,349
63,252,349,349
63,271,349,349
64,43,349,349
64,144,349,349
64,205,349,349
64,306,349,349
65,23,349,349
65,133,349,349
65,216,349,349
65,326,349,349
66,9,349,349
66,15,349,349
66,32,349,349
66,150,349,349
66,151,349,349
66,198,349,349
66,199,349,349
66,317,349,349
66,334,349,349
66,340,349,349
67,14,349,349
67,74,349,349
67,147,349,349
67,158,349,349
67,174,349,349
67,175,349,349
67,191,349,349
67,202,349,349
67,275,349,349
67,335,349,349
68,22,349,349
68,117,349,349
68,134,349,349
68,135,349,349
68,153,349,349
68,196,349,349
68,214,349,349
68,215,349,349
68,232,349,349
68,327,349,349
69,19,349,349
69,84,349,349
69,265,349,349
69,330,349,349
70,26,349,349
70,32,349,349
70,317,349,349
70,323,349,349
71,42,349,349
71,167,349,349
71,182,349,349
71,307,349,349
72,12,349,349
72,20,349,349
72,173,349,349
72,176,349,349
72,329,349,349
72,337,349,349
73,46,349,349
73,81,349,349
73,268,349,349
73,303,349,349
74,94,349,349
74,150,349,349
74,153,349,349
74,196,349,349
74,199,349,349
74,255,349,349
75,89,349,349
75,124,349,349
75,225,349,349
75,260,349,349
76,89,349,349
76,124,349,349
76,225,349,349
76,260,349,349
77,9,349,349
77,49,349,349
77,89,349,349
77,90,349,349
77,145,349,349
77,204,349,349
77,259,349,349
77,260,349,349
77,300,349,349
77,340,349,349
78,18,349,349
78,29,349,349
78,320,349,349
78,331,349,349
79,13,349,349
79,57,349,349
79,104,349,349
79,245,349,349
79,292,349,349
79,336,349,349
80,4,349,349
80,166,349,349
80,183,349,349
80,345,349,349
81,94,349,349
81,107,349,349
81,124,349,349
81,153,349,349
81,154,349,349
81,195,349,349
81,196,349,349
81,225,349,349
81,242,349,349
81,255,349,349
82,9,349,349
82,39,349,349
82,310,349,349
82,340,349,349
83,109,349,349
83,161,349,349
83,188,349,349
83,240,349,349
84,12,349,349
84,34,349,349
84,77,349,349
84,272,349,349
84,315,349,349
84,337,349,349
85,20,349,349
85,83,349,349
85,84,349,349
85,91,349,349
85,132,349,349
85,217,349,349
85,258,349,349
85,265,349,349
85,266,349,349
85,329,349,349
86,55,349,349
86,108,349,349
86,241,349,349
86,294,349,349
87,16,349,349
87,68,349,349
87,130,349,349
87,152,349,349
87,160,349,349
87,189,349,349
87,197,349,349
87,219,349,349
87,281,349,349
87,333,349,349
88,13,349,349
88,40,349,349
88,73,349,349
88,76,349,349
88,106,349,349
88,243,349,349
88,273,349,349
88,276,349,349
88,309,349,349
88,336,349,349
89,104,349,349
89,131,349,349
89,218,349,349
89,245,349,349
90,77,349,349
90,116,349,349
90,160,349,349
90,189,349,349
90,233,349,349
90,272,349,349
91,59,349,349
91,157,349,349
91,192,349,349
91,290,349,349
92,105,349,349
92,111,349,349
92,238,349,349
92,244,349,349
93,18,349,349
93,29,349,349
93,320,349,349
93,331,349,349
94,2,349,349
94,33,349,349
94,42,349,349
94,70,349,349
94,123,349,349
94,226,349,349
94,279,349,349
94,307,349,349
94,316,349,349
94,347,349,349
95,46,349,349
95,81,349,349
95,268,349,349
95,303,349,349
96,15,349,349
96,25,349,349
96,129,349,349
96,220,349,349
96,324,349,349
96,334,349,349
97,57,349,349
97,95,349,349
97,138,349,349
97,211,349,349
97,254,349,349
97,292,349,349
98,77,349,349
98,116,349,349
98,160,349,349
98,189,349,349
98,233,349,349
98,272,349,349
99,145,349,349
99,163,349,349
99,186,349,349
99,204,349,349
100,24,349,349
100,155,349,349
100,194,349,349
100,325,349,349
101,95,349,349
101,170,349,349
101,179,349,349
101,254,349,349
102,83,349,349
102,127,349,349
102,222,349,349
102,266,349,349
103,16,349,349
103,47,349,349
103,302,349,349
103,333,349,349
104,51,349,349
104,152,349,349
104,197,349,349
104,298,349,349
105,70,349,349
105,96,349,349
105,116,349,349
105,233,349,349
105,253,349,349
105,279,349,349
106,12,349,349
106,51,349,349
106,77,349,349
106,114,349,349
106,120,349,349
106,229,349,349
106,235,349,349
106,272,349,349
106,298,349,349
106,337,349,349
107,95,349,349
107,170,349,349
107,179,349,349
107,254,349,349
108,18,349,349
108,57,349,349
108,104,349,349
108,128,349,349
108,155,349,349
108,194,349,349
108,221,349,349
108,245,349,349
108,292,349,349
108,331,349,349
109,140,349,349
109,148,349,349
109,201,349,349
109,209,349,349
110,94,349,349
110,107,349,349
110,124,349,349
110,153,349,349
110,154,349,349
110,195,349,349
110,196,349,349
110,225,349,349
110,242,349,349
110,255,349,349
111,55,349,349
111,70,349,349
111,113,349,349
111,116,349,349
111,144,349,349
111,205,349,349
111,233,349,349
111,236,349,349
111,279,349,349
111,294,349,349
112,9,349,349
112,15,349,349
112,132,349,349
112,217,349,349
112,334,349,349
112,340,349,349
113,113,349,349
113,122,349,349
113,143,349,349
113,206,349,349
113,227,349,349
113,236,349,349
114,42,349,349
114,70,349,349
114,82,349,349
114,267,349,349
114,279,349,349
114,307,349,349
115,26,349,349
115,32,349,349
115,317,349,349
115,323,349,349
116,12,349,349
116,20,349,349
116,85,349,349
116,149,349,349
116,159,349,349
116,190,349,349
116,200,349,349
116,264,349,349
116,329,349,349
116,337,349,349
117,22,349,349
117,54,349,349
117,83,349,349
117,266,349,349
117,295,349,349
117,327,349,349
118,16,349,349
118,68,349,349
118,130,349,349
118,152,349,349
118,160,349,349
118,189,349,349
118,197,349,349
118,219,349,349
118,281,349,349
118,333,349,349
119,20,349,349
119,146,349,349
119,203,349,349
119,329,349,349
120,9,349,349
120,145,349,349
120,149,349,349
120,200,349,349
120,204,349,349
120,340,349,349
121,51,349,349
121,152,349,349
121,197,349,349
121,298,349,349
122,4,349,349
122,42,349,349
122,50,349,349
122,71,349,349
122,95,349,349
122,254,349,349
122,278,349,349
122,299,349,349
122,307,349,349
122,345,349,349
123,49,349,349
123,114,349,349
123,235,349,349
123,300,349,349
124,51,349,349
124,152,349,349
124,197,349,349
124,298,349,349
125,14,349,349
125,117,349,349
125,232,349,349
125,335,349,349
126,7,349,349
126,59,349,349
126,93,349,349
126,104,349,349
126,147,349,349
126,202,349,349
126,245,349,349
126,256,349,349
126,290,349,349
126,342,349,349
127,12,349,349
127,34,349,349
127,77,349,349
127,272,349,349
127,315,349,349
127,337,349,349
128,56,349,349
128,74,349,349
128,106,349,349
128,243,349,349
128,275,349,349
128,293,349,349
129,76,349,349
129,106,349,349
129,165,349,349
129,184,349,349
129,243,349,349
129,273,349,349
130,43,349,349
130,144,349,349
130,205,349,349
130,306,349,349
131,28,349,349
131,87,349,349
131,262,349,349
131,321,349,349
132,58,349,349
132,94,349,349
132,255,349,349
132,291,349,349
133,42,349,349
133,95,349,349
133,119,349,349
133,230,349,349
133,254,349,349
133,307,349,349
134,10,349,349
134,56,349,349
134,293,349,349
134,339,349,349
135,14,349,349
135,74,349,349
135,147,349,349
135,158,349,349
135,174,349,349
135,175,349,349
135,191,349,349
135,202,349,349
135,275,349,349
135,335,349,349
136,103,349,349
136,158,349,349
136,191,349,349
136,246,349,349
137,20,349,349
137,83,349,349
137,172,349,349
137,177,349,349
137,266,349,349
137,329,349,349
138,12,349,349
138,34,349,349
138,77,349,349
138,272,349,349
138,315,349,349
138,337,349,349
139,85,349,349
139,137,349,349
139,212,349,349
139,264,349,349
140,87,349,349
140,120,349,349
140,145,349,349
140,204,349,349
140,229,349,349
140,262,349,349
141,95,349,349
141,170,349,349
141,179,349,349
141,254,349,349
142,5,349,349
142,33,349,349
142,316,349,349
142,344,349,349
143,23,349,349
143,44,349,349
143,56,349,349
143,119,349,349
143,164,349,349
143,185,349,349
143,230,349,349
143,293,349,349
143,305,349,349
143,326,349,349
144,16,349,349
144,68,349,349
144,130,349,349
144,152,349,349
144,160,349,349
144,189,349,349
144,197,349,349
144,219,349,349
144,281,349,349
144,333,349,349
145,72,349,349
145,77,349,349
145,109,349,349
145,116,349,349
145,141,349,349
145,208,349,349
145,233,349,349
145,240,349,349
145,272,349,349
145,277,349,349
146,2,349,349
146,16,349,349
146,143,349,349
146,206,349,349
146,333,349,349
146,347,349,349
147,14,349,349
147,74,349,349
147,147,349,349
147,158,349,349
147,174,349,349
147,175,349,349
147,191,349,349
147,202,349,349
147,275,349,349
147,335,349,349
148,54,349,349
148,87,349,349
148,145,349,349
148,156,349,349
148,169,349,349
148,180,349,349
148,193,349,349
148,204,349,349
148,262,349,349
148,295,349,349
149,15,349,349
149,65,349,349
149,284,349,349
149,334,349,349
150,72,349,349
150,87,349,349
150,122,349,349
150,227,349,349
150,262,349,349
150,277,349,349
151,3,349,349
151,16,349,349
151,34,349,349
151,137,349,349
151,143,349,349
151,206,349,349
151,212,349,349
151,315,349,349
151,333,349,349
151,346,349,349
152,72,349,349
152,87,349,349
152,122,349,349
152,227,349,349
152,262,349,349
152,277,349,349
153,91,349,349
153,112,349,349
153,237,349,349
153,258,349,349
154,35,349,349
154,153,349,349
154,196,349,349
154,314,349,349
155,43,349,349
155,144,349,349
155,205,349,349
155,306,349,349
156,107,349,349
156,147,349,349
156,158,349,349
156,191,349,349
156,202,349,349
156,242,349,349
157,93,349,349
157,154,349,349
157,195,349,349
157,256,349,349
158,94,349,349
158,107,349,349
158,124,349,349
158,153,349,349
158,154,349,349
158,195,349,349
158,196,349,349
158,225,349,349
158,242,349,349
158,255,349,349
159,79,349,349
159,116,349,349
159,233,349,349
159,270,349,349
160,76,349,349
160,94,349,349
160,99,349,349
160,250,349,349
160,255,349,349
160,273,349,349
161,77,349,349
161,116,349,349
161,160,349,349
161,189,349,349
161,233,349,349
161,272,349,349
162,61,349,349
162,147,349,349
162,202,349,349
162,288,349,349
163,76,349,349
163,136,349,349
163,213,349,349
163,273,349,349
164,26,349,349
164,32,349,349
164,317,349,349
164,323,349,349
165,21,349,349
165,22,349,349
165,327,349,349
165,328,349,349
166,7,349,349
166,23,349,349
166,56,349,349
166,293,349,349
166,326,349,349
166,342,349,349
167,58,349,349
167,94,349,349
167,255,349,349
167,291,349,349
168,29,349,349
168,78,349,349
168,96,349,349
168,130,349,349
168,161,349,349
168,188,349,349
168,219,349,349
168,253,349,349
168,271,349,349
168,320,349,349
169,91,349,349
169,112,349,349
169,237,349,349
169,258,349,349
170,15,349,349
170,65,349,349
170,284,349,349
170,334,349,349
171,15,349,349
171,19,349,349
171,25,349,349
171,63,349,349
171,99,349,349
171,250,349,349
171,286,349,349
171,324,349,349
171,330,349,349
171,334,349,349
172,42,349,349
172,95,349,349
172,119,349,349
172,230,349,349
172,254,349,349
172,307,349,349
173,7,349,349
173,23,349,349
173,56,349,349
173,293,349,349
173,326,349,349
173,342,349,349
174,77,349,349
174,101,349,349
174,248,349,349
174,272,349,349
175,113,349,349
175,122,349,349
175,143,349,349
175,206,349,349
175,227,349,349
175,236,349,349
176,57,349,349
176,102,349,349
176,247,349,349
176,292,349,349
177,11,349,349
177,78,349,349
177,271,349,349
177,338,349,349
178,18,349,349
178,29,349,349
178,320,349,349
178,331,349,349
179,22,349,349
179,90,349,349
179,153,349,349
179,196,349,349
179,259,349,349
179,327,349,349
180,23,349,349
180,43,349,349
180,78,349,349
180,82,349,349
180,157,349,349
180,192,349,349
180,267,349,349
180,271,349,349
180,306,349,349
180,326,349,349
181,46,349,349
181,81,349,349
181,268,349,349
181,303,349,349
182,25,349,349
182,134,349,349
182,158,349,349
182,191,349,349
182,215,349,349
182,324,349,349
183,57,349,349
183,102,349,349
183,247,349,349
183,292,349,349
184,9,349,349
184,15,349,349
184,132,349,349
184,217,349,349
184,334,349,349
184,340,349,349
185,5,349,349
185,112,349,349
185,122,349,349
185,143,349,349
185,173,349,349
185,176,349,349
185,206,349,349
185,227,349,349
185,237,349,349
185,344,349,349
186,107,349,349
186,147,349,349
186,158,349,349
186,191,349,349
186,202,349,349
186,242,349,349
187,76,349,349
187,106,349,349
187,165,349,349
187,184,349,349
187,243,349,349
187,273,349,349
188,38,349,349
188,143,349,349
188,206,349,349
188,311,349,349
189,103,349,349
189,158,349,349
189,191,349,349
189,246,349,349
190,2,349,349
190,16,349,349
190,143,349,349
190,206,349,349
190,333,349,349
190,347,349,349
191,44,349,349
191,123,349,349
191,226,349,349
191,305,349,349
192,12,349,349
192,20,349,349
192,85,349,349
192,149,349,349
192,159,349,349
192,190,349,349
192,200,349,349
192,264,349,349
192,329,349,349
192,337,349,349
193,76,349,349
193,136,349,349
193,213,349,349
193,273,349,349
194,24,349,349
194,26,349,349
194,62,349,349
194,76,349,349
194,94,349,349
194,255,349,349
194,273,349,349
194,287,349,349
194,323,349,349
194,325,349,349
195,15,349,349
195,25,349,349
195,129,349,349
195,220,349,349
195,324,349,349
195,334,349,349
196,23,349,349
196,43,349,349
196,78,349,349
196,82,349,349
196,157,349,349
196,192,349,349
196,267,349,349
196,271,349,349
196,306,349,349
196,326,349,349
197,12,349,349
197,52,349,349
197,297,349,349
197,337,349,349
198,89,349,349
198,124,349,349
198,225,349,349
198,260,349,349
199,12,349,349
199,52,349,349
199,297,349,349
199,337,349,349
200,22,349,349
200,90,349,349
200,153,349,349
200,196,349,349
200,259,349,349
200,327,349,349
201,105,349,349
201,111,349,349
201,238,349,349
201,244,349,349
202,3,349,349
202,50,349,349
202,299,349,349
202,346,349,349
203,79,349,349
203,116,349,349
203,233,349,349
203,270,349,349
204,140,349,349
204,148,349,349
204,201,349,349
204,209,349,349
205,135,349,349
205,156,349,349
205,193,349,349
205,214,349,349
206,85,349,349
206,137,349,349
206,212,349,349
206,264,349,349
207,7,349,349
207,59,349,349
207,93,349,349
207,104,349,349
207,147,349,349
207,202,349,349
207,245,349,349
207,256,349,349
207,290,349,349
207,342,349,349
208,23,349,349
208,78,349,349
208,128,349,349
208,221,349,349
208,271,349,349
208,326,349,349
209,20,349,349
209,146,349,349
209,203,349,349
209,329,349,349
210,23,349,349
210,44,349,349
210,56,349,349
210,119,349,349
210,164,349,349
210,185,349,349
210,230,349,349
210,293,349,349
210,305,349,349
210,326,349,349
211,53,349,349
211,122,349,349
211,227,349,349
211,296,349,349
212,145,349,349
212,163,349,349
212,186,349,349
212,204,349,349
213,76,349,349
213,94,349,349
213,99,349,349
213,250,349,349
213,255,349,349
213,273,349,349
214,3,349,349
214,50,349,349
214,299,349,349
214,346,349,349
215,13,349,349
215,57,349,349
215,104,349,349
215,245,349,349
215,292,349,349
215,336,349,349
216,11,349,349
216,78,349,349
216,271,349,349
216,338,349,349
217,25,349,349
217,134,349,349
217,158,349,349
217,191,349,349
217,215,349,349
217,324,349,349
218,12,349,349
218,20,349,349
218,173,349,349
218,176,349,349
218,329,349,349
218,337,349,349
219,24,349,349
219,26,349,349
219,62,349,349
219,76,349,349
219,94,349,349
219,255,349,349
219,273,349,349
219,287,349,349
219,323,349,349
219,325,349,349
220,61,349,349
220,147,349,349
220,202,349,349
220,288,349,349
221,104,349,349
221,131,349,349
221,218,349,349
221,245,349,349
222,53,349,349
222,122,349,349
222,227,349,349
222,296,349,349
223,5,349,349
223,33,349,349
223,316,349,349
223,344,349,349
224,12,349,349
224,51,349,349
224,77,349,349
224,114,349,349
224,120,349,349
224,229,349,349
224,235,349,349
224,272,349,349
224,298,349,349
224,337,349,349
225,56,349,349
225,106,349,349
225,111,349,349
225,138,349,349
225,166,349,349
225,183,349,349
225,211,349,349
225,238,349,349
225,243,349,349
225,293,349,349
226,4,349,349
226,42,349,349
226,50,349,349
226,71,349,349
226,95,349,349
226,254,349,349
226,278,349,349
226,299,349,349
226,307,349,349
226,345,349,349
227,49,349,349
227,114,349,349
227,235,349,349
227,300,349,349
228,56,349,349
228,106,349,349
228,111,349,349
228,138,349,349
228,166,349,349
228,183,349,349
228,211,349,349
228,238,349,349
228,243,349,349
228,293,349,349
229,83,349,349
229,127,349,349
229,222,349,349
229,266,349,349
230,87,349,349
230,120,349,349
230,145,349,349
230,204,349,349
230,229,349,349
230,262,349,349
231,135,349,349
231,156,349,349
231,193,349,349
231,214,349,349
232,9,349,349
232,39,349,349
232,310,349,349
232,340,349,349
233,93,349,349
233,154,349,349
233,195,349,349
233,256,349,349
234,5,349,349
234,112,349,349
234,122,349,349
234,143,349,349
234,173,349,349
234,176,349,349
234,206,349,349
234,227,349,349
234,237,349,349
234,344,349,349
235,98,349,349
235,130,349,349
235,219,349,349
235,251,349,349
236,77,349,349
236,101,349,349
236,248,349,349
236,272,349,349
237,21,349,349
237,22,349,349
237,327,349,349
237,328,349,349
238,19,349,349
238,84,349,349
238,265,349,349
238,330,349,349
239,44,349,349
239,123,349,349
239,226,349,349
239,305,349,349
240,72,349,349
240,77,349,349
240,109,349,349
240,116,349,349
240,141,349,349
240,208,349,349
240,233,349,349
240,240,349,349
240,272,349,349
240,277,349,349
241,55,349,349
241,108,349,349
241,241,349,349
241,294,349,349
242,23,349,349
242,78,349,349
242,128,349,349
242,221,349,349
242,271,349,349
242,326,349,349
243,14,349,349
243,117,349,349
243,232,349,349
243,335,349,349
244,16,349,349
244,47,349,349
244,302,349,349
244,333,349,349
245,56,349,349
245,106,349,349
245,111,349,349
245,138,349,349
245,166,349,349
245,183,349,349
245,211,349,349
245,238,349,349
245,243,349,349
245,293,349,349
246,70,349,349
246,96,349,349
246,116,349,349
246,233,349,349
246,253,349,349
246,279,349,349
247,9,349,349
247,145,349,349
247,149,349,349
247,200,349,349
247,204,349,349
247,340,349,349
248,23,349,349
248,78,349,349
248,128,349,349
248,221,349,349
248,271,349,349
248,326,349,349
249,20,349,349
249,83,349,349
249,84,349,349
249,91,349,349
249,132,349,349
249,217,349,349
249,258,349,349
249,265,349,349
249,266,349,349
249,329,349,349
250,20,349,349
250,83,349,349
250,172,349,349
250,177,349,349
250,266,349,349
250,329,349,349
251,38,349,349
251,143,349,349
251,206,349,349
251,311,349,349
252,23,349,349
252,133,349,349
252,216,349,349
252,326,349,349
253,35,349,349
253,153,349,349
253,196,349,349
253,314,349,349
254,29,349,349
254,78,349,349
254,96,349,349
254,130,349,349
254,161,349,349
254,188,349,349
254,219,349,349
254,253,349,349
254,271,349,349
254,320,349,349
255,151,349,349
255,159,349,349
255,190,349,349
255,198,349,349
256,15,349,349
256,19,349,349
256,25,349,349
256,63,349,349
256,99,349,349
256,250,349,349
256,286,349,349
256,324,349,349
256,330,349,349
256,334,349,349
257,54,349,349
257,87,349,349
257,145,349,349
257,156,349,349
257,169,349,349
257,180,349,349
257,193,349,349
257,204,349,349
257,262,349,349
257,295,349,349
258,9,349,349
258,15,349,349
258,32,349,349
258,150,349,349
258,151,349,349
258,198,349,349
258,199,349,349
258,317,349,349
258,334,349,349
258,340,349,349
259,38,349,349
259,143,349,349
259,206,349,349
259,311,349,349
260,56,349,349
260,74,349,349
260,106,349,349
260,243,349,349
260,275,349,349
260,293,349,349
261,109,349,349
261,161,349,349
261,188,349,349
261,240,349,349
262,135,349,349
262,156,349,349
262,193,349,349
262,214,349,349
263,18,349,349
263,57,349,349
263,104,349,349
263,128,349,349
263,155,349,349
263,194,349,349
263,221,349,349
263,245,349,349
263,292,349,349
263,331,349,349
264,24,349,349
264,155,349,349
264,194,349,349
264,325,349,349
265,53,349,349
265,122,349,349
265,227,349,349
265,296,349,349
266,13,349,349
266,40,349,349
266,73,349,349
266,76,349,349
266,106,349,349
266,243,349,349
266,273,349,349
266,276,349,349
266,309,349,349
266,336,349,349
267,22,349,349
267,54,349,349
267,83,349,349
267,266,349,349
267,295,349,349
267,327,349,349
268,44,349,349
268,123,349,349
268,226,349,349
268,305,349,349
269,22,349,349
269,117,349,349
269,134,349,349
269,135,349,349
269,153,349,349
269,196,349,349
269,214,349,349
269,215,349,349
269,232,349,349
269,327,349,349
270,10,349,349
270,56,349,349
270,293,349,349
270,339,349,349
271,15,349,349
271,19,349,349
271,25,349,349
271,63,349,349
271,99,349,349
271,250,349,349
271,286,349,349
271,324,349,349
271,330,349,349
271,334,349,349
272,164,349,349
272,174,349,349
272,175,349,349
272,185,349,349
273,3,349,349
273,16,349,349
273,34,349,349
273,137,349,349
273,143,349,349
273,206,349,349
273,212,349,349
273,315,349,349
273,333,349,349
273,346,349,349
274,3,349,349
274,16,349,349
274,34,349,349
274,137,349,349
274,143,349,349
274,206,349,349
274,212,349,349
274,315,349,349
274,333,349,349
274,346,349,349
275,8,349,349
275,25,349,349
275,324,349,349
275,341,349,349
276,29,349,349
276,78,349,349
276,96,349,349
276,130,349,349
276,161,349,349
276,188,349,349
276,219,349,349
276,253,349,349
276,271,349,349
276,320,349,349
277,28,349,349
277,87,349,349
277,262,349,349
277,321,349,349
278,78,349,349
278,97,349,349
278,130,349,349
278,219,349,349
278,252,349,349
278,271,349,349
279,5,349,349
279,112,349,349
279,122,349,349
279,143,349,349
279,173,349,349
279,176,349,349
279,206,349,349
279,227,349,349
279,237,349,349
279,344,349,349
280,55,349,349
280,70,349,349
280,113,349,349
280,116,349,349
280,144,349,349
280,205,349,349
280,233,349,349
280,236,349,349
280,279,349,349
280,294,349,349
281,4,349,349
281,166,349,349
281,183,349,349
281,345,349,349
282,3,349,349
282,50,349,349
282,299,349,349
282,346,349,349
283,59,349,349
283,157,349,349
283,192,349,349
283,290,349,349
284,57,349,349
284,95,349,349
284,138,349,349
284,211,349,349
284,254,349,349
284,292,349,349
285,24,349,349
285,26,349,349
285,62,349,349
285,76,349,349
285,94,349,349
285,255,349,349
285,273,349,349
285,287,349,349
285,323,349,349
285,325,349,349
286,42,349,349
286,167,349,349
286,182,349,349
286,307,349,349
287,42,349,349
287,70,349,349
287,82,349,349
287,267,349,349
287,279,349,349
287,307,349,349
288,77,349,349
288,101,349,349
288,248,349,349
288,272,349,349
289,46,349,349
289,87,349,349
289,108,349,349
289,122,349,349
289,172,349,349
289,177,349,349
289,227,349,349
289,241,349,349
289,262,349,349
289,303,349,349
290,28,349,349
290,87,349,349
290,262,349,349
290,321,349,349
291,35,349,349
291,153,349,349
291,196,349,349
291,314,349,349
292,30,349,349
292,57,349,349
292,95,349,349
292,97,349,349
292,142,349,349
292,207,349,349
292,252,349,349
292,254,349,349
292,292,349,349
292,319,349,349
293,54,349,349
293,87,349,349
293,145,349,349
293,156,349,349
293,169,349,349
293,180,349,349
293,193,349,349
293,204,349,349
293,262,349,349
293,295,349,349
294,10,349,349
294,56,349,349
294,293,349,349
294,339,349,349
295,70,349,349
295,162,349,349
295,187,349,349
295,279,349,349
296,21,349,349
296,22,349,349
296,327,349,349
296,328,349,349
297,42,349,349
297,70,349,349
297,82,349,349
297,267,349,349
297,279,349,349
297,307,349,349
298,63,349,349
298,73,349,349
298,276,349,349
298,286,349,349
299,25,349,349
299,134,349,349
299,158,349,349
299,191,349,349
299,215,349,349
299,324,349,349
300,2,349,349
300,33,349,349
300,42,349,349
300,70,349,349
300,123,349,349
300,226,349,349
300,279,349,349
300,307,349,349
300,316,349,349
300,347,349,349
301,9,349,349
301,49,349,349
301,89,349,349
301,90,349,349
301,145,349,349
301,204,349,349
301,259,349,349
301,260,349,349
301,300,349,349
301,340,349,349
302,12,349,349
302,52,349,349
302,297,349,349
302,337,349,349
303,94,349,349
303,150,349,349
303,153,349,349
303,196,349,349
303,199,349,349
303,255,349,349
304,2,349,349
304,33,349,349
304,42,349,349
304,70,349,349
304,123,349,349
304,226,349,349
304,279,349,349
304,307,349,349
304,316,349,349
304,347,349,349
305,11,349,349
305,78,349,349
305,271,349,349
305,338,349,349
306,16,349,349
306,71,349,349
306,130,349,349
306,219,349,349
306,278,349,349
306,333,349,349
307,55,349,349
307,70,349,349
307,113,349,349
307,116,349,349
307,144,349,349
307,205,349,349
307,233,349,349
307,236,349,349
307,279,349,349
307,294,349,349
308,93,349,349
308,154,349,349
308,195,349,349
308,256,349,349
309,62,349,349
309,104,349,349
309,147,349,349
309,202,349,349
309,245,349,349
309,287,349,349
310,56,349,349
310,74,349,349
310,106,349,349
310,243,349,349
310,275,349,349
310,293,349,349
311,20,349,349
311,83,349,349
311,172,349,349
311,177,349,349
311,266,349,349
311,329,349,349
312,22,349,349
312,81,349,349
312,83,349,349
312,129,349,349
312,140,349,349
312,209,349,349
312,220,349,349
312,266,349,349
312,268,349,349
312,327,349,349
313,72,349,349
313,77,349,349
313,109,349,349
313,116,349,349
313,141,349,349
313,208,349,349
313,233,349,349
313,240,349,349
313,272,349,349
313,277,349,349
314,22,349,349
314,54,349,349
314,83,349,349
314,266,349,349
314,295,349,349
314,327,349,349
315,6,349,349
315,106,349,349
315,243,349,349
315,343,349,349
316,61,349,349
316,147,349,349
316,202,349,349
316,288,349,349
317,57,349,349
317,95,349,349
317,138,349,349
317,211,349,349
317,254,349,349
317,292,349,349
318,141,349,349
318,169,349,349
318,180,349,349
318,208,349,349
319,22,349,349
319,90,349,349
319,153,349,349
319,196,349,349
319,259,349,349
319,327,349,349
320,9,349,349
320,49,349,349
320,89,349,349
320,90,349,349
320,145,349,349
320,204,349,349
320,259,349,349
320,260,349,349
320,300,349,349
320,340,349,349
321,94,349,349
321,150,349,349
321,153,349,349
321,196,349,349
321,199,349,349
321,255,349,349
322,23,349,349
322,43,349,349
322,78,349,349
322,82,349,349
322,157,349,349
322,192,349,349
322,267,349,349
322,271,349,349
322,306,349,349
322,326,349,349
323,141,349,349
323,169,349,349
323,180,349,349
323,208,349,349
324,59,349,349
324,157,349,349
324,192,349,349
324,290,349,349
325,76,349,349
325,94,349,349
325,99,349,349
325,250,349,349
325,255,349,349
325,273,349,349
326,40,349,349
326,142,349,349
326,207,349,349
326,309,349,349
327,18,349,349
327,57,349,349
327,104,349,349
327,128,349,349
327,155,349,349
327,194,349,349
327,221,349,349
327,245,349,349
327,292,349,349
327,331,349,349
328,87,349,349
328,120,349,349
328,145,349,349
328,204,349,349
328,229,349,349
328,262,349,349
329,30,349,349
329,68,349,349
329,281,349,349
329,319,349,349
330,14,349,349
330,117,349,349
330,232,349,349
330,335,349,349
331,9,349,349
331,145,349,349
331,149,349,349
331,200,349,349
331,204,349,349
331,340,349,349
332,25,349,349
332,105,349,349
332,148,349,349
332,158,349,349
332,165,349,349
332,184,349,349
332,191,349,349
332,201,349,349
332,244,349,349
332,324,349,349
333,5,349,349
333,33,349,349
333,316,349,349
333,344,349,349
334,24,349,349
334,155,349,349
334,194,349,349
334,325,349,349
335,40,349,349
335,142,349,349
335,207,349,349
335,309,349,349
336,79,349,349
336,116,349,349
336,233,349,349
336,270,349,349
337,4,349,349
337,166,349,349
337,183,349,349
337,345,349,349
338,16,349,349
338,71,349,349
338,130,349,349
338,219,349,349
338,278,349,349
338,333,349,349
339,57,349,349
339,102,349,349
339,247,349,349
339,292,349,349
340,63,349,349
340,73,349,349
340,276,349,349
340,286,349,349
341,42,349,349
341,167,349,349
341,182,349,349
341,307,349,349
342,76,349,349
342,136,349,349
342,213,349,349
342,273,349,349
343,6,349,349
343,106,349,349
343,243,349,349
343,343,349,349
344,13,349,349
344,40,349,349
344,73,349,349
344,76,349,349
344,106,349,349
344,243,349,349
344,273,349,349
344,276,349,349
344,309,349,349
344,336,349,349
345,23,349,349
345,44,349,349
345,56,349,349
345,119,349,349
345,164,349,349
345,185,349,349
345,230,349,349
345,293,349,349
345,305,349,349
345,326,349,349
346,25,349,349
346,105,349,349
346,148,349,349
346,158,349,349
346,165,349,349
346,184,349,349
346,191,349,349
346,201,349,349
346,244,349,349
346,324,349,349
347,70,349,349
347,96,349,349
347,116,349,349
347,233,349,349
347,253,349,349
347,279,349,349
348,49,349,349
348,114,349,349
348,235,349,349
348,300,349,349
1,17,353,353
1,85,353,353
1,268,353,353
1,336,353,353
2,30,353,353
2,150,353,353
2,203,353,353
2,323,353,353
4,26,353,353
4,136,353,353
4,217,353,353
4,327,353,353
7,46,353,353
7,79,353,353
7,274,353,353
7,307,353,353
8,113,353,353
8,141,353,353
8,212,353,353
8,240,353,353
11,7,353,353
11,72,353,353
11,281,353,353
11,346,353,353
14,89,353,353
14,168,353,353
14,185,353,353
14,264,353,353
16,29,353,353
16,145,353,353
16,208,353,353
16,324,353,353
17,47,353,353
17,118,353,353
17,235,353,353
17,306,353,353
21,77,353,353
21,86,353,353
21,267,353,353
21,276,353,353
22,44,353,353
22,133,353,353
22,220,353,353
22,309,353,353
27,86,353,353
27,117,353,353
27,236,353,353
27,267,353,353
28,15,353,353
28,74,353,353
28,279,353,353
28,338,353,353
29,53,353,353
29,60,353,353
29,293,353,353
29,300,353,353
32,69,353,353
32,155,353,353
32,198,353,353
32,284,353,353
34,124,353,353
34,166,353,353
34,187,353,353
34,229,353,353
35,31,353,353
35,135,353,353
35,218,353,353
35,322,353,353
37,23,353,353
37,137,353,353
37,216,353,353
37,330,353,353
42,51,353,353
42,131,353,353
42,222,353,353
42,302,353,353
44,56,353,353
44,130,353,353
44,223,353,353
44,297,353,353
45,40,353,353
45,135,353,353
45,218,353,353
45,313,353,353
53,30,353,353
53,148,353,353
53,205,353,353
53,323,353,353
54,105,353,353
54,131,353,353
54,222,353,353
54,248,353,353
56,6,353,353
56,68,353,353
56,285,353,353
56,347,353,353
57,16,353,353
57,126,353,353
57,227,353,353
57,337,353,353
58,52,353,353
58,81,353,353
58,272,353,353
58,301,353,353
59,14,353,353
59,41,353,353
59,312,353,353
59,339,353,353
61,15,353,353
61,75,353,353
61,278,353,353
61,338,353,353
64,101,353,353
64,121,353,353
64,232,353,353
64,252,353,353
68,23,353,353
68,115,353,353
68,238,353,353
68,330,353,353
69,133,353,353
69,140,353,353
69,213,353,353
69,220,353,353
70,94,353,353
70,117,353,353
70,236,353,353
70,259,353,353
71,29,353,353
71,96,353,353
71,257,353,353
71,324,353,353
73,129,353,353
73,167,353,353
73,186,353,353
73,224,353,353
74,84,353,353
74,132,353,353
74,221,353,353
74,269,353,353
75,19,353,353
75,71,353,353
75,282,353,353
75,334,353,353
77,91,353,353
77,143,353,353
77,210,353,353
77,262,353,353
79,75,353,353
79,144,353,353
79,209,353,353
79,278,353,353
81,38,353,353
81,163,353,353
81,190,353,353
81,315,353,353
83,37,353,353
83,78,353,353
83,275,353,353
83,316,353,353
84,18,353,353
84,90,353,353
84,263,353,353
84,335,353,353
88,1,353,353
88,5,353,353
88,348,353,353
88,352,353,353
90,54,353,353
90,94,353,353
90,259,353,353
90,299,353,353
91,9,353,353
91,45,353,353
91,308,353,353
91,344,353,353
95,99,353,353
95,147,353,353
95,206,353,353
95,254,353,353
97,48,353,353
97,61,353,353
97,292,353,353
97,305,353,353
103,39,353,353
103,90,353,353
103,263,353,353
103,314,353,353
106,12,353,353
106,136,353,353
106,217,353,353
106,341,353,353
107,53,353,353
107,130,353,353
107,223,353,353
107,300,353,353
108,18,353,353
108,123,353,353
108,230,353,353
108,335,353,353
109,98,353,353
109,137,353,353
109,216,353,353
109,255,353,353
111,43,353,353
111,138,353,353
111,215,353,353
111,310,353,353
112,114,353,353
112,120,353,353
112,233,353,353
112,239,353,353
114,49,353,353
114,77,353,353
114,276,353,353
114,304,353,353
115,72,353,353
115,139,353,353
115,214,353,353
115,281,353,353
116,71,353,353
116,127,353,353
116,226,353,353
116,282,353,353
117,9,353,353
117,115,353,353
117,238,353,353
117,344,353,353
118,73,353,353
118,87,353,353
118,266,353,353
118,280,353,353
119,10,353,353
119,122,353,353
119,231,353,353
119,343,353,353
121,35,353,353
121,175,353,353
121,178,353,353
121,318,353,353
122,13,353,353
122,68,353,353
122,285,353,353
122,340,353,353
123,80,353,353
123,83,353,353
123,270,353,353
123,273,353,353
125,24,353,353
125,81,353,353
125,272,353,353
125,329,353,353
128,154,353,353
128,172,353,353
128,181,353,353
128,199,353,353
129,97,353,353
129,102,353,353
129,251,353,353
129,256,353,353
131,12,353,353
131,73,353,353
131,280,353,353
131,341,353,353
135,104,353,353
135,162,353,353
135,191,353,353
135,249,353,353
136,67,353,353
136,84,353,353
136,269,353,353
136,286,353,353
137,20,353,353
137,109,353,353
137,244,353,353
137,333,353,353
138,56,353,353
138,164,353,353
138,189,353,353
138,297,353,353
139,42,353,353
139,66,353,353
139,287,353,353
139,311,353,353
140,21,353,353
140,105,353,353
140,248,353,353
140,332,353,353
141,45,353,353
141,157,353,353
141,196,353,353
141,308,353,353
142,59,353,353
142,155,353,353
142,198,353,353
142,294,353,353
146,4,353,353
146,20,353,353
146,333,353,353
146,349,353,353
147,58,353,353
147,161,353,353
147,192,353,353
147,295,353,353
148,37,353,353
148,169,353,353
148,184,353,353
148,316,353,353
150,8,353,353
150,63,353,353
150,290,353,353
150,345,353,353
154,36,353,353
154,107,353,353
154,246,353,353
154,317,353,353
158,13,353,353
158,88,353,353
158,265,353,353
158,340,353,353
159,36,353,353
159,173,353,353
159,180,353,353
159,317,353,353
162,16,353,353
162,80,353,353
162,273,353,353
162,337,353,353
163,70,353,353
163,110,353,353
163,243,353,353
163,283,353,353
166,3,353,353
166,70,353,353
166,283,353,353
166,350,353,353
168,11,353,353
168,55,353,353
168,298,353,353
168,342,353,353
171,96,353,353
171,122,353,353
171,231,353,353
171,257,353,353
173,26,353,353
173,176,353,353
173,177,353,353
173,327,353,353
176,19,353,353
176,95,353,353
176,258,353,353
176,334,353,353
177,92,353,353
177,107,353,353
177,246,353,353
177,261,353,353
180,21,353,353
180,33,353,353
180,320,353,353
180,332,353,353
182,149,353,353
182,171,353,353
182,182,353,353
182,204,353,353
185,109,353,353
185,161,353,353
185,192,353,353
185,244,353,353
187,116,353,353
187,126,353,353
187,227,353,353
187,237,353,353
190,31,353,353
190,116,353,353
190,237,353,353
190,322,353,353
191,34,353,353
191,170,353,353
191,183,353,353
191,319,353,353
194,100,353,353
194,147,353,353
194,206,353,353
194,253,353,353
195,160,353,353
195,166,353,353
195,187,353,353
195,193,353,353
199,95,353,353
199,100,353,353
199,253,353,353
199,258,353,353
203,17,353,353
203,175,353,353
203,178,353,353
203,336,353,353
205,38,353,353
205,142,353,353
205,211,353,353
205,315,353,353
206,35,353,353
206,55,353,353
206,298,353,353
206,318,353,353
207,134,353,353
207,168,353,353
207,185,353,353
207,219,353,353
211,7,353,353
211,156,353,353
211,197,353,353
211,346,353,353
212,113,353,353
212,125,353,353
212,228,353,353
212,240,353,353
213,174,353,353
213,176,353,353
213,177,353,353
213,179,353,353
214,1,353,353
214,52,353,353
214,301,353,353
214,352,353,353
215,119,353,353
215,172,353,353
215,181,353,353
215,234,353,353
216,11,353,353
216,134,353,353
216,219,353,353
216,342,353,353
217,2,353,353
217,10,353,353
217,343,353,353
217,351,353,353
218,97,353,353
218,132,353,353
218,221,353,353
218,256,353,353
222,111,353,353
222,151,353,353
222,202,353,353
222,242,353,353
224,48,353,353
224,162,353,353
224,191,353,353
224,305,353,353
225,114,353,353
225,164,353,353
225,189,353,353
225,239,353,353
228,51,353,353
228,128,353,353
228,225,353,353
228,302,353,353
230,44,353,353
230,170,353,353
230,183,353,353
230,309,353,353
231,32,353,353
231,160,353,353
231,193,353,353
231,321,353,353
232,58,353,353
232,63,353,353
232,290,353,353
232,295,353,353
234,67,353,353
234,171,353,353
234,182,353,353
234,286,353,353
235,111,353,353
235,124,353,353
235,229,353,353
235,242,353,353
236,25,353,353
236,112,353,353
236,241,353,353
236,328,353,353
237,39,353,353
237,158,353,353
237,195,353,353
237,314,353,353
238,153,353,353
238,163,353,353
238,190,353,353
238,200,353,353
239,57,353,353
239,60,353,353
239,293,353,353
239,296,353,353
241,98,353,353
241,154,353,353
241,199,353,353
241,255,353,353
242,41,353,353
242,148,353,353
242,205,353,353
242,312,353,353
244,106,353,353
244,120,353,353
244,233,353,353
244,247,353,353
245,50,353,353
245,129,353,353
245,224,353,353
245,303,353,353
246,108,353,353
246,165,353,353
246,188,353,353
246,245,353,353
247,64,353,353
247,151,353,353
247,202,353,353
247,289,353,353
250,103,353,353
250,127,353,353
250,226,353,353
250,250,353,353
256,91,353,353
256,102,353,353
256,251,353,353
256,262,353,353
258,78,353,353
258,173,353,353
258,180,353,353
258,275,353,353
262,25,353,353
262,125,353,353
262,228,353,353
262,328,353,353
263,65,353,353
263,150,353,353
263,203,353,353
263,288,353,353
265,42,353,353
265,143,353,353
265,210,353,353
265,311,353,353
269,50,353,353
269,103,353,353
269,250,353,353
269,303,353,353
270,99,353,353
270,142,353,353
270,211,353,353
270,254,353,353
272,139,353,353
272,169,353,353
272,184,353,353
272,214,353,353
274,27,353,353
274,47,353,353
274,306,353,353
274,326,353,353
276,5,353,353
276,61,353,353
276,292,353,353
276,348,353,353
278,92,353,353
278,158,353,353
278,195,353,353
278,261,353,353
279,2,353,353
279,104,353,353
279,249,353,353
279,351,353,353
280,46,353,353
280,123,353,353
280,230,353,353
280,307,353,353
282,149,353,353
282,159,353,353
282,194,353,353
282,204,353,353
283,28,353,353
283,65,353,353
283,288,353,353
283,325,353,353
284,62,353,353
284,121,353,353
284,232,353,353
284,291,353,353
285,93,353,353
285,112,353,353
285,241,353,353
285,260,353,353
289,6,353,353
289,140,353,353
289,213,353,353
289,347,353,353
292,27,353,353
292,76,353,353
292,277,353,353
292,326,353,353
294,43,353,353
294,118,353,353
294,235,353,353
294,310,353,353
295,66,353,353
295,128,353,353
295,225,353,353
295,287,353,353
296,3,353,353
296,34,353,353
296,319,353,353
296,350,353,353
297,32,353,353
297,101,353,353
297,252,353,353
297,321,353,353
299,146,353,353
299,174,353,353
299,179,353,353
299,207,353,353
300,138,353,353
300,152,353,353
300,201,353,353
300,215,353,353
308,22,353,353
308,85,353,353
308,268,353,353
308,331,353,353
309,119,353,353
309,165,353,353
309,188,353,353
309,234,353,353
311,24,353,353
311,146,353,353
311,207,353,353
311,329,353,353
316,93,353,353
316,106,353,353
316,247,353,353
316,260,353,353
318,22,353,353
318,110,353,353
318,243,353,353
318,331,353,353
319,87,353,353
319,88,353,353
319,265,353,353
319,266,353,353
321,74,353,353
321,156,353,353
321,197,353,353
321,279,353,353
324,49,353,353
324,108,353,353
324,245,353,353
324,304,353,353
325,69,353,353
325,76,353,353
325,277,353,353
325,284,353,353
326,28,353,353
326,82,353,353
326,271,353,353
326,325,353,353
331,62,353,353
331,83,353,353
331,270,353,353
331,291,353,353
332,57,353,353
332,82,353,353
332,271,353,353
332,296,353,353
336,14,353,353
336,144,353,353
336,209,353,353
336,339,353,353
337,89,353,353
337,159,353,353
337,194,353,353
337,264,353,353
339,4,353,353
339,145,353,353
339,208,353,353
339,349,353,353
342,59,353,353
342,153,353,353
342,200,353,353
342,294,353,353
345,79,353,353
345,157,353,353
345,196,353,353
345,274,353,353
346,141,353,353
346,167,353,353
346,186,353,353
346,212,353,353
349,33,353,353
349,64,353,353
349,289,353,353
349,320,353,353
351,54,353,353
351,152,353,353
351,201,353,353
351,299,353,353
352,8,353,353
352,40,353,353
352,313,353,353
352,345,353,353
