2,1,2,2,"[5, 7]"
3,2,1,1,[5]
3,3,1,1,[5]
0,5,1,1,[7]
1,6,3,1,"[7, 11, 13]"
2,1,2,2,"[7, 5]"
3,5,1,1,[7]
5,5,1,1,[7]
1,6,2,1,"[11, 13]"
3,9,1,1,[11]
4,4,1,1,[11]
5,1,1,1,[11]
9,3,1,1,[11]
1,6,1,1,[13]
1,7,1,1,[13]
3,6,1,1,[13]
3,7,1,1,[13]
6,9,2,2,"[13, 17]"
7,3,1,1,[13]
7,10,1,1,[13]
8,3,1,1,[13]
8,10,1,1,[13]
9,6,1,1,[13]
9,7,1,1,[13]
10,12,2,2,"[13, 19]"
11,3,1,1,[13]
11,10,1,1,[13]
1,14,1,1,[17]
4,7,1,1,[17]
4,10,1,1,[17]
6,9,2,2,"[17, 13]"
13,6,1,1,[17]
13,11,1,1,[17]
16,5,1,1,[17]
0,10,1,1,[19]
0,13,1,1,[19]
0,15,1,1,[19]
1,4,1,1,[19]
1,18,1,1,[19]
4,6,1,1,[19]
4,8,1,1,[19]
5,9,1,1,[19]
5,12,1,1,[19]
6,6,1,1,[19]
6,8,1,1,[19]
7,4,1,1,[19]
7,18,1,1,[19]
9,6,1,1,[19]
9,8,1,1,[19]
10,12,2,2,"[19, 13]"
11,4,1,1,[19]
11,18,1,1,[19]
15,6,2,1,"[19, 23]"
16,9,1,1,[19]
16,12,1,1,[19]
17,9,1,1,[19]
17,12,1,1,[19]
5,3,1,1,[23]
5,14,1,1,[23]
7,9,1,1,[23]
7,19,1,1,[23]
10,16,1,1,[23]
10,21,1,1,[23]
11,8,1,1,[23]
11,22,1,1,[23]
14,2,1,1,[23]
14,17,1,1,[23]
15,5,1,1,[23]
15,6,1,1,[23]
17,7,1,1,[23]
17,13,1,1,[23]
19,4,1,1,[23]
19,11,1,1,[23]
20,1,1,1,[23]
20,20,1,1,[23]
21,15,1,1,[23]
21,18,1,1,[23]
22,10,1,1,[23]
22,12,1,1,[23]
1,18,1,1,[29]
2,8,1,1,[29]
2,21,1,1,[29]
3,10,1,1,[29]
3,19,1,1,[29]
6,25,2,1,"[29, 37]"
7,2,1,1,[29]
7,27,1,1,[29]
11,11,1,1,[29]
11,18,1,1,[29]
14,12,1,1,[29]
14,17,1,1,[29]
16,8,1,1,[29]
16,21,1,1,[29]
17,3,1,1,[29]
17,26,1,1,[29]
19,2,1,1,[29]
19,27,1,1,[29]
20,3,1,1,[29]
20,26,1,1,[29]
21,14,1,1,[29]
21,15,1,1,[29]
23,14,1,1,[29]
23,15,1,1,[29]
24,10,1,1,[29]
24,19,1,1,[29]
25,12,1,1,[29]
25,17,1,1,[29]
1,16,1,1,[31]
2,8,1,1,[31]
2,17,2,2,"[31, 41]"
3,25,1,1,[31]
4,4,1,1,[31]
5,16,1,1,[31]
6,28,1,1,[31]
7,4,1,1,[31]
8,2,1,1,[31]
9,2,1,1,[31]
9,12,3,2,"[31, 41, 37]"
10,8,1,1,[31]
11,7,1,1,[31]
12,14,1,1,[31]
13,11,2,2,"[31, 37]"
13,25,1,1,[31]
14,2,1,1,[31]
14,14,2,2,"[31, 37]"
15,18,2,2,"[31, 37]"
15,25,1,1,[31]
16,1,1,1,[31]
17,19,1,1,[31]
18,1,1,1,[31]
19,8,1,1,[31]
19,27,2,1,"[31, 29]"
20,4,1,1,[31]
21,14,1,1,[31]
21,15,2,1,"[31, 29]"
22,19,1,1,[31]
23,19,1,1,[31]
24,7,1,1,[31]
25,16,1,1,[31]
26,28,1,1,[31]
27,7,1,1,[31]
28,1,1,1,[31]
29,14,1,1,[31]
30,28,1,1,[31]
0,13,1,1,[37]
0,18,1,1,[37]
0,19,1,1,[37]
0,24,1,1,[37]
0,32,1,1,[37]
2,8,2,1,"[37, 31]"
3,13,1,1,[37]
3,24,1,1,[37]
3,30,2,1,"[37, 43]"
4,13,1,1,[37]
4,15,2,2,"[37, 47]"
4,24,1,1,[37]
5,16,1,1,[37]
5,21,1,1,[37]
6,12,1,1,[37]
6,25,1,1,[37]
8,12,1,1,[37]
8,25,1,1,[37]
8,34,2,2,"[37, 41]"
9,12,2,2,"[37, 41]"
11,18,1,1,[37]
11,19,1,1,[37]
13,11,2,2,"[37, 31]"
13,16,1,1,[37]
13,21,1,1,[37]
14,12,2,2,"[37, 43]"
14,14,2,2,"[37, 31]"
14,25,2,1,"[37, 43]"
15,18,2,2,"[37, 31]"
17,9,1,1,[37]
17,28,1,1,[37]
19,16,1,1,[37]
19,21,1,1,[37]
21,5,1,1,[37]
21,32,1,1,[37]
22,9,1,1,[37]
22,28,1,1,[37]
23,12,1,1,[37]
23,25,1,1,[37]
25,5,1,1,[37]
25,32,1,1,[37]
27,18,1,1,[37]
27,19,1,1,[37]
28,5,1,1,[37]
28,32,1,1,[37]
29,14,2,1,"[37, 31]"
30,13,1,1,[37]
30,24,1,1,[37]
31,12,2,2,"[37, 43]"
31,25,2,1,"[37, 43]"
34,9,2,2,"[37, 41]"
35,9,1,1,[37]
35,28,1,1,[37]
36,18,1,1,[37]
36,19,1,1,[37]
2,17,2,2,"[41, 31]"
3,8,1,1,[41]
3,33,1,1,[41]
7,20,1,1,[41]
7,21,1,1,[41]
8,34,2,2,"[41, 37]"
9,12,2,2,"[41, 37]"
11,1,1,1,[41]
11,40,1,1,[41]
12,18,1,1,[41]
12,23,1,1,[41]
12,26,2,2,"[41, 47]"
13,5,1,1,[41]
13,36,1,1,[41]
17,27,2,1,"[41, 43]"
19,38,2,1,"[41, 47]"
24,35,2,2,"[41, 47]"
28,4,1,1,[41]
28,37,1,1,[41]
29,2,1,1,[41]
29,39,1,1,[41]
30,9,1,1,[41]
30,32,1,1,[41]
34,9,2,2,"[41, 37]"
34,16,1,1,[41]
34,25,1,1,[41]
38,10,1,1,[41]
38,31,1,1,[41]
1,14,1,1,[43]
1,32,1,1,[43]
2,18,1,1,[43]
2,34,1,1,[43]
2,38,1,1,[43]
3,6,1,1,[43]
3,28,1,1,[43]
3,30,1,1,[43]
4,2,1,1,[43]
4,17,1,1,[43]
5,28,1,1,[43]
5,29,1,1,[43]
5,40,1,1,[43]
6,14,1,1,[43]
6,32,1,1,[43]
7,7,1,1,[43]
7,23,1,1,[43]
7,29,1,1,[43]
8,28,1,1,[43]
8,29,1,1,[43]
8,40,1,1,[43]
9,9,1,1,[43]
9,39,1,1,[43]
10,27,1,1,[43]
10,36,1,1,[43]
11,9,1,1,[43]
11,39,1,1,[43]
12,18,1,1,[43]
12,34,1,1,[43]
12,38,1,1,[43]
13,15,1,1,[43]
13,22,1,1,[43]
14,8,1,1,[43]
14,12,2,2,"[43, 37]"
14,25,1,1,[43]
15,2,1,1,[43]
15,17,1,1,[43]
16,27,1,1,[43]
16,36,1,1,[43]
17,27,1,1,[43]
17,36,1,1,[43]
18,6,1,1,[43]
18,28,1,1,[43]
18,30,1,1,[43]
19,26,1,1,[43]
19,30,1,1,[43]
19,31,1,1,[43]
20,24,1,1,[43]
20,26,1,1,[43]
20,34,1,1,[43]
21,13,1,1,[43]
21,42,1,1,[43]
22,6,1,1,[43]
22,28,1,1,[43]
22,30,1,1,[43]
23,9,1,1,[43]
23,39,1,1,[43]
24,2,1,1,[43]
24,17,1,1,[43]
25,13,1,1,[43]
25,42,1,1,[43]
26,7,1,1,[43]
26,10,1,1,[43]
26,18,1,1,[43]
27,7,1,1,[43]
27,10,1,1,[43]
27,18,1,1,[43]
28,26,1,1,[43]
28,30,1,1,[43]
28,31,1,1,[43]
29,18,1,1,[43]
29,34,1,1,[43]
29,38,1,1,[43]
30,28,1,1,[43]
30,29,1,1,[43]
30,40,1,1,[43]
31,8,1,1,[43]
31,12,2,2,"[43, 37]"
31,25,1,1,[43]
32,24,1,1,[43]
32,26,1,1,[43]
32,34,1,1,[43]
33,7,1,1,[43]
33,10,1,1,[43]
33,18,1,1,[43]
34,24,1,1,[43]
34,26,1,1,[43]
34,34,1,1,[43]
35,15,1,1,[43]
35,22,1,1,[43]
36,14,1,1,[43]
36,32,1,1,[43]
37,7,1,1,[43]
37,23,1,1,[43]
37,29,1,1,[43]
38,15,1,1,[43]
38,22,1,1,[43]
39,26,1,1,[43]
39,30,1,1,[43]
39,31,1,1,[43]
40,13,1,1,[43]
40,42,1,1,[43]
41,8,1,1,[43]
41,25,1,1,[43]
42,7,1,1,[43]
42,23,1,1,[43]
1,39,1,1,[47]
2,29,1,1,[47]
3,41,1,1,[47]
4,15,2,2,"[47, 37]"
4,30,1,1,[47]
5,44,1,1,[47]
6,10,1,1,[47]
7,35,1,1,[47]
8,44,1,1,[47]
9,19,1,1,[47]
10,5,1,1,[47]
11,9,3,1,"[47, 53, 43]"
11,26,1,1,[47]
12,24,2,2,"[47, 59]"
12,26,2,2,"[47, 41]"
12,46,1,1,[47]
13,29,1,1,[47]
14,20,1,1,[47]
15,33,1,1,[47]
16,5,1,1,[47]
17,40,1,1,[47]
18,31,1,1,[47]
19,38,1,1,[47]
20,23,1,1,[47]
21,38,1,1,[47]
22,35,1,1,[47]
23,31,1,1,[47]
24,33,1,1,[47]
24,35,2,2,"[47, 41]"
25,13,1,1,[47]
26,30,1,1,[47]
27,26,1,1,[47]
28,45,1,1,[47]
29,4,2,1,"[47, 53]"
29,22,1,1,[47]
30,39,1,1,[47]
31,46,1,1,[47]
32,23,1,1,[47]
33,42,2,1,"[47, 53]"
33,43,1,1,[47]
34,43,1,1,[47]
35,19,1,1,[47]
36,11,1,1,[47]
37,22,1,1,[47]
38,15,1,1,[47]
39,10,1,1,[47]
40,40,1,1,[47]
41,45,1,1,[47]
42,15,1,1,[47]
43,41,1,1,[47]
44,20,1,1,[47]
45,13,1,1,[47]
46,11,1,1,[47]
4,7,1,1,[53]
4,12,1,1,[53]
4,41,1,1,[53]
4,46,1,1,[53]
5,25,1,1,[53]
5,28,1,1,[53]
6,3,1,1,[53]
6,15,1,1,[53]
6,38,1,1,[53]
6,50,1,1,[53]
7,11,1,1,[53]
7,19,1,1,[53]
7,29,2,1,"[53, 43]"
7,34,1,1,[53]
7,42,1,1,[53]
8,4,1,1,[53]
8,49,1,1,[53]
9,14,1,1,[53]
9,17,1,1,[53]
9,36,1,1,[53]
9,39,1,1,[53]
11,9,2,1,"[53, 43]"
11,24,1,1,[53]
11,26,1,1,[53]
11,27,1,1,[53]
11,29,1,1,[53]
12,1,1,1,[53]
12,52,1,1,[53]
14,24,1,1,[53]
14,29,1,1,[53]
15,2,2,1,"[53, 43]"
17,1,1,1,[53]
17,21,1,1,[53]
17,32,1,1,[53]
17,52,1,1,[53]
18,13,1,1,[53]
18,40,1,1,[53]
20,29,2,2,"[53, 59]"
21,6,1,1,[53]
21,47,1,1,[53]
22,9,1,1,[53]
22,44,1,1,[53]
23,16,1,1,[53]
23,37,1,1,[53]
25,2,1,1,[53]
25,10,1,1,[53]
25,43,1,1,[53]
25,51,1,1,[53]
27,10,1,1,[53]
27,43,1,1,[53]
28,2,2,1,"[53, 61]"
28,31,2,1,"[53, 43]"
29,4,1,1,[53]
29,22,1,1,[53]
29,31,1,1,[53]
29,49,1,1,[53]
30,6,2,2,"[53, 59]"
31,45,2,2,"[53, 67]"
33,11,1,1,[53]
33,42,1,1,[53]
34,7,1,1,[53]
34,46,1,1,[53]
37,16,1,1,[53]
37,18,1,1,[53]
37,35,1,1,[53]
37,37,1,1,[53]
38,5,1,1,[53]
38,25,1,1,[53]
38,28,1,1,[53]
38,48,1,1,[53]
40,9,1,1,[53]
40,23,1,1,[53]
40,30,1,1,[53]
40,44,1,1,[53]
43,6,1,1,[53]
43,20,1,1,[53]
43,33,1,1,[53]
43,47,1,1,[53]
50,17,1,1,[53]
50,36,1,1,[53]
51,15,1,1,[53]
51,38,1,1,[53]
52,8,1,1,[53]
52,13,1,1,[53]
52,40,1,1,[53]
2,23,1,1,[59]
2,34,1,1,[59]
5,54,3,2,"[59, 71, 67]"
6,8,1,1,[59]
6,50,2,1,"[59, 53]"
6,58,1,1,[59]
8,7,2,1,"[59, 61]"
8,23,1,1,[59]
8,36,2,1,"[59, 61]"
8,52,1,1,[59]
10,24,1,1,[59]
10,56,1,1,[59]
11,6,1,1,[59]
11,14,1,1,[59]
12,24,2,2,"[59, 47]"
13,31,1,1,[59]
13,47,1,1,[59]
14,38,1,1,[59]
14,50,1,1,[59]
18,31,1,1,[59]
18,33,1,1,[59]
20,29,2,2,"[59, 53]"
23,10,1,1,[59]
23,43,1,1,[59]
24,8,1,1,[59]
24,45,2,1,"[59, 71]"
24,54,1,1,[59]
27,14,2,1,"[59, 71]"
30,6,2,2,"[59, 53]"
30,34,1,1,[59]
30,40,1,1,[59]
31,37,1,1,[59]
31,58,1,1,[59]
32,7,2,1,"[59, 61]"
32,52,1,1,[59]
32,56,1,1,[59]
33,10,1,1,[59]
33,38,1,1,[59]
34,18,1,1,[59]
34,33,1,1,[59]
37,40,1,1,[59]
37,54,1,1,[59]
38,18,1,1,[59]
38,42,1,1,[59]
39,39,1,1,[59]
39,42,1,1,[59]
40,15,2,2,"[59, 61]"
40,24,1,1,[59]
40,44,1,1,[59]
42,2,1,1,[59]
42,17,4,3,"[59, 67, 73, 71]"
42,44,1,1,[59]
43,32,1,1,[59]
43,55,1,1,[59]
44,6,1,1,[59]
44,11,1,1,[59]
45,2,2,1,"[59, 67]"
47,1,2,1,"[59, 67]"
47,13,1,1,[59]
47,14,1,1,[59]
50,2,1,1,[59]
50,43,1,1,[59]
52,37,1,1,[59]
52,47,1,1,[59]
53,2,3,1,"[59, 71, 83]"
54,32,1,1,[59]
54,39,1,1,[59]
55,30,1,1,[59]
55,55,1,1,[59]
56,13,1,1,[59]
56,50,1,1,[59]
58,11,1,1,[59]
58,30,1,1,[59]
0,6,1,1,[61]
0,7,1,1,[61]
0,18,1,1,[61]
0,21,1,1,[61]
0,40,1,1,[61]
0,43,1,1,[61]
0,54,1,1,[61]
0,55,1,1,[61]
0,59,1,1,[61]
2,7,1,1,[61]
2,18,1,1,[61]
2,43,1,1,[61]
2,54,1,1,[61]
6,14,1,1,[61]
6,21,1,1,[61]
6,40,1,1,[61]
6,47,1,1,[61]
7,2,1,1,[61]
7,21,1,1,[61]
7,40,1,1,[61]
7,59,1,1,[61]
8,7,1,1,[61]
8,25,1,1,[61]
8,36,1,1,[61]
8,54,1,1,[61]
10,7,1,1,[61]
10,25,1,1,[61]
10,36,1,1,[61]
10,54,1,1,[61]
11,4,1,1,[61]
11,6,1,1,[61]
11,55,1,1,[61]
11,57,1,1,[61]
12,12,2,2,"[61, 67]"
12,20,2,2,"[61, 73]"
13,9,2,1,"[61, 73]"
17,14,1,1,[61]
17,21,1,1,[61]
17,40,1,1,[61]
17,47,1,1,[61]
18,2,1,1,[61]
18,6,1,1,[61]
18,55,1,1,[61]
18,59,1,1,[61]
21,4,1,1,[61]
21,6,1,1,[61]
21,27,2,1,"[61, 73]"
21,55,1,1,[61]
21,57,1,1,[61]
23,6,1,1,[61]
23,18,1,1,[61]
23,43,1,1,[61]
23,55,1,1,[61]
24,2,1,1,[61]
24,21,1,1,[61]
24,40,1,1,[61]
24,45,3,1,"[61, 59, 71]"
24,59,1,1,[61]
26,7,1,1,[61]
26,18,1,1,[61]
26,43,1,1,[61]
26,54,1,1,[61]
27,30,2,2,"[61, 67]"
28,2,1,1,[61]
28,19,1,1,[61]
28,42,1,1,[61]
28,59,1,1,[61]
29,4,1,1,[61]
29,6,1,1,[61]
29,55,1,1,[61]
29,57,1,1,[61]
30,2,1,1,[61]
30,21,1,1,[61]
30,40,1,1,[61]
30,59,1,1,[61]
31,12,1,1,[61]
31,18,1,1,[61]
31,43,1,1,[61]
31,49,1,1,[61]
32,7,1,1,[61]
32,21,1,1,[61]
32,40,1,1,[61]
32,54,1,1,[61]
33,7,1,1,[61]
33,18,1,1,[61]
33,42,3,1,"[61, 47, 53]"
33,43,1,1,[61]
33,54,1,1,[61]
35,2,1,1,[61]
35,19,1,1,[61]
35,42,1,1,[61]
35,59,1,1,[61]
37,12,1,1,[61]
37,18,1,1,[61]
37,43,1,1,[61]
37,49,1,1,[61]
38,14,1,1,[61]
38,21,1,1,[61]
38,40,1,1,[61]
38,47,1,1,[61]
39,26,2,2,"[61, 67]"
40,7,1,1,[61]
40,15,2,2,"[61, 59]"
40,21,1,1,[61]
40,40,1,1,[61]
40,54,1,1,[61]
43,1,2,1,"[61, 73]"
43,7,1,1,[61]
43,25,1,1,[61]
43,36,1,1,[61]
43,54,1,1,[61]
44,6,1,1,[61]
44,18,1,1,[61]
44,43,1,1,[61]
44,55,1,1,[61]
45,27,2,2,"[61, 67]"
46,30,2,2,"[61, 67]"
47,52,2,1,"[61, 73]"
48,48,2,2,"[61, 67]"
50,7,1,1,[61]
50,21,1,1,[61]
50,40,1,1,[61]
50,54,1,1,[61]
51,2,1,1,[61]
51,6,1,1,[61]
51,55,1,1,[61]
51,59,1,1,[61]
53,2,1,1,[61]
53,6,1,1,[61]
53,55,1,1,[61]
53,59,1,1,[61]
54,12,1,1,[61]
54,18,1,1,[61]
54,43,1,1,[61]
54,49,1,1,[61]
55,6,1,1,[61]
55,18,1,1,[61]
55,43,1,1,[61]
55,55,1,1,[61]
56,25,2,1,"[61, 67]"
59,2,1,1,[61]
59,19,1,1,[61]
59,42,1,1,[61]
59,59,1,1,[61]
0,7,2,2,"[67, 79]"
0,44,2,2,"[67, 73]"
1,14,1,1,[67]
2,18,2,1,"[67, 61]"
2,44,1,1,[67]
3,13,1,1,[67]
4,22,1,1,[67]
5,54,2,2,"[67, 71]"
5,57,1,1,[67]
6,40,1,1,[67]
7,44,1,1,[67]
7,61,2,2,"[67, 73]"
8,50,1,1,[67]
9,24,1,1,[67]
10,62,1,1,[67]
11,57,1,1,[67]
12,12,2,2,"[67, 61]"
12,29,2,1,"[67, 73]"
12,30,1,1,[67]
13,30,1,1,[67]
14,22,1,1,[67]
15,64,1,1,[67]
16,25,1,1,[67]
17,15,1,1,[67]
17,21,2,1,"[67, 61]"
17,59,2,2,"[67, 71]"
18,18,1,1,[67]
19,64,1,1,[67]
20,13,1,1,[67]
21,40,1,1,[67]
22,62,1,1,[67]
23,1,1,1,[67]
23,55,2,1,"[67, 61]"
24,4,2,1,"[67, 79]"
24,15,1,1,[67]
24,21,2,1,"[67, 61]"
25,59,1,1,[67]
26,15,1,1,[67]
26,66,2,2,"[67, 79]"
27,30,2,2,"[67, 61]"
27,51,1,1,[67]
28,26,2,2,"[67, 73]"
28,50,1,1,[67]
29,14,1,1,[67]
30,30,2,1,"[67, 73]"
30,48,1,1,[67]
31,45,2,2,"[67, 53]"
31,50,1,1,[67]
32,2,1,1,[67]
32,16,2,1,"[67, 71]"
32,60,2,2,"[67, 73]"
33,64,1,1,[67]
34,23,2,1,"[67, 71]"
34,28,1,1,[67]
35,62,1,1,[67]
36,9,1,1,[67]
37,14,1,1,[67]
37,24,2,1,"[67, 71]"
38,48,1,1,[67]
39,9,1,1,[67]
39,26,2,2,"[67, 61]"
40,40,1,1,[67]
41,61,1,1,[67]
42,17,3,3,"[67, 73, 71]"
42,30,1,1,[67]
43,19,2,1,"[67, 71]"
43,61,1,1,[67]
44,13,1,1,[67]
45,2,1,1,[67]
45,19,2,1,"[67, 73]"
45,27,2,2,"[67, 61]"
46,30,2,2,"[67, 61]"
46,51,1,1,[67]
47,1,1,1,[67]
48,28,1,1,[67]
48,48,2,2,"[67, 61]"
49,9,2,1,"[67, 71]"
49,22,1,1,[67]
49,42,2,1,"[67, 71]"
50,2,2,1,"[67, 59]"
50,61,1,1,[67]
51,2,2,1,"[67, 61]"
51,57,1,1,[67]
52,28,1,1,[67]
53,4,2,2,"[67, 73]"
53,18,1,1,[67]
54,59,1,1,[67]
55,59,1,1,[67]
56,25,1,1,[67]
56,29,2,2,"[67, 79]"
56,66,2,2,"[67, 71]"
57,2,1,1,[67]
58,30,2,1,"[67, 59]"
58,44,1,1,[67]
59,6,2,1,"[67, 73]"
59,9,1,1,[67]
59,53,2,2,"[67, 79]"
60,24,1,1,[67]
61,51,1,1,[67]
62,25,1,1,[67]
62,29,2,1,"[67, 79]"
62,66,2,1,"[67, 71]"
63,18,1,1,[67]
64,1,1,1,[67]
64,58,2,1,"[67, 79]"
65,24,1,1,[67]
66,33,2,2,"[67, 73]"
66,48,1,1,[67]
1,39,1,1,[71]
1,54,1,1,[71]
2,13,1,1,[71]
2,18,1,1,[71]
3,8,1,1,[71]
3,61,1,1,[71]
4,6,1,1,[71]
4,28,1,1,[71]
5,22,1,1,[71]
5,25,1,1,[71]
5,54,2,2,"[71, 67]"
6,21,2,2,"[71, 73]"
6,44,1,1,[71]
6,50,1,1,[71]
7,13,1,1,[71]
8,2,1,1,[71]
8,33,1,1,[71]
9,38,1,1,[71]
9,59,1,1,[71]
10,31,1,1,[71]
10,32,1,1,[71]
11,17,1,1,[71]
12,62,1,1,[71]
12,64,1,1,[71]
13,68,1,1,[71]
14,28,1,1,[71]
15,30,1,1,[71]
15,69,1,1,[71]
16,11,1,1,[71]
16,48,1,1,[71]
17,59,2,2,"[71, 67]"
17,69,1,1,[71]
18,60,1,1,[71]
18,67,1,1,[71]
19,12,1,1,[71]
19,56,1,1,[71]
20,34,1,1,[71]
20,58,1,1,[71]
21,27,2,1,"[71, 73]"
21,44,1,1,[71]
22,50,2,1,"[71, 83]"
22,53,1,1,[71]
23,30,2,2,"[71, 73]"
23,41,1,1,[71]
24,45,1,1,[71]
24,68,1,1,[71]
25,5,1,1,[71]
25,47,1,1,[71]
26,1,2,2,"[71, 73]"
26,70,1,1,[71]
27,3,1,1,[71]
27,14,1,1,[71]
28,33,1,1,[71]
29,21,1,1,[71]
29,40,1,1,[71]
30,10,1,1,[71]
30,23,1,1,[71]
31,56,1,1,[71]
32,16,1,1,[71]
32,51,1,1,[71]
33,63,1,1,[71]
34,23,1,1,[71]
35,31,1,1,[71]
36,20,1,1,[71]
36,46,1,1,[71]
37,24,1,1,[71]
37,41,1,1,[71]
38,4,1,1,[71]
38,19,2,2,"[71, 79]"
38,66,1,1,[71]
39,39,1,1,[71]
40,35,1,1,[71]
40,43,1,1,[71]
41,51,1,1,[71]
42,17,3,3,"[71, 67, 73]"
42,62,1,1,[71]
43,19,1,1,[71]
43,65,1,1,[71]
44,65,1,1,[71]
45,26,1,1,[71]
45,36,1,1,[71]
46,61,1,1,[71]
47,52,1,1,[71]
48,15,1,1,[71]
48,70,1,1,[71]
49,9,1,1,[71]
49,42,1,1,[71]
50,49,1,1,[71]
50,63,1,1,[71]
51,26,1,1,[71]
52,47,1,1,[71]
53,2,2,1,"[71, 83]"
53,22,1,1,[71]
54,1,1,1,[71]
54,52,1,1,[71]
55,46,1,1,[71]
56,11,1,1,[71]
56,66,2,2,"[71, 67]"
57,53,1,1,[71]
57,57,1,1,[71]
58,7,1,1,[71]
58,37,1,1,[71]
59,14,1,1,[71]
60,27,1,1,[71]
60,55,1,1,[71]
61,7,1,1,[71]
62,66,1,1,[71]
63,67,1,1,[71]
64,17,1,1,[71]
64,29,1,1,[71]
65,42,1,1,[71]
66,21,1,1,[71]
67,59,1,1,[71]
68,55,1,1,[71]
69,35,1,1,[71]
70,34,1,1,[71]
0,13,2,2,"[73, 67]"
0,44,2,2,"[73, 67]"
3,31,1,1,[73]
3,42,1,1,[73]
5,2,1,1,[73]
5,71,1,1,[73]
6,13,1,1,[73]
6,14,2,1,"[73, 61]"
6,21,2,2,"[73, 71]"
6,60,1,1,[73]
7,18,1,1,[73]
7,55,1,1,[73]
7,61,2,2,"[73, 67]"
10,18,1,1,[73]
10,55,1,1,[73]
11,3,1,1,[73]
11,21,1,1,[73]
11,52,1,1,[73]
11,70,1,1,[73]
12,20,2,2,"[73, 61]"
12,29,1,1,[73]
12,44,1,1,[73]
13,9,1,1,[73]
13,10,1,1,[73]
13,63,1,1,[73]
13,64,1,1,[73]
14,16,1,1,[73]
14,57,1,1,[73]
15,3,1,1,[73]
15,21,1,1,[73]
15,52,1,1,[73]
15,64,2,1,"[73, 67]"
15,70,1,1,[73]
17,25,1,1,[73]
17,48,1,1,[73]
19,13,1,1,[73]
19,60,1,1,[73]
20,16,1,1,[73]
20,57,1,1,[73]
21,27,1,1,[73]
21,30,1,1,[73]
21,43,1,1,[73]
21,46,1,1,[73]
22,27,1,1,[73]
22,30,1,1,[73]
22,43,1,1,[73]
22,46,1,1,[73]
23,29,1,1,[73]
23,30,2,2,"[73, 71]"
23,44,1,1,[73]
24,31,1,1,[73]
24,40,2,1,"[73, 61]"
24,42,1,1,[73]
25,14,1,1,[73]
25,59,1,1,[73]
26,1,2,2,"[73, 71]"
26,8,1,1,[73]
26,17,1,1,[73]
26,56,1,1,[73]
26,65,1,1,[73]
27,25,2,1,"[73, 89]"
27,34,1,1,[73]
27,39,1,1,[73]
28,2,1,1,[73]
28,26,2,2,"[73, 67]"
28,50,2,1,"[73, 67]"
28,71,1,1,[73]
29,9,1,1,[73]
29,10,1,1,[73]
29,21,2,1,"[73, 71]"
29,63,1,1,[73]
29,64,1,1,[73]
30,10,2,1,"[73, 71]"
30,19,2,1,"[73, 79]"
30,27,1,1,[73]
30,30,1,1,[73]
30,43,1,1,[73]
30,46,1,1,[73]
31,9,1,1,[73]
31,10,1,1,[73]
31,63,1,1,[73]
31,64,1,1,[73]
32,60,2,2,"[73, 67]"
33,19,1,1,[73]
33,54,1,1,[73]
34,6,1,1,[73]
34,67,1,1,[73]
35,20,1,1,[73]
35,53,1,1,[73]
37,31,3,1,"[73, 83, 79]"
38,29,1,1,[73]
38,44,1,1,[73]
39,16,1,1,[73]
39,57,1,1,[73]
40,2,1,1,[73]
40,71,1,1,[73]
42,17,3,3,"[73, 71, 67]"
42,22,1,1,[73]
42,24,1,1,[73]
42,49,1,1,[73]
42,51,1,1,[73]
43,1,1,1,[73]
43,7,1,1,[73]
43,66,1,1,[73]
43,72,1,1,[73]
44,22,1,1,[73]
44,24,1,1,[73]
44,49,1,1,[73]
44,51,1,1,[73]
45,19,1,1,[73]
45,54,1,1,[73]
46,31,1,1,[73]
46,42,1,1,[73]
47,3,1,1,[73]
47,21,1,1,[73]
47,52,1,1,[73]
47,70,1,1,[73]
48,13,1,1,[73]
48,60,1,1,[73]
49,34,1,1,[73]
49,39,1,1,[73]
50,20,1,1,[73]
50,39,2,1,"[73, 79]"
50,53,1,1,[73]
51,1,1,1,[73]
51,7,1,1,[73]
51,66,1,1,[73]
51,71,2,1,"[73, 79]"
51,72,1,1,[73]
52,1,1,1,[73]
52,7,1,1,[73]
52,66,1,1,[73]
52,72,1,1,[73]
53,4,2,2,"[73, 67]"
53,6,1,1,[73]
53,67,1,1,[73]
54,14,1,1,[73]
54,36,2,1,"[73, 83]"
54,59,1,1,[73]
56,18,1,1,[73]
56,55,1,1,[73]
58,8,1,1,[73]
58,17,1,1,[73]
58,56,1,1,[73]
58,65,1,1,[73]
59,6,1,1,[73]
59,67,1,1,[73]
60,22,1,1,[73]
60,24,1,1,[73]
60,49,1,1,[73]
60,51,1,1,[73]
61,7,2,1,"[73, 71]"
61,20,1,1,[73]
61,53,1,1,[73]
62,8,1,1,[73]
62,17,1,1,[73]
62,56,1,1,[73]
62,65,1,1,[73]
63,25,1,1,[73]
63,48,1,1,[73]
66,25,1,1,[73]
66,33,2,2,"[73, 67]"
66,48,1,1,[73]
67,14,1,1,[73]
67,59,1,1,[73]
68,19,1,1,[73]
68,54,1,1,[73]
69,39,2,2,"[73, 83]"
70,34,1,1,[73]
70,39,1,1,[73]
0,7,2,2,"[79, 67]"
0,37,2,2,"[79, 97]"
0,59,2,2,"[79, 97]"
1,14,1,1,[79]
1,43,1,1,[79]
1,53,1,1,[79]
2,6,1,1,[79]
2,15,1,1,[79]
2,63,1,1,[79]
3,11,1,1,[79]
3,50,1,1,[79]
3,78,1,1,[79]
4,28,1,1,[79]
4,29,1,1,[79]
4,33,1,1,[79]
5,7,1,1,[79]
5,34,1,1,[79]
5,57,1,1,[79]
6,27,2,2,"[79, 83]"
6,31,1,1,[79]
6,40,1,1,[79]
6,61,1,1,[79]
7,11,1,1,[79]
7,50,1,1,[79]
7,78,1,1,[79]
8,30,1,1,[79]
8,41,1,1,[79]
8,48,1,1,[79]
9,17,1,1,[79]
9,24,1,1,[79]
9,70,1,1,[79]
10,47,1,1,[79]
10,59,1,1,[79]
10,78,1,1,[79]
11,27,1,1,[79]
11,66,1,1,[79]
11,74,1,1,[79]
12,5,1,1,[79]
12,9,1,1,[79]
12,49,2,1,"[79, 89]"
12,71,1,1,[79]
13,28,1,1,[79]
13,29,1,1,[79]
13,30,2,1,"[79, 67]"
13,33,1,1,[79]
13,68,2,1,"[79, 89]"
14,28,2,1,"[79, 71]"
14,31,1,1,[79]
14,40,1,1,[79]
14,61,1,1,[79]
15,23,1,1,[79]
15,52,2,1,"[79, 73]"
15,58,1,1,[79]
15,73,1,1,[79]
16,27,1,1,[79]
16,66,1,1,[79]
16,74,1,1,[79]
17,9,1,1,[79]
17,32,1,1,[79]
17,33,1,1,[79]
18,37,1,1,[79]
18,69,1,1,[79]
18,75,1,1,[79]
19,7,3,1,"[79, 97, 103]"
19,37,1,1,[79]
19,69,1,1,[79]
19,75,1,1,[79]
20,35,1,1,[79]
20,56,1,1,[79]
20,61,1,1,[79]
21,17,1,1,[79]
21,24,1,1,[79]
21,70,1,1,[79]
22,3,1,1,[79]
22,12,1,1,[79]
22,68,1,1,[79]
23,14,1,1,[79]
23,43,1,1,[79]
23,53,1,1,[79]
24,4,1,1,[79]
24,11,1,1,[79]
24,14,1,1,[79]
25,3,1,1,[79]
25,12,1,1,[79]
25,68,1,1,[79]
26,30,1,1,[79]
26,41,1,1,[79]
26,48,1,1,[79]
26,66,2,2,"[79, 67]"
27,19,1,1,[79]
27,27,1,1,[79]
27,72,1,1,[79]
28,5,1,1,[79]
28,9,1,1,[79]
28,71,1,1,[79]
29,23,1,1,[79]
29,58,1,1,[79]
29,73,1,1,[79]
30,17,1,1,[79]
30,19,1,1,[79]
30,50,1,1,[79]
31,6,1,1,[79]
31,15,1,1,[79]
31,63,1,1,[79]
32,3,1,1,[79]
32,12,1,1,[79]
32,68,1,1,[79]
33,15,1,1,[79]
33,40,1,1,[79]
33,72,1,1,[79]
34,4,1,1,[79]
34,23,1,1,[79]
34,41,1,1,[79]
35,23,1,1,[79]
35,58,1,1,[79]
35,73,1,1,[79]
36,7,1,1,[79]
36,34,1,1,[79]
36,57,1,1,[79]
37,26,1,1,[79]
37,31,1,1,[79]
37,69,1,1,[79]
38,7,1,1,[79]
38,19,2,2,"[79, 71]"
38,34,1,1,[79]
38,57,1,1,[79]
39,5,1,1,[79]
39,9,1,1,[79]
39,71,1,1,[79]
40,60,1,1,[79]
40,71,1,1,[79]
40,77,1,1,[79]
41,5,1,1,[79]
41,57,1,1,[79]
41,73,1,1,[79]
42,37,1,1,[79]
42,69,1,1,[79]
42,75,1,1,[79]
43,5,1,1,[79]
43,57,1,1,[79]
43,73,1,1,[79]
44,39,1,1,[79]
44,54,1,1,[79]
44,58,1,1,[79]
45,30,1,1,[79]
45,41,1,1,[79]
45,48,1,1,[79]
46,6,1,1,[79]
46,15,1,1,[79]
46,63,1,1,[79]
47,12,1,1,[79]
47,26,1,1,[79]
47,32,1,1,[79]
47,45,2,1,"[79, 89]"
48,15,1,1,[79]
48,40,1,1,[79]
48,48,3,2,"[79, 67, 61]"
48,72,1,1,[79]
49,17,1,1,[79]
49,24,1,1,[79]
49,70,1,1,[79]
50,39,1,1,[79]
50,54,1,1,[79]
50,58,1,1,[79]
51,60,1,1,[79]
51,71,1,1,[79]
51,77,1,1,[79]
52,27,1,1,[79]
52,66,1,1,[79]
52,74,1,1,[79]
53,4,1,1,[79]
53,23,1,1,[79]
53,41,1,1,[79]
54,12,1,1,[79]
54,26,1,1,[79]
54,32,1,1,[79]
55,14,1,1,[79]
55,37,2,1,"[79, 83]"
55,43,1,1,[79]
55,53,1,1,[79]
56,4,1,1,[79]
56,11,1,1,[79]
56,14,1,1,[79]
56,18,2,1,"[79, 73]"
56,29,2,2,"[79, 67]"
56,66,3,2,"[79, 71, 67]"
57,12,1,1,[79]
57,26,1,1,[79]
57,32,1,1,[79]
58,17,1,1,[79]
58,19,1,1,[79]
58,44,2,1,"[79, 89]"
58,50,1,1,[79]
59,31,1,1,[79]
59,40,1,1,[79]
59,53,2,2,"[79, 67]"
59,61,1,1,[79]
60,26,1,1,[79]
60,31,1,1,[79]
60,69,1,1,[79]
61,26,1,1,[79]
61,31,1,1,[79]
61,69,1,1,[79]
62,28,1,1,[79]
62,29,1,1,[79]
62,33,1,1,[79]
63,19,1,1,[79]
63,27,1,1,[79]
63,72,1,1,[79]
64,39,1,1,[79]
64,54,1,1,[79]
64,58,1,1,[79]
64,70,2,1,"[79, 97]"
65,35,1,1,[79]
65,56,1,1,[79]
65,61,1,1,[79]
66,9,1,1,[79]
66,32,1,1,[79]
66,33,1,1,[79]
67,60,1,1,[79]
67,71,1,1,[79]
67,77,1,1,[79]
68,19,1,1,[79]
68,27,1,1,[79]
68,72,1,1,[79]
69,11,1,1,[79]
69,50,1,1,[79]
69,78,1,1,[79]
70,17,1,1,[79]
70,19,1,1,[79]
70,50,1,1,[79]
71,4,1,1,[79]
71,23,1,1,[79]
71,41,1,1,[79]
72,47,1,1,[79]
72,59,1,1,[79]
72,78,1,1,[79]
73,35,1,1,[79]
73,56,1,1,[79]
73,61,1,1,[79]
74,5,1,1,[79]
74,57,1,1,[79]
74,73,1,1,[79]
75,9,1,1,[79]
75,32,1,1,[79]
75,33,1,1,[79]
76,47,1,1,[79]
76,56,3,1,"[79, 97, 103]"
76,59,1,1,[79]
76,78,1,1,[79]
77,15,1,1,[79]
77,17,2,2,"[79, 83]"
77,40,1,1,[79]
77,72,1,1,[79]
78,4,1,1,[79]
78,11,1,1,[79]
78,14,1,1,[79]
2,57,1,1,[83]
2,60,1,1,[83]
2,78,1,1,[83]
5,15,1,1,[83]
5,35,1,1,[83]
5,61,1,1,[83]
6,18,1,1,[83]
6,27,2,2,"[83, 79]"
6,29,1,1,[83]
6,67,1,1,[83]
8,18,1,1,[83]
8,40,1,1,[83]
8,42,1,1,[83]
13,30,1,1,[83]
13,55,1,1,[83]
13,68,3,1,"[83, 79, 89]"
13,73,1,1,[83]
14,21,1,1,[83]
14,31,2,1,"[83, 79]"
14,52,3,1,"[83, 89, 103]"
14,76,1,1,[83]
14,80,1,1,[83]
15,28,1,1,[83]
15,46,1,1,[83]
15,79,1,1,[83]
17,32,2,1,"[83, 79]"
18,31,1,1,[83]
18,43,1,1,[83]
18,45,1,1,[83]
19,19,1,1,[83]
19,33,1,1,[83]
19,72,1,1,[83]
20,10,1,1,[83]
20,46,1,1,[83]
20,52,1,1,[83]
21,43,2,1,"[83, 73]"
22,6,1,1,[83]
22,50,1,1,[83]
22,65,1,1,[83]
23,34,2,1,"[83, 89]"
24,17,1,1,[83]
24,22,1,1,[83]
24,45,1,1,[83]
31,72,2,1,"[83, 89]"
32,12,1,1,[83]
32,22,1,1,[83]
32,79,1,1,[83]
33,72,2,1,"[83, 79]"
34,62,1,1,[83]
34,63,1,1,[83]
34,74,1,1,[83]
35,19,1,1,[83]
35,20,1,1,[83]
35,26,1,1,[83]
37,31,2,1,"[83, 79]"
39,13,1,1,[83]
39,58,1,1,[83]
39,75,1,1,[83]
42,11,1,1,[83]
42,24,1,1,[83]
42,34,1,1,[83]
43,2,1,1,[83]
43,60,1,1,[83]
43,69,1,1,[83]
45,32,1,1,[83]
45,48,2,1,"[83, 79]"
45,70,1,1,[83]
45,73,1,1,[83]
46,5,1,1,[83]
46,48,1,1,[83]
46,67,1,1,[83]
47,20,1,1,[83]
47,23,1,1,[83]
47,56,1,1,[83]
49,34,2,1,"[83, 73]"
50,13,1,1,[83]
50,44,1,1,[83]
50,53,1,1,[83]
52,9,1,1,[83]
52,58,1,1,[83]
52,80,1,1,[83]
53,2,1,1,[83]
53,72,1,1,[83]
53,77,1,1,[83]
54,36,1,1,[83]
54,66,1,1,[83]
54,71,1,1,[83]
55,37,1,1,[83]
55,43,1,1,[83]
55,54,1,1,[83]
56,24,1,1,[83]
56,56,1,1,[83]
56,81,1,1,[83]
57,6,1,1,[83]
57,14,1,1,[83]
57,41,1,1,[83]
58,16,1,1,[83]
58,50,1,1,[83]
58,57,1,1,[83]
59,67,2,1,"[83, 73]"
60,25,1,1,[83]
60,32,1,1,[83]
60,47,1,1,[83]
62,4,1,1,[83]
62,35,1,1,[83]
62,54,1,1,[83]
64,54,2,1,"[83, 79]"
66,15,1,1,[83]
66,38,1,1,[83]
66,42,1,1,[83]
67,8,1,1,[83]
67,27,1,1,[83]
67,33,2,1,"[83, 97]"
67,74,1,1,[83]
69,39,2,2,"[83, 73]"
71,8,1,1,[83]
71,39,1,1,[83]
71,59,1,1,[83]
72,1,1,1,[83]
72,55,1,1,[83]
72,71,1,1,[83]
73,34,1,1,[83]
73,62,1,1,[83]
73,64,1,1,[83]
74,39,1,1,[83]
74,49,1,1,[83]
74,76,1,1,[83]
75,10,2,2,"[83, 89]"
76,5,1,1,[83]
76,14,1,1,[83]
76,68,1,1,[83]
77,17,2,2,"[83, 79]"
79,7,1,1,[83]
79,53,1,1,[83]
79,82,1,1,[83]
80,3,1,1,[83]
80,47,1,1,[83]
80,82,1,1,[83]
82,51,1,1,[83]
82,52,1,1,[83]
82,66,1,1,[83]
3,5,1,1,[89]
3,17,1,1,[89]
3,72,1,1,[89]
3,84,1,1,[89]
5,15,2,1,"[89, 83]"
5,25,1,1,[89]
5,64,1,1,[89]
6,17,1,1,[89]
6,40,1,1,[89]
6,49,1,1,[89]
6,72,1,1,[89]
6,79,2,1,"[89, 103]"
7,20,1,1,[89]
7,21,1,1,[89]
7,68,1,1,[89]
7,69,1,1,[89]
9,21,1,1,[89]
9,24,2,1,"[89, 79]"
9,68,1,1,[89]
10,4,1,1,[89]
10,59,2,1,"[89, 79]"
10,85,1,1,[89]
11,3,2,1,"[89, 73]"
12,27,2,2,"[89, 103]"
12,40,1,1,[89]
12,42,1,1,[89]
12,47,1,1,[89]
12,49,1,1,[89]
13,21,1,1,[89]
13,33,2,1,"[89, 97]"
13,68,1,1,[89]
14,18,1,1,[89]
14,21,1,1,[89]
14,52,2,1,"[89, 103]"
14,68,1,1,[89]
14,71,1,1,[89]
15,34,1,1,[89]
15,55,1,1,[89]
17,1,1,1,[89]
17,88,1,1,[89]
18,18,1,1,[89]
18,71,1,1,[89]
19,22,1,1,[89]
19,67,1,1,[89]
20,22,1,1,[89]
20,67,1,1,[89]
21,5,1,1,[89]
21,84,1,1,[89]
22,44,2,1,"[89, 97]"
23,9,1,1,[89]
23,26,2,1,"[89, 103]"
23,34,1,1,[89]
23,55,1,1,[89]
23,80,1,1,[89]
24,36,1,1,[89]
24,42,1,1,[89]
24,47,1,1,[89]
24,53,1,1,[89]
26,18,1,1,[89]
26,71,1,1,[89]
27,25,1,1,[89]
27,64,1,1,[89]
28,9,2,1,"[89, 79]"
28,10,1,1,[89]
28,18,1,1,[89]
28,71,1,1,[89]
28,79,1,1,[89]
29,8,1,1,[89]
29,81,1,1,[89]
30,9,1,1,[89]
30,80,1,1,[89]
31,17,1,1,[89]
31,72,1,1,[89]
33,1,1,1,[89]
33,16,1,1,[89]
33,72,3,1,"[89, 83, 79]"
33,73,1,1,[89]
33,88,1,1,[89]
34,39,1,1,[89]
34,50,1,1,[89]
35,42,1,1,[89]
35,47,1,1,[89]
36,10,1,1,[89]
36,79,1,1,[89]
37,16,1,1,[89]
37,73,1,1,[89]
38,32,1,1,[89]
38,57,1,1,[89]
40,32,1,1,[89]
40,57,1,1,[89]
41,22,1,1,[89]
41,32,1,1,[89]
41,57,1,1,[89]
41,67,1,1,[89]
42,17,1,1,[89]
42,72,1,1,[89]
43,8,1,1,[89]
43,39,1,1,[89]
43,50,1,1,[89]
43,81,1,1,[89]
43,87,2,1,"[89, 103]"
44,24,2,1,"[89, 73]"
46,5,1,1,[89]
46,9,1,1,[89]
46,80,1,1,[89]
46,84,1,1,[89]
47,26,2,1,"[89, 79]"
47,44,1,1,[89]
47,45,1,1,[89]
48,20,1,1,[89]
48,36,1,1,[89]
48,53,1,1,[89]
48,69,1,1,[89]
49,20,1,1,[89]
49,69,1,1,[89]
50,50,3,2,"[89, 97, 103]"
51,20,1,1,[89]
51,69,1,1,[89]
52,10,1,1,[89]
52,27,2,1,"[89, 101]"
52,79,1,1,[89]
53,16,1,1,[89]
53,73,1,1,[89]
54,4,1,1,[89]
54,85,1,1,[89]
55,9,1,1,[89]
55,80,1,1,[89]
56,10,1,1,[89]
56,29,2,2,"[89, 103]"
56,34,1,1,[89]
56,55,1,1,[89]
56,79,1,1,[89]
58,44,1,1,[89]
58,45,1,1,[89]
59,39,1,1,[89]
59,50,1,1,[89]
60,5,1,1,[89]
60,84,1,1,[89]
61,11,1,1,[89]
61,16,1,1,[89]
61,73,1,1,[89]
61,78,1,1,[89]
62,40,1,1,[89]
62,49,1,1,[89]
63,11,1,1,[89]
63,78,1,1,[89]
65,4,1,1,[89]
65,22,1,1,[89]
65,67,1,1,[89]
65,85,1,1,[89]
66,1,1,1,[89]
66,39,1,1,[89]
66,50,1,1,[89]
66,88,1,1,[89]
68,8,1,1,[89]
68,81,1,1,[89]
69,36,1,1,[89]
69,53,1,1,[89]
70,36,1,1,[89]
70,53,1,1,[89]
70,82,3,2,"[89, 97, 107]"
71,11,1,1,[89]
71,78,1,1,[89]
72,34,1,1,[89]
72,55,1,1,[89]
74,1,1,1,[89]
74,27,2,1,"[89, 97]"
74,88,1,1,[89]
75,2,1,1,[89]
75,10,2,2,"[89, 83]"
75,11,1,1,[89]
75,78,1,1,[89]
75,87,1,1,[89]
76,2,1,1,[89]
76,87,1,1,[89]
77,4,1,1,[89]
77,25,1,1,[89]
77,64,1,1,[89]
77,85,1,1,[89]
79,42,1,1,[89]
79,47,1,1,[89]
80,2,1,1,[89]
80,87,1,1,[89]
82,2,1,1,[89]
82,32,1,1,[89]
82,57,1,1,[89]
82,87,1,1,[89]
83,25,1,1,[89]
83,44,1,1,[89]
83,45,1,1,[89]
83,64,1,1,[89]
84,40,1,1,[89]
84,49,1,1,[89]
86,8,1,1,[89]
86,44,1,1,[89]
86,45,1,1,[89]
86,81,1,1,[89]
88,85,2,1,"[89, 97]"
0,7,3,2,"[97, 79, 67]"
0,21,2,2,"[97, 103]"
0,37,2,2,"[97, 79]"
0,59,2,2,"[97, 79]"
0,71,2,2,"[97, 103]"
1,1,1,1,[97]
1,3,1,1,[97]
1,12,1,1,[97]
1,85,1,1,[97]
1,94,1,1,[97]
1,96,1,1,[97]
2,65,2,2,"[97, 107]"
3,82,2,2,"[97, 101]"
4,1,1,1,[97]
4,8,1,1,[97]
4,24,1,1,[97]
4,73,1,1,[97]
4,89,1,1,[97]
4,96,1,1,[97]
5,22,1,1,[97]
5,75,1,1,[97]
6,2,1,1,[97]
6,8,1,1,[97]
6,33,1,1,[97]
6,64,1,1,[97]
6,89,1,1,[97]
6,95,1,1,[97]
7,25,1,1,[97]
7,72,1,1,[97]
8,15,3,3,"[97, 101, 107]"
9,16,1,1,[97]
9,27,1,1,[97]
9,33,1,1,[97]
9,64,1,1,[97]
9,70,1,1,[97]
9,81,1,1,[97]
10,6,1,1,[97]
10,81,2,2,"[97, 101]"
10,91,1,1,[97]
13,33,1,1,[97]
13,64,1,1,[97]
14,22,1,1,[97]
14,75,1,1,[97]
15,48,1,1,[97]
15,49,1,1,[97]
15,79,2,1,"[97, 83]"
16,2,1,1,[97]
16,8,1,1,[97]
16,33,1,1,[97]
16,64,1,1,[97]
16,89,1,1,[97]
16,95,1,1,[97]
17,33,1,1,[97]
17,64,1,1,[97]
19,1,1,1,[97]
19,7,2,1,"[97, 103]"
19,96,1,1,[97]
20,18,1,1,[97]
20,79,1,1,[97]
21,18,1,1,[97]
21,79,1,1,[97]
22,18,1,1,[97]
22,44,1,1,[97]
22,47,1,1,[97]
22,50,1,1,[97]
22,53,1,1,[97]
22,79,1,1,[97]
23,12,1,1,[97]
23,85,1,1,[97]
24,16,1,1,[97]
24,27,1,1,[97]
24,33,1,1,[97]
24,64,1,1,[97]
24,70,1,1,[97]
24,81,1,1,[97]
26,9,1,1,[97]
26,88,1,1,[97]
27,39,2,1,"[97, 107]"
28,6,1,1,[97]
28,91,1,1,[97]
29,12,1,1,[97]
29,85,1,1,[97]
30,47,1,1,[97]
30,50,1,1,[97]
30,78,2,1,"[97, 113]"
31,80,2,2,"[97, 107]"
33,12,1,1,[97]
33,36,1,1,[97]
33,47,1,1,[97]
33,50,1,1,[97]
33,61,1,1,[97]
33,85,1,1,[97]
34,9,1,1,[97]
34,53,2,2,"[97, 101]"
34,88,1,1,[97]
35,1,1,1,[97]
35,3,1,1,[97]
35,12,1,1,[97]
35,85,1,1,[97]
35,94,1,1,[97]
35,96,1,1,[97]
36,22,1,1,[97]
36,27,1,1,[97]
36,31,1,1,[97]
36,66,1,1,[97]
36,70,1,1,[97]
36,75,1,1,[97]
37,9,1,1,[97]
37,88,1,1,[97]
38,31,2,2,"[97, 101]"
38,35,1,1,[97]
38,55,2,1,"[97, 103]"
38,62,1,1,[97]
39,25,1,1,[97]
39,72,1,1,[97]
40,48,1,1,[97]
40,49,1,1,[97]
41,8,1,1,[97]
41,89,1,1,[97]
42,20,2,1,"[97, 103]"
42,48,1,1,[97]
42,49,1,1,[97]
43,1,1,1,[97]
43,8,1,1,[97]
43,24,1,1,[97]
43,73,1,1,[97]
43,89,1,1,[97]
43,96,1,1,[97]
45,12,1,1,[97]
45,85,1,1,[97]
46,19,2,1,"[97, 103]"
46,32,1,1,[97]
46,65,1,1,[97]
47,18,1,1,[97]
47,22,1,1,[97]
47,43,1,1,[97]
47,54,1,1,[97]
47,75,1,1,[97]
47,79,1,1,[97]
50,1,1,1,[97]
50,8,1,1,[97]
50,24,1,1,[97]
50,50,2,2,"[97, 103]"
50,73,1,1,[97]
50,89,1,1,[97]
50,96,1,1,[97]
51,25,1,1,[97]
51,72,1,1,[97]
52,27,1,1,[97]
52,70,1,1,[97]
53,87,2,2,"[97, 107]"
54,18,1,1,[97]
54,22,1,1,[97]
54,43,1,1,[97]
54,54,1,1,[97]
54,75,1,1,[97]
54,79,1,1,[97]
55,11,1,1,[97]
55,86,1,1,[97]
56,18,1,1,[97]
56,29,3,2,"[97, 103, 89]"
56,79,1,1,[97]
57,11,1,1,[97]
57,86,1,1,[97]
58,32,1,1,[97]
58,65,1,1,[97]
59,6,1,1,[97]
59,50,2,1,"[97, 89]"
59,91,1,1,[97]
60,4,1,1,[97]
60,47,2,1,"[97, 83]"
60,93,1,1,[97]
61,1,1,1,[97]
61,3,1,1,[97]
61,12,1,1,[97]
61,85,1,1,[97]
61,94,1,1,[97]
61,96,1,1,[97]
62,22,1,1,[97]
62,27,1,1,[97]
62,31,1,1,[97]
62,66,1,1,[97]
62,70,1,1,[97]
62,75,1,1,[97]
63,4,1,1,[97]
63,93,1,1,[97]
64,16,1,1,[97]
64,27,1,1,[97]
64,33,1,1,[97]
64,64,1,1,[97]
64,70,1,1,[97]
64,81,1,1,[97]
66,93,2,2,"[97, 107]"
67,33,1,1,[97]
67,64,1,1,[97]
68,27,1,1,[97]
68,70,1,1,[97]
68,92,2,2,"[97, 103]"
69,11,2,1,"[97, 79]"
69,35,1,1,[97]
69,62,1,1,[97]
70,82,2,2,"[97, 107]"
71,4,1,1,[97]
71,24,2,1,"[97, 109]"
71,93,1,1,[97]
73,12,1,1,[97]
73,36,1,1,[97]
73,47,1,1,[97]
73,50,1,1,[97]
73,61,1,1,[97]
73,85,1,1,[97]
74,27,1,1,[97]
74,70,1,1,[97]
75,2,1,1,[97]
75,8,1,1,[97]
75,10,3,2,"[97, 89, 83]"
75,33,1,1,[97]
75,64,1,1,[97]
75,85,2,1,"[97, 103]"
75,87,2,1,"[97, 89]"
75,89,1,1,[97]
75,95,1,1,[97]
76,8,1,1,[97]
76,56,2,1,"[97, 103]"
76,89,1,1,[97]
77,8,1,1,[97]
77,89,1,1,[97]
78,22,1,1,[97]
78,75,1,1,[97]
78,78,2,2,"[97, 107]"
80,47,1,1,[97]
80,50,1,1,[97]
81,18,1,1,[97]
81,44,1,1,[97]
81,47,1,1,[97]
81,50,1,1,[97]
81,53,1,1,[97]
81,79,1,1,[97]
82,11,1,1,[97]
82,86,1,1,[97]
83,1,1,1,[97]
83,96,1,1,[97]
84,47,1,1,[97]
84,50,1,1,[97]
87,35,1,1,[97]
87,61,3,2,"[97, 101, 109]"
87,62,1,1,[97]
88,12,1,1,[97]
88,36,1,1,[97]
88,47,1,1,[97]
88,50,1,1,[97]
88,61,1,1,[97]
88,85,1,1,[97]
89,10,2,1,"[97, 109]"
90,32,1,1,[97]
90,65,1,1,[97]
91,18,1,1,[97]
91,44,1,1,[97]
91,47,1,1,[97]
91,50,1,1,[97]
91,53,1,1,[97]
91,79,1,1,[97]
92,1,1,1,[97]
92,96,1,1,[97]
93,18,1,1,[97]
93,22,1,1,[97]
93,43,1,1,[97]
93,54,1,1,[97]
93,75,1,1,[97]
93,79,1,1,[97]
95,74,2,2,"[97, 109]"
96,22,1,1,[97]
96,27,1,1,[97]
96,31,1,1,[97]
96,66,1,1,[97]
96,70,1,1,[97]
96,75,1,1,[97]
1,51,2,1,"[101, 109]"
1,55,2,2,"[101, 109]"
1,69,1,1,[101]
2,65,3,2,"[101, 97, 107]"
3,82,2,2,"[101, 97]"
4,66,2,2,"[101, 113]"
5,29,1,1,[101]
5,72,1,1,[101]
6,79,3,1,"[101, 89, 103]"
7,82,2,1,"[101, 103]"
8,15,3,3,"[101, 107, 97]"
8,38,2,2,"[101, 107]"
8,46,1,1,[101]
8,55,1,1,[101]
10,81,2,2,"[101, 97]"
12,18,1,1,[101]
12,25,2,1,"[101, 109]"
12,40,2,1,"[101, 89]"
12,83,1,1,[101]
13,68,4,1,"[101, 83, 79, 89]"
14,76,2,1,"[101, 83]"
16,28,1,1,[101]
16,32,2,2,"[101, 109]"
16,73,1,1,[101]
16,86,2,2,"[101, 109]"
18,29,1,1,[101]
18,72,1,1,[101]
18,99,2,2,"[101, 107]"
19,50,1,1,[101]
19,51,1,1,[101]
20,30,2,1,"[101, 103]"
23,9,2,1,"[101, 89]"
24,11,1,1,[101]
24,90,1,1,[101]
25,40,1,1,[101]
25,61,1,1,[101]
26,35,1,1,[101]
26,66,1,1,[101]
27,15,1,1,[101]
27,86,1,1,[101]
27,88,2,1,"[101, 113]"
28,50,1,1,[101]
28,51,1,1,[101]
29,3,1,1,[101]
29,98,1,1,[101]
31,34,1,1,[101]
31,67,1,1,[101]
34,42,1,1,[101]
34,53,2,2,"[101, 97]"
34,59,1,1,[101]
36,44,1,1,[101]
36,57,1,1,[101]
37,18,1,1,[101]
37,83,1,1,[101]
38,31,2,2,"[101, 97]"
39,39,1,1,[101]
39,62,1,1,[101]
39,98,2,1,"[101, 113]"
40,48,1,1,[101]
40,53,1,1,[101]
42,2,1,1,[101]
42,5,2,2,"[101, 113]"
42,99,1,1,[101]
44,32,1,1,[101]
44,69,1,1,[101]
46,11,1,1,[101]
46,63,3,2,"[101, 113, 103]"
46,90,1,1,[101]
48,43,2,1,"[101, 103]"
49,33,2,1,"[101, 103]"
51,34,1,1,[101]
51,67,1,1,[101]
52,27,1,1,[101]
52,74,1,1,[101]
53,26,1,1,[101]
53,75,1,1,[101]
54,26,1,1,[101]
54,75,1,1,[101]
56,48,1,1,[101]
56,53,1,1,[101]
58,15,1,1,[101]
58,86,1,1,[101]
60,10,1,1,[101]
60,91,1,1,[101]
61,85,2,1,"[101, 97]"
62,85,2,1,"[101, 107]"
63,8,1,1,[101]
63,93,1,1,[101]
66,27,1,1,[101]
66,74,1,1,[101]
68,8,1,1,[101]
68,93,1,1,[101]
69,44,1,1,[101]
69,57,1,1,[101]
70,34,2,1,"[101, 113]"
71,12,1,1,[101]
71,57,2,2,"[101, 109]"
71,89,1,1,[101]
74,45,3,3,"[101, 107, 103]"
74,51,2,1,"[101, 109]"
78,7,1,1,[101]
78,8,2,2,"[101, 109]"
78,94,1,1,[101]
79,2,1,1,[101]
79,99,1,1,[101]
80,38,1,1,[101]
80,63,1,1,[101]
81,2,2,2,"[101, 109]"
81,3,1,1,[101]
81,98,1,1,[101]
81,99,2,1,"[101, 109]"
84,10,1,1,[101]
84,91,1,1,[101]
86,38,1,1,[101]
86,63,1,1,[101]
87,40,2,2,"[101, 109]"
87,41,1,1,[101]
87,60,1,1,[101]
87,61,2,2,"[101, 109]"
88,28,2,2,"[101, 109]"
88,42,1,1,[101]
88,59,1,1,[101]
90,40,1,1,[101]
90,61,1,1,[101]
91,2,2,2,"[101, 107]"
91,18,2,1,"[101, 97]"
91,41,1,1,[101]
91,60,1,1,[101]
92,46,1,1,[101]
92,55,1,1,[101]
94,12,1,1,[101]
94,89,1,1,[101]
95,39,1,1,[101]
95,62,1,1,[101]
97,35,1,1,[101]
97,66,1,1,[101]
98,28,1,1,[101]
98,73,1,1,[101]
99,7,1,1,[101]
99,94,1,1,[101]
100,17,2,1,"[101, 103]"
0,21,2,2,"[103, 97]"
0,71,2,2,"[103, 97]"
1,4,1,1,[103]
1,19,1,1,[103]
1,43,1,1,[103]
2,2,1,1,[103]
2,75,1,1,[103]
2,98,1,1,[103]
3,57,1,1,[103]
3,64,1,1,[103]
3,81,1,1,[103]
4,32,1,1,[103]
4,35,1,1,[103]
4,49,1,1,[103]
5,14,1,1,[103]
5,48,1,1,[103]
5,81,1,1,[103]
6,6,1,1,[103]
6,23,1,1,[103]
6,79,1,1,[103]
7,6,1,1,[103]
7,29,1,1,[103]
7,82,1,1,[103]
8,16,1,1,[103]
8,63,1,1,[103]
8,85,1,1,[103]
9,2,1,1,[103]
9,75,1,1,[103]
9,98,1,1,[103]
10,34,1,1,[103]
10,43,1,1,[103]
10,79,1,1,[103]
11,61,1,1,[103]
11,62,1,1,[103]
11,66,1,1,[103]
12,27,2,2,"[103, 89]"
12,30,1,1,[103]
12,36,2,1,"[103, 107]"
12,41,2,2,"[103, 109]"
12,44,1,1,[103]
12,100,1,1,[103]
13,6,1,1,[103]
13,29,1,1,[103]
13,64,2,1,"[103, 97]"
13,82,1,1,[103]
14,41,1,1,[103]
14,44,1,1,[103]
14,52,1,1,[103]
14,68,2,1,"[103, 89]"
15,50,1,1,[103]
15,74,1,1,[103]
15,83,1,1,[103]
16,50,1,1,[103]
16,74,1,1,[103]
16,83,1,1,[103]
17,15,1,1,[103]
17,84,1,1,[103]
17,97,1,1,[103]
18,32,1,1,[103]
18,35,1,1,[103]
18,49,1,1,[103]
19,7,1,1,[103]
19,59,1,1,[103]
19,91,2,1,"[103, 113]"
19,101,1,1,[103]
20,9,1,1,[103]
20,30,1,1,[103]
20,75,1,1,[103]
21,64,1,1,[103]
21,76,1,1,[103]
21,87,1,1,[103]
22,1,1,1,[103]
22,72,1,1,[103]
22,77,1,1,[103]
23,26,1,1,[103]
23,38,1,1,[103]
23,48,1,1,[103]
24,14,1,1,[103]
24,48,1,1,[103]
24,81,1,1,[103]
24,91,2,2,"[103, 109]"
25,15,1,1,[103]
25,84,1,1,[103]
25,97,1,1,[103]
26,41,1,1,[103]
26,44,1,1,[103]
26,52,1,1,[103]
27,6,1,1,[103]
27,23,1,1,[103]
27,39,3,1,"[103, 97, 107]"
27,79,1,1,[103]
28,18,2,1,"[103, 89]"
28,26,1,1,[103]
28,38,1,1,[103]
28,48,1,1,[103]
28,82,2,1,"[103, 113]"
29,36,1,1,[103]
29,68,1,1,[103]
29,78,1,1,[103]
30,25,1,1,[103]
30,62,1,1,[103]
30,92,1,1,[103]
31,8,1,1,[103]
31,52,2,1,"[103, 109]"
31,61,1,1,[103]
31,101,1,1,[103]
32,25,1,1,[103]
32,62,1,1,[103]
32,92,1,1,[103]
33,56,1,1,[103]
33,60,1,1,[103]
33,87,1,1,[103]
34,7,1,1,[103]
34,59,1,1,[103]
34,101,1,1,[103]
35,42,2,1,"[103, 89]"
35,57,1,1,[103]
35,64,1,1,[103]
35,81,1,1,[103]
36,16,1,1,[103]
36,63,1,1,[103]
36,85,1,1,[103]
37,30,1,1,[103]
37,44,1,1,[103]
37,100,1,1,[103]
38,17,1,1,[103]
38,54,1,1,[103]
38,55,1,1,[103]
39,4,2,2,"[103, 109]"
39,64,1,1,[103]
39,76,1,1,[103]
39,87,1,1,[103]
40,14,1,1,[103]
40,35,1,1,[103]
40,66,1,1,[103]
41,25,1,1,[103]
41,62,1,1,[103]
41,92,1,1,[103]
42,8,1,1,[103]
42,20,1,1,[103]
42,23,1,1,[103]
43,64,1,1,[103]
43,76,1,1,[103]
43,87,1,1,[103]
44,13,1,1,[103]
44,76,1,1,[103]
44,84,1,1,[103]
45,34,1,1,[103]
45,43,1,1,[103]
45,79,1,1,[103]
46,4,1,1,[103]
46,19,1,1,[103]
46,43,1,1,[103]
46,63,2,2,"[103, 113]"
47,9,1,1,[103]
47,13,1,1,[103]
47,71,2,1,"[103, 113]"
47,74,1,1,[103]
48,34,1,1,[103]
48,43,1,1,[103]
48,79,1,1,[103]
49,20,1,1,[103]
49,28,1,1,[103]
49,33,1,1,[103]
50,7,1,1,[103]
50,50,2,2,"[103, 97]"
50,59,1,1,[103]
50,101,1,1,[103]
51,34,1,1,[103]
51,72,1,1,[103]
51,85,1,1,[103]
52,26,1,1,[103]
52,38,1,1,[103]
52,48,1,1,[103]
53,26,2,1,"[103, 101]"
53,78,1,1,[103]
53,93,1,1,[103]
53,100,1,1,[103]
54,30,1,1,[103]
54,44,1,1,[103]
54,100,1,1,[103]
55,18,1,1,[103]
55,39,2,2,"[103, 109]"
55,57,1,1,[103]
55,58,1,1,[103]
56,4,1,1,[103]
56,19,1,1,[103]
56,29,2,2,"[103, 89]"
56,43,1,1,[103]
57,9,1,1,[103]
57,13,1,1,[103]
57,72,2,2,"[103, 109]"
57,74,1,1,[103]
58,18,1,1,[103]
58,57,1,1,[103]
58,58,1,1,[103]
59,16,1,1,[103]
59,63,1,1,[103]
59,85,1,1,[103]
60,46,1,1,[103]
60,47,3,1,"[103, 97, 83]"
60,77,1,1,[103]
60,91,1,1,[103]
61,15,1,1,[103]
61,84,1,1,[103]
61,97,1,1,[103]
62,1,1,1,[103]
62,54,1,1,[103]
62,85,2,1,"[103, 107]"
62,93,1,1,[103]
63,41,1,1,[103]
63,44,1,1,[103]
63,52,1,1,[103]
64,46,1,1,[103]
64,77,1,1,[103]
64,91,1,1,[103]
65,57,1,1,[103]
65,64,1,1,[103]
65,81,1,1,[103]
66,20,1,1,[103]
66,28,1,1,[103]
66,33,1,1,[103]
67,13,1,1,[103]
67,76,1,1,[103]
67,84,1,1,[103]
68,17,1,1,[103]
68,54,1,1,[103]
68,55,1,1,[103]
68,92,2,2,"[103, 97]"
69,78,1,1,[103]
69,93,1,1,[103]
69,100,1,1,[103]
70,6,1,1,[103]
70,23,1,1,[103]
70,79,1,1,[103]
71,1,1,1,[103]
71,12,2,1,"[103, 101]"
71,54,1,1,[103]
71,93,1,1,[103]
72,50,1,1,[103]
72,74,1,1,[103]
72,83,1,1,[103]
73,1,1,1,[103]
73,54,1,1,[103]
73,93,1,1,[103]
74,14,1,1,[103]
74,45,3,3,"[103, 101, 107]"
74,48,1,1,[103]
74,81,1,1,[103]
75,34,1,1,[103]
75,72,1,1,[103]
75,85,1,1,[103]
75,89,2,1,"[103, 97]"
76,56,1,1,[103]
76,60,1,1,[103]
76,87,1,1,[103]
77,14,1,1,[103]
77,35,1,1,[103]
77,66,1,1,[103]
78,7,3,1,"[103, 107, 101]"
78,8,1,1,[103]
78,20,1,1,[103]
78,23,1,1,[103]
79,36,1,1,[103]
79,68,1,1,[103]
79,78,1,1,[103]
80,34,1,1,[103]
80,72,1,1,[103]
80,85,1,1,[103]
81,32,1,1,[103]
81,35,1,1,[103]
81,49,1,1,[103]
81,92,2,1,"[103, 113]"
82,46,1,1,[103]
82,77,1,1,[103]
82,91,1,1,[103]
83,6,1,1,[103]
83,29,1,1,[103]
83,82,1,1,[103]
84,78,1,1,[103]
84,93,1,1,[103]
84,100,1,1,[103]
85,1,1,1,[103]
85,72,1,1,[103]
85,77,1,1,[103]
86,8,1,1,[103]
86,20,1,1,[103]
86,23,1,1,[103]
87,8,1,1,[103]
87,52,2,1,"[103, 109]"
87,61,1,1,[103]
87,101,1,1,[103]
88,8,1,1,[103]
88,61,1,1,[103]
88,101,1,1,[103]
89,14,1,1,[103]
89,35,1,1,[103]
89,66,1,1,[103]
90,9,1,1,[103]
90,30,1,1,[103]
90,75,1,1,[103]
91,20,1,1,[103]
91,28,1,1,[103]
91,33,1,1,[103]
92,2,1,1,[103]
92,75,1,1,[103]
92,98,1,1,[103]
93,18,1,1,[103]
93,57,1,1,[103]
93,58,1,1,[103]
94,61,1,1,[103]
94,62,1,1,[103]
94,66,1,1,[103]
95,1,2,2,"[103, 109]"
95,13,1,1,[103]
95,76,1,1,[103]
95,84,1,1,[103]
96,9,1,1,[103]
96,30,1,1,[103]
96,75,1,1,[103]
97,56,1,1,[103]
97,60,1,1,[103]
97,87,1,1,[103]
98,36,1,1,[103]
98,56,2,1,"[103, 113]"
98,68,1,1,[103]
98,78,1,1,[103]
99,1,1,1,[103]
99,72,1,1,[103]
99,77,1,1,[103]
100,17,1,1,[103]
100,54,1,1,[103]
100,55,1,1,[103]
101,61,1,1,[103]
101,62,1,1,[103]
101,66,1,1,[103]
102,9,1,1,[103]
102,13,1,1,[103]
102,74,1,1,[103]
1,9,1,1,[107]
2,65,2,2,"[107, 97]"
3,49,1,1,[107]
3,105,1,1,[107]
4,35,1,1,[107]
4,75,1,1,[107]
8,15,3,3,"[107, 97, 101]"
8,38,2,2,"[107, 101]"
9,1,1,1,[107]
9,29,1,1,[107]
10,1,1,1,[107]
10,48,1,1,[107]
11,13,1,1,[107]
11,89,1,1,[107]
12,16,1,1,[107]
12,36,1,1,[107]
13,4,1,1,[107]
13,85,1,1,[107]
14,81,1,1,[107]
14,102,1,1,[107]
15,74,2,1,"[107, 103]"
16,41,1,1,[107]
16,42,1,1,[107]
18,99,2,2,"[107, 101]"
19,47,1,1,[107]
19,79,1,1,[107]
23,48,1,1,[107]
23,57,1,1,[107]
25,35,1,1,[107]
25,52,1,1,[107]
27,39,1,1,[107]
27,53,1,1,[107]
29,12,2,1,"[107, 97]"
29,40,1,1,[107]
29,90,1,1,[107]
30,53,1,1,[107]
30,83,1,1,[107]
31,80,2,2,"[107, 97]"
33,9,1,1,[107]
33,47,1,1,[107]
34,69,1,1,[107]
34,102,1,1,[107]
35,1,2,1,"[107, 97]"
35,39,1,1,[107]
35,61,1,1,[107]
36,89,1,1,[107]
36,99,1,1,[107]
37,37,1,1,[107]
37,64,1,1,[107]
39,11,1,1,[107]
39,105,1,1,[107]
40,44,1,1,[107]
40,99,1,1,[107]
41,23,1,1,[107]
41,25,1,1,[107]
42,13,1,1,[107]
42,56,1,1,[107]
44,3,1,1,[107]
44,37,1,1,[107]
47,10,1,1,[107]
47,76,1,1,[107]
48,33,1,1,[107]
48,86,1,1,[107]
49,16,1,1,[107]
49,19,1,1,[107]
52,69,1,1,[107]
52,75,1,1,[107]
53,64,1,1,[107]
53,76,1,1,[107]
53,87,2,2,"[107, 97]"
56,40,1,1,[107]
56,101,1,1,[107]
57,14,1,1,[107]
57,30,1,1,[107]
58,58,2,1,"[107, 103]"
59,50,3,1,"[107, 97, 89]"
61,3,1,1,[107]
61,87,1,1,[107]
62,14,1,1,[107]
62,85,1,1,[107]
62,93,2,2,"[107, 109]"
64,92,1,1,[107]
64,100,1,1,[107]
66,93,2,2,"[107, 97]"
68,55,2,1,"[107, 103]"
69,25,1,1,[107]
69,83,1,1,[107]
70,82,2,2,"[107, 97]"
72,74,2,1,"[107, 103]"
74,45,3,3,"[107, 103, 101]"
75,36,1,1,[107]
75,81,1,1,[107]
76,10,1,1,[107]
76,52,1,1,[107]
78,7,2,1,"[107, 101]"
78,78,2,2,"[107, 97]"
79,7,2,2,"[107, 109]"
79,11,1,1,[107]
79,100,1,1,[107]
80,86,2,1,"[107, 113]"
81,27,1,1,[107]
81,34,1,1,[107]
83,29,1,1,[107]
83,92,1,1,[107]
85,57,1,1,[107]
85,61,1,1,[107]
86,33,1,1,[107]
86,101,1,1,[107]
87,62,1,1,[107]
87,87,1,1,[107]
89,62,1,1,[107]
89,86,1,1,[107]
90,12,1,1,[107]
90,27,1,1,[107]
91,2,2,2,"[107, 101]"
92,44,1,1,[107]
92,79,1,1,[107]
95,74,3,2,"[107, 97, 109]"
99,30,1,1,[107]
99,49,1,1,[107]
100,12,1,1,[107]
100,41,1,1,[107]
101,42,1,1,[107]
101,90,1,1,[107]
102,19,1,1,[107]
102,56,1,1,[107]
103,53,2,1,"[107, 113]"
105,23,1,1,[107]
105,34,1,1,[107]
0,39,2,2,"[109, 127]"
0,59,2,2,"[109, 127]"
0,65,2,1,"[109, 127]"
0,67,2,1,"[109, 127]"
0,91,2,2,"[109, 127]"
1,51,1,1,[109]
1,55,2,2,"[109, 101]"
1,58,1,1,[109]
2,46,1,1,[109]
2,63,1,1,[109]
3,24,1,1,[109]
3,85,1,1,[109]
4,8,2,1,"[109, 97]"
4,15,1,1,[109]
4,24,1,1,[109]
4,85,1,1,[109]
4,94,1,1,[109]
5,14,1,1,[109]
5,95,1,1,[109]
6,4,1,1,[109]
6,105,1,1,[109]
7,14,1,1,[109]
7,95,1,1,[109]
9,40,1,1,[109]
9,69,1,1,[109]
10,34,1,1,[109]
10,75,1,1,[109]
12,25,1,1,[109]
12,40,1,1,[109]
12,41,2,2,"[109, 103]"
12,69,1,1,[109]
12,84,1,1,[109]
13,4,2,1,"[109, 107]"
14,34,1,1,[109]
14,75,1,1,[109]
15,13,1,1,[109]
15,96,1,1,[109]
16,6,1,1,[109]
16,32,2,2,"[109, 101]"
16,86,2,2,"[109, 101]"
16,103,1,1,[109]
17,46,1,1,[109]
17,63,1,1,[109]
18,43,1,1,[109]
18,66,1,1,[109]
19,59,2,1,"[109, 103]"
20,13,1,1,[109]
20,49,1,1,[109]
20,60,1,1,[109]
20,96,1,1,[109]
21,13,1,1,[109]
21,96,1,1,[109]
22,40,1,1,[109]
22,69,1,1,[109]
23,1,1,1,[109]
23,101,2,2,"[109, 113]"
23,108,1,1,[109]
24,91,2,2,"[109, 103]"
25,53,1,1,[109]
25,56,1,1,[109]
26,24,1,1,[109]
26,85,1,1,[109]
27,6,1,1,[109]
27,86,2,1,"[109, 101]"
27,103,1,1,[109]
28,13,1,1,[109]
28,49,1,1,[109]
28,60,1,1,[109]
28,96,1,1,[109]
29,35,1,1,[109]
29,36,2,1,"[109, 103]"
29,53,1,1,[109]
29,56,1,1,[109]
29,74,1,1,[109]
30,16,1,1,[109]
30,93,1,1,[109]
31,22,1,1,[109]
31,52,1,1,[109]
31,57,1,1,[109]
31,87,1,1,[109]
32,1,1,1,[109]
32,8,2,1,"[109, 113]"
32,108,1,1,[109]
34,15,1,1,[109]
34,24,1,1,[109]
34,85,1,1,[109]
34,94,1,1,[109]
35,53,1,1,[109]
35,56,1,1,[109]
36,6,1,1,[109]
36,31,1,1,[109]
36,78,1,1,[109]
36,103,1,1,[109]
37,16,1,1,[109]
37,93,1,1,[109]
38,52,1,1,[109]
38,57,1,1,[109]
39,4,2,2,"[109, 103]"
41,33,2,2,"[109, 113]"
41,45,1,1,[109]
41,64,1,1,[109]
42,16,1,1,[109]
42,93,1,1,[109]
43,14,1,1,[109]
43,36,1,1,[109]
43,73,1,1,[109]
43,95,1,1,[109]
44,43,1,1,[109]
44,66,1,1,[109]
45,51,1,1,[109]
45,58,1,1,[109]
46,10,1,1,[109]
46,21,1,1,[109]
46,88,1,1,[109]
46,99,1,1,[109]
47,43,1,1,[109]
47,66,1,1,[109]
47,108,2,2,"[109, 127]"
48,10,1,1,[109]
48,99,1,1,[109]
49,33,3,1,"[109, 101, 103]"
49,53,1,1,[109]
49,56,1,1,[109]
50,27,1,1,[109]
50,82,1,1,[109]
51,4,1,1,[109]
51,105,1,1,[109]
52,4,1,1,[109]
52,105,1,1,[109]
53,38,1,1,[109]
53,71,1,1,[109]
54,1,1,1,[109]
54,108,1,1,[109]
55,18,2,1,"[109, 103]"
55,39,2,2,"[109, 103]"
57,72,2,2,"[109, 103]"
60,9,1,1,[109]
60,51,1,1,[109]
60,58,1,1,[109]
60,100,1,1,[109]
61,13,1,1,[109]
61,15,2,1,"[109, 103]"
61,49,1,1,[109]
61,60,1,1,[109]
61,96,1,1,[109]
62,93,2,2,"[109, 107]"
63,51,1,1,[109]
63,58,1,1,[109]
64,10,1,1,[109]
64,21,1,1,[109]
64,33,2,1,"[109, 97]"
64,88,1,1,[109]
64,99,1,1,[109]
66,6,1,1,[109]
66,103,1,1,[109]
69,38,1,1,[109]
69,71,1,1,[109]
70,27,1,1,[109]
70,82,1,1,[109]
71,15,1,1,[109]
71,24,1,1,[109]
71,57,2,2,"[109, 101]"
71,85,1,1,[109]
71,94,1,1,[109]
73,13,1,1,[109]
73,96,1,1,[109]
74,9,1,1,[109]
74,51,1,1,[109]
74,58,1,1,[109]
74,100,1,1,[109]
75,52,1,1,[109]
75,57,1,1,[109]
76,45,1,1,[109]
76,64,1,1,[109]
78,8,2,2,"[109, 101]"
78,40,1,1,[109]
78,69,1,1,[109]
79,7,2,2,"[109, 107]"
80,24,1,1,[109]
80,85,1,1,[109]
81,2,2,2,"[109, 101]"
81,10,1,1,[109]
81,99,1,1,[109]
82,14,1,1,[109]
82,36,1,1,[109]
82,73,1,1,[109]
82,95,1,1,[109]
83,35,1,1,[109]
83,53,1,1,[109]
83,56,1,1,[109]
83,74,1,1,[109]
84,9,1,1,[109]
84,51,1,1,[109]
84,58,1,1,[109]
84,100,1,1,[109]
85,34,1,1,[109]
85,75,1,1,[109]
87,22,1,1,[109]
87,40,2,2,"[109, 101]"
87,52,1,1,[109]
87,57,1,1,[109]
87,61,2,2,"[109, 101]"
87,87,1,1,[109]
88,6,1,1,[109]
88,28,2,2,"[109, 101]"
88,31,1,1,[109]
88,78,1,1,[109]
88,103,1,1,[109]
89,10,1,1,[109]
89,99,1,1,[109]
90,46,1,1,[109]
90,63,1,1,[109]
93,14,1,1,[109]
93,36,1,1,[109]
93,73,1,1,[109]
93,95,1,1,[109]
94,6,1,1,[109]
94,31,1,1,[109]
94,78,1,1,[109]
94,103,1,1,[109]
95,1,2,2,"[109, 103]"
95,74,2,2,"[109, 97]"
96,38,1,1,[109]
96,71,1,1,[109]
97,14,1,1,[109]
97,95,1,1,[109]
98,27,1,1,[109]
98,56,2,1,"[109, 113]"
98,82,1,1,[109]
99,1,2,1,"[109, 103]"
100,22,1,1,[109]
100,52,1,1,[109]
100,57,1,1,[109]
100,87,1,1,[109]
101,45,1,1,[109]
101,64,1,1,[109]
102,25,1,1,[109]
102,40,1,1,[109]
102,69,1,1,[109]
102,84,1,1,[109]
104,25,1,1,[109]
104,40,1,1,[109]
104,69,1,1,[109]
104,84,1,1,[109]
105,52,1,1,[109]
105,57,1,1,[109]
106,35,1,1,[109]
106,53,1,1,[109]
106,56,1,1,[109]
106,74,1,1,[109]
108,10,1,1,[109]
108,21,1,1,[109]
108,88,1,1,[109]
1,27,1,1,[113]
1,86,1,1,[113]
1,104,1,1,[113]
2,14,1,1,[113]
2,42,1,1,[113]
2,71,1,1,[113]
2,99,1,1,[113]
3,57,2,1,"[113, 103]"
4,10,1,1,[113]
4,41,1,1,[113]
4,66,2,2,"[113, 101]"
4,72,1,1,[113]
4,103,1,1,[113]
5,19,1,1,[113]
5,34,1,1,[113]
5,50,1,1,[113]
5,51,1,1,[113]
5,62,1,1,[113]
5,63,1,1,[113]
5,79,1,1,[113]
5,94,1,1,[113]
7,18,1,1,[113]
7,54,1,1,[113]
7,59,1,1,[113]
7,95,1,1,[113]
8,1,1,1,[113]
8,3,1,1,[113]
8,110,1,1,[113]
8,112,1,1,[113]
10,4,1,1,[113]
10,15,1,1,[113]
10,17,1,1,[113]
10,35,1,1,[113]
10,78,1,1,[113]
10,96,1,1,[113]
10,98,1,1,[113]
10,109,1,1,[113]
13,29,2,1,"[113, 103]"
14,28,1,1,[113]
14,29,1,1,[113]
14,84,1,1,[113]
14,85,1,1,[113]
15,34,1,1,[113]
15,49,1,1,[113]
15,64,1,1,[113]
15,79,1,1,[113]
16,11,1,1,[113]
16,33,1,1,[113]
16,80,1,1,[113]
16,102,1,1,[113]
18,72,2,1,"[113, 101]"
19,22,1,1,[113]
19,23,1,1,[113]
19,26,1,1,[113]
19,37,1,1,[113]
19,76,1,1,[113]
19,87,1,1,[113]
19,90,1,1,[113]
19,91,1,1,[113]
20,39,1,1,[113]
20,44,1,1,[113]
20,46,1,1,[113]
20,52,1,1,[113]
20,61,1,1,[113]
20,67,1,1,[113]
20,69,1,1,[113]
20,74,1,1,[113]
21,7,2,2,"[113, 131]"
22,40,2,1,"[113, 109]"
23,101,2,2,"[113, 109]"
27,9,1,1,[113]
27,21,1,1,[113]
27,25,1,1,[113]
27,35,1,1,[113]
27,78,1,1,[113]
27,88,1,1,[113]
27,92,1,1,[113]
27,104,1,1,[113]
28,20,1,1,[113]
28,31,1,1,[113]
28,82,1,1,[113]
28,93,1,1,[113]
30,26,1,1,[113]
30,35,1,1,[113]
30,78,1,1,[113]
30,87,1,1,[113]
30,92,2,1,"[113, 103]"
32,8,1,1,[113]
32,24,1,1,[113]
32,89,1,1,[113]
32,105,1,1,[113]
33,17,1,1,[113]
33,25,1,1,[113]
33,31,1,1,[113]
33,47,1,1,[113]
33,66,1,1,[113]
33,82,1,1,[113]
33,88,1,1,[113]
33,96,1,1,[113]
34,42,2,1,"[113, 101]"
35,11,1,1,[113]
35,13,1,1,[113]
35,38,1,1,[113]
35,45,1,1,[113]
35,68,1,1,[113]
35,75,1,1,[113]
35,100,1,1,[113]
35,102,1,1,[113]
37,33,1,1,[113]
37,41,1,1,[113]
37,44,1,1,[113]
37,48,1,1,[113]
37,65,1,1,[113]
37,69,1,1,[113]
37,72,1,1,[113]
37,80,1,1,[113]
38,16,1,1,[113]
38,27,1,1,[113]
38,45,1,1,[113]
38,53,1,1,[113]
38,60,1,1,[113]
38,68,1,1,[113]
38,86,1,1,[113]
38,97,1,1,[113]
39,10,1,1,[113]
39,15,1,1,[113]
39,21,1,1,[113]
39,22,2,2,"[113, 127]"
39,28,1,1,[113]
39,85,1,1,[113]
39,92,1,1,[113]
39,98,1,1,[113]
39,103,1,1,[113]
40,7,1,1,[113]
40,23,1,1,[113]
40,32,1,1,[113]
40,54,1,1,[113]
40,59,1,1,[113]
40,81,1,1,[113]
40,90,1,1,[113]
40,106,1,1,[113]
41,33,2,2,"[113, 109]"
42,5,2,2,"[113, 101]"
42,93,2,1,"[113, 109]"
43,2,1,1,[113]
43,7,1,1,[113]
43,33,1,1,[113]
43,50,2,1,"[113, 127]"
43,55,1,1,[113]
43,58,1,1,[113]
43,80,1,1,[113]
43,106,1,1,[113]
43,111,1,1,[113]
46,63,2,2,"[113, 103]"
47,20,1,1,[113]
47,30,1,1,[113]
47,42,1,1,[113]
47,56,1,1,[113]
47,57,1,1,[113]
47,71,1,1,[113]
47,83,1,1,[113]
47,93,1,1,[113]
49,5,1,1,[113]
49,33,3,1,"[113, 101, 103]"
49,36,1,1,[113]
49,77,1,1,[113]
49,108,1,1,[113]
53,4,1,1,[113]
53,12,1,1,[113]
53,101,1,1,[113]
53,109,1,1,[113]
54,5,1,1,[113]
54,14,1,1,[113]
54,46,1,1,[113]
54,49,1,1,[113]
54,64,1,1,[113]
54,67,1,1,[113]
54,79,2,1,"[113, 97]"
54,99,1,1,[113]
54,108,1,1,[113]
56,2,1,1,[113]
56,6,1,1,[113]
56,19,2,1,"[113, 103]"
56,107,1,1,[113]
56,111,1,1,[113]
57,23,1,1,[113]
57,30,1,1,[113]
57,83,1,1,[113]
57,90,1,1,[113]
59,12,1,1,[113]
59,16,1,1,[113]
59,38,1,1,[113]
59,56,1,1,[113]
59,57,1,1,[113]
59,75,1,1,[113]
59,97,1,1,[113]
59,101,1,1,[113]
60,46,1,1,[113]
60,53,1,1,[113]
60,60,1,1,[113]
60,67,1,1,[113]
61,3,2,1,"[113, 107]"
64,25,1,1,[113]
64,38,1,1,[113]
64,75,1,1,[113]
64,88,1,1,[113]
66,2,1,1,[113]
66,39,1,1,[113]
66,48,1,1,[113]
66,49,1,1,[113]
66,64,1,1,[113]
66,65,1,1,[113]
66,74,1,1,[113]
66,111,1,1,[113]
70,8,1,1,[113]
70,30,1,1,[113]
70,34,1,1,[113]
70,43,1,1,[113]
70,70,1,1,[113]
70,79,1,1,[113]
70,83,1,1,[113]
70,105,1,1,[113]
73,6,1,1,[113]
73,8,1,1,[113]
73,19,1,1,[113]
73,28,1,1,[113]
73,85,1,1,[113]
73,94,1,1,[113]
73,105,1,1,[113]
73,107,1,1,[113]
74,1,1,1,[113]
74,24,1,1,[113]
74,32,1,1,[113]
74,37,1,1,[113]
74,76,1,1,[113]
74,81,1,1,[113]
74,89,1,1,[113]
74,112,1,1,[113]
75,3,1,1,[113]
75,4,1,1,[113]
75,14,1,1,[113]
75,47,1,1,[113]
75,66,1,1,[113]
75,99,1,1,[113]
75,109,1,1,[113]
75,110,1,1,[113]
76,18,1,1,[113]
76,42,1,1,[113]
76,43,1,1,[113]
76,50,1,1,[113]
76,63,1,1,[113]
76,70,1,1,[113]
76,71,1,1,[113]
76,95,1,1,[113]
78,3,1,1,[113]
78,5,1,1,[113]
78,31,1,1,[113]
78,52,1,1,[113]
78,61,1,1,[113]
78,82,1,1,[113]
78,108,1,1,[113]
78,110,1,1,[113]
80,13,1,1,[113]
80,27,1,1,[113]
80,29,1,1,[113]
80,36,1,1,[113]
80,77,1,1,[113]
80,84,1,1,[113]
80,86,1,1,[113]
80,100,1,1,[113]
81,3,2,1,"[113, 101]"
81,7,1,1,[113]
81,21,1,1,[113]
81,92,1,1,[113]
81,106,1,1,[113]
83,40,1,1,[113]
83,51,1,1,[113]
83,62,1,1,[113]
83,73,1,1,[113]
85,13,1,1,[113]
85,39,1,1,[113]
85,74,1,1,[113]
85,100,1,1,[113]
86,22,1,1,[113]
86,24,1,1,[113]
86,36,1,1,[113]
86,40,1,1,[113]
86,73,1,1,[113]
86,77,1,1,[113]
86,89,1,1,[113]
86,91,1,1,[113]
90,46,2,1,"[113, 109]"
92,98,2,1,"[113, 103]"
93,11,1,1,[113]
93,12,1,1,[113]
93,18,1,1,[113]
93,20,1,1,[113]
93,54,2,1,"[113, 97]"
93,93,1,1,[113]
93,95,1,1,[113]
93,101,1,1,[113]
93,102,1,1,[113]
94,6,1,1,[113]
94,9,1,1,[113]
94,10,1,1,[113]
94,51,1,1,[113]
94,62,1,1,[113]
94,103,1,1,[113]
94,104,1,1,[113]
94,107,1,1,[113]
96,38,2,1,"[113, 109]"
97,43,1,1,[113]
97,52,1,1,[113]
97,61,1,1,[113]
97,70,1,1,[113]
98,27,2,1,"[113, 127]"
98,55,1,1,[113]
98,56,1,1,[113]
98,57,1,1,[113]
98,58,1,1,[113]
99,17,1,1,[113]
99,32,1,1,[113]
99,81,1,1,[113]
99,96,1,1,[113]
100,17,2,1,"[113, 103]"
101,45,2,1,"[113, 109]"
102,19,2,1,"[113, 107]"
103,1,1,1,[113]
103,29,1,1,[113]
103,40,1,1,[113]
103,53,1,1,[113]
103,60,1,1,[113]
103,73,1,1,[113]
103,84,1,1,[113]
103,112,1,1,[113]
105,15,1,1,[113]
105,45,1,1,[113]
105,68,1,1,[113]
105,98,1,1,[113]
106,19,1,1,[113]
106,44,1,1,[113]
106,69,1,1,[113]
106,94,1,1,[113]
108,26,1,1,[113]
108,41,1,1,[113]
108,54,1,1,[113]
108,55,1,1,[113]
108,58,1,1,[113]
108,59,1,1,[113]
108,72,1,1,[113]
108,87,1,1,[113]
109,37,1,1,[113]
109,50,1,1,[113]
109,63,1,1,[113]
109,76,1,1,[113]
111,16,1,1,[113]
111,48,1,1,[113]
111,65,1,1,[113]
111,97,1,1,[113]
112,22,1,1,[113]
112,47,1,1,[113]
112,66,1,1,[113]
112,91,1,1,[113]
0,6,1,1,[127]
0,7,1,1,[127]
0,12,1,1,[127]
0,14,1,1,[127]
0,23,1,1,[127]
0,24,1,1,[127]
0,28,1,1,[127]
0,39,2,2,"[127, 109]"
0,46,1,1,[127]
0,48,1,1,[127]
0,56,1,1,[127]
0,57,1,1,[127]
0,59,2,2,"[127, 109]"
0,65,1,1,[127]
0,67,1,1,[127]
0,75,1,1,[127]
0,91,2,2,"[127, 109]"
0,92,1,1,[127]
0,96,1,1,[127]
0,97,1,1,[127]
0,101,1,1,[127]
0,112,1,1,[127]
0,114,1,1,[127]
1,63,1,1,[127]
1,112,1,1,[127]
2,28,1,1,[127]
2,111,1,1,[127]
3,52,1,1,[127]
3,61,1,1,[127]
4,7,1,1,[127]
4,123,1,1,[127]
5,4,1,1,[127]
5,120,1,1,[127]
6,13,1,1,[127]
6,47,1,1,[127]
7,13,1,1,[127]
7,47,1,1,[127]
8,97,1,1,[127]
8,126,1,1,[127]
9,24,1,1,[127]
9,77,1,1,[127]
10,1,1,1,[127]
10,30,1,1,[127]
11,3,1,1,[127]
11,89,1,1,[127]
12,35,1,1,[127]
12,107,1,1,[127]
13,29,3,1,"[127, 137, 151]"
13,33,1,1,[127]
13,101,1,1,[127]
14,4,2,1,"[127, 139]"
14,35,1,1,[127]
14,107,1,1,[127]
15,80,1,1,[127]
15,114,1,1,[127]
16,56,1,1,[127]
16,95,1,1,[127]
17,12,1,1,[127]
17,102,1,1,[127]
18,6,1,1,[127]
18,51,1,1,[127]
19,63,1,1,[127]
19,112,1,1,[127]
20,32,1,1,[127]
20,71,1,1,[127]
21,6,1,1,[127]
21,51,1,1,[127]
22,54,1,1,[127]
22,96,1,1,[127]
23,26,1,1,[127]
23,94,1,1,[127]
24,46,2,2,"[127, 131]"
24,104,1,1,[127]
24,122,1,1,[127]
25,97,1,1,[127]
25,126,1,1,[127]
26,40,1,1,[127]
26,57,1,1,[127]
27,4,1,1,[127]
27,9,2,1,"[127, 113]"
27,120,1,1,[127]
28,104,1,1,[127]
28,122,1,1,[127]
29,50,1,1,[127]
29,103,1,1,[127]
30,20,1,1,[127]
30,92,1,1,[127]
31,80,1,1,[127]
31,114,1,1,[127]
32,14,1,1,[127]
32,119,1,1,[127]
33,15,1,1,[127]
33,17,2,1,"[127, 113]"
33,38,2,1,"[127, 139]"
33,64,1,1,[127]
34,3,1,1,[127]
34,24,2,1,"[127, 109]"
34,89,1,1,[127]
35,20,1,1,[127]
35,92,1,1,[127]
36,65,1,1,[127]
36,108,1,1,[127]
37,54,1,1,[127]
37,96,1,1,[127]
38,28,1,1,[127]
38,111,1,1,[127]
39,22,2,2,"[127, 113]"
39,38,1,1,[127]
39,124,1,1,[127]
40,8,1,1,[127]
40,113,1,1,[127]
41,12,1,1,[127]
41,33,3,2,"[127, 113, 109]"
41,102,1,1,[127]
42,65,1,1,[127]
42,108,1,1,[127]
43,50,1,1,[127]
43,103,1,1,[127]
44,24,1,1,[127]
44,77,1,1,[127]
45,19,1,1,[127]
45,62,1,1,[127]
46,70,1,1,[127]
46,87,1,1,[127]
47,7,1,1,[127]
47,108,2,2,"[127, 109]"
47,123,1,1,[127]
48,26,1,1,[127]
48,94,1,1,[127]
49,65,1,1,[127]
49,72,2,2,"[127, 139]"
49,108,1,1,[127]
50,56,1,1,[127]
50,95,1,1,[127]
51,2,1,1,[127]
51,60,1,1,[127]
52,10,1,1,[127]
52,46,1,1,[127]
52,59,2,2,"[127, 139]"
53,25,1,1,[127]
53,115,1,1,[127]
54,1,1,1,[127]
54,30,1,1,[127]
55,50,1,1,[127]
55,103,1,1,[127]
56,26,1,1,[127]
56,94,1,1,[127]
57,52,1,1,[127]
57,61,1,1,[127]
58,76,1,1,[127]
58,121,1,1,[127]
59,79,1,1,[127]
59,100,1,1,[127]
60,5,1,1,[127]
60,23,1,1,[127]
61,56,1,1,[127]
61,95,1,1,[127]
62,20,1,1,[127]
62,92,1,1,[127]
63,1,1,1,[127]
63,30,1,1,[127]
64,67,1,1,[127]
64,125,1,1,[127]
65,81,1,1,[127]
65,117,1,1,[127]
66,16,1,1,[127]
66,46,2,1,"[127, 149]"
66,94,2,2,"[127, 139]"
66,99,1,1,[127]
67,52,1,1,[127]
67,61,1,1,[127]
68,54,1,1,[127]
68,96,1,1,[127]
69,12,1,1,[127]
69,102,1,1,[127]
70,5,1,1,[127]
70,23,1,1,[127]
71,66,1,1,[127]
71,75,1,1,[127]
72,27,1,1,[127]
72,48,1,1,[127]
73,67,1,1,[127]
73,125,1,1,[127]
74,24,1,1,[127]
74,77,1,1,[127]
74,86,2,1,"[127, 139]"
75,104,1,1,[127]
75,122,1,1,[127]
76,7,1,1,[127]
76,123,1,1,[127]
77,16,1,1,[127]
77,99,1,1,[127]
78,31,1,1,[127]
78,73,1,1,[127]
79,66,1,1,[127]
79,75,1,1,[127]
79,110,2,2,"[127, 139]"
79,124,2,1,"[127, 131]"
80,2,1,1,[127]
80,60,1,1,[127]
81,80,1,1,[127]
81,114,1,1,[127]
82,3,1,1,[127]
82,89,1,1,[127]
83,25,1,1,[127]
83,44,2,2,"[127, 131]"
83,115,1,1,[127]
84,27,1,1,[127]
84,48,1,1,[127]
85,31,1,1,[127]
85,73,1,1,[127]
86,76,1,1,[127]
86,121,1,1,[127]
87,28,1,1,[127]
87,111,1,1,[127]
88,6,1,1,[127]
88,51,1,1,[127]
88,91,2,1,"[127, 137]"
89,8,1,1,[127]
89,113,1,1,[127]
90,79,1,1,[127]
90,100,1,1,[127]
91,31,1,1,[127]
91,73,1,1,[127]
92,81,1,1,[127]
92,117,1,1,[127]
93,11,2,1,"[127, 113]"
93,19,1,1,[127]
93,62,1,1,[127]
93,69,2,1,"[127, 131]"
94,97,1,1,[127]
94,126,1,1,[127]
95,4,1,1,[127]
95,68,2,1,"[127, 131]"
95,120,1,1,[127]
96,70,1,1,[127]
96,87,1,1,[127]
97,81,1,1,[127]
97,117,1,1,[127]
98,27,1,1,[127]
98,48,1,1,[127]
99,10,1,1,[127]
99,46,1,1,[127]
99,59,2,2,"[127, 139]"
100,14,1,1,[127]
100,119,1,1,[127]
101,35,1,1,[127]
101,107,1,1,[127]
102,15,1,1,[127]
102,64,1,1,[127]
103,10,1,1,[127]
103,46,1,1,[127]
104,66,1,1,[127]
104,75,1,1,[127]
105,79,1,1,[127]
105,98,2,1,"[127, 113]"
105,100,1,1,[127]
106,38,1,1,[127]
106,124,1,1,[127]
107,63,1,1,[127]
107,112,1,1,[127]
108,32,1,1,[127]
108,71,1,1,[127]
108,72,2,1,"[127, 113]"
109,38,1,1,[127]
109,124,1,1,[127]
110,76,1,1,[127]
110,121,1,1,[127]
111,16,1,1,[127]
111,99,1,1,[127]
112,8,2,2,"[127, 139]"
112,70,1,1,[127]
112,87,1,1,[127]
113,40,1,1,[127]
113,57,1,1,[127]
114,13,1,1,[127]
114,47,1,1,[127]
115,40,1,1,[127]
115,57,1,1,[127]
116,19,1,1,[127]
116,62,1,1,[127]
117,67,1,1,[127]
117,125,1,1,[127]
118,25,1,1,[127]
118,115,1,1,[127]
119,15,1,1,[127]
119,64,1,1,[127]
120,33,1,1,[127]
120,101,1,1,[127]
121,33,1,1,[127]
121,101,1,1,[127]
122,14,1,1,[127]
122,119,1,1,[127]
123,2,1,1,[127]
123,60,1,1,[127]
124,5,1,1,[127]
124,23,1,1,[127]
125,8,1,1,[127]
125,113,1,1,[127]
126,32,1,1,[127]
126,71,1,1,[127]
1,36,1,1,[131]
1,62,1,1,[131]
2,19,1,1,[131]
2,24,1,1,[131]
2,71,1,1,[131]
3,43,1,1,[131]
3,125,1,1,[131]
4,28,1,1,[131]
4,105,1,1,[131]
5,52,1,1,[131]
5,75,1,1,[131]
6,70,1,1,[131]
6,103,1,1,[131]
6,116,1,1,[131]
7,34,1,1,[131]
7,62,1,1,[131]
8,70,1,1,[131]
8,87,1,1,[131]
8,110,1,1,[131]
9,55,1,1,[131]
9,86,2,1,"[131, 151]"
9,102,1,1,[131]
10,42,1,1,[131]
10,88,1,1,[131]
10,122,1,1,[131]
11,91,1,1,[131]
11,112,1,1,[131]
12,48,1,1,[131]
12,49,1,1,[131]
13,109,1,1,[131]
13,114,1,1,[131]
14,40,1,1,[131]
14,85,1,1,[131]
14,115,1,1,[131]
15,33,1,1,[131]
15,35,1,1,[131]
16,38,1,1,[131]
16,77,1,1,[131]
17,5,2,1,"[131, 139]"
17,6,1,1,[131]
17,103,1,1,[131]
17,116,1,1,[131]
18,83,1,1,[131]
18,120,1,1,[131]
18,124,1,1,[131]
19,37,1,1,[131]
19,90,1,1,[131]
19,104,1,1,[131]
20,55,1,1,[131]
20,108,1,1,[131]
21,7,2,2,"[131, 113]"
21,77,1,1,[131]
21,125,1,1,[131]
22,4,2,1,"[131, 139]"
22,30,1,1,[131]
22,31,1,1,[131]
22,119,1,1,[131]
23,8,1,1,[131]
23,17,1,1,[131]
23,23,1,1,[131]
24,46,2,2,"[131, 127]"
24,93,1,1,[131]
24,95,1,1,[131]
24,120,1,1,[131]
25,21,1,1,[131]
25,46,1,1,[131]
26,72,1,1,[131]
26,76,1,1,[131]
26,82,1,1,[131]
27,21,2,1,"[131, 113]"
27,67,2,2,"[131, 139]"
27,100,1,1,[131]
27,113,1,1,[131]
28,28,1,1,[131]
28,121,1,1,[131]
29,68,1,1,[131]
29,79,1,1,[131]
29,130,1,1,[131]
30,22,1,1,[131]
30,72,1,1,[131]
30,76,1,1,[131]
31,14,1,1,[131]
31,73,1,1,[131]
31,96,1,1,[131]
31,103,2,2,"[131, 137]"
32,5,2,1,"[131, 149]"
32,37,1,1,[131]
32,90,1,1,[131]
32,95,1,1,[131]
33,25,1,1,[131]
33,61,1,1,[131]
34,7,1,1,[131]
34,47,2,1,"[131, 151]"
34,59,1,1,[131]
35,20,1,1,[131]
35,75,1,1,[131]
36,84,1,1,[131]
36,101,1,1,[131]
37,32,1,1,[131]
37,51,1,1,[131]
37,69,1,1,[131]
38,99,1,1,[131]
38,105,1,1,[131]
39,27,1,1,[131]
39,112,1,1,[131]
40,57,1,1,[131]
40,72,1,1,[131]
40,82,1,1,[131]
41,46,1,1,[131]
41,107,1,1,[131]
42,10,1,1,[131]
42,106,1,1,[131]
42,127,1,1,[131]
43,3,1,1,[131]
43,27,1,1,[131]
44,21,1,1,[131]
44,58,1,1,[131]
45,60,1,1,[131]
45,94,1,1,[131]
46,58,1,1,[131]
46,129,1,1,[131]
47,35,3,3,"[131, 149, 139]"
47,90,1,1,[131]
47,93,1,1,[131]
47,95,1,1,[131]
48,1,1,1,[131]
48,9,1,1,[131]
49,34,1,1,[131]
49,44,1,1,[131]
50,17,1,1,[131]
50,98,1,1,[131]
50,118,1,1,[131]
51,29,1,1,[131]
51,83,1,1,[131]
51,124,1,1,[131]
52,5,1,1,[131]
52,45,1,1,[131]
53,16,1,1,[131]
53,60,1,1,[131]
54,30,1,1,[131]
54,56,1,1,[131]
54,80,2,1,"[131, 149]"
54,119,1,1,[131]
55,15,1,1,[131]
55,89,1,1,[131]
56,73,1,1,[131]
56,106,1,1,[131]
56,128,1,1,[131]
57,26,1,1,[131]
57,42,1,1,[131]
57,52,2,1,"[131, 127]"
57,66,1,1,[131]
58,79,2,1,"[131, 139]"
58,100,1,1,[131]
58,114,1,1,[131]
59,12,1,1,[131]
59,108,1,1,[131]
60,46,2,1,"[131, 113]"
60,113,1,1,[131]
60,129,1,1,[131]
61,59,1,1,[131]
61,78,2,1,"[131, 151]"
61,123,1,1,[131]
62,41,1,1,[131]
62,107,1,1,[131]
63,1,1,1,[131]
63,102,1,1,[131]
64,39,1,1,[131]
64,89,1,1,[131]
65,41,1,1,[131]
65,121,1,1,[131]
66,14,1,1,[131]
66,73,1,1,[131]
66,128,1,1,[131]
67,24,1,1,[131]
67,51,1,1,[131]
67,69,1,1,[131]
68,83,1,1,[131]
68,93,1,1,[131]
68,120,1,1,[131]
69,2,1,1,[131]
69,49,2,1,"[131, 149]"
69,104,1,1,[131]
69,126,1,1,[131]
70,6,1,1,[131]
70,50,1,1,[131]
70,116,1,1,[131]
71,29,1,1,[131]
71,67,1,1,[131]
71,78,1,1,[131]
72,56,1,1,[131]
72,88,1,1,[131]
72,122,1,1,[131]
73,30,1,1,[131]
73,56,1,1,[131]
73,122,1,1,[131]
74,9,1,1,[131]
74,81,1,1,[131]
75,4,1,1,[131]
75,36,1,1,[131]
76,66,1,1,[131]
76,85,1,1,[131]
76,97,1,1,[131]
77,33,1,1,[131]
77,91,1,1,[131]
78,18,1,1,[131]
78,47,1,1,[131]
78,86,1,1,[131]
79,29,1,1,[131]
79,67,1,1,[131]
79,124,1,1,[131]
80,53,1,1,[131]
80,84,1,1,[131]
81,3,1,1,[131]
81,44,1,1,[131]
82,31,1,1,[131]
82,40,1,1,[131]
82,115,1,1,[131]
83,32,1,1,[131]
83,44,2,2,"[131, 127]"
83,51,1,1,[131]
83,92,1,1,[131]
84,39,1,1,[131]
84,48,1,1,[131]
85,22,1,1,[131]
85,76,1,1,[131]
85,87,2,2,"[131, 137]"
85,96,1,1,[131]
86,2,1,1,[131]
86,78,1,1,[131]
86,121,2,1,"[131, 127]"
86,126,1,1,[131]
87,17,1,1,[131]
87,23,1,1,[131]
87,98,1,1,[131]
88,14,1,1,[131]
88,22,1,1,[131]
88,96,1,1,[131]
89,11,1,1,[131]
89,74,1,1,[131]
90,18,1,1,[131]
90,19,1,1,[131]
90,86,1,1,[131]
91,64,1,1,[131]
91,109,1,1,[131]
92,67,1,1,[131]
92,78,1,1,[131]
92,126,1,1,[131]
93,24,1,1,[131]
93,69,1,1,[131]
93,71,1,1,[131]
94,43,1,1,[131]
94,63,1,1,[131]
95,68,1,1,[131]
95,92,1,1,[131]
95,130,1,1,[131]
96,26,1,1,[131]
96,42,1,1,[131]
96,88,1,1,[131]
97,23,3,3,"[131, 137, 139]"
97,54,1,1,[131]
97,57,1,1,[131]
97,127,1,1,[131]
98,98,1,1,[131]
98,110,1,1,[131]
98,118,1,1,[131]
99,11,1,1,[131]
99,99,1,1,[131]
100,25,1,1,[131]
100,94,1,1,[131]
101,5,1,1,[131]
101,117,1,1,[131]
102,12,1,1,[131]
102,45,1,1,[131]
103,87,1,1,[131]
103,110,1,1,[131]
103,118,1,1,[131]
104,47,1,1,[131]
104,79,1,1,[131]
104,130,1,1,[131]
105,35,1,1,[131]
105,53,1,1,[131]
106,31,1,1,[131]
106,40,1,1,[131]
106,119,1,1,[131]
107,7,1,1,[131]
107,63,1,1,[131]
108,13,1,1,[131]
108,117,1,1,[131]
109,13,1,1,[131]
109,16,1,1,[131]
110,70,1,1,[131]
110,87,1,1,[131]
110,103,1,1,[131]
111,6,1,1,[131]
111,50,1,1,[131]
111,111,1,1,[131]
112,38,1,1,[131]
112,80,1,1,[131]
113,52,1,1,[131]
113,64,1,1,[131]
114,20,1,1,[131]
114,49,1,1,[131]
115,10,1,1,[131]
115,106,1,1,[131]
115,128,1,1,[131]
116,8,1,1,[131]
116,23,1,1,[131]
116,111,1,1,[131]
117,61,1,1,[131]
117,65,1,1,[131]
118,8,1,1,[131]
118,50,1,1,[131]
118,111,1,1,[131]
119,10,1,1,[131]
119,54,1,1,[131]
119,127,1,1,[131]
120,47,1,1,[131]
120,79,1,1,[131]
120,86,1,1,[131]
121,101,1,1,[131]
121,123,1,1,[131]
122,54,1,1,[131]
122,57,1,1,[131]
122,82,1,1,[131]
123,4,1,1,[131]
123,15,1,1,[131]
124,18,1,1,[131]
124,19,1,1,[131]
124,71,1,1,[131]
125,29,2,1,"[131, 151]"
125,74,1,1,[131]
125,81,1,1,[131]
126,32,1,1,[131]
126,68,1,1,[131]
126,92,1,1,[131]
127,85,1,1,[131]
127,97,1,1,[131]
127,115,1,1,[131]
128,26,1,1,[131]
128,66,1,1,[131]
128,97,1,1,[131]
129,65,1,1,[131]
129,80,1,1,[131]
130,2,1,1,[131]
130,37,1,1,[131]
130,104,1,1,[131]
1,21,1,1,[137]
1,116,1,1,[137]
4,31,1,1,[137]
4,106,1,1,[137]
5,19,1,1,[137]
5,27,1,1,[137]
5,110,1,1,[137]
5,118,1,1,[137]
6,21,1,1,[137]
6,30,1,1,[137]
6,107,1,1,[137]
6,116,1,1,[137]
7,62,2,1,"[137, 131]"
11,91,2,1,"[137, 131]"
13,29,2,1,"[137, 151]"
14,42,1,1,[137]
14,95,1,1,[137]
15,12,1,1,[137]
15,125,1,1,[137]
16,26,1,1,[137]
16,111,1,1,[137]
18,55,1,1,[137]
18,82,1,1,[137]
20,15,1,1,[137]
20,58,1,1,[137]
20,79,1,1,[137]
20,122,1,1,[137]
21,29,1,1,[137]
21,61,1,1,[137]
21,76,1,1,[137]
21,108,1,1,[137]
22,40,1,1,[137]
22,97,1,1,[137]
24,31,1,1,[137]
24,34,1,1,[137]
24,103,1,1,[137]
24,106,1,1,[137]
26,6,1,1,[137]
26,11,1,1,[137]
26,126,1,1,[137]
26,131,1,1,[137]
27,4,2,1,"[137, 127]"
27,24,1,1,[137]
27,44,1,1,[137]
27,93,1,1,[137]
27,113,1,1,[137]
29,9,1,1,[137]
29,20,1,1,[137]
29,89,3,1,"[137, 151, 167]"
29,117,1,1,[137]
29,128,1,1,[137]
29,134,3,2,"[137, 149, 151]"
31,20,2,1,"[137, 151]"
31,103,2,2,"[137, 131]"
33,5,1,1,[137]
33,32,1,1,[137]
33,105,1,1,[137]
33,132,1,1,[137]
34,57,1,1,[137]
34,80,1,1,[137]
34,130,3,2,"[137, 157, 151]"
37,44,2,1,"[137, 151]"
38,67,1,1,[137]
38,70,1,1,[137]
41,3,1,1,[137]
41,63,1,1,[137]
41,74,1,1,[137]
41,134,1,1,[137]
46,1,1,1,[137]
46,13,1,1,[137]
46,124,1,1,[137]
46,136,1,1,[137]
47,8,1,1,[137]
47,33,1,1,[137]
47,104,1,1,[137]
47,129,1,1,[137]
48,1,2,1,"[137, 131]"
49,58,1,1,[137]
49,79,1,1,[137]
50,6,1,1,[137]
50,131,1,1,[137]
51,10,1,1,[137]
51,64,1,1,[137]
51,73,1,1,[137]
51,127,1,1,[137]
53,28,1,1,[137]
53,47,1,1,[137]
53,90,1,1,[137]
53,109,1,1,[137]
55,50,2,1,"[137, 127]"
56,62,1,1,[137]
56,75,1,1,[137]
57,43,1,1,[137]
57,56,1,1,[137]
57,81,1,1,[137]
57,94,1,1,[137]
59,53,1,1,[137]
59,84,1,1,[137]
60,41,1,1,[137]
60,96,1,1,[137]
62,62,1,1,[137]
62,68,1,1,[137]
62,69,1,1,[137]
62,75,1,1,[137]
63,48,1,1,[137]
63,66,3,1,"[137, 157, 163]"
63,89,1,1,[137]
64,66,1,1,[137]
64,71,1,1,[137]
65,23,1,1,[137]
65,114,1,1,[137]
66,128,2,1,"[137, 131]"
67,36,1,1,[137]
67,57,1,1,[137]
67,80,1,1,[137]
67,101,1,1,[137]
69,130,2,2,"[137, 151]"
70,38,1,1,[137]
70,54,1,1,[137]
70,83,1,1,[137]
70,99,1,1,[137]
71,78,2,1,"[137, 131]"
72,29,1,1,[137]
72,108,1,1,[137]
73,24,1,1,[137]
73,113,1,1,[137]
74,5,1,1,[137]
74,132,1,1,[137]
75,35,1,1,[137]
75,50,1,1,[137]
75,87,1,1,[137]
75,102,1,1,[137]
77,10,1,1,[137]
77,127,1,1,[137]
78,43,1,1,[137]
78,94,1,1,[137]
80,17,1,1,[137]
80,53,1,1,[137]
80,84,1,1,[137]
80,120,1,1,[137]
81,35,1,1,[137]
81,102,1,1,[137]
82,115,2,1,"[137, 131]"
84,42,1,1,[137]
84,60,1,1,[137]
84,77,1,1,[137]
84,95,1,1,[137]
85,64,3,2,"[137, 139, 149]"
85,87,2,2,"[137, 131]"
86,39,1,1,[137]
86,41,1,1,[137]
86,96,1,1,[137]
86,98,1,1,[137]
86,121,2,1,"[137, 127]"
87,52,1,1,[137]
87,85,1,1,[137]
88,46,1,1,[137]
88,91,1,1,[137]
89,11,3,1,"[137, 139, 131]"
90,12,1,1,[137]
90,22,1,1,[137]
90,115,1,1,[137]
90,125,1,1,[137]
91,37,1,1,[137]
91,67,1,1,[137]
91,70,1,1,[137]
91,100,1,1,[137]
91,106,3,2,"[137, 151, 149]"
94,52,2,1,"[137, 139]"
96,2,1,1,[137]
96,26,1,1,[137]
96,87,2,1,"[137, 127]"
96,111,1,1,[137]
96,135,1,1,[137]
97,23,3,3,"[137, 139, 131]"
97,48,2,2,"[137, 151]"
99,13,1,1,[137]
99,124,1,1,[137]
103,54,1,1,[137]
103,83,1,1,[137]
104,48,1,1,[137]
104,49,1,1,[137]
104,88,1,1,[137]
104,89,1,1,[137]
108,32,2,1,"[137, 127]"
108,55,1,1,[137]
108,59,1,1,[137]
108,78,1,1,[137]
108,82,1,1,[137]
110,16,1,1,[137]
110,66,1,1,[137]
110,71,1,1,[137]
110,121,1,1,[137]
111,4,1,1,[137]
111,52,1,1,[137]
111,85,1,1,[137]
111,133,1,1,[137]
112,8,3,2,"[137, 139, 127]"
113,25,1,1,[137]
113,51,1,1,[137]
113,86,1,1,[137]
113,112,1,1,[137]
115,27,1,1,[137]
115,110,1,1,[137]
116,19,2,1,"[137, 127]"
116,23,1,1,[137]
116,65,1,1,[137]
116,72,1,1,[137]
116,114,1,1,[137]
117,7,1,1,[137]
117,46,1,1,[137]
117,91,1,1,[137]
117,130,1,1,[137]
119,20,1,1,[137]
119,117,1,1,[137]
121,3,1,1,[137]
121,134,1,1,[137]
122,33,1,1,[137]
122,104,1,1,[137]
123,25,2,1,"[137, 157]"
123,47,1,1,[137]
123,90,1,1,[137]
124,47,2,1,"[137, 149]"
125,81,2,1,"[137, 131]"
126,9,2,1,"[137, 151]"
131,14,1,1,[137]
131,45,1,1,[137]
131,92,1,1,[137]
131,123,1,1,[137]
132,18,1,1,[137]
132,40,1,1,[137]
132,97,1,1,[137]
132,119,1,1,[137]
133,51,1,1,[137]
133,86,1,1,[137]
136,45,1,1,[137]
0,12,2,2,"[139, 163]"
0,72,2,2,"[139, 163]"
0,128,2,2,"[139, 163]"
0,130,2,2,"[139, 163]"
1,23,2,2,"[139, 149]"
2,39,1,1,[139]
2,71,2,1,"[139, 131]"
2,77,1,1,[139]
2,81,1,1,[139]
2,113,1,1,[139]
3,5,1,1,[139]
3,23,1,1,[139]
3,31,1,1,[139]
3,106,1,1,[139]
8,47,1,1,[139]
8,69,1,1,[139]
8,79,1,1,[139]
8,87,2,1,"[139, 131]"
8,105,1,1,[139]
10,5,1,1,[139]
10,23,1,1,[139]
10,31,1,1,[139]
10,106,1,1,[139]
12,30,1,1,[139]
12,35,2,1,"[139, 127]"
12,94,1,1,[139]
12,99,1,1,[139]
12,125,1,1,[139]
14,4,1,1,[139]
14,41,1,1,[139]
14,63,1,1,[139]
14,133,1,1,[139]
15,10,1,1,[139]
15,34,1,1,[139]
15,86,1,1,[139]
15,117,1,1,[139]
17,5,1,1,[139]
17,44,1,1,[139]
17,62,1,1,[139]
17,86,1,1,[139]
17,103,2,1,"[139, 131]"
18,6,1,1,[139]
18,7,1,1,[139]
18,37,1,1,[139]
18,59,1,1,[139]
18,69,2,1,"[139, 163]"
19,5,1,1,[139]
19,44,1,1,[139]
19,62,1,1,[139]
19,86,1,1,[139]
21,38,1,1,[139]
21,42,1,1,[139]
21,82,1,1,[139]
21,112,1,1,[139]
22,4,1,1,[139]
22,57,1,1,[139]
22,74,1,1,[139]
22,136,1,1,[139]
23,75,1,1,[139]
23,89,1,1,[139]
23,113,1,1,[139]
23,116,1,1,[139]
26,36,1,1,[139]
26,42,1,1,[139]
26,76,1,1,[139]
26,83,1,1,[139]
27,4,1,1,[139]
27,57,1,1,[139]
27,67,2,2,"[139, 131]"
27,74,1,1,[139]
27,136,1,1,[139]
29,24,2,1,"[139, 149]"
29,97,2,2,"[139, 157]"
32,4,1,1,[139]
32,41,1,1,[139]
32,49,2,1,"[139, 151]"
32,63,1,1,[139]
32,133,1,1,[139]
33,8,1,1,[139]
33,38,1,1,[139]
33,41,1,1,[139]
33,45,2,1,"[139, 149]"
33,55,1,1,[139]
39,24,1,1,[139]
39,27,1,1,[139]
39,64,1,1,[139]
39,65,2,2,"[139, 149]"
39,121,1,1,[139]
40,30,1,1,[139]
40,94,1,1,[139]
40,99,1,1,[139]
40,125,1,1,[139]
43,30,1,1,[139]
43,47,1,1,[139]
43,80,1,1,[139]
43,138,1,1,[139]
44,77,2,1,"[139, 127]"
47,35,3,3,"[139, 131, 149]"
48,38,1,1,[139]
48,42,1,1,[139]
48,82,1,1,[139]
48,112,1,1,[139]
49,34,2,1,"[139, 131]"
49,72,2,2,"[139, 127]"
50,10,1,1,[139]
50,34,1,1,[139]
50,86,1,1,[139]
50,117,1,1,[139]
50,118,2,1,"[139, 131]"
52,59,2,2,"[139, 127]"
53,39,1,1,[139]
53,77,1,1,[139]
53,81,1,1,[139]
53,113,1,1,[139]
55,108,2,2,"[139, 157]"
56,42,2,1,"[139, 163]"
56,48,1,1,[139]
56,52,1,1,[139]
56,89,1,1,[139]
56,107,1,1,[139]
58,47,1,1,[139]
58,69,1,1,[139]
58,79,1,1,[139]
58,105,1,1,[139]
59,31,1,1,[139]
59,81,1,1,[139]
59,87,1,1,[139]
59,129,1,1,[139]
60,6,1,1,[139]
60,7,1,1,[139]
60,37,1,1,[139]
60,59,1,1,[139]
61,6,1,1,[139]
61,7,1,1,[139]
61,37,1,1,[139]
61,59,1,1,[139]
61,127,2,2,"[139, 151]"
62,14,1,1,[139]
62,20,2,1,"[139, 127]"
62,37,1,1,[139]
62,131,1,1,[139]
62,136,1,1,[139]
63,1,2,1,"[139, 127]"
66,94,2,2,"[139, 127]"
67,130,2,1,"[139, 149]"
68,7,1,1,[139]
68,60,1,1,[139]
68,65,1,1,[139]
68,99,1,1,[139]
70,38,1,1,[139]
70,42,1,1,[139]
70,82,1,1,[139]
70,112,1,1,[139]
71,28,2,2,"[139, 151]"
72,83,1,1,[139]
72,84,1,1,[139]
72,91,1,1,[139]
72,121,1,1,[139]
73,47,1,1,[139]
73,69,1,1,[139]
73,79,1,1,[139]
73,105,1,1,[139]
74,10,1,1,[139]
74,34,1,1,[139]
74,86,1,1,[139]
74,117,1,1,[139]
75,45,1,1,[139]
75,69,1,1,[139]
75,95,1,1,[139]
75,122,1,1,[139]
76,7,1,1,[139]
76,60,1,1,[139]
76,65,1,1,[139]
76,99,1,1,[139]
77,98,2,2,"[139, 151]"
79,110,2,2,"[139, 127]"
80,2,2,1,"[139, 127]"
82,24,1,1,[139]
82,100,1,1,[139]
82,103,1,1,[139]
82,107,1,1,[139]
84,39,1,1,[139]
84,77,1,1,[139]
84,81,1,1,[139]
84,113,1,1,[139]
85,1,1,1,[139]
85,33,1,1,[139]
85,64,2,2,"[139, 149]"
85,117,1,1,[139]
85,122,1,1,[139]
87,30,1,1,[139]
87,94,1,1,[139]
87,99,1,1,[139]
87,125,1,1,[139]
88,24,1,1,[139]
88,100,1,1,[139]
88,103,1,1,[139]
88,107,1,1,[139]
89,11,2,1,"[139, 131]"
90,4,1,1,[139]
90,57,1,1,[139]
90,74,1,1,[139]
90,136,1,1,[139]
92,45,1,1,[139]
92,69,1,1,[139]
92,95,1,1,[139]
92,122,1,1,[139]
93,4,1,1,[139]
93,41,1,1,[139]
93,63,1,1,[139]
93,133,1,1,[139]
94,48,1,1,[139]
94,52,1,1,[139]
94,89,1,1,[139]
94,107,1,1,[139]
95,1,1,1,[139]
95,33,1,1,[139]
95,117,1,1,[139]
95,122,1,1,[139]
95,137,2,1,"[139, 151]"
96,120,2,2,"[139, 151]"
97,23,3,3,"[139, 131, 137]"
97,30,1,1,[139]
97,47,1,1,[139]
97,80,1,1,[139]
97,138,1,1,[139]
98,1,1,1,[139]
98,33,1,1,[139]
98,64,2,1,"[139, 149]"
98,117,1,1,[139]
98,122,1,1,[139]
99,59,2,2,"[139, 127]"
101,83,1,1,[139]
101,84,1,1,[139]
101,91,1,1,[139]
101,121,1,1,[139]
102,14,1,1,[139]
102,37,1,1,[139]
102,85,2,1,"[139, 149]"
102,131,1,1,[139]
102,136,1,1,[139]
103,5,1,1,[139]
103,44,1,1,[139]
103,62,1,1,[139]
103,86,1,1,[139]
104,31,1,1,[139]
104,81,1,1,[139]
104,87,1,1,[139]
104,129,1,1,[139]
105,83,1,1,[139]
105,84,1,1,[139]
105,91,1,1,[139]
105,121,1,1,[139]
107,121,2,1,"[139, 149]"
108,24,1,1,[139]
108,100,1,1,[139]
108,103,1,1,[139]
108,107,1,1,[139]
109,24,1,1,[139]
109,27,1,1,[139]
109,64,1,1,[139]
109,121,1,1,[139]
110,8,1,1,[139]
110,38,1,1,[139]
110,41,1,1,[139]
110,55,1,1,[139]
111,45,1,1,[139]
111,69,1,1,[139]
111,95,1,1,[139]
111,122,1,1,[139]
112,8,2,2,"[139, 127]"
114,14,1,1,[139]
114,37,1,1,[139]
114,131,1,1,[139]
114,136,1,1,[139]
115,31,1,1,[139]
115,81,1,1,[139]
115,87,1,1,[139]
115,129,1,1,[139]
119,36,1,1,[139]
119,42,1,1,[139]
119,76,1,1,[139]
119,83,1,1,[139]
120,33,2,1,"[139, 127]"
121,101,2,1,"[139, 131]"
123,75,1,1,[139]
123,89,1,1,[139]
123,113,1,1,[139]
123,116,1,1,[139]
126,5,1,1,[139]
126,23,1,1,[139]
126,31,1,1,[139]
126,106,1,1,[139]
128,48,1,1,[139]
128,52,1,1,[139]
128,66,2,1,"[139, 131]"
128,89,1,1,[139]
128,107,1,1,[139]
130,24,1,1,[139]
130,27,1,1,[139]
130,64,1,1,[139]
130,121,1,1,[139]
132,75,1,1,[139]
132,89,1,1,[139]
132,113,1,1,[139]
132,116,1,1,[139]
133,36,1,1,[139]
133,42,1,1,[139]
133,76,1,1,[139]
133,83,1,1,[139]
134,7,1,1,[139]
134,9,2,2,"[139, 151]"
134,60,1,1,[139]
134,65,1,1,[139]
134,99,1,1,[139]
135,8,1,1,[139]
135,38,1,1,[139]
135,41,1,1,[139]
135,55,1,1,[139]
138,30,1,1,[139]
138,47,1,1,[139]
138,80,1,1,[139]
1,23,2,2,"[149, 139]"
1,31,1,1,[149]
1,118,1,1,[149]
2,35,1,1,[149]
2,114,1,1,[149]
4,6,1,1,[149]
4,29,1,1,[149]
4,120,1,1,[149]
4,143,1,1,[149]
5,39,1,1,[149]
5,110,1,1,[149]
6,67,1,1,[149]
6,82,1,1,[149]
7,4,1,1,[149]
7,69,1,1,[149]
7,80,1,1,[149]
7,145,1,1,[149]
8,47,2,1,"[149, 157]"
9,17,1,1,[149]
9,42,1,1,[149]
9,107,1,1,[149]
9,132,1,1,[149]
10,20,1,1,[149]
10,129,1,1,[149]
11,61,1,1,[149]
11,88,1,1,[149]
12,42,1,1,[149]
12,99,2,1,"[149, 139]"
12,107,1,1,[149]
13,36,1,1,[149]
13,113,1,1,[149]
16,47,1,1,[149]
16,102,1,1,[149]
17,46,1,1,[149]
17,62,2,1,"[149, 139]"
17,103,1,1,[149]
19,22,1,1,[149]
19,127,1,1,[149]
20,26,1,1,[149]
20,46,1,1,[149]
20,103,1,1,[149]
20,123,1,1,[149]
21,28,1,1,[149]
21,121,1,1,[149]
22,25,1,1,[149]
22,36,1,1,[149]
22,113,1,1,[149]
22,124,1,1,[149]
23,9,2,1,"[149, 157]"
24,5,1,1,[149]
24,37,1,1,[149]
24,112,1,1,[149]
24,144,1,1,[149]
25,1,1,1,[149]
25,148,1,1,[149]
26,17,1,1,[149]
26,53,1,1,[149]
26,96,1,1,[149]
26,132,1,1,[149]
27,30,1,1,[149]
27,57,2,1,"[149, 139]"
27,119,1,1,[149]
28,68,1,1,[149]
28,81,1,1,[149]
29,24,1,1,[149]
29,125,1,1,[149]
29,134,2,2,"[149, 151]"
30,17,1,1,[149]
30,132,1,1,[149]
31,69,1,1,[149]
31,80,1,1,[149]
32,5,1,1,[149]
32,144,1,1,[149]
33,45,1,1,[149]
33,104,1,1,[149]
34,49,1,1,[149]
34,100,1,1,[149]
35,19,1,1,[149]
35,67,1,1,[149]
35,82,1,1,[149]
35,130,1,1,[149]
36,9,1,1,[149]
36,140,1,1,[149]
37,53,1,1,[149]
37,96,1,1,[149]
38,4,1,1,[149]
38,145,1,1,[149]
39,29,1,1,[149]
39,65,2,2,"[149, 139]"
39,120,1,1,[149]
41,19,1,1,[149]
41,130,1,1,[149]
42,25,1,1,[149]
42,53,1,1,[149]
42,96,1,1,[149]
42,124,1,1,[149]
43,6,1,1,[149]
43,143,1,1,[149]
45,24,1,1,[149]
45,31,1,1,[149]
45,118,1,1,[149]
45,125,1,1,[149]
46,26,1,1,[149]
46,123,1,1,[149]
47,28,1,1,[149]
47,35,3,3,"[149, 139, 131]"
47,36,1,1,[149]
47,113,1,1,[149]
47,121,1,1,[149]
48,123,2,1,"[149, 163]"
49,54,1,1,[149]
49,95,1,1,[149]
50,54,1,1,[149]
50,95,1,1,[149]
52,74,2,2,"[149, 157]"
53,28,1,1,[149]
53,39,2,1,"[149, 139]"
53,61,1,1,[149]
53,88,1,1,[149]
53,121,1,1,[149]
54,39,1,1,[149]
54,69,1,1,[149]
54,80,1,1,[149]
54,110,1,1,[149]
55,29,1,1,[149]
55,120,1,1,[149]
56,53,1,1,[149]
56,96,1,1,[149]
58,45,1,1,[149]
58,104,1,1,[149]
59,69,1,1,[149]
59,80,1,1,[149]
60,24,1,1,[149]
60,125,1,1,[149]
61,7,1,1,[149]
61,9,1,1,[149]
61,140,1,1,[149]
61,142,1,1,[149]
62,1,1,1,[149]
62,136,2,1,"[149, 139]"
62,148,1,1,[149]
63,6,1,1,[149]
63,143,1,1,[149]
64,63,1,1,[149]
64,68,1,1,[149]
64,81,1,1,[149]
64,86,1,1,[149]
65,22,1,1,[149]
65,127,1,1,[149]
66,46,1,1,[149]
66,103,1,1,[149]
67,19,1,1,[149]
67,130,1,1,[149]
68,19,1,1,[149]
68,68,1,1,[149]
68,81,1,1,[149]
68,130,1,1,[149]
69,49,1,1,[149]
69,63,1,1,[149]
69,86,1,1,[149]
69,100,1,1,[149]
72,39,1,1,[149]
72,110,1,1,[149]
73,4,1,1,[149]
73,145,1,1,[149]
74,31,1,1,[149]
74,118,1,1,[149]
76,35,1,1,[149]
76,39,1,1,[149]
76,110,1,1,[149]
76,114,1,1,[149]
78,73,1,1,[149]
78,76,1,1,[149]
79,25,1,1,[149]
79,124,1,1,[149]
80,37,1,1,[149]
80,112,1,1,[149]
81,49,1,1,[149]
81,100,1,1,[149]
82,1,1,1,[149]
82,20,1,1,[149]
82,129,1,1,[149]
82,148,1,1,[149]
84,127,2,1,"[149, 157]"
85,5,1,1,[149]
85,64,2,2,"[149, 139]"
85,144,1,1,[149]
86,16,1,1,[149]
86,22,1,1,[149]
86,127,1,1,[149]
86,133,1,1,[149]
87,148,2,1,"[149, 157]"
88,16,1,1,[149]
88,133,1,1,[149]
91,106,2,2,"[149, 151]"
92,63,1,1,[149]
92,86,1,1,[149]
94,96,2,2,"[149, 157]"
95,30,1,1,[149]
95,119,1,1,[149]
96,33,1,1,[149]
96,116,1,1,[149]
97,7,1,1,[149]
97,142,1,1,[149]
98,64,1,1,[149]
98,85,1,1,[149]
100,5,1,1,[149]
100,49,1,1,[149]
100,100,1,1,[149]
100,144,1,1,[149]
101,33,1,1,[149]
101,116,1,1,[149]
102,64,1,1,[149]
102,85,1,1,[149]
103,4,1,1,[149]
103,30,1,1,[149]
103,119,1,1,[149]
103,145,1,1,[149]
104,7,1,1,[149]
104,142,1,1,[149]
105,16,1,1,[149]
105,133,1,1,[149]
107,28,1,1,[149]
107,121,1,1,[149]
109,37,1,1,[149]
109,112,1,1,[149]
110,7,1,1,[149]
110,22,1,1,[149]
110,127,1,1,[149]
110,142,1,1,[149]
112,42,1,1,[149]
112,54,1,1,[149]
112,95,1,1,[149]
112,107,1,1,[149]
113,24,1,1,[149]
113,33,1,1,[149]
113,116,1,1,[149]
113,125,1,1,[149]
114,63,1,1,[149]
114,86,1,1,[149]
115,71,2,1,"[149, 157]"
116,16,1,1,[149]
116,29,1,1,[149]
116,120,1,1,[149]
116,133,1,1,[149]
118,35,1,1,[149]
118,45,1,1,[149]
118,104,1,1,[149]
118,114,1,1,[149]
119,37,1,1,[149]
119,54,1,1,[149]
119,95,1,1,[149]
119,112,1,1,[149]
120,61,1,1,[149]
120,64,1,1,[149]
120,85,1,1,[149]
120,88,1,1,[149]
121,1,1,1,[149]
121,67,1,1,[149]
121,82,1,1,[149]
121,148,1,1,[149]
123,3,2,1,"[149, 151]"
123,36,1,1,[149]
123,113,1,1,[149]
124,46,1,1,[149]
124,47,1,1,[149]
124,102,1,1,[149]
124,103,1,1,[149]
125,42,1,1,[149]
125,107,1,1,[149]
126,26,1,1,[149]
126,123,1,1,[149]
127,61,1,1,[149]
127,88,1,1,[149]
129,20,1,1,[149]
129,129,1,1,[149]
130,9,1,1,[149]
130,31,1,1,[149]
130,118,1,1,[149]
130,140,1,1,[149]
131,9,1,1,[149]
131,14,2,1,"[149, 137]"
131,140,1,1,[149]
132,30,1,1,[149]
132,73,1,1,[149]
132,76,1,1,[149]
132,119,1,1,[149]
133,26,1,1,[149]
133,42,2,1,"[149, 139]"
133,73,1,1,[149]
133,76,1,1,[149]
133,123,1,1,[149]
134,17,1,1,[149]
134,132,1,1,[149]
135,68,1,1,[149]
135,81,1,1,[149]
138,13,2,2,"[149, 167]"
140,25,1,1,[149]
140,124,1,1,[149]
141,47,1,1,[149]
141,102,1,1,[149]
142,73,1,1,[149]
142,76,1,1,[149]
143,20,1,1,[149]
143,47,1,1,[149]
143,102,1,1,[149]
143,129,1,1,[149]
144,6,1,1,[149]
144,45,1,1,[149]
144,104,1,1,[149]
144,143,1,1,[149]
145,35,1,1,[149]
145,73,2,1,"[149, 173]"
145,114,1,1,[149]
146,67,1,1,[149]
146,82,1,1,[149]
148,33,1,1,[149]
148,64,1,1,[149]
148,85,1,1,[149]
148,116,1,1,[149]
1,4,2,1,"[151, 163]"
1,8,1,1,[151]
1,49,1,1,[151]
1,60,1,1,[151]
1,90,2,2,"[151, 157]"
2,19,1,1,[151]
2,22,1,1,[151]
2,67,1,1,[151]
3,8,1,1,[151]
3,81,1,1,[151]
3,139,2,2,"[151, 163]"
4,27,1,1,[151]
4,34,2,2,"[151, 157]"
4,64,1,1,[151]
4,90,1,1,[151]
5,36,1,1,[151]
5,41,1,1,[151]
5,86,1,1,[151]
6,19,1,1,[151]
6,98,1,1,[151]
7,29,1,1,[151]
7,45,2,2,"[151, 163]"
7,86,1,1,[151]
7,136,2,2,"[151, 163]"
8,1,1,1,[151]
8,25,1,1,[151]
8,83,1,1,[151]
9,36,1,1,[151]
9,41,1,1,[151]
9,82,2,2,"[151, 157]"
9,86,1,1,[151]
9,137,2,2,"[151, 157]"
10,3,1,1,[151]
10,10,1,1,[151]
10,91,1,1,[151]
11,32,1,1,[151]
11,70,1,1,[151]
11,99,2,2,"[151, 157]"
11,110,1,1,[151]
12,44,1,1,[151]
12,64,1,1,[151]
13,1,1,1,[151]
13,29,1,1,[151]
14,50,1,1,[151]
14,91,1,1,[151]
15,78,1,1,[151]
15,86,1,1,[151]
16,6,2,2,"[151, 157]"
16,59,1,1,[151]
16,65,1,1,[151]
16,116,1,1,[151]
17,72,1,1,[151]
17,87,1,1,[151]
17,139,1,1,[151]
18,3,1,1,[151]
18,10,1,1,[151]
18,91,1,1,[151]
19,27,1,1,[151]
19,32,2,1,"[151, 163]"
19,64,1,1,[151]
19,90,1,1,[151]
20,26,1,1,[151]
20,52,2,1,"[151, 157]"
20,84,1,1,[151]
20,137,1,1,[151]
21,55,1,1,[151]
21,92,1,1,[151]
21,123,1,1,[151]
22,53,1,1,[151]
22,76,1,1,[151]
22,148,1,1,[151]
23,1,1,1,[151]
23,125,1,1,[151]
24,1,1,1,[151]
24,29,1,1,[151]
25,85,1,1,[151]
25,94,1,1,[151]
25,101,1,1,[151]
26,50,1,1,[151]
26,59,1,1,[151]
26,83,2,1,"[151, 139]"
27,57,2,1,"[151, 139]"
27,78,1,1,[151]
27,86,1,1,[151]
28,81,1,1,[151]
28,84,1,1,[151]
29,20,2,1,"[151, 137]"
29,53,1,1,[151]
29,76,1,1,[151]
29,89,2,1,"[151, 167]"
29,134,2,2,"[151, 149]"
29,148,1,1,[151]
30,72,1,1,[151]
30,91,1,1,[151]
31,20,1,1,[151]
31,47,1,1,[151]
31,150,1,1,[151]
32,8,1,1,[151]
32,49,1,1,[151]
32,60,1,1,[151]
33,19,1,1,[151]
33,110,1,1,[151]
34,20,1,1,[151]
34,47,1,1,[151]
34,130,2,2,"[151, 157]"
34,150,1,1,[151]
35,84,2,2,"[151, 157]"
35,94,1,1,[151]
35,123,1,1,[151]
36,26,1,1,[151]
36,84,1,1,[151]
36,137,1,1,[151]
37,28,1,1,[151]
37,43,1,1,[151]
37,44,1,1,[151]
37,80,2,2,"[151, 157]"
38,1,1,1,[151]
38,25,1,1,[151]
38,49,2,2,"[151, 157]"
38,83,1,1,[151]
39,5,2,2,"[151, 167]"
39,24,1,1,[151]
39,36,2,1,"[151, 157]"
39,80,1,1,[151]
39,124,1,1,[151]
40,24,1,1,[151]
40,80,1,1,[151]
40,124,1,1,[151]
41,19,1,1,[151]
41,98,1,1,[151]
42,9,1,1,[151]
42,74,1,1,[151]
42,143,1,1,[151]
43,72,1,1,[151]
43,87,1,1,[151]
43,139,1,1,[151]
44,105,1,1,[151]
44,107,1,1,[151]
44,125,1,1,[151]
45,85,1,1,[151]
45,94,1,1,[151]
45,101,1,1,[151]
46,59,1,1,[151]
46,127,1,1,[151]
47,62,1,1,[151]
47,79,1,1,[151]
47,81,1,1,[151]
47,88,2,2,"[151, 157]"
48,50,1,1,[151]
48,58,2,2,"[151, 163]"
48,59,1,1,[151]
49,54,2,1,"[151, 149]"
49,105,1,1,[151]
49,107,1,1,[151]
49,125,1,1,[151]
50,32,1,1,[151]
50,70,1,1,[151]
50,110,1,1,[151]
51,72,1,1,[151]
51,125,1,1,[151]
52,8,1,1,[151]
52,81,1,1,[151]
53,94,1,1,[151]
53,123,1,1,[151]
54,72,1,1,[151]
54,91,1,1,[151]
55,42,1,1,[151]
55,50,1,1,[151]
55,73,1,1,[151]
56,98,1,1,[151]
56,124,1,1,[151]
57,44,1,1,[151]
57,64,1,1,[151]
58,105,1,1,[151]
58,107,1,1,[151]
58,125,1,1,[151]
59,59,1,1,[151]
59,65,1,1,[151]
59,116,1,1,[151]
60,20,1,1,[151]
60,84,1,1,[151]
60,144,2,2,"[151, 163]"
61,78,1,1,[151]
61,127,2,2,"[151, 139]"
61,148,1,1,[151]
62,33,2,1,"[151, 157]"
62,55,1,1,[151]
62,92,1,1,[151]
62,123,1,1,[151]
63,94,1,1,[151]
63,104,2,2,"[151, 157]"
63,123,1,1,[151]
64,19,1,1,[151]
64,22,1,1,[151]
64,67,1,1,[151]
65,123,1,1,[151]
65,124,1,1,[151]
66,64,1,1,[151]
66,148,1,1,[151]
67,72,1,1,[151]
67,91,1,1,[151]
67,130,2,1,"[151, 173]"
68,55,1,1,[151]
68,92,1,1,[151]
68,123,1,1,[151]
69,34,1,1,[151]
69,98,1,1,[151]
69,130,2,2,"[151, 137]"
69,131,1,1,[151]
70,9,1,1,[151]
70,110,1,1,[151]
71,28,2,2,"[151, 139]"
71,29,1,1,[151]
71,86,1,1,[151]
72,24,1,1,[151]
72,29,2,1,"[151, 137]"
72,80,1,1,[151]
72,122,3,2,"[151, 167, 157]"
72,124,1,1,[151]
73,29,1,1,[151]
73,32,2,1,"[151, 163]"
73,86,1,1,[151]
74,29,1,1,[151]
74,121,1,1,[151]
74,142,1,1,[151]
75,8,1,1,[151]
75,20,2,2,"[151, 157]"
75,94,1,1,[151]
75,122,2,1,"[151, 139]"
76,59,1,1,[151]
76,65,1,1,[151]
76,116,1,1,[151]
77,50,1,1,[151]
77,59,1,1,[151]
77,98,2,2,"[151, 139]"
78,39,1,1,[151]
78,57,1,1,[151]
78,68,1,1,[151]
79,44,1,1,[151]
79,68,1,1,[151]
80,39,1,1,[151]
80,57,1,1,[151]
80,68,1,1,[151]
81,85,1,1,[151]
81,94,1,1,[151]
81,101,1,1,[151]
82,44,1,1,[151]
82,64,1,1,[151]
83,9,1,1,[151]
83,68,1,1,[151]
84,78,1,1,[151]
84,132,1,1,[151]
84,138,1,1,[151]
85,19,1,1,[151]
85,22,1,1,[151]
85,67,1,1,[151]
86,20,1,1,[151]
86,47,1,1,[151]
86,150,1,1,[151]
87,9,2,1,"[151, 157]"
87,64,1,1,[151]
87,148,1,1,[151]
88,4,1,1,[151]
88,122,1,1,[151]
88,127,1,1,[151]
89,9,1,1,[151]
89,68,1,1,[151]
89,95,2,1,"[151, 163]"
90,32,1,1,[151]
90,70,1,1,[151]
90,110,1,1,[151]
91,72,1,1,[151]
91,87,1,1,[151]
91,106,2,2,"[151, 149]"
91,139,1,1,[151]
92,8,1,1,[151]
92,94,1,1,[151]
92,122,2,1,"[151, 139]"
93,20,1,1,[151]
93,127,1,1,[151]
94,34,1,1,[151]
94,98,1,1,[151]
94,131,1,1,[151]
95,26,1,1,[151]
95,84,1,1,[151]
95,137,1,1,[151]
96,8,1,1,[151]
96,81,1,1,[151]
96,120,2,2,"[151, 139]"
97,48,2,2,"[151, 137]"
97,78,1,1,[151]
97,132,1,1,[151]
97,138,1,1,[151]
98,4,1,1,[151]
98,122,1,1,[151]
98,127,1,1,[151]
99,42,1,1,[151]
99,50,1,1,[151]
99,73,1,1,[151]
100,22,2,2,"[151, 157]"
100,53,1,1,[151]
100,76,1,1,[151]
100,148,1,1,[151]
101,78,1,1,[151]
101,148,1,1,[151]
102,20,1,1,[151]
102,127,1,1,[151]
103,29,1,1,[151]
103,119,2,1,"[151, 149]"
103,121,1,1,[151]
103,142,1,1,[151]
104,19,1,1,[151]
104,98,1,1,[151]
105,1,1,1,[151]
105,25,1,1,[151]
105,83,1,1,[151]
105,133,2,1,"[151, 149]"
106,9,1,1,[151]
106,110,1,1,[151]
107,5,2,1,"[151, 163]"
107,20,1,1,[151]
107,127,1,1,[151]
108,20,1,1,[151]
108,84,1,1,[151]
109,78,1,1,[151]
109,86,1,1,[151]
110,62,1,1,[151]
110,79,1,1,[151]
110,81,1,1,[151]
111,44,1,1,[151]
111,68,1,1,[151]
111,97,2,2,"[151, 163]"
112,44,1,1,[151]
112,68,1,1,[151]
113,59,1,1,[151]
113,127,1,1,[151]
114,1,1,1,[151]
114,29,1,1,[151]
115,98,1,1,[151]
115,124,1,1,[151]
116,4,1,1,[151]
116,122,1,1,[151]
116,127,1,1,[151]
117,123,1,1,[151]
117,124,1,1,[151]
118,8,1,1,[151]
118,49,1,1,[151]
118,60,1,1,[151]
119,19,1,1,[151]
119,110,1,1,[151]
120,123,1,1,[151]
120,124,1,1,[151]
121,78,1,1,[151]
121,132,1,1,[151]
121,138,1,1,[151]
122,72,1,1,[151]
122,125,1,1,[151]
123,3,1,1,[151]
123,10,1,1,[151]
123,91,1,1,[151]
123,113,2,1,"[151, 149]"
124,9,1,1,[151]
124,74,1,1,[151]
124,143,1,1,[151]
125,29,1,1,[151]
125,39,2,1,"[151, 157]"
125,121,1,1,[151]
125,142,1,1,[151]
126,9,1,1,[151]
126,110,1,1,[151]
127,28,1,1,[151]
127,43,1,1,[151]
127,44,1,1,[151]
128,27,1,1,[151]
128,64,1,1,[151]
128,90,1,1,[151]
129,72,1,1,[151]
129,86,2,1,"[151, 157]"
129,125,1,1,[151]
130,9,1,1,[151]
130,24,2,1,"[151, 139]"
130,68,1,1,[151]
131,98,1,1,[151]
131,124,1,1,[151]
132,1,1,1,[151]
132,119,2,1,"[151, 149]"
132,125,1,1,[151]
133,51,2,1,"[151, 173]"
133,81,1,1,[151]
133,84,1,1,[151]
134,9,2,2,"[151, 139]"
134,20,1,1,[151]
134,84,1,1,[151]
135,8,1,1,[151]
135,94,1,1,[151]
136,9,1,1,[151]
136,74,1,1,[151]
136,143,1,1,[151]
137,36,1,1,[151]
137,41,1,1,[151]
137,86,1,1,[151]
138,28,1,1,[151]
138,43,1,1,[151]
138,44,1,1,[151]
139,33,2,1,"[151, 157]"
139,34,1,1,[151]
139,98,1,1,[151]
139,131,1,1,[151]
140,78,1,1,[151]
140,148,1,1,[151]
141,81,1,1,[151]
141,84,1,1,[151]
142,50,1,1,[151]
142,91,1,1,[151]
143,59,1,1,[151]
143,127,1,1,[151]
144,39,1,1,[151]
144,57,1,1,[151]
144,68,1,1,[151]
145,62,1,1,[151]
145,79,1,1,[151]
145,81,1,1,[151]
146,50,1,1,[151]
146,91,1,1,[151]
147,1,1,1,[151]
147,125,1,1,[151]
148,42,1,1,[151]
148,50,1,1,[151]
148,73,1,1,[151]
149,64,1,1,[151]
149,148,1,1,[151]
150,19,1,1,[151]
150,110,1,1,[151]
1,4,3,1,"[157, 151, 163]"
1,57,1,1,[157]
1,90,2,2,"[157, 151]"
1,100,1,1,[157]
4,34,2,2,"[157, 151]"
6,4,1,1,[157]
6,13,1,1,[157]
6,31,1,1,[157]
6,126,1,1,[157]
6,144,1,1,[157]
6,153,1,1,[157]
7,13,1,1,[157]
7,27,1,1,[157]
7,30,1,1,[157]
7,127,1,1,[157]
7,130,1,1,[157]
7,144,1,1,[157]
8,47,1,1,[157]
8,57,1,1,[157]
8,58,1,1,[157]
8,99,1,1,[157]
8,100,1,1,[157]
8,110,1,1,[157]
9,31,1,1,[157]
9,82,2,2,"[157, 151]"
9,126,1,1,[157]
9,137,2,2,"[157, 151]"
11,47,1,1,[157]
11,99,2,2,"[157, 151]"
11,110,1,1,[157]
12,33,2,2,"[157, 163]"
12,57,1,1,[157]
12,61,2,2,"[157, 163]"
12,100,1,1,[157]
14,47,1,1,[157]
14,110,1,1,[157]
15,9,1,1,[157]
15,57,1,1,[157]
15,67,1,1,[157]
15,90,1,1,[157]
15,100,1,1,[157]
15,148,1,1,[157]
16,6,2,2,"[157, 151]"
16,37,1,1,[157]
16,120,1,1,[157]
17,22,2,1,"[157, 167]"
17,33,1,1,[157]
17,124,1,1,[157]
17,151,2,2,"[157, 163]"
19,25,1,1,[157]
19,132,1,1,[157]
20,37,1,1,[157]
20,49,1,1,[157]
20,52,1,1,[157]
20,105,1,1,[157]
20,108,1,1,[157]
20,120,1,1,[157]
22,139,2,1,"[157, 181]"
23,9,1,1,[157]
23,32,2,2,"[157, 173]"
23,57,1,1,[157]
23,67,1,1,[157]
23,90,1,1,[157]
23,100,1,1,[157]
23,148,1,1,[157]
26,36,1,1,[157]
26,46,1,1,[157]
26,71,1,1,[157]
26,86,1,1,[157]
26,111,1,1,[157]
26,121,1,1,[157]
29,97,2,2,"[157, 139]"
30,52,1,1,[157]
30,105,1,1,[157]
31,106,2,1,"[157, 167]"
32,49,3,1,"[157, 139, 151]"
34,130,2,2,"[157, 151]"
35,37,1,1,[157]
35,84,2,2,"[157, 151]"
35,120,1,1,[157]
35,123,2,1,"[157, 151]"
37,30,1,1,[157]
37,80,2,2,"[157, 151]"
37,127,1,1,[157]
38,49,2,2,"[157, 151]"
39,36,1,1,[157]
39,121,1,1,[157]
40,31,1,1,[157]
40,126,1,1,[157]
42,30,2,2,"[157, 163]"
42,127,2,1,"[157, 163]"
46,52,1,1,[157]
46,78,2,2,"[157, 181]"
46,105,1,1,[157]
47,33,1,1,[157]
47,88,2,2,"[157, 151]"
47,124,1,1,[157]
50,31,1,1,[157]
50,71,1,1,[157]
50,75,1,1,[157]
50,82,1,1,[157]
50,86,1,1,[157]
50,126,1,1,[157]
52,5,2,2,"[157, 163]"
52,51,1,1,[157]
52,74,2,2,"[157, 149]"
52,106,1,1,[157]
52,152,2,1,"[157, 163]"
53,47,1,1,[157]
53,57,1,1,[157]
53,58,1,1,[157]
53,99,1,1,[157]
53,100,1,1,[157]
53,110,1,1,[157]
54,37,1,1,[157]
54,49,1,1,[157]
54,52,1,1,[157]
54,91,2,1,"[157, 151]"
54,105,1,1,[157]
54,108,1,1,[157]
54,120,1,1,[157]
54,150,2,2,"[157, 173]"
55,108,2,2,"[157, 139]"
62,16,1,1,[157]
62,33,1,1,[157]
62,52,1,1,[157]
62,105,1,1,[157]
62,124,1,1,[157]
62,141,1,1,[157]
63,25,1,1,[157]
63,37,1,1,[157]
63,56,1,1,[157]
63,66,2,1,"[157, 163]"
63,101,1,1,[157]
63,104,2,2,"[157, 151]"
63,120,1,1,[157]
63,132,1,1,[157]
64,22,2,1,"[157, 151]"
65,25,1,1,[157]
65,51,1,1,[157]
65,64,1,1,[157]
65,93,1,1,[157]
65,106,1,1,[157]
65,132,1,1,[157]
66,13,1,1,[157]
66,27,1,1,[157]
66,30,1,1,[157]
66,127,1,1,[157]
66,130,1,1,[157]
66,144,1,1,[157]
67,25,1,1,[157]
67,132,1,1,[157]
68,19,2,1,"[157, 149]"
71,25,1,1,[157]
71,132,1,1,[157]
72,4,1,1,[157]
72,13,1,1,[157]
72,31,1,1,[157]
72,122,2,2,"[157, 167]"
72,126,1,1,[157]
72,144,1,1,[157]
72,153,1,1,[157]
73,32,2,1,"[157, 163]"
74,28,3,2,"[157, 173, 167]"
75,20,2,2,"[157, 151]"
75,71,1,1,[157]
75,86,1,1,[157]
75,129,2,2,"[157, 181]"
76,51,2,1,"[157, 163]"
77,2,2,1,"[157, 173]"
77,14,1,1,[157]
77,30,1,1,[157]
77,33,1,1,[157]
77,124,1,1,[157]
77,127,1,1,[157]
77,143,1,1,[157]
79,4,1,1,[157]
79,13,1,1,[157]
79,31,1,1,[157]
79,126,1,1,[157]
79,144,1,1,[157]
79,153,1,1,[157]
81,52,1,1,[157]
81,87,2,1,"[157, 167]"
81,105,1,1,[157]
83,37,1,1,[157]
83,49,1,1,[157]
83,52,1,1,[157]
83,105,1,1,[157]
83,108,1,1,[157]
83,120,1,1,[157]
84,13,1,1,[157]
84,27,1,1,[157]
84,30,1,1,[157]
84,127,1,1,[157]
84,130,1,1,[157]
84,144,1,1,[157]
85,1,2,1,"[157, 139]"
87,9,1,1,[157]
87,39,1,1,[157]
87,51,1,1,[157]
87,106,1,1,[157]
87,118,1,1,[157]
87,148,1,1,[157]
88,1,1,1,[157]
88,36,1,1,[157]
88,47,1,1,[157]
88,110,1,1,[157]
88,121,1,1,[157]
88,156,1,1,[157]
89,13,1,1,[157]
89,144,1,1,[157]
91,63,2,1,"[157, 181]"
93,33,1,1,[157]
93,124,1,1,[157]
94,96,2,2,"[157, 149]"
96,47,1,1,[157]
96,57,1,1,[157]
96,58,1,1,[157]
96,99,1,1,[157]
96,100,1,1,[157]
96,110,1,1,[157]
97,25,1,1,[157]
97,51,1,1,[157]
97,64,1,1,[157]
97,93,1,1,[157]
97,106,1,1,[157]
97,132,1,1,[157]
98,14,1,1,[157]
98,30,1,1,[157]
98,33,1,1,[157]
98,124,1,1,[157]
98,127,1,1,[157]
98,143,1,1,[157]
99,13,1,1,[157]
99,144,1,1,[157]
100,9,1,1,[157]
100,22,2,2,"[157, 151]"
100,148,1,1,[157]
101,9,1,1,[157]
101,148,1,1,[157]
102,9,1,1,[157]
102,39,1,1,[157]
102,51,1,1,[157]
102,106,1,1,[157]
102,118,1,1,[157]
102,148,1,1,[157]
105,110,2,1,"[157, 163]"
106,37,1,1,[157]
106,120,1,1,[157]
106,136,2,2,"[157, 163]"
108,20,2,1,"[157, 151]"
108,31,1,1,[157]
108,126,1,1,[157]
109,51,1,1,[157]
109,106,1,1,[157]
112,1,1,1,[157]
112,36,1,1,[157]
112,47,1,1,[157]
112,48,3,2,"[157, 167, 163]"
112,110,1,1,[157]
112,121,1,1,[157]
112,156,1,1,[157]
113,9,1,1,[157]
113,148,1,1,[157]
114,1,1,1,[157]
114,36,1,1,[157]
114,47,1,1,[157]
114,110,1,1,[157]
114,121,1,1,[157]
114,156,1,1,[157]
115,71,1,1,[157]
115,86,1,1,[157]
116,16,1,1,[157]
116,26,2,1,"[157, 163]"
116,33,1,1,[157]
116,52,1,1,[157]
116,105,1,1,[157]
116,124,1,1,[157]
116,141,1,1,[157]
118,144,2,1,"[157, 163]"
119,9,1,1,[157]
119,57,1,1,[157]
119,67,1,1,[157]
119,90,1,1,[157]
119,100,1,1,[157]
119,148,1,1,[157]
120,37,2,2,"[157, 163]"
121,36,1,1,[157]
121,121,1,1,[157]
123,25,1,1,[157]
123,37,1,1,[157]
123,56,1,1,[157]
123,101,1,1,[157]
123,120,1,1,[157]
123,132,1,1,[157]
124,25,2,2,"[157, 163]"
124,71,1,1,[157]
124,86,1,1,[157]
125,9,1,1,[157]
125,39,1,1,[157]
125,51,1,1,[157]
125,106,1,1,[157]
125,118,1,1,[157]
125,148,1,1,[157]
126,13,1,1,[157]
126,144,1,1,[157]
128,25,1,1,[157]
128,37,1,1,[157]
128,56,1,1,[157]
128,101,1,1,[157]
128,120,1,1,[157]
128,132,1,1,[157]
129,31,1,1,[157]
129,71,1,1,[157]
129,72,2,1,"[157, 151]"
129,75,1,1,[157]
129,82,1,1,[157]
129,86,1,1,[157]
129,126,1,1,[157]
130,30,1,1,[157]
130,127,1,1,[157]
132,20,2,1,"[157, 163]"
132,47,1,1,[157]
132,110,1,1,[157]
133,36,1,1,[157]
133,46,1,1,[157]
133,71,1,1,[157]
133,86,1,1,[157]
133,111,1,1,[157]
133,121,1,1,[157]
134,104,2,1,"[157, 181]"
135,31,1,1,[157]
135,71,1,1,[157]
135,75,1,1,[157]
135,82,1,1,[157]
135,86,1,1,[157]
135,126,1,1,[157]
136,16,1,1,[157]
136,33,1,1,[157]
136,52,1,1,[157]
136,92,2,1,"[157, 173]"
136,105,1,1,[157]
136,124,1,1,[157]
136,141,1,1,[157]
139,14,1,1,[157]
139,30,1,1,[157]
139,33,1,1,[157]
139,124,1,1,[157]
139,127,1,1,[157]
139,131,2,1,"[157, 151]"
139,143,1,1,[157]
141,36,2,1,"[157, 167]"
144,57,1,1,[157]
144,100,1,1,[157]
145,35,2,1,"[157, 149]"
147,30,1,1,[157]
147,57,2,2,"[157, 163]"
147,127,1,1,[157]
148,73,2,1,"[157, 151]"
151,147,3,1,"[157, 181, 199]"
152,25,1,1,[157]
152,51,1,1,[157]
152,64,1,1,[157]
152,93,1,1,[157]
152,106,1,1,[157]
152,132,1,1,[157]
153,51,1,1,[157]
153,106,1,1,[157]
154,36,1,1,[157]
154,121,1,1,[157]
155,36,1,1,[157]
155,46,1,1,[157]
155,71,1,1,[157]
155,86,1,1,[157]
155,111,1,1,[157]
155,121,1,1,[157]
156,154,3,2,"[157, 179, 193]"
0,12,2,2,"[163, 139]"
0,32,2,2,"[163, 181]"
0,66,2,2,"[163, 181]"
0,72,2,2,"[163, 139]"
0,120,2,2,"[163, 181]"
0,124,2,2,"[163, 181]"
0,128,2,2,"[163, 139]"
0,130,2,2,"[163, 139]"
0,149,2,2,"[163, 181]"
1,4,1,1,[163]
1,109,1,1,[163]
1,148,1,1,[163]
2,19,1,1,[163]
2,26,1,1,[163]
2,48,1,1,[163]
2,88,1,1,[163]
2,108,1,1,[163]
3,9,1,1,[163]
3,43,1,1,[163]
3,63,1,1,[163]
3,75,1,1,[163]
3,139,2,2,"[163, 151]"
3,142,1,1,[163]
4,106,1,1,[163]
4,120,1,1,[163]
4,131,1,1,[163]
5,39,1,1,[163]
5,114,1,1,[163]
5,125,1,1,[163]
5,156,1,1,[163]
5,159,1,1,[163]
6,14,1,1,[163]
6,29,1,1,[163]
6,137,1,1,[163]
7,13,1,1,[163]
7,41,1,1,[163]
7,45,2,2,"[163, 151]"
7,51,1,1,[163]
7,70,1,1,[163]
7,123,2,1,"[163, 167]"
7,124,1,1,[163]
7,136,2,2,"[163, 151]"
8,11,1,1,[163]
8,105,1,1,[163]
8,111,1,1,[163]
8,114,1,1,[163]
8,118,1,1,[163]
8,131,2,1,"[163, 181]"
9,55,1,1,[163]
9,57,2,1,"[163, 173]"
9,79,1,1,[163]
9,154,1,1,[163]
10,68,1,1,[163]
10,134,1,1,[163]
10,147,1,1,[163]
11,9,1,1,[163]
11,43,1,1,[163]
11,56,2,1,"[163, 173]"
11,63,1,1,[163]
11,75,1,1,[163]
11,99,3,2,"[163, 157, 151]"
11,142,1,1,[163]
12,5,1,1,[163]
12,33,2,2,"[163, 157]"
12,52,1,1,[163]
12,61,2,2,"[163, 157]"
12,91,1,1,[163]
12,145,1,1,[163]
12,148,1,1,[163]
13,4,2,1,"[163, 173]"
13,73,1,1,[163]
13,87,1,1,[163]
13,120,1,1,[163]
13,123,1,1,[163]
13,144,1,1,[163]
14,100,1,1,[163]
14,114,1,1,[163]
14,117,1,1,[163]
15,7,1,1,[163]
15,11,1,1,[163]
15,84,1,1,[163]
16,18,1,1,[163]
16,93,1,1,[163]
16,130,1,1,[163]
17,11,1,1,[163]
17,105,1,1,[163]
17,111,1,1,[163]
17,114,1,1,[163]
17,118,1,1,[163]
17,151,2,2,"[163, 157]"
18,8,1,1,[163]
18,18,1,1,[163]
18,69,1,1,[163]
18,113,1,1,[163]
18,139,1,1,[163]
19,14,1,1,[163]
19,25,2,1,"[163, 157]"
19,32,1,1,[163]
19,56,1,1,[163]
19,66,1,1,[163]
19,100,2,2,"[163, 173]"
19,141,1,1,[163]
20,14,1,1,[163]
20,32,1,1,[163]
20,56,1,1,[163]
20,66,1,1,[163]
20,137,2,1,"[163, 151]"
20,141,1,1,[163]
21,52,1,1,[163]
21,122,1,1,[163]
21,160,1,1,[163]
22,14,1,1,[163]
22,28,2,1,"[163, 181]"
22,29,1,1,[163]
22,137,1,1,[163]
23,30,1,1,[163]
23,55,1,1,[163]
23,57,1,1,[163]
23,73,1,1,[163]
23,149,1,1,[163]
24,45,1,1,[163]
24,51,1,1,[163]
24,94,1,1,[163]
25,67,1,1,[163]
25,74,2,2,"[163, 173]"
25,82,1,1,[163]
25,152,1,1,[163]
26,63,1,1,[163]
26,81,1,1,[163]
26,129,1,1,[163]
27,78,1,1,[163]
27,83,1,1,[163]
27,92,1,1,[163]
27,94,1,1,[163]
27,143,1,1,[163]
28,59,1,1,[163]
28,81,1,1,[163]
28,92,1,1,[163]
28,149,1,1,[163]
28,161,1,1,[163]
29,18,1,1,[163]
29,68,1,1,[163]
29,119,1,1,[163]
29,152,1,1,[163]
29,157,1,1,[163]
30,30,1,1,[163]
30,55,1,1,[163]
30,57,1,1,[163]
30,73,1,1,[163]
30,149,1,1,[163]
31,39,1,1,[163]
31,114,1,1,[163]
31,125,1,1,[163]
31,142,2,2,"[163, 167]"
31,156,1,1,[163]
31,159,1,1,[163]
32,34,1,1,[163]
32,66,1,1,[163]
32,75,1,1,[163]
32,84,2,2,"[163, 173]"
32,90,1,1,[163]
32,138,1,1,[163]
33,55,1,1,[163]
33,79,1,1,[163]
33,134,2,1,"[163, 173]"
33,154,1,1,[163]
34,18,1,1,[163]
34,46,2,1,"[163, 173]"
34,93,1,1,[163]
34,130,1,1,[163]
35,32,1,1,[163]
35,50,1,1,[163]
35,111,1,1,[163]
35,143,2,2,"[163, 173]"
36,20,1,1,[163]
36,49,1,1,[163]
36,72,1,1,[163]
37,78,1,1,[163]
37,83,1,1,[163]
37,92,1,1,[163]
37,94,1,1,[163]
37,143,1,1,[163]
38,69,1,1,[163]
38,108,1,1,[163]
38,128,1,1,[163]
39,3,1,1,[163]
39,76,1,1,[163]
39,97,1,1,[163]
40,69,1,1,[163]
40,108,1,1,[163]
40,128,1,1,[163]
41,63,1,1,[163]
41,81,1,1,[163]
41,129,1,1,[163]
42,30,2,2,"[163, 157]"
42,62,1,1,[163]
42,82,1,1,[163]
42,97,1,1,[163]
42,108,1,1,[163]
42,127,1,1,[163]
43,92,1,1,[163]
43,95,1,1,[163]
43,103,1,1,[163]
44,5,1,1,[163]
44,52,1,1,[163]
44,91,1,1,[163]
44,145,1,1,[163]
44,148,1,1,[163]
45,19,1,1,[163]
45,26,1,1,[163]
45,48,1,1,[163]
45,88,1,1,[163]
45,108,1,1,[163]
46,55,2,2,"[163, 173]"
46,75,1,1,[163]
46,107,1,1,[163]
46,143,1,1,[163]
47,12,1,1,[163]
47,112,1,1,[163]
47,144,1,1,[163]
48,58,2,2,"[163, 151]"
48,73,1,1,[163]
48,87,1,1,[163]
48,120,1,1,[163]
48,123,1,1,[163]
48,144,1,1,[163]
49,92,1,1,[163]
49,95,1,1,[163]
49,103,1,1,[163]
50,10,1,1,[163]
50,29,1,1,[163]
50,31,1,1,[163]
50,70,1,1,[163]
50,84,1,1,[163]
51,45,1,1,[163]
51,51,1,1,[163]
51,94,1,1,[163]
52,5,2,2,"[163, 157]"
52,18,1,1,[163]
52,68,1,1,[163]
52,111,2,2,"[163, 167]"
52,119,1,1,[163]
52,152,1,1,[163]
52,157,1,1,[163]
53,70,1,1,[163]
53,89,1,1,[163]
53,90,1,1,[163]
53,120,2,2,"[163, 179]"
54,32,1,1,[163]
54,50,1,1,[163]
54,111,1,1,[163]
55,7,1,1,[163]
55,11,1,1,[163]
55,84,1,1,[163]
55,95,2,1,"[163, 173]"
56,15,1,1,[163]
56,42,1,1,[163]
56,66,1,1,[163]
57,75,1,1,[163]
57,107,1,1,[163]
57,143,1,1,[163]
58,4,1,1,[163]
58,109,1,1,[163]
58,148,1,1,[163]
59,3,1,1,[163]
59,46,1,1,[163]
59,93,1,1,[163]
59,110,1,1,[163]
59,159,1,1,[163]
60,75,1,1,[163]
60,107,1,1,[163]
60,143,1,1,[163]
60,144,2,2,"[163, 151]"
61,36,2,2,"[163, 167]"
61,43,1,1,[163]
61,124,1,1,[163]
61,153,1,1,[163]
62,68,1,1,[163]
62,121,2,1,"[163, 173]"
62,134,1,1,[163]
62,147,1,1,[163]
63,34,1,1,[163]
63,66,1,1,[163]
63,75,1,1,[163]
63,90,1,1,[163]
63,138,1,1,[163]
64,19,1,1,[163]
64,71,1,1,[163]
64,101,1,1,[163]
65,52,1,1,[163]
65,122,1,1,[163]
65,160,1,1,[163]
66,8,1,1,[163]
66,18,1,1,[163]
66,69,1,1,[163]
66,113,1,1,[163]
66,139,1,1,[163]
67,20,1,1,[163]
67,27,1,1,[163]
67,35,1,1,[163]
67,71,2,2,"[163, 167]"
67,82,1,1,[163]
67,131,1,1,[163]
67,144,2,2,"[163, 173]"
68,34,1,1,[163]
68,66,1,1,[163]
68,75,1,1,[163]
68,90,1,1,[163]
68,138,1,1,[163]
69,35,2,1,"[163, 173]"
69,106,1,1,[163]
69,120,1,1,[163]
69,131,1,1,[163]
70,28,1,1,[163]
70,63,1,1,[163]
70,79,1,1,[163]
70,151,1,1,[163]
70,160,1,1,[163]
71,92,1,1,[163]
71,95,1,1,[163]
71,103,1,1,[163]
72,19,1,1,[163]
72,29,1,1,[163]
72,74,1,1,[163]
72,99,1,1,[163]
72,100,1,1,[163]
73,32,1,1,[163]
73,71,1,1,[163]
73,98,1,1,[163]
73,121,1,1,[163]
73,139,1,1,[163]
74,32,1,1,[163]
74,50,1,1,[163]
74,111,1,1,[163]
75,4,1,1,[163]
75,16,1,1,[163]
75,17,1,1,[163]
75,79,1,1,[163]
75,112,1,1,[163]
76,13,1,1,[163]
76,41,1,1,[163]
76,51,1,1,[163]
76,70,1,1,[163]
76,124,1,1,[163]
77,52,1,1,[163]
77,122,1,1,[163]
77,160,1,1,[163]
78,11,1,1,[163]
78,15,1,1,[163]
78,23,1,1,[163]
78,60,1,1,[163]
78,94,1,1,[163]
79,8,1,1,[163]
79,18,1,1,[163]
79,69,1,1,[163]
79,113,1,1,[163]
79,139,1,1,[163]
80,13,1,1,[163]
80,41,1,1,[163]
80,51,1,1,[163]
80,70,1,1,[163]
80,124,1,1,[163]
81,80,1,1,[163]
81,145,1,1,[163]
81,149,1,1,[163]
82,18,1,1,[163]
82,68,1,1,[163]
82,119,1,1,[163]
82,152,1,1,[163]
82,157,1,1,[163]
83,39,1,1,[163]
83,44,1,1,[163]
83,139,1,1,[163]
84,2,1,1,[163]
84,24,1,1,[163]
84,73,1,1,[163]
85,69,1,1,[163]
85,108,1,1,[163]
85,128,1,1,[163]
86,3,1,1,[163]
86,47,1,1,[163]
86,120,1,1,[163]
86,134,1,1,[163]
86,162,1,1,[163]
87,39,1,1,[163]
87,44,1,1,[163]
87,139,1,1,[163]
88,45,1,1,[163]
88,51,1,1,[163]
88,94,1,1,[163]
89,37,1,1,[163]
89,52,1,1,[163]
89,54,1,1,[163]
89,95,1,1,[163]
89,124,1,1,[163]
90,106,1,1,[163]
90,120,1,1,[163]
90,131,1,1,[163]
91,68,1,1,[163]
91,134,1,1,[163]
91,147,1,1,[163]
92,33,1,1,[163]
92,49,1,1,[163]
92,68,1,1,[163]
92,86,1,1,[163]
92,112,1,1,[163]
93,7,1,1,[163]
93,11,1,1,[163]
93,84,1,1,[163]
94,32,1,1,[163]
94,71,1,1,[163]
94,98,1,1,[163]
94,121,1,1,[163]
94,139,1,1,[163]
95,88,1,1,[163]
95,116,1,1,[163]
95,159,1,1,[163]
96,63,1,1,[163]
96,81,1,1,[163]
96,129,1,1,[163]
97,2,1,1,[163]
97,24,1,1,[163]
97,73,1,1,[163]
98,3,1,1,[163]
98,47,1,1,[163]
98,120,1,1,[163]
98,134,1,1,[163]
98,162,1,1,[163]
99,78,1,1,[163]
99,83,1,1,[163]
99,92,1,1,[163]
99,94,1,1,[163]
99,143,1,1,[163]
100,88,1,1,[163]
100,100,2,1,"[163, 149]"
100,116,1,1,[163]
100,159,1,1,[163]
101,19,1,1,[163]
101,29,1,1,[163]
101,74,1,1,[163]
101,99,1,1,[163]
101,100,1,1,[163]
102,73,1,1,[163]
102,87,1,1,[163]
102,120,1,1,[163]
102,123,1,1,[163]
102,144,1,1,[163]
103,20,1,1,[163]
103,24,1,1,[163]
103,96,1,1,[163]
103,102,1,1,[163]
103,148,1,1,[163]
104,4,1,1,[163]
104,64,2,1,"[163, 167]"
104,109,1,1,[163]
104,148,1,1,[163]
105,3,1,1,[163]
105,46,1,1,[163]
105,93,1,1,[163]
105,110,1,1,[163]
105,159,1,1,[163]
106,20,1,1,[163]
106,24,1,1,[163]
106,96,1,1,[163]
106,102,1,1,[163]
106,136,2,2,"[163, 157]"
106,148,1,1,[163]
107,5,1,1,[163]
107,52,1,1,[163]
107,91,1,1,[163]
107,110,2,1,"[163, 167]"
107,145,1,1,[163]
107,148,1,1,[163]
108,28,1,1,[163]
108,31,2,1,"[163, 157]"
108,63,1,1,[163]
108,79,1,1,[163]
108,151,1,1,[163]
108,160,1,1,[163]
109,37,1,1,[163]
109,52,1,1,[163]
109,54,1,1,[163]
109,95,1,1,[163]
109,124,1,1,[163]
110,30,1,1,[163]
110,55,1,1,[163]
110,57,1,1,[163]
110,73,1,1,[163]
110,149,1,1,[163]
111,80,1,1,[163]
111,97,2,2,"[163, 151]"
111,145,1,1,[163]
111,149,1,1,[163]
112,4,1,1,[163]
112,16,1,1,[163]
112,17,1,1,[163]
112,47,2,1,"[163, 157]"
112,48,2,2,"[163, 167]"
112,79,1,1,[163]
112,112,1,1,[163]
113,18,1,1,[163]
113,23,2,1,"[163, 181]"
113,56,2,2,"[163, 173]"
113,93,1,1,[163]
113,130,1,1,[163]
114,33,1,1,[163]
114,49,1,1,[163]
114,68,1,1,[163]
114,86,1,1,[163]
114,112,1,1,[163]
115,43,1,1,[163]
115,124,1,1,[163]
115,153,1,1,[163]
116,19,1,1,[163]
116,26,1,1,[163]
116,48,1,1,[163]
116,88,1,1,[163]
116,93,2,1,"[163, 173]"
116,108,1,1,[163]
117,20,1,1,[163]
117,24,1,1,[163]
117,96,1,1,[163]
117,102,1,1,[163]
117,148,1,1,[163]
118,12,1,1,[163]
118,112,1,1,[163]
118,144,1,1,[163]
119,15,1,1,[163]
119,42,1,1,[163]
119,66,1,1,[163]
120,33,1,1,[163]
120,37,2,2,"[163, 157]"
120,49,1,1,[163]
120,68,1,1,[163]
120,86,1,1,[163]
120,112,1,1,[163]
121,55,1,1,[163]
121,79,1,1,[163]
121,154,1,1,[163]
122,20,1,1,[163]
122,27,1,1,[163]
122,35,1,1,[163]
122,82,1,1,[163]
122,131,1,1,[163]
123,3,2,1,"[163, 151]"
123,11,1,1,[163]
123,15,1,1,[163]
123,23,1,1,[163]
123,60,1,1,[163]
123,94,1,1,[163]
124,14,1,1,[163]
124,25,2,2,"[163, 157]"
124,32,1,1,[163]
124,56,1,1,[163]
124,66,1,1,[163]
124,141,1,1,[163]
125,11,1,1,[163]
125,15,1,1,[163]
125,23,1,1,[163]
125,60,1,1,[163]
125,94,1,1,[163]
126,19,1,1,[163]
126,23,2,1,"[163, 139]"
126,71,1,1,[163]
126,101,1,1,[163]
127,39,1,1,[163]
127,44,2,1,"[163, 151]"
127,114,1,1,[163]
127,125,1,1,[163]
127,156,1,1,[163]
127,159,1,1,[163]
128,37,1,1,[163]
128,52,1,1,[163]
128,54,1,1,[163]
128,95,1,1,[163]
128,124,1,1,[163]
129,10,1,1,[163]
129,29,1,1,[163]
129,31,1,1,[163]
129,70,1,1,[163]
129,84,1,1,[163]
130,30,2,1,"[163, 157]"
130,62,1,1,[163]
130,82,1,1,[163]
130,97,1,1,[163]
130,108,1,1,[163]
130,127,1,1,[163]
131,88,1,1,[163]
131,116,1,1,[163]
131,159,1,1,[163]
132,20,1,1,[163]
132,49,1,1,[163]
132,72,1,1,[163]
133,70,1,1,[163]
133,89,1,1,[163]
133,90,1,1,[163]
134,80,1,1,[163]
134,145,1,1,[163]
134,149,1,1,[163]
135,14,1,1,[163]
135,29,1,1,[163]
135,137,1,1,[163]
136,19,1,1,[163]
136,71,1,1,[163]
136,101,1,1,[163]
137,20,1,1,[163]
137,27,1,1,[163]
137,35,1,1,[163]
137,82,1,1,[163]
137,131,1,1,[163]
138,11,1,1,[163]
138,105,1,1,[163]
138,111,1,1,[163]
138,114,1,1,[163]
138,118,1,1,[163]
139,4,1,1,[163]
139,16,1,1,[163]
139,17,1,1,[163]
139,79,1,1,[163]
139,112,1,1,[163]
140,17,2,2,"[163, 181]"
140,70,1,1,[163]
140,89,1,1,[163]
140,90,1,1,[163]
141,59,1,1,[163]
141,81,1,1,[163]
141,92,1,1,[163]
141,149,1,1,[163]
141,161,1,1,[163]
142,3,1,1,[163]
142,47,1,1,[163]
142,49,2,1,"[163, 173]"
142,120,1,1,[163]
142,134,1,1,[163]
142,162,1,1,[163]
143,3,1,1,[163]
143,76,1,1,[163]
143,97,1,1,[163]
144,3,1,1,[163]
144,76,1,1,[163]
144,97,1,1,[163]
145,2,1,1,[163]
145,24,1,1,[163]
145,73,1,1,[163]
146,67,1,1,[163]
146,82,1,1,[163]
146,152,1,1,[163]
147,10,1,1,[163]
147,29,1,1,[163]
147,31,1,1,[163]
147,57,2,2,"[163, 157]"
147,70,1,1,[163]
147,84,1,1,[163]
148,28,1,1,[163]
148,63,1,1,[163]
148,79,1,1,[163]
148,151,1,1,[163]
148,160,1,1,[163]
149,9,1,1,[163]
149,43,1,1,[163]
149,63,1,1,[163]
149,75,1,1,[163]
149,142,1,1,[163]
150,43,1,1,[163]
150,124,1,1,[163]
150,153,1,1,[163]
151,15,1,1,[163]
151,42,1,1,[163]
151,66,1,1,[163]
152,100,1,1,[163]
152,114,1,1,[163]
152,117,1,1,[163]
153,19,1,1,[163]
153,29,1,1,[163]
153,74,1,1,[163]
153,99,1,1,[163]
153,100,1,1,[163]
154,62,1,1,[163]
154,82,1,1,[163]
154,97,1,1,[163]
154,108,1,1,[163]
154,121,2,1,"[163, 157]"
154,127,1,1,[163]
155,67,1,1,[163]
155,82,1,1,[163]
155,152,1,1,[163]
156,39,1,1,[163]
156,44,1,1,[163]
156,139,1,1,[163]
157,59,1,1,[163]
157,81,1,1,[163]
157,92,1,1,[163]
157,149,1,1,[163]
157,161,1,1,[163]
158,20,1,1,[163]
158,33,2,1,"[163, 173]"
158,49,1,1,[163]
158,72,1,1,[163]
159,32,1,1,[163]
159,71,1,1,[163]
159,98,1,1,[163]
159,121,1,1,[163]
159,139,1,1,[163]
160,100,1,1,[163]
160,114,1,1,[163]
160,117,1,1,[163]
161,12,1,1,[163]
161,112,1,1,[163]
161,144,1,1,[163]
162,3,1,1,[163]
162,46,1,1,[163]
162,93,1,1,[163]
162,110,1,1,[163]
1,41,1,1,[167]
1,54,1,1,[167]
1,152,1,1,[167]
2,56,1,1,[167]
2,89,2,2,"[167, 181]"
2,99,1,1,[167]
2,103,1,1,[167]
3,24,1,1,[167]
3,49,1,1,[167]
3,111,1,1,[167]
4,47,1,1,[167]
4,98,1,1,[167]
4,161,1,1,[167]
5,54,1,1,[167]
6,44,1,1,[167]
6,62,1,1,[167]
6,120,1,1,[167]
7,122,1,1,[167]
7,123,1,1,[167]
7,162,1,1,[167]
8,105,2,1,"[167, 163]"
8,114,1,1,[167]
8,124,1,1,[167]
8,156,1,1,[167]
9,22,2,1,"[167, 179]"
9,96,1,1,[167]
9,105,1,1,[167]
9,122,1,1,[167]
10,99,1,1,[167]
11,28,1,1,[167]
11,46,1,1,[167]
11,71,2,2,"[167, 173]"
11,85,1,1,[167]
12,25,1,1,[167]
12,53,1,1,[167]
12,58,1,1,[167]
12,100,2,1,"[167, 157]"
13,141,1,1,[167]
14,1,1,1,[167]
14,130,1,1,[167]
14,142,1,1,[167]
15,24,1,1,[167]
16,42,1,1,[167]
16,116,1,1,[167]
16,119,1,1,[167]
17,22,1,1,[167]
18,1,1,1,[167]
18,9,1,1,[167]
18,109,1,1,[167]
19,16,1,1,[167]
19,74,1,1,[167]
19,144,1,1,[167]
20,98,1,1,[167]
21,72,1,1,[167]
21,147,1,1,[167]
21,166,1,1,[167]
22,80,2,2,"[167, 179]"
22,107,1,1,[167]
22,128,1,1,[167]
22,140,1,1,[167]
23,55,2,1,"[167, 163]"
23,85,1,1,[167]
24,9,2,1,"[167, 173]"
24,18,1,1,[167]
24,125,1,1,[167]
24,153,2,1,"[167, 173]"
24,162,1,1,[167]
25,38,1,1,[167]
25,52,1,1,[167]
25,97,1,1,[167]
26,8,1,1,[167]
27,147,1,1,[167]
27,154,1,1,[167]
27,158,1,1,[167]
28,127,1,1,[167]
28,141,1,1,[167]
28,149,1,1,[167]
29,18,2,1,"[167, 163]"
29,47,1,1,[167]
29,89,1,1,[167]
29,113,1,1,[167]
30,44,1,1,[167]
31,50,1,1,[167]
31,106,1,1,[167]
31,116,1,1,[167]
31,142,2,2,"[167, 163]"
32,42,3,1,"[167, 179, 193]"
32,77,1,1,[167]
32,79,1,1,[167]
32,157,1,1,[167]
33,31,1,1,[167]
33,39,1,1,[167]
33,112,1,1,[167]
33,154,2,1,"[167, 163]"
34,96,1,1,[167]
35,162,1,1,[167]
36,5,1,1,[167]
36,100,1,1,[167]
36,141,1,1,[167]
37,4,1,1,[167]
38,80,1,1,[167]
38,85,1,1,[167]
38,97,1,1,[167]
39,5,2,2,"[167, 151]"
39,7,1,1,[167]
39,120,2,1,"[167, 149]"
40,124,1,1,[167]
41,6,1,1,[167]
42,19,1,1,[167]
42,26,1,1,[167]
42,132,1,1,[167]
43,132,1,1,[167]
44,12,1,1,[167]
44,34,1,1,[167]
44,57,1,1,[167]
45,122,1,1,[167]
46,128,1,1,[167]
47,9,1,1,[167]
47,81,1,1,[167]
47,84,2,2,"[167, 181]"
47,146,1,1,[167]
48,33,1,1,[167]
48,90,1,1,[167]
48,130,1,1,[167]
49,32,1,1,[167]
49,35,1,1,[167]
49,152,1,1,[167]
50,14,1,1,[167]
50,150,1,1,[167]
50,151,1,1,[167]
51,84,1,1,[167]
52,81,2,1,"[167, 151]"
52,111,2,2,"[167, 163]"
52,126,1,1,[167]
53,57,1,1,[167]
54,4,1,1,[167]
54,19,1,1,[167]
54,67,1,1,[167]
55,28,1,1,[167]
55,31,2,1,"[167, 173]"
56,8,1,1,[167]
56,38,1,1,[167]
56,134,1,1,[167]
57,64,1,1,[167]
57,70,1,1,[167]
57,137,1,1,[167]
58,24,1,1,[167]
58,68,1,1,[167]
58,114,1,1,[167]
59,14,1,1,[167]
60,25,1,1,[167]
61,11,1,1,[167]
61,36,2,2,"[167, 163]"
61,59,1,1,[167]
61,94,1,1,[167]
62,36,1,1,[167]
62,83,1,1,[167]
62,157,1,1,[167]
63,32,1,1,[167]
63,101,2,1,"[167, 157]"
63,121,1,1,[167]
63,148,1,1,[167]
64,2,1,1,[167]
64,93,1,1,[167]
64,117,1,1,[167]
65,25,1,1,[167]
65,43,1,1,[167]
65,77,1,1,[167]
66,29,1,1,[167]
66,69,2,1,"[167, 163]"
66,94,1,1,[167]
66,155,1,1,[167]
67,49,1,1,[167]
67,71,2,2,"[167, 163]"
68,9,1,1,[167]
69,98,2,1,"[167, 151]"
69,112,1,1,[167]
70,130,1,1,[167]
71,121,1,1,[167]
72,8,1,1,[167]
72,37,1,1,[167]
72,72,1,1,[167]
72,99,2,1,"[167, 163]"
72,122,2,2,"[167, 157]"
73,33,1,1,[167]
74,28,2,2,"[167, 173]"
74,63,1,1,[167]
75,6,1,1,[167]
75,54,1,1,[167]
75,153,1,1,[167]
76,91,1,1,[167]
76,128,1,1,[167]
76,150,1,1,[167]
77,2,3,1,"[167, 157, 173]"
77,84,1,1,[167]
77,88,1,1,[167]
77,138,1,1,[167]
78,152,1,1,[167]
79,42,1,1,[167]
80,116,1,1,[167]
81,87,1,1,[167]
81,121,1,1,[167]
81,163,1,1,[167]
82,11,1,1,[167]
83,150,1,1,[167]
84,7,1,1,[167]
84,75,1,1,[167]
84,159,1,1,[167]
85,15,1,1,[167]
85,89,1,1,[167]
85,133,1,1,[167]
86,75,1,1,[167]
87,21,1,1,[167]
87,58,1,1,[167]
87,143,1,1,[167]
88,21,1,1,[167]
88,22,1,1,[167]
88,118,1,1,[167]
89,16,1,1,[167]
89,76,1,1,[167]
89,101,1,1,[167]
90,1,1,1,[167]
90,58,3,1,"[167, 193, 199]"
91,89,1,1,[167]
92,12,1,1,[167]
92,94,2,1,"[167, 151]"
93,10,1,1,[167]
93,33,1,1,[167]
93,115,1,1,[167]
94,45,1,1,[167]
94,65,1,1,[167]
94,100,1,1,[167]
95,16,1,1,[167]
95,79,2,1,"[167, 191]"
96,127,1,1,[167]
96,144,1,1,[167]
96,165,1,1,[167]
97,65,1,1,[167]
97,71,1,1,[167]
97,84,1,1,[167]
97,93,2,1,"[167, 157]"
97,106,2,1,"[167, 157]"
98,3,1,1,[167]
98,17,2,1,"[167, 181]"
98,56,1,1,[167]
98,92,1,1,[167]
99,73,1,1,[167]
99,88,1,1,[167]
99,124,1,1,[167]
100,82,1,1,[167]
100,108,1,1,[167]
100,137,1,1,[167]
101,58,1,1,[167]
102,154,1,1,[167]
103,19,1,1,[167]
103,121,2,1,"[167, 151]"
104,64,1,1,[167]
105,72,1,1,[167]
106,21,1,1,[167]
106,102,2,1,"[167, 163]"
107,28,2,1,"[167, 149]"
107,29,1,1,[167]
107,96,1,1,[167]
107,110,1,1,[167]
108,7,1,1,[167]
108,63,1,1,[167]
108,95,1,1,[167]
109,61,1,1,[167]
110,107,1,1,[167]
111,76,1,1,[167]
112,14,1,1,[167]
112,23,1,1,[167]
112,48,2,2,"[167, 163]"
112,126,1,1,[167]
113,38,1,1,[167]
114,6,1,1,[167]
114,17,1,1,[167]
114,112,1,1,[167]
115,20,1,1,[167]
115,63,1,1,[167]
115,66,1,1,[167]
116,42,1,1,[167]
116,44,1,1,[167]
116,69,1,1,[167]
117,133,1,1,[167]
118,137,1,1,[167]
119,66,1,1,[167]
119,138,2,1,"[167, 191]"
120,18,1,1,[167]
120,122,2,2,"[167, 181]"
121,64,1,1,[167]
121,75,1,1,[167]
121,129,1,1,[167]
122,48,1,1,[167]
122,61,1,1,[167]
122,136,1,1,[167]
123,114,1,1,[167]
124,13,1,1,[167]
124,66,1,1,[167]
124,93,1,1,[167]
125,97,1,1,[167]
126,3,1,1,[167]
126,27,1,1,[167]
126,160,1,1,[167]
127,57,1,1,[167]
127,61,2,1,"[167, 149]"
127,62,1,1,[167]
127,78,1,1,[167]
127,140,2,2,"[167, 179]"
128,51,2,1,"[167, 179]"
128,87,1,1,[167]
128,115,1,1,[167]
128,131,1,1,[167]
129,3,1,1,[167]
130,2,1,1,[167]
130,17,2,2,"[167, 173]"
130,18,1,1,[167]
130,51,1,1,[167]
131,115,1,1,[167]
132,61,1,1,[167]
132,81,1,1,[167]
132,145,1,1,[167]
133,48,1,1,[167]
133,55,1,1,[167]
133,98,1,1,[167]
134,29,2,2,"[167, 191]"
134,62,1,1,[167]
135,9,2,2,"[167, 193]"
135,147,1,1,[167]
136,100,1,1,[167]
136,143,2,1,"[167, 151]"
137,22,1,1,[167]
137,31,1,1,[167]
137,60,1,1,[167]
138,13,2,2,"[167, 149]"
138,94,1,1,[167]
139,17,2,1,"[167, 163]"
139,87,1,1,[167]
140,127,1,1,[167]
141,4,1,1,[167]
141,36,1,1,[167]
141,102,1,1,[167]
142,27,1,1,[167]
143,36,1,1,[167]
144,40,1,1,[167]
144,126,1,1,[167]
144,132,1,1,[167]
145,47,1,1,[167]
145,62,2,1,"[167, 151]"
146,144,1,1,[167]
147,49,1,1,[167]
147,107,1,1,[167]
147,164,1,1,[167]
148,32,1,1,[167]
149,2,1,1,[167]
150,11,1,1,[167]
150,30,1,1,[167]
150,99,1,1,[167]
151,65,1,1,[167]
152,12,1,1,[167]
152,108,1,1,[167]
152,139,1,1,[167]
153,93,1,1,[167]
154,50,1,1,[167]
154,86,1,1,[167]
154,154,1,1,[167]
155,50,1,1,[167]
156,56,1,1,[167]
157,28,1,1,[167]
157,128,2,2,"[167, 181]"
157,133,1,1,[167]
157,135,1,1,[167]
158,77,1,1,[167]
159,81,1,1,[167]
160,157,1,1,[167]
161,88,1,1,[167]
162,27,1,1,[167]
162,76,1,1,[167]
162,104,1,1,[167]
163,29,1,1,[167]
164,48,1,1,[167]
164,77,2,1,"[167, 173]"
165,31,1,1,[167]
166,74,2,1,"[167, 191]"
166,108,1,1,[167]
1,73,1,1,[173]
1,100,1,1,[173]
2,88,2,2,"[173, 181]"
3,49,1,1,[173]
3,124,1,1,[173]
4,56,1,1,[173]
4,60,1,1,[173]
4,86,1,1,[173]
4,87,1,1,[173]
4,113,1,1,[173]
4,117,1,1,[173]
5,21,1,1,[173]
5,152,1,1,[173]
6,21,1,1,[173]
6,152,1,1,[173]
7,38,1,1,[173]
7,108,2,1,"[173, 179]"
7,135,1,1,[173]
8,60,1,1,[173]
8,113,1,1,[173]
9,16,1,1,[173]
9,57,1,1,[173]
9,74,1,1,[173]
9,99,1,1,[173]
9,116,1,1,[173]
9,126,2,1,"[173, 157]"
9,154,2,1,"[173, 163]"
9,157,1,1,[173]
10,9,1,1,[173]
10,164,1,1,[173]
11,56,1,1,[173]
11,71,2,2,"[173, 167]"
11,117,1,1,[173]
13,4,1,1,[173]
13,75,1,1,[173]
13,77,1,1,[173]
13,96,1,1,[173]
13,98,1,1,[173]
13,120,2,1,"[173, 163]"
13,169,1,1,[173]
14,41,1,1,[173]
14,132,1,1,[173]
15,7,1,1,[173]
15,25,1,1,[173]
15,81,1,1,[173]
15,92,1,1,[173]
15,148,1,1,[173]
15,166,1,1,[173]
16,1,1,1,[173]
16,172,1,1,[173]
18,57,1,1,[173]
18,116,1,1,[173]
19,100,2,2,"[173, 163]"
21,23,1,1,[173]
21,37,1,1,[173]
21,45,1,1,[173]
21,108,2,1,"[173, 179]"
21,128,1,1,[173]
21,136,1,1,[173]
21,150,1,1,[173]
22,24,1,1,[173]
22,149,1,1,[173]
23,22,1,1,[173]
23,23,2,2,"[173, 181]"
23,32,2,2,"[173, 157]"
23,151,1,1,[173]
24,9,1,1,[173]
24,20,1,1,[173]
24,22,1,1,[173]
24,125,2,1,"[173, 179]"
24,151,1,1,[173]
24,153,1,1,[173]
24,164,1,1,[173]
25,3,1,1,[173]
25,10,1,1,[173]
25,14,1,1,[173]
25,67,2,1,"[173, 163]"
25,74,2,2,"[173, 163]"
25,159,1,1,[173]
25,163,1,1,[173]
25,170,1,1,[173]
26,4,1,1,[173]
26,169,1,1,[173]
28,115,2,1,"[173, 193]"
29,84,1,1,[173]
29,89,1,1,[173]
30,25,1,1,[173]
30,77,2,1,"[173, 193]"
30,120,3,1,"[173, 197, 199]"
30,148,1,1,[173]
31,37,1,1,[173]
31,52,1,1,[173]
31,63,1,1,[173]
31,110,1,1,[173]
31,121,1,1,[173]
31,136,1,1,[173]
32,84,2,2,"[173, 163]"
33,9,1,1,[173]
33,33,2,2,"[173, 191]"
33,39,1,1,[173]
33,43,1,1,[173]
33,130,1,1,[173]
33,134,1,1,[173]
33,164,1,1,[173]
34,16,1,1,[173]
34,38,1,1,[173]
34,46,1,1,[173]
34,127,1,1,[173]
34,135,1,1,[173]
34,157,1,1,[173]
35,44,1,1,[173]
35,83,1,1,[173]
35,84,1,1,[173]
35,89,1,1,[173]
35,90,1,1,[173]
35,129,1,1,[173]
35,143,2,2,"[173, 163]"
36,25,1,1,[173]
36,148,1,1,[173]
37,30,1,1,[173]
37,33,1,1,[173]
37,73,1,1,[173]
37,100,1,1,[173]
37,140,1,1,[173]
37,143,1,1,[173]
38,24,1,1,[173]
38,57,1,1,[173]
38,69,1,1,[173]
38,85,2,1,"[173, 191]"
38,104,1,1,[173]
38,116,1,1,[173]
38,149,1,1,[173]
40,40,1,1,[173]
40,58,1,1,[173]
40,78,1,1,[173]
40,95,1,1,[173]
40,115,1,1,[173]
40,133,1,1,[173]
41,13,1,1,[173]
41,48,1,1,[173]
41,51,1,1,[173]
41,122,1,1,[173]
41,125,1,1,[173]
41,160,1,1,[173]
42,37,1,1,[173]
42,136,1,1,[173]
43,38,1,1,[173]
43,135,1,1,[173]
46,55,2,2,"[173, 163]"
47,16,1,1,[173]
47,157,1,1,[173]
48,22,1,1,[173]
48,151,1,1,[173]
49,11,1,1,[173]
49,21,1,1,[173]
49,64,1,1,[173]
49,109,1,1,[173]
49,152,1,1,[173]
49,162,1,1,[173]
50,14,1,1,[173]
50,159,1,1,[173]
51,29,1,1,[173]
51,144,1,1,[173]
52,23,1,1,[173]
52,150,1,1,[173]
53,84,1,1,[173]
53,89,1,1,[173]
53,161,2,1,"[173, 197]"
54,19,1,1,[173]
54,31,1,1,[173]
54,52,1,1,[173]
54,121,1,1,[173]
54,142,1,1,[173]
54,150,2,2,"[173, 157]"
54,154,1,1,[173]
55,8,1,1,[173]
55,31,1,1,[173]
55,78,1,1,[173]
55,95,1,1,[173]
55,142,1,1,[173]
55,165,1,1,[173]
56,10,1,1,[173]
56,67,1,1,[173]
56,72,1,1,[173]
56,101,1,1,[173]
56,106,1,1,[173]
56,163,1,1,[173]
57,43,1,1,[173]
57,130,1,1,[173]
59,85,1,1,[173]
59,88,1,1,[173]
60,14,1,1,[173]
60,159,1,1,[173]
61,160,2,2,"[173, 181]"
62,52,1,1,[173]
62,121,1,1,[173]
64,27,2,1,"[173, 179]"
64,32,1,1,[173]
64,34,1,1,[173]
64,49,1,1,[173]
64,124,1,1,[173]
64,139,1,1,[173]
64,141,1,1,[173]
66,9,1,1,[173]
66,164,1,1,[173]
67,6,1,1,[173]
67,43,1,1,[173]
67,71,1,1,[173]
67,102,1,1,[173]
67,130,1,1,[173]
67,144,2,2,"[173, 163]"
67,167,1,1,[173]
68,16,1,1,[173]
68,157,1,1,[173]
69,35,1,1,[173]
69,138,1,1,[173]
69,145,2,1,"[173, 179]"
70,83,1,1,[173]
70,90,1,1,[173]
71,1,1,1,[173]
71,172,1,1,[173]
73,1,1,1,[173]
73,17,1,1,[173]
73,36,1,1,[173]
73,137,1,1,[173]
73,156,1,1,[173]
73,172,1,1,[173]
74,28,2,2,"[173, 167]"
74,33,1,1,[173]
74,140,1,1,[173]
76,24,1,1,[173]
76,149,1,1,[173]
77,2,1,1,[173]
77,51,1,1,[173]
77,67,1,1,[173]
77,106,1,1,[173]
77,122,1,1,[173]
77,160,2,1,"[173, 163]"
77,171,1,1,[173]
78,13,1,1,[173]
78,34,1,1,[173]
78,59,1,1,[173]
78,114,1,1,[173]
78,139,1,1,[173]
78,160,1,1,[173]
79,77,1,1,[173]
79,96,1,1,[173]
80,40,1,1,[173]
80,133,1,1,[173]
81,67,1,1,[173]
81,106,1,1,[173]
82,51,1,1,[173]
82,122,1,1,[173]
82,138,2,2,"[173, 193]"
83,64,1,1,[173]
83,109,1,1,[173]
84,83,1,1,[173]
84,90,1,1,[173]
85,37,1,1,[173]
85,136,1,1,[173]
87,55,1,1,[173]
87,118,1,1,[173]
88,35,1,1,[173]
88,49,1,1,[173]
88,76,1,1,[173]
88,97,1,1,[173]
88,124,1,1,[173]
88,138,1,1,[173]
89,15,1,1,[173]
89,21,1,1,[173]
89,82,1,1,[173]
89,91,1,1,[173]
89,152,1,1,[173]
89,158,1,1,[173]
90,38,1,1,[173]
90,47,1,1,[173]
90,66,1,1,[173]
90,107,1,1,[173]
90,126,1,1,[173]
90,135,1,1,[173]
90,153,2,2,"[173, 179]"
91,57,2,1,"[173, 181]"
91,124,2,1,"[173, 181]"
92,12,1,1,[173]
92,40,1,1,[173]
92,56,1,1,[173]
92,117,1,1,[173]
92,133,1,1,[173]
92,161,1,1,[173]
95,31,1,1,[173]
95,142,1,1,[173]
96,40,1,1,[173]
96,133,1,1,[173]
97,142,2,1,"[173, 149]"
98,64,1,1,[173]
98,109,1,1,[173]
100,6,1,1,[173]
100,167,1,1,[173]
101,9,2,1,"[173, 193]"
101,23,1,1,[173]
101,150,1,1,[173]
104,41,2,1,"[173, 181]"
105,140,2,1,"[173, 181]"
106,36,1,1,[173]
106,137,1,1,[173]
108,31,1,1,[173]
108,63,2,1,"[173, 167]"
108,142,1,1,[173]
109,52,1,1,[173]
109,121,1,1,[173]
110,78,1,1,[173]
110,95,1,1,[173]
112,10,1,1,[173]
112,100,2,1,"[173, 193]"
112,163,1,1,[173]
113,18,1,1,[173]
113,56,2,2,"[173, 163]"
113,60,1,1,[173]
113,84,1,1,[173]
113,89,1,1,[173]
113,113,1,1,[173]
113,155,1,1,[173]
115,15,1,1,[173]
115,158,1,1,[173]
116,36,1,1,[173]
116,42,2,1,"[173, 167]"
116,80,1,1,[173]
116,85,1,1,[173]
116,88,1,1,[173]
116,93,1,1,[173]
116,137,1,1,[173]
117,56,1,1,[173]
117,117,1,1,[173]
118,13,1,1,[173]
118,160,1,1,[173]
119,34,1,1,[173]
119,66,2,1,"[173, 163]"
119,139,1,1,[173]
121,25,1,1,[173]
121,35,1,1,[173]
121,79,1,1,[173]
121,94,1,1,[173]
121,138,1,1,[173]
121,148,1,1,[173]
121,155,2,2,"[173, 179]"
122,1,1,1,[173]
122,24,1,1,[173]
122,62,1,1,[173]
122,111,1,1,[173]
122,149,1,1,[173]
122,172,1,1,[173]
123,23,2,1,"[173, 163]"
124,47,1,1,[173]
124,126,1,1,[173]
125,29,2,1,"[173, 151]"
126,55,1,1,[173]
126,70,1,1,[173]
126,77,1,1,[173]
126,96,1,1,[173]
126,103,1,1,[173]
126,118,1,1,[173]
127,41,1,1,[173]
127,61,3,1,"[173, 167, 149]"
127,132,1,1,[173]
128,34,1,1,[173]
128,139,1,1,[173]
129,29,1,1,[173]
129,109,2,1,"[173, 193]"
129,144,1,1,[173]
130,17,2,2,"[173, 167]"
130,50,1,1,[173]
130,55,1,1,[173]
130,64,1,1,[173]
130,97,2,1,"[173, 163]"
130,109,1,1,[173]
130,118,1,1,[173]
130,123,1,1,[173]
130,144,2,1,"[173, 191]"
132,78,1,1,[173]
132,95,1,1,[173]
133,51,1,1,[173]
133,122,1,1,[173]
134,43,1,1,[173]
134,130,1,1,[173]
135,4,1,1,[173]
135,169,1,1,[173]
136,81,1,1,[173]
136,92,1,1,[173]
137,23,1,1,[173]
137,33,1,1,[173]
137,42,1,1,[173]
137,131,1,1,[173]
137,140,1,1,[173]
137,150,1,1,[173]
138,15,1,1,[173]
138,158,1,1,[173]
139,55,1,1,[173]
139,118,1,1,[173]
140,85,1,1,[173]
140,88,1,1,[173]
141,6,1,1,[173]
141,167,1,1,[173]
142,49,1,1,[173]
142,124,1,1,[173]
143,47,2,1,"[173, 149]"
143,54,2,1,"[173, 181]"
144,14,1,1,[173]
144,15,1,1,[173]
144,65,1,1,[173]
144,108,1,1,[173]
144,158,1,1,[173]
144,159,1,1,[173]
145,73,1,1,[173]
145,100,1,1,[173]
146,36,1,1,[173]
146,75,2,2,"[173, 179]"
146,137,1,1,[173]
148,60,1,1,[173]
148,113,1,1,[173]
149,54,1,1,[173]
149,119,1,1,[173]
150,41,1,1,[173]
150,53,1,1,[173]
150,54,1,1,[173]
150,119,1,1,[173]
150,120,1,1,[173]
150,132,1,1,[173]
151,4,1,1,[173]
151,29,1,1,[173]
151,68,1,1,[173]
151,105,1,1,[173]
151,144,1,1,[173]
151,169,1,1,[173]
152,35,1,1,[173]
152,138,1,1,[173]
153,54,1,1,[173]
153,93,2,1,"[173, 167]"
153,119,1,1,[173]
154,67,1,1,[173]
154,106,1,1,[173]
155,67,2,1,"[173, 163]"
156,13,1,1,[173]
156,160,1,1,[173]
157,6,1,1,[173]
157,26,1,1,[173]
157,29,1,1,[173]
157,144,1,1,[173]
157,147,1,1,[173]
157,167,1,1,[173]
158,33,1,1,[173]
158,140,1,1,[173]
159,22,1,1,[173]
159,28,1,1,[173]
159,73,1,1,[173]
159,100,1,1,[173]
159,145,1,1,[173]
159,151,1,1,[173]
160,57,1,1,[173]
160,116,1,1,[173]
161,47,1,1,[173]
161,126,1,1,[173]
163,54,1,1,[173]
163,61,1,1,[173]
163,85,1,1,[173]
163,88,1,1,[173]
163,112,1,1,[173]
163,119,1,1,[173]
164,77,1,1,[173]
164,96,1,1,[173]
167,27,1,1,[173]
167,47,1,1,[173]
167,83,1,1,[173]
167,90,1,1,[173]
167,126,1,1,[173]
167,146,1,1,[173]
169,10,1,1,[173]
169,163,1,1,[173]
171,55,2,2,"[173, 193]"
171,81,1,1,[173]
171,92,1,1,[173]
172,5,1,1,[173]
172,41,1,1,[173]
172,81,1,1,[173]
172,92,1,1,[173]
172,132,1,1,[173]
1,87,1,1,[179]
2,45,1,1,[179]
2,59,1,1,[179]
2,73,1,1,[179]
3,126,1,1,[179]
4,20,1,1,[179]
5,17,1,1,[179]
6,44,1,1,[179]
6,59,1,1,[179]
6,141,1,1,[179]
7,49,1,1,[179]
7,108,1,1,[179]
7,135,2,1,"[179, 173]"
7,167,1,1,[179]
8,65,1,1,[179]
8,118,2,1,"[179, 163]"
8,132,1,1,[179]
8,177,1,1,[179]
9,22,1,1,[179]
10,52,1,1,[179]
10,100,1,1,[179]
10,148,1,1,[179]
11,3,1,1,[179]
11,160,1,1,[179]
11,171,1,1,[179]
12,66,1,1,[179]
13,107,1,1,[179]
14,118,2,1,"[179, 197]"
14,161,1,1,[179]
15,35,2,2,"[179, 193]"
15,74,1,1,[179]
15,96,2,2,"[179, 191]"
15,100,2,1,"[179, 157]"
16,19,1,1,[179]
17,121,1,1,[179]
18,2,1,1,[179]
18,141,1,1,[179]
18,161,1,1,[179]
19,36,1,1,[179]
20,43,1,1,[179]
21,32,1,1,[179]
21,70,1,1,[179]
21,108,1,1,[179]
21,138,2,1,"[179, 193]"
22,61,1,1,[179]
22,80,2,2,"[179, 167]"
23,12,1,1,[179]
23,103,1,1,[179]
23,147,1,1,[179]
23,151,2,1,"[179, 173]"
24,6,1,1,[179]
24,22,2,1,"[179, 173]"
24,65,1,1,[179]
24,125,1,1,[179]
25,135,1,1,[179]
26,26,1,1,[179]
26,43,1,1,[179]
26,124,1,1,[179]
27,1,1,1,[179]
28,31,1,1,[179]
28,96,1,1,[179]
28,145,1,1,[179]
29,46,1,1,[179]
30,23,1,1,[179]
30,100,1,1,[179]
30,151,1,1,[179]
31,106,2,1,"[179, 167]"
31,139,1,1,[179]
32,16,1,1,[179]
32,17,1,1,[179]
32,18,1,1,[179]
32,42,2,1,"[179, 193]"
32,49,2,1,"[179, 197]"
32,79,2,1,"[179, 167]"
33,81,1,1,[179]
33,170,1,1,[179]
33,171,1,1,[179]
34,11,1,1,[179]
34,80,1,1,[179]
34,149,1,1,[179]
35,10,1,1,[179]
35,83,2,1,"[179, 193]"
35,89,1,1,[179]
35,90,2,1,"[179, 181]"
35,168,1,1,[179]
36,3,1,1,[179]
37,144,1,1,[179]
37,153,1,1,[179]
37,162,1,1,[179]
38,68,1,1,[179]
38,117,1,1,[179]
38,158,3,1,"[179, 199, 211]"
38,166,1,1,[179]
39,13,1,1,[179]
40,69,1,1,[179]
40,84,2,2,"[179, 181]"
40,95,1,1,[179]
40,121,1,1,[179]
41,13,2,1,"[179, 173]"
41,20,1,1,[179]
41,66,1,1,[179]
41,67,2,1,"[179, 181]"
41,112,1,1,[179]
42,48,1,1,[179]
43,59,2,2,"[179, 191]"
43,68,1,1,[179]
44,64,1,1,[179]
44,152,1,1,[179]
44,155,1,1,[179]
45,101,1,1,[179]
46,65,1,1,[179]
47,42,1,1,[179]
48,9,1,1,[179]
49,52,1,1,[179]
50,36,1,1,[179]
50,76,1,1,[179]
50,175,1,1,[179]
51,95,1,1,[179]
52,39,1,1,[179]
53,1,1,1,[179]
53,57,1,1,[179]
53,113,1,1,[179]
53,120,2,2,"[179, 163]"
54,48,1,1,[179]
54,114,1,1,[179]
54,161,1,1,[179]
55,87,1,1,[179]
55,126,1,1,[179]
55,165,1,1,[179]
56,144,1,1,[179]
57,83,1,1,[179]
58,53,1,1,[179]
58,60,1,1,[179]
58,67,1,1,[179]
59,12,1,1,[179]
60,124,1,1,[179]
61,82,1,1,[179]
62,4,1,1,[179]
62,25,2,1,"[179, 193]"
62,49,1,1,[179]
62,94,1,1,[179]
62,129,2,1,"[179, 191]"
63,34,1,1,[179]
63,52,1,1,[179]
63,70,1,1,[179]
63,109,2,2,"[179, 181]"
64,27,1,1,[179]
64,49,2,1,"[179, 173]"
65,60,1,1,[179]
66,76,1,1,[179]
66,103,2,2,"[179, 181]"
67,89,1,1,[179]
68,106,1,1,[179]
68,138,2,1,"[179, 163]"
69,143,1,1,[179]
69,145,1,1,[179]
69,147,1,1,[179]
70,15,1,1,[179]
71,56,1,1,[179]
71,63,1,1,[179]
71,82,2,1,"[179, 197]"
71,149,1,1,[179]
72,125,1,1,[179]
72,144,1,1,[179]
72,163,1,1,[179]
72,174,2,1,"[179, 199]"
73,17,2,1,"[179, 173]"
73,86,1,1,[179]
73,121,1,1,[179]
73,156,1,1,[179]
74,64,1,1,[179]
74,140,2,1,"[179, 173]"
75,177,1,1,[179]
76,70,1,1,[179]
77,142,1,1,[179]
78,23,2,1,"[179, 163]"
78,50,1,1,[179]
78,87,1,1,[179]
78,124,1,1,[179]
79,42,1,1,[179]
79,67,1,1,[179]
79,92,1,1,[179]
80,14,1,1,[179]
80,24,2,1,"[179, 191]"
81,57,1,1,[179]
82,168,1,1,[179]
83,69,2,1,"[179, 193]"
83,151,1,1,[179]
84,31,1,1,[179]
84,102,1,1,[179]
84,156,1,1,[179]
85,108,1,1,[179]
86,29,1,1,[179]
86,42,1,1,[179]
86,55,1,1,[179]
87,116,1,1,[179]
88,49,1,1,[179]
89,4,1,1,[179]
90,15,1,1,[179]
90,58,1,1,[179]
90,151,1,1,[179]
90,153,2,2,"[179, 173]"
91,15,1,1,[179]
91,84,1,1,[179]
91,139,1,1,[179]
91,147,2,2,"[179, 199]"
92,71,1,1,[179]
92,77,1,1,[179]
92,83,1,1,[179]
93,47,1,1,[179]
93,132,2,1,"[179, 181]"
94,47,1,1,[179]
94,134,1,1,[179]
94,139,1,1,[179]
95,74,2,2,"[179, 191]"
95,149,1,1,[179]
96,17,1,1,[179]
96,74,1,1,[179]
96,95,2,1,"[179, 199]"
96,131,1,1,[179]
97,77,1,1,[179]
97,93,1,1,[179]
97,109,1,1,[179]
98,21,1,1,[179]
98,138,1,1,[179]
98,169,1,1,[179]
99,24,1,1,[179]
99,81,1,1,[179]
99,142,1,1,[179]
100,173,1,1,[179]
101,59,1,1,[179]
102,80,1,1,[179]
102,85,1,1,[179]
102,90,1,1,[179]
103,47,1,1,[179]
103,120,1,1,[179]
103,173,1,1,[179]
104,14,1,1,[179]
104,29,2,1,"[179, 181]"
104,82,1,1,[179]
104,150,1,1,[179]
105,33,1,1,[179]
105,61,1,1,[179]
105,89,1,1,[179]
106,80,1,1,[179]
107,110,1,1,[179]
108,171,1,1,[179]
109,74,1,1,[179]
109,101,1,1,[179]
109,128,1,1,[179]
110,21,2,1,"[179, 181]"
110,158,1,1,[179]
111,50,2,1,"[179, 181]"
111,105,1,1,[179]
111,106,2,2,"[179, 193]"
111,129,1,1,[179]
111,153,1,1,[179]
112,93,1,1,[179]
112,110,1,1,[179]
112,127,1,1,[179]
113,5,1,1,[179]
113,28,1,1,[179]
113,106,1,1,[179]
114,46,1,1,[179]
114,117,1,1,[179]
114,154,1,1,[179]
115,123,1,1,[179]
115,146,1,1,[179]
115,169,1,1,[179]
116,169,1,1,[179]
117,25,1,1,[179]
118,39,1,1,[179]
118,115,1,1,[179]
118,142,1,1,[179]
119,8,1,1,[179]
119,27,1,1,[179]
119,72,2,1,"[179, 181]"
119,107,1,1,[179]
120,45,1,1,[179]
120,95,1,1,[179]
120,174,1,1,[179]
121,16,1,1,[179]
121,35,2,1,"[179, 173]"
121,155,2,2,"[179, 173]"
122,40,1,1,[179]
122,135,1,1,[179]
122,177,1,1,[179]
123,3,1,1,[179]
123,66,1,1,[179]
123,119,1,1,[179]
124,141,1,1,[179]
125,156,1,1,[179]
126,51,1,1,[179]
127,12,1,1,[179]
127,85,1,1,[179]
127,101,2,1,"[179, 191]"
127,118,1,1,[179]
127,140,2,2,"[179, 167]"
128,35,1,1,[179]
128,43,1,1,[179]
128,51,1,1,[179]
129,117,1,1,[179]
130,16,1,1,[179]
130,38,1,1,[179]
130,173,1,1,[179]
131,41,1,1,[179]
131,116,1,1,[179]
131,168,1,1,[179]
132,64,1,1,[179]
132,68,1,1,[179]
132,72,1,1,[179]
133,20,1,1,[179]
133,82,1,1,[179]
133,98,2,1,"[179, 167]"
133,137,1,1,[179]
134,9,1,1,[179]
134,122,1,1,[179]
134,155,1,1,[179]
135,29,1,1,[179]
136,61,1,1,[179]
136,76,1,1,[179]
136,91,1,1,[179]
137,1,1,1,[179]
137,22,1,1,[179]
137,45,2,2,"[179, 197]"
137,159,1,1,[179]
138,125,1,1,[179]
139,85,1,1,[179]
139,119,2,1,"[179, 197]"
140,4,1,1,[179]
140,13,2,2,"[179, 193]"
140,88,1,1,[179]
140,99,1,1,[179]
140,127,2,1,"[179, 167]"
141,67,1,1,[179]
142,5,1,1,[179]
143,56,1,1,[179]
143,133,1,1,[179]
143,158,1,1,[179]
144,155,1,1,[179]
145,81,1,1,[179]
146,75,2,2,"[179, 173]"
146,129,1,1,[179]
147,100,1,1,[179]
148,29,1,1,[179]
148,101,1,1,[179]
148,136,1,1,[179]
149,88,1,1,[179]
150,36,1,1,[179]
150,83,1,1,[179]
150,130,1,1,[179]
151,56,1,1,[179]
152,104,1,1,[179]
152,138,1,1,[179]
152,172,1,1,[179]
153,45,1,1,[179]
154,14,1,1,[179]
154,78,1,1,[179]
154,129,1,1,[179]
155,93,1,1,[179]
156,75,1,1,[179]
156,154,2,2,"[179, 193]"
157,5,1,1,[179]
157,79,1,1,[179]
157,103,2,2,"[179, 199]"
157,110,1,1,[179]
158,138,1,1,[179]
159,27,1,1,[179]
159,57,1,1,[179]
159,176,1,1,[179]
160,106,1,1,[179]
160,135,1,1,[179]
160,164,1,1,[179]
161,31,1,1,[179]
161,66,2,1,"[179, 199]"
162,48,1,1,[179]
162,51,1,1,[179]
162,54,1,1,[179]
163,7,1,1,[179]
163,46,1,1,[179]
163,116,1,1,[179]
164,9,1,1,[179]
164,19,1,1,[179]
164,178,1,1,[179]
165,22,1,1,[179]
165,97,1,1,[179]
165,126,1,1,[179]
166,30,1,1,[179]
166,70,2,1,"[179, 193]"
166,88,1,1,[179]
166,146,1,1,[179]
167,62,1,1,[179]
167,75,1,1,[179]
167,158,1,1,[179]
168,153,1,1,[179]
169,146,1,1,[179]
170,25,1,1,[179]
170,140,1,1,[179]
170,172,1,1,[179]
171,77,1,1,[179]
172,172,1,1,[179]
173,145,1,1,[179]
174,19,1,1,[179]
174,60,1,1,[179]
174,157,1,1,[179]
175,39,1,1,[179]
175,75,1,1,[179]
175,111,1,1,[179]
175,138,2,1,"[179, 199]"
175,140,2,2,"[179, 181]"
176,13,1,1,[179]
176,25,1,1,[179]
176,37,1,1,[179]
177,130,2,1,"[179, 193]"
177,147,1,1,[179]
178,13,1,1,[179]
178,98,1,1,[179]
178,107,1,1,[179]
178,117,2,2,"[179, 199]"
0,18,2,2,"[181, 163]"
0,32,2,2,"[181, 163]"
0,66,2,2,"[181, 163]"
0,120,2,2,"[181, 163]"
0,124,2,2,"[181, 163]"
0,149,2,2,"[181, 163]"
1,5,2,2,"[181, 199]"
1,139,2,1,"[181, 193]"
2,73,2,1,"[181, 179]"
2,88,2,2,"[181, 173]"
2,89,2,2,"[181, 167]"
2,99,2,1,"[181, 167]"
3,176,2,1,"[181, 193]"
4,47,1,1,[181]
4,134,1,1,[181]
7,1,1,1,[181]
7,61,1,1,[181]
7,85,1,1,[181]
7,94,2,1,"[181, 199]"
7,96,1,1,[181]
7,120,1,1,[181]
7,144,2,1,"[181, 157]"
7,180,1,1,[181]
8,28,1,1,[181]
8,42,1,1,[181]
8,50,1,1,[181]
8,131,1,1,[181]
8,139,1,1,[181]
8,153,1,1,[181]
9,57,3,1,"[181, 163, 173]"
10,100,2,1,"[181, 179]"
11,47,1,1,[181]
11,134,1,1,[181]
12,53,1,1,[181]
12,128,1,1,[181]
15,9,2,1,"[181, 157]"
16,18,2,1,"[181, 163]"
17,32,1,1,[181]
17,48,1,1,[181]
17,83,1,1,[181]
17,98,1,1,[181]
17,133,1,1,[181]
17,149,1,1,[181]
18,161,2,1,"[181, 179]"
19,1,1,1,[181]
19,61,1,1,[181]
19,85,1,1,[181]
19,96,1,1,[181]
19,120,1,1,[181]
19,180,1,1,[181]
20,10,1,1,[181]
20,32,2,1,"[181, 199]"
20,171,1,1,[181]
21,66,1,1,[181]
21,82,1,1,[181]
21,89,1,1,[181]
21,92,1,1,[181]
21,99,1,1,[181]
21,115,1,1,[181]
22,28,1,1,[181]
22,34,2,2,"[181, 199]"
22,42,1,1,[181]
22,50,1,1,[181]
22,131,1,1,[181]
22,139,1,1,[181]
22,153,1,1,[181]
23,23,2,2,"[181, 173]"
24,5,1,1,[181]
24,57,1,1,[181]
24,63,1,1,[181]
24,118,1,1,[181]
24,124,1,1,[181]
24,176,1,1,[181]
28,127,2,1,"[181, 167]"
31,21,1,1,[181]
31,53,1,1,[181]
31,59,1,1,[181]
31,122,1,1,[181]
31,128,1,1,[181]
31,160,1,1,[181]
33,53,1,1,[181]
33,61,2,2,"[181, 199]"
33,128,1,1,[181]
35,46,1,1,[181]
35,72,1,1,[181]
35,90,1,1,[181]
35,91,1,1,[181]
35,109,1,1,[181]
35,135,1,1,[181]
36,2,1,1,[181]
36,179,1,1,[181]
37,58,1,1,[181]
37,123,1,1,[181]
39,17,2,2,"[181, 193]"
39,121,2,1,"[181, 157]"
40,21,1,1,[181]
40,53,1,1,[181]
40,59,1,1,[181]
40,84,2,2,"[181, 179]"
40,122,1,1,[181]
40,128,1,1,[181]
40,160,1,1,[181]
41,67,1,1,[181]
41,76,1,1,[181]
41,84,1,1,[181]
41,97,1,1,[181]
41,105,1,1,[181]
41,114,1,1,[181]
42,99,2,2,"[181, 199]"
45,88,2,1,"[181, 163]"
46,2,1,1,[181]
46,78,2,2,"[181, 157]"
46,179,1,1,[181]
47,84,2,2,"[181, 167]"
49,89,1,1,[181]
49,92,1,1,[181]
50,54,2,2,"[181, 193]"
50,70,2,1,"[181, 163]"
51,46,1,1,[181]
51,72,1,1,[181]
51,90,1,1,[181]
51,91,1,1,[181]
51,109,1,1,[181]
51,135,1,1,[181]
52,54,1,1,[181]
52,127,1,1,[181]
55,10,1,1,[181]
55,149,2,1,"[181, 199]"
55,171,1,1,[181]
56,63,1,1,[181]
56,118,1,1,[181]
57,66,1,1,[181]
57,82,1,1,[181]
57,83,2,1,"[181, 179]"
57,89,1,1,[181]
57,92,1,1,[181]
57,99,1,1,[181]
57,115,1,1,[181]
60,25,2,1,"[181, 193]"
60,85,1,1,[181]
60,96,1,1,[181]
61,160,2,2,"[181, 173]"
62,25,2,1,"[181, 193]"
62,164,2,2,"[181, 193]"
63,18,1,1,[181]
63,27,1,1,[181]
63,58,1,1,[181]
63,109,2,2,"[181, 179]"
63,123,1,1,[181]
63,154,1,1,[181]
63,163,1,1,[181]
63,168,2,2,"[181, 191]"
64,69,1,1,[181]
64,112,1,1,[181]
66,5,1,1,[181]
66,57,1,1,[181]
66,63,1,1,[181]
66,103,2,2,"[181, 179]"
66,118,1,1,[181]
66,124,1,1,[181]
66,176,1,1,[181]
67,84,1,1,[181]
67,97,1,1,[181]
68,157,2,1,"[181, 173]"
69,125,2,2,"[181, 193]"
70,47,2,1,"[181, 193]"
71,84,3,3,"[181, 193, 199]"
71,152,2,2,"[181, 193]"
72,32,1,1,[181]
72,48,1,1,[181]
72,83,1,1,[181]
72,98,1,1,[181]
72,133,1,1,[181]
72,149,1,1,[181]
74,23,1,1,[181]
74,54,1,1,[181]
74,56,1,1,[181]
74,125,1,1,[181]
74,127,1,1,[181]
74,140,3,1,"[181, 179, 173]"
74,158,1,1,[181]
75,129,2,2,"[181, 157]"
78,60,2,1,"[181, 163]"
79,50,1,1,[181]
79,131,1,1,[181]
80,41,2,1,"[181, 163]"
82,157,2,1,"[181, 163]"
83,44,2,1,"[181, 163]"
84,54,2,1,"[181, 193]"
85,17,1,1,[181]
85,24,1,1,[181]
85,36,1,1,[181]
85,111,3,3,"[181, 191, 193]"
85,145,1,1,[181]
85,157,1,1,[181]
85,164,1,1,[181]
87,39,2,1,"[181, 157]"
88,171,2,2,"[181, 193]"
90,15,2,1,"[181, 179]"
90,47,2,1,"[181, 193]"
90,153,3,2,"[181, 173, 179]"
91,5,1,1,[181]
91,57,1,1,[181]
91,63,1,1,[181]
91,118,1,1,[181]
91,124,1,1,[181]
91,176,1,1,[181]
92,32,1,1,[181]
92,48,1,1,[181]
92,83,1,1,[181]
92,98,1,1,[181]
92,133,1,1,[181]
92,149,1,1,[181]
93,2,1,1,[181]
93,49,1,1,[181]
93,88,1,1,[181]
93,93,1,1,[181]
93,132,1,1,[181]
93,179,1,1,[181]
94,83,1,1,[181]
94,98,1,1,[181]
95,46,1,1,[181]
95,72,1,1,[181]
95,90,1,1,[181]
95,91,1,1,[181]
95,109,1,1,[181]
95,135,1,1,[181]
97,25,1,1,[181]
97,47,1,1,[181]
97,77,1,1,[181]
97,104,1,1,[181]
97,134,1,1,[181]
97,156,1,1,[181]
98,17,1,1,[181]
98,24,1,1,[181]
98,36,1,1,[181]
98,145,1,1,[181]
98,157,1,1,[181]
98,164,1,1,[181]
99,2,1,1,[181]
99,179,1,1,[181]
100,83,1,1,[181]
100,98,1,1,[181]
101,72,1,1,[181]
101,109,1,1,[181]
102,135,2,1,"[181, 199]"
103,66,1,1,[181]
103,82,1,1,[181]
103,89,1,1,[181]
103,92,1,1,[181]
103,99,1,1,[181]
103,115,1,1,[181]
104,29,1,1,[181]
104,41,1,1,[181]
104,69,1,1,[181]
104,112,1,1,[181]
104,140,1,1,[181]
104,152,1,1,[181]
105,29,1,1,[181]
105,41,1,1,[181]
105,69,1,1,[181]
105,112,1,1,[181]
105,113,2,1,"[181, 191]"
105,140,1,1,[181]
105,152,1,1,[181]
106,10,1,1,[181]
106,171,1,1,[181]
108,5,2,1,"[181, 193]"
108,17,1,1,[181]
108,163,2,1,"[181, 199]"
108,164,1,1,[181]
109,128,2,1,"[181, 193]"
110,15,3,3,"[181, 191, 199]"
110,21,1,1,[181]
110,53,1,1,[181]
110,59,1,1,[181]
110,122,1,1,[181]
110,128,1,1,[181]
110,155,2,1,"[181, 191]"
110,160,1,1,[181]
111,50,1,1,[181]
111,131,1,1,[181]
112,10,1,1,[181]
112,64,1,1,[181]
112,78,1,1,[181]
112,103,1,1,[181]
112,117,1,1,[181]
112,171,1,1,[181]
113,23,1,1,[181]
113,54,1,1,[181]
113,56,1,1,[181]
113,125,1,1,[181]
113,127,1,1,[181]
113,158,1,1,[181]
116,17,1,1,[181]
116,164,1,1,[181]
119,72,1,1,[181]
119,109,1,1,[181]
120,2,1,1,[181]
120,49,1,1,[181]
120,88,1,1,[181]
120,93,1,1,[181]
120,122,2,2,"[181, 167]"
120,132,1,1,[181]
120,179,1,1,[181]
122,69,1,1,[181]
122,112,1,1,[181]
123,10,1,1,[181]
123,64,1,1,[181]
123,78,1,1,[181]
123,103,1,1,[181]
123,114,2,1,"[181, 167]"
123,117,1,1,[181]
123,171,1,1,[181]
127,10,1,1,[181]
127,64,1,1,[181]
127,78,1,1,[181]
127,103,1,1,[181]
127,117,1,1,[181]
127,171,1,1,[181]
128,18,1,1,[181]
128,27,1,1,[181]
128,58,1,1,[181]
128,123,1,1,[181]
128,154,1,1,[181]
128,163,1,1,[181]
130,17,3,2,"[181, 167, 173]"
131,25,1,1,[181]
131,47,1,1,[181]
131,77,1,1,[181]
131,104,1,1,[181]
131,134,1,1,[181]
131,156,1,1,[181]
133,89,1,1,[181]
133,92,1,1,[181]
134,25,1,1,[181]
134,29,3,2,"[181, 167, 191]"
134,47,1,1,[181]
134,77,1,1,[181]
134,104,1,1,[181]
134,134,1,1,[181]
134,156,1,1,[181]
136,53,1,1,[181]
136,105,2,1,"[181, 157]"
136,128,1,1,[181]
137,85,1,1,[181]
137,96,1,1,[181]
138,17,1,1,[181]
138,164,1,1,[181]
139,84,1,1,[181]
139,97,1,1,[181]
140,17,2,2,"[181, 163]"
141,152,2,2,"[181, 193]"
142,72,1,1,[181]
142,109,1,1,[181]
143,54,1,1,[181]
143,127,1,1,[181]
145,24,2,1,"[181, 163]"
145,56,2,1,"[181, 193]"
147,58,1,1,[181]
147,123,1,1,[181]
149,2,1,1,[181]
149,49,1,1,[181]
149,88,1,1,[181]
149,93,1,1,[181]
149,132,1,1,[181]
149,179,1,1,[181]
150,132,2,1,"[181, 173]"
151,28,1,1,[181]
151,42,1,1,[181]
151,50,1,1,[181]
151,131,1,1,[181]
151,139,1,1,[181]
151,147,2,1,"[181, 199]"
151,153,1,1,[181]
152,63,1,1,[181]
152,118,1,1,[181]
153,29,1,1,[181]
153,41,1,1,[181]
153,69,1,1,[181]
153,112,1,1,[181]
153,140,1,1,[181]
153,152,1,1,[181]
154,63,1,1,[181]
154,118,1,1,[181]
155,1,1,1,[181]
155,61,1,1,[181]
155,85,1,1,[181]
155,93,2,1,"[181, 179]"
155,96,1,1,[181]
155,120,1,1,[181]
155,180,1,1,[181]
156,57,3,3,"[181, 199, 193]"
156,84,1,1,[181]
156,97,1,1,[181]
157,128,2,2,"[181, 167]"
158,67,1,1,[181]
158,76,1,1,[181]
158,84,1,1,[181]
158,97,1,1,[181]
158,105,1,1,[181]
158,114,1,1,[181]
163,67,1,1,[181]
163,76,1,1,[181]
163,84,1,1,[181]
163,97,1,1,[181]
163,105,1,1,[181]
163,114,1,1,[181]
165,85,1,1,[181]
165,96,1,1,[181]
166,47,1,1,[181]
166,88,2,1,"[181, 179]"
166,134,1,1,[181]
167,54,1,1,[181]
167,127,1,1,[181]
168,67,2,1,"[181, 193]"
168,83,1,1,[181]
168,98,1,1,[181]
171,18,1,1,[181]
171,27,1,1,[181]
171,58,1,1,[181]
171,123,1,1,[181]
171,154,1,1,[181]
171,163,1,1,[181]
172,50,1,1,[181]
172,131,1,1,[181]
175,23,1,1,[181]
175,54,1,1,[181]
175,56,1,1,[181]
175,125,1,1,[181]
175,127,1,1,[181]
175,140,2,2,"[181, 179]"
175,158,1,1,[181]
176,69,1,1,[181]
176,112,1,1,[181]
178,58,1,1,[181]
178,123,1,1,[181]
179,17,1,1,[181]
179,24,1,1,[181]
179,36,1,1,[181]
179,145,1,1,[181]
179,157,1,1,[181]
179,164,1,1,[181]
180,89,1,1,[181]
180,92,1,1,[181]
1,59,1,1,[191]
2,150,1,1,[191]
3,46,1,1,[191]
3,145,2,1,"[191, 193]"
4,48,2,2,"[191, 197]"
4,90,1,1,[191]
5,72,1,1,[191]
5,171,2,1,"[191, 197]"
6,104,1,1,[191]
7,63,1,1,[191]
7,86,1,1,[191]
7,189,1,1,[191]
8,54,1,1,[191]
8,137,2,2,"[191, 193]"
9,35,2,2,"[191, 197]"
9,65,1,1,[191]
9,162,2,2,"[191, 197]"
10,5,1,1,[191]
11,110,1,1,[191]
11,135,1,1,[191]
11,139,1,1,[191]
12,177,1,1,[191]
13,133,1,1,[191]
14,37,1,1,[191]
14,76,1,1,[191]
14,128,1,1,[191]
14,161,2,1,"[191, 179]"
15,27,1,1,[191]
15,96,2,2,"[191, 179]"
16,147,1,1,[191]
17,108,1,1,[191]
18,39,1,1,[191]
19,78,1,1,[191]
19,106,1,1,[191]
19,127,1,1,[191]
20,3,1,1,[191]
20,31,2,1,"[191, 197]"
20,151,2,1,"[191, 197]"
21,47,1,1,[191]
21,66,2,1,"[191, 181]"
21,80,1,1,[191]
21,143,1,1,[191]
22,7,1,1,[191]
22,66,1,1,[191]
22,81,1,1,[191]
23,154,1,1,[191]
24,68,1,1,[191]
25,117,1,1,[191]
25,159,2,2,"[191, 197]"
26,118,1,1,[191]
27,96,1,1,[191]
28,115,1,1,[191]
28,122,1,1,[191]
28,175,1,1,[191]
29,36,1,1,[191]
29,88,1,1,[191]
29,93,1,1,[191]
30,169,1,1,[191]
31,24,1,1,[191]
31,62,1,1,[191]
31,186,1,1,[191]
32,50,1,1,[191]
32,53,2,2,"[191, 197]"
32,161,2,1,"[191, 197]"
33,9,2,1,"[191, 173]"
33,33,2,2,"[191, 173]"
33,76,1,1,[191]
33,89,1,1,[191]
33,170,1,1,[191]
34,103,1,1,[191]
35,92,1,1,[191]
35,140,1,1,[191]
35,174,1,1,[191]
36,138,1,1,[191]
37,43,1,1,[191]
37,127,1,1,[191]
37,190,1,1,[191]
38,38,1,1,[191]
38,85,1,1,[191]
38,140,1,1,[191]
39,26,1,1,[191]
39,73,2,1,"[191, 199]"
39,103,2,2,"[191, 197]"
40,40,1,1,[191]
40,121,2,1,"[191, 179]"
40,160,2,1,"[191, 181]"
41,20,1,1,[191]
41,155,1,1,[191]
41,179,1,1,[191]
42,48,1,1,[191]
42,119,2,1,"[191, 199]"
42,124,1,1,[191]
42,181,1,1,[191]
43,59,2,2,"[191, 179]"
43,73,2,2,"[191, 197]"
43,130,1,1,[191]
44,116,1,1,[191]
44,125,1,1,[191]
44,157,1,1,[191]
45,34,1,1,[191]
46,16,1,1,[191]
47,42,1,1,[191]
47,121,1,1,[191]
47,126,1,1,[191]
48,79,1,1,[191]
48,144,2,1,"[191, 197]"
49,9,1,1,[191]
49,152,2,1,"[191, 167]"
50,32,1,1,[191]
51,136,1,1,[191]
52,54,2,1,"[191, 181]"
52,109,1,1,[191]
53,10,1,1,[191]
53,173,1,1,[191]
53,185,1,1,[191]
54,87,2,2,"[191, 197]"
54,134,1,1,[191]
55,11,1,1,[191]
55,100,1,1,[191]
55,131,1,1,[191]
56,35,1,1,[191]
56,69,1,1,[191]
56,105,1,1,[191]
57,77,1,1,[191]
57,167,1,1,[191]
57,183,1,1,[191]
58,42,2,2,"[191, 211]"
58,91,1,1,[191]
58,94,1,1,[191]
58,98,1,1,[191]
59,52,1,1,[191]
60,25,1,1,[191]
61,47,1,1,[191]
61,49,1,1,[191]
61,141,1,1,[191]
62,129,1,1,[191]
62,164,3,2,"[191, 181, 193]"
62,188,1,1,[191]
62,190,1,1,[191]
63,30,1,1,[191]
63,137,1,1,[191]
63,168,2,2,"[191, 181]"
63,173,1,1,[191]
64,30,1,1,[191]
65,49,1,1,[191]
66,102,1,1,[191]
66,122,1,1,[191]
66,168,1,1,[191]
67,77,1,1,[191]
68,100,1,1,[191]
69,10,1,1,[191]
69,28,3,1,"[191, 199, 197]"
70,17,1,1,[191]
70,28,1,1,[191]
70,70,2,1,"[191, 199]"
70,84,1,1,[191]
71,25,1,1,[191]
71,146,1,1,[191]
71,176,1,1,[191]
72,121,1,1,[191]
73,7,1,1,[191]
73,21,1,1,[191]
73,52,1,1,[191]
74,38,1,1,[191]
74,64,1,1,[191]
74,114,1,1,[191]
75,20,1,1,[191]
75,138,3,2,"[191, 197, 193]"
76,51,1,1,[191]
76,61,1,1,[191]
76,84,1,1,[191]
77,43,1,1,[191]
78,92,1,1,[191]
79,170,1,1,[191]
80,24,1,1,[191]
81,36,1,1,[191]
82,12,1,1,[191]
82,31,1,1,[191]
82,93,1,1,[191]
82,98,2,1,"[191, 193]"
83,134,1,1,[191]
83,179,1,1,[191]
83,187,1,1,[191]
84,67,1,1,[191]
84,102,2,1,"[191, 179]"
84,185,1,1,[191]
84,189,1,1,[191]
85,80,1,1,[191]
85,111,3,3,"[191, 193, 181]"
86,78,1,1,[191]
87,11,1,1,[191]
87,33,1,1,[191]
87,109,1,1,[191]
88,45,2,2,"[191, 193]"
88,56,1,1,[191]
88,75,1,1,[191]
88,146,1,1,[191]
89,33,1,1,[191]
89,99,1,1,[191]
89,136,1,1,[191]
90,135,1,1,[191]
91,19,1,1,[191]
91,32,1,1,[191]
91,57,1,1,[191]
92,86,1,1,[191]
93,9,1,1,[191]
93,22,1,1,[191]
93,71,1,1,[191]
94,149,1,1,[191]
94,152,1,1,[191]
94,178,1,1,[191]
95,29,1,1,[191]
95,74,2,2,"[191, 179]"
95,79,1,1,[191]
95,87,1,1,[191]
96,162,1,1,[191]
97,13,1,1,[191]
97,71,2,1,"[191, 167]"
97,141,2,2,"[191, 197]"
98,120,1,1,[191]
99,16,1,1,[191]
99,105,1,1,[191]
99,124,1,1,[191]
100,29,2,1,"[191, 197]"
100,172,1,1,[191]
101,34,1,1,[191]
101,56,1,1,[191]
101,168,1,1,[191]
102,41,2,1,"[191, 197]"
102,91,2,1,"[191, 199]"
102,158,1,1,[191]
103,45,1,1,[191]
103,83,2,1,"[191, 197]"
104,180,1,1,[191]
105,113,1,1,[191]
105,130,1,1,[191]
105,148,1,1,[191]
106,6,1,1,[191]
106,111,1,1,[191]
106,142,1,1,[191]
107,2,1,1,[191]
107,35,2,2,"[191, 199]"
107,52,2,2,"[191, 197]"
108,4,1,1,[191]
108,105,2,1,"[191, 197]"
109,160,1,1,[191]
110,15,3,3,"[191, 199, 181]"
110,60,1,1,[191]
110,83,1,1,[191]
110,155,1,1,[191]
111,40,1,1,[191]
111,119,1,1,[191]
111,167,1,1,[191]
112,21,1,1,[191]
112,63,1,1,[191]
112,156,1,1,[191]
113,26,1,1,[191]
113,99,1,1,[191]
113,106,1,1,[191]
114,8,1,1,[191]
114,62,1,1,[191]
114,148,1,1,[191]
115,107,1,1,[191]
116,97,1,1,[191]
116,131,1,1,[191]
116,171,1,1,[191]
117,153,1,1,[191]
118,184,1,1,[191]
119,19,1,1,[191]
119,70,1,1,[191]
119,138,1,1,[191]
120,15,1,1,[191]
121,163,1,1,[191]
122,112,2,1,"[191, 181]"
122,144,1,1,[191]
122,161,1,1,[191]
122,181,1,1,[191]
123,82,1,1,[191]
123,91,1,1,[191]
123,103,1,1,[191]
124,1,1,1,[191]
124,114,1,1,[191]
124,151,1,1,[191]
125,23,1,1,[191]
126,18,1,1,[191]
126,44,1,1,[191]
126,142,1,1,[191]
127,50,1,1,[191]
127,101,1,1,[191]
127,161,1,1,[191]
128,18,1,1,[191]
129,1,1,1,[191]
130,144,1,1,[191]
131,90,2,2,"[191, 199]"
131,116,1,1,[191]
131,166,1,1,[191]
131,169,1,1,[191]
132,23,1,1,[191]
132,35,1,1,[191]
132,139,1,1,[191]
133,97,1,1,[191]
134,8,1,1,[191]
134,29,2,2,"[191, 167]"
135,156,1,1,[191]
136,60,1,1,[191]
137,57,1,1,[191]
137,96,1,1,[191]
137,171,1,1,[191]
138,6,1,1,[191]
139,14,2,1,"[191, 199]"
139,55,1,1,[191]
139,82,1,1,[191]
139,118,1,1,[191]
140,55,1,1,[191]
140,163,1,1,[191]
140,165,1,1,[191]
141,95,1,1,[191]
141,117,1,1,[191]
141,159,1,1,[191]
142,15,1,1,[191]
142,164,1,1,[191]
142,182,1,1,[191]
143,46,2,1,"[191, 193]"
143,68,1,1,[191]
143,112,1,1,[191]
143,145,1,1,[191]
144,149,1,1,[191]
145,143,1,1,[191]
145,154,1,1,[191]
145,175,1,1,[191]
146,89,1,1,[191]
146,157,1,1,[191]
146,184,1,1,[191]
147,75,1,1,[191]
148,61,1,1,[191]
148,136,2,1,"[191, 179]"
148,153,1,1,[191]
148,183,1,1,[191]
149,67,1,1,[191]
149,139,2,1,"[191, 197]"
150,12,1,1,[191]
151,3,1,1,[191]
151,56,2,1,"[191, 179]"
151,71,1,1,[191]
151,151,1,1,[191]
152,107,1,1,[191]
152,113,1,1,[191]
152,165,1,1,[191]
153,51,1,1,[191]
154,22,2,1,"[191, 197]"
154,38,2,2,"[191, 197]"
154,64,1,1,[191]
155,39,1,1,[191]
155,53,1,1,[191]
155,159,1,1,[191]
156,17,1,1,[191]
157,73,1,1,[191]
157,88,1,1,[191]
157,108,1,1,[191]
158,102,1,1,[191]
159,41,1,1,[191]
159,141,1,1,[191]
159,147,1,1,[191]
159,151,2,1,"[191, 173]"
160,129,1,1,[191]
161,22,1,1,[191]
161,27,1,1,[191]
161,66,1,1,[191]
162,98,1,1,[191]
163,69,1,1,[191]
164,19,2,1,"[191, 179]"
164,94,1,1,[191]
164,95,1,1,[191]
164,160,1,1,[191]
165,28,1,1,[191]
165,73,1,1,[191]
165,97,2,1,"[191, 179]"
165,133,1,1,[191]
166,4,1,1,[191]
166,31,1,1,[191]
166,74,1,1,[191]
166,88,3,1,"[191, 181, 179]"
167,123,1,1,[191]
167,177,1,1,[191]
167,178,1,1,[191]
168,2,1,1,[191]
168,37,1,1,[191]
168,111,1,1,[191]
169,125,1,1,[191]
170,48,1,1,[191]
171,5,1,1,[191]
171,182,1,1,[191]
171,188,1,1,[191]
172,85,1,1,[191]
173,65,1,1,[191]
173,74,1,1,[191]
173,145,2,1,"[191, 179]"
173,152,1,1,[191]
174,58,1,1,[191]
174,83,1,1,[191]
174,180,1,1,[191]
175,44,1,1,[191]
175,54,1,1,[191]
175,132,1,1,[191]
176,45,1,1,[191]
176,110,1,1,[191]
176,164,1,1,[191]
177,115,1,1,[191]
178,58,1,1,[191]
178,98,2,1,"[191, 179]"
178,158,1,1,[191]
178,174,1,1,[191]
179,14,1,1,[191]
179,42,1,1,[191]
179,104,1,1,[191]
180,81,1,1,[191]
181,15,2,1,"[191, 193]"
181,72,1,1,[191]
181,176,1,1,[191]
181,186,1,1,[191]
182,126,1,1,[191]
182,172,1,1,[191]
182,187,1,1,[191]
183,29,1,1,[191]
183,90,1,1,[191]
183,137,1,1,[191]
184,128,1,1,[191]
185,46,1,1,[191]
185,70,1,1,[191]
185,87,1,1,[191]
186,119,1,1,[191]
186,120,1,1,[191]
186,166,1,1,[191]
187,101,1,1,[191]
187,112,1,1,[191]
187,150,1,1,[191]
188,13,1,1,[191]
188,53,1,1,[191]
188,145,1,1,[191]
189,41,1,1,[191]
189,59,1,1,[191]
189,123,1,1,[191]
190,14,1,1,[191]
190,132,1,1,[191]
190,136,3,3,"[191, 199, 193]"
190,162,1,1,[191]
1,54,1,1,[193]
1,62,1,1,[193]
1,131,1,1,[193]
1,139,1,1,[193]
1,188,1,1,[193]
2,67,1,1,[193]
2,126,1,1,[193]
3,17,1,1,[193]
3,48,1,1,[193]
3,95,1,1,[193]
3,98,1,1,[193]
3,145,1,1,[193]
3,176,1,1,[193]
4,40,1,1,[193]
4,46,1,1,[193]
4,83,1,1,[193]
4,110,1,1,[193]
4,147,1,1,[193]
4,153,1,1,[193]
5,96,1,1,[193]
5,97,1,1,[193]
6,81,1,1,[193]
6,112,1,1,[193]
7,58,1,1,[193]
7,63,1,1,[193]
7,86,1,1,[193]
7,107,1,1,[193]
7,130,1,1,[193]
7,135,1,1,[193]
7,181,2,1,"[193, 199]"
8,43,1,1,[193]
8,137,2,2,"[193, 191]"
8,150,1,1,[193]
9,58,1,1,[193]
9,63,1,1,[193]
9,86,1,1,[193]
9,107,1,1,[193]
9,130,1,1,[193]
9,135,1,1,[193]
10,34,1,1,[193]
10,53,2,2,"[193, 211]"
10,159,1,1,[193]
11,77,1,1,[193]
11,116,1,1,[193]
12,2,1,1,[193]
12,12,1,1,[193]
12,53,2,1,"[193, 181]"
12,57,1,1,[193]
12,136,1,1,[193]
12,181,1,1,[193]
12,191,1,1,[193]
13,56,3,3,"[193, 199, 211]"
13,63,1,1,[193]
13,130,1,1,[193]
14,72,1,1,[193]
14,100,2,2,"[193, 197]"
14,121,1,1,[193]
15,21,1,1,[193]
15,35,2,2,"[193, 179]"
15,172,1,1,[193]
16,18,1,1,[193]
16,66,1,1,[193]
16,85,1,1,[193]
16,108,1,1,[193]
16,127,1,1,[193]
16,175,1,1,[193]
17,44,1,1,[193]
17,149,1,1,[193]
18,72,1,1,[193]
18,121,1,1,[193]
19,75,1,1,[193]
19,118,1,1,[193]
20,4,1,1,[193]
20,189,1,1,[193]
21,55,1,1,[193]
21,56,1,1,[193]
21,73,1,1,[193]
21,120,1,1,[193]
21,137,1,1,[193]
21,138,1,1,[193]
22,25,1,1,[193]
22,168,1,1,[193]
23,67,1,1,[193]
23,126,1,1,[193]
24,69,1,1,[193]
24,124,1,1,[193]
25,23,1,1,[193]
25,170,1,1,[193]
26,4,2,1,"[193, 173]"
26,38,1,1,[193]
26,43,2,1,"[193, 179]"
26,155,1,1,[193]
27,55,1,1,[193]
27,56,1,1,[193]
27,73,1,1,[193]
27,120,1,1,[193]
27,137,1,1,[193]
27,138,1,1,[193]
28,75,1,1,[193]
28,78,1,1,[193]
28,84,1,1,[193]
28,109,1,1,[193]
28,115,1,1,[193]
28,118,1,1,[193]
29,6,2,2,"[193, 197]"
29,37,1,1,[193]
29,141,2,2,"[193, 211]"
29,156,1,1,[193]
30,77,1,1,[193]
30,116,1,1,[193]
30,144,2,2,"[193, 197]"
31,24,1,1,[193]
31,169,1,1,[193]
32,42,1,1,[193]
32,59,2,1,"[193, 199]"
32,151,1,1,[193]
33,47,1,1,[193]
33,146,1,1,[193]
33,170,2,1,"[193, 179]"
34,46,2,1,"[193, 173]"
34,96,1,1,[193]
34,97,1,1,[193]
35,83,1,1,[193]
35,84,2,1,"[193, 173]"
35,110,1,1,[193]
36,74,2,1,"[193, 199]"
36,75,1,1,[193]
36,78,1,1,[193]
36,84,1,1,[193]
36,109,1,1,[193]
36,115,1,1,[193]
36,118,1,1,[193]
36,185,2,1,"[193, 211]"
37,4,1,1,[193]
37,189,1,1,[193]
38,82,1,1,[193]
38,111,1,1,[193]
39,17,2,2,"[193, 181]"
39,26,2,1,"[193, 191]"
39,56,1,1,[193]
39,137,1,1,[193]
40,79,1,1,[193]
40,114,1,1,[193]
41,61,1,1,[193]
41,132,1,1,[193]
42,64,1,1,[193]
42,99,3,2,"[193, 181, 199]"
42,129,1,1,[193]
43,2,1,1,[193]
43,12,1,1,[193]
43,57,1,1,[193]
43,73,3,2,"[193, 191, 197]"
43,136,1,1,[193]
43,181,1,1,[193]
43,191,1,1,[193]
44,37,1,1,[193]
44,156,1,1,[193]
45,83,1,1,[193]
45,110,1,1,[193]
46,40,1,1,[193]
46,46,1,1,[193]
46,83,1,1,[193]
46,110,1,1,[193]
46,147,1,1,[193]
46,153,1,1,[193]
47,7,1,1,[193]
47,186,1,1,[193]
48,16,1,1,[193]
48,70,1,1,[193]
48,96,1,1,[193]
48,97,1,1,[193]
48,123,1,1,[193]
48,177,1,1,[193]
49,6,1,1,[193]
49,22,1,1,[193]
49,36,1,1,[193]
49,157,1,1,[193]
49,171,1,1,[193]
49,187,1,1,[193]
50,32,1,1,[193]
50,41,1,1,[193]
50,54,2,2,"[193, 181]"
50,59,1,1,[193]
50,134,1,1,[193]
50,152,1,1,[193]
50,161,1,1,[193]
51,82,1,1,[193]
51,111,1,1,[193]
52,49,2,1,"[193, 199]"
52,75,1,1,[193]
52,118,1,1,[193]
53,63,1,1,[193]
53,130,1,1,[193]
53,163,2,2,"[193, 199]"
54,64,1,1,[193]
54,129,1,1,[193]
55,7,1,1,[193]
55,15,1,1,[193]
55,31,1,1,[193]
55,162,1,1,[193]
55,178,1,1,[193]
55,186,1,1,[193]
56,3,1,1,[193]
56,190,1,1,[193]
57,62,1,1,[193]
57,131,1,1,[193]
58,7,1,1,[193]
58,186,1,1,[193]
59,17,1,1,[193]
59,23,2,1,"[193, 211]"
59,48,1,1,[193]
59,95,1,1,[193]
59,98,1,1,[193]
59,145,1,1,[193]
59,176,1,1,[193]
60,25,1,1,[193]
60,168,1,1,[193]
61,38,1,1,[193]
61,65,2,2,"[193, 199]"
61,155,1,1,[193]
62,25,1,1,[193]
62,26,1,1,[193]
62,28,1,1,[193]
62,164,2,2,"[193, 181]"
62,165,1,1,[193]
62,167,1,1,[193]
62,168,1,1,[193]
63,6,1,1,[193]
63,22,1,1,[193]
63,36,1,1,[193]
63,88,2,1,"[193, 199]"
63,109,3,2,"[193, 181, 179]"
63,157,1,1,[193]
63,171,1,1,[193]
63,187,1,1,[193]
64,49,1,1,[193]
64,51,1,1,[193]
64,92,1,1,[193]
64,101,1,1,[193]
64,142,1,1,[193]
64,144,1,1,[193]
65,3,1,1,[193]
65,190,1,1,[193]
66,85,1,1,[193]
66,108,1,1,[193]
67,24,1,1,[193]
67,169,1,1,[193]
68,34,1,1,[193]
68,159,1,1,[193]
69,81,1,1,[193]
69,112,1,1,[193]
69,125,2,2,"[193, 181]"
69,154,2,1,"[193, 211]"
70,47,1,1,[193]
70,146,1,1,[193]
71,84,3,3,"[193, 199, 181]"
71,92,1,1,[193]
71,101,1,1,[193]
71,152,2,2,"[193, 181]"
72,3,1,1,[193]
72,190,1,1,[193]
73,91,1,1,[193]
73,102,1,1,[193]
74,64,2,1,"[193, 179]"
74,79,1,1,[193]
74,114,1,1,[193]
75,1,1,1,[193]
75,138,2,2,"[193, 197]"
75,192,1,1,[193]
76,21,1,1,[193]
76,172,1,1,[193]
77,44,1,1,[193]
77,149,1,1,[193]
78,2,2,1,"[193, 197]"
78,52,1,1,[193]
78,124,2,1,"[193, 179]"
78,141,1,1,[193]
79,79,1,1,[193]
79,114,1,1,[193]
80,32,1,1,[193]
80,161,1,1,[193]
81,6,1,1,[193]
81,22,1,1,[193]
81,36,1,1,[193]
81,157,1,1,[193]
81,171,1,1,[193]
81,187,1,1,[193]
82,95,1,1,[193]
82,98,1,1,[193]
82,130,3,1,"[193, 199, 211]"
82,138,2,2,"[193, 173]"
83,69,1,1,[193]
83,124,1,1,[193]
84,5,1,1,[193]
84,54,1,1,[193]
84,62,1,1,[193]
84,131,1,1,[193]
84,139,1,1,[193]
84,188,1,1,[193]
85,4,1,1,[193]
85,19,1,1,[193]
85,65,1,1,[193]
85,111,3,3,"[193, 181, 191]"
85,128,1,1,[193]
85,174,1,1,[193]
85,189,1,1,[193]
86,69,1,1,[193]
86,124,1,1,[193]
87,10,1,1,[193]
87,183,1,1,[193]
88,7,1,1,[193]
88,45,2,2,"[193, 191]"
88,171,2,2,"[193, 181]"
88,186,1,1,[193]
89,80,1,1,[193]
89,113,1,1,[193]
90,47,1,1,[193]
90,58,2,1,"[193, 199]"
90,146,1,1,[193]
91,36,1,1,[193]
91,157,1,1,[193]
92,43,1,1,[193]
92,101,2,1,"[193, 199]"
92,150,1,1,[193]
93,43,1,1,[193]
93,150,1,1,[193]
94,90,1,1,[193]
94,103,1,1,[193]
95,24,1,1,[193]
95,169,1,1,[193]
96,27,1,1,[193]
96,166,1,1,[193]
97,64,1,1,[193]
97,129,1,1,[193]
98,14,1,1,[193]
98,179,1,1,[193]
99,44,1,1,[193]
99,75,2,1,"[193, 211]"
99,149,1,1,[193]
100,9,1,1,[193]
100,184,1,1,[193]
101,9,1,1,[193]
101,34,2,1,"[193, 191]"
101,184,1,1,[193]
102,21,1,1,[193]
102,172,1,1,[193]
103,53,1,1,[193]
103,140,1,1,[193]
104,82,1,1,[193]
104,111,1,1,[193]
105,12,1,1,[193]
105,181,1,1,[193]
106,38,1,1,[193]
106,155,1,1,[193]
107,8,1,1,[193]
107,131,2,2,"[193, 199]"
107,185,1,1,[193]
108,5,1,1,[193]
108,54,1,1,[193]
108,62,1,1,[193]
108,131,1,1,[193]
108,139,1,1,[193]
108,188,1,1,[193]
109,4,1,1,[193]
109,19,1,1,[193]
109,65,1,1,[193]
109,128,1,1,[193]
109,174,1,1,[193]
109,189,1,1,[193]
110,8,1,1,[193]
110,185,1,1,[193]
111,25,1,1,[193]
111,106,2,2,"[193, 179]"
111,168,1,1,[193]
112,21,1,1,[193]
112,45,1,1,[193]
112,93,1,1,[193]
112,100,1,1,[193]
112,117,2,1,"[193, 181]"
112,148,1,1,[193]
112,172,1,1,[193]
113,83,1,1,[193]
113,84,2,1,"[193, 173]"
113,110,1,1,[193]
114,30,1,1,[193]
114,163,1,1,[193]
115,34,1,1,[193]
115,145,2,2,"[193, 199]"
115,159,1,1,[193]
116,90,1,1,[193]
116,103,1,1,[193]
117,36,1,1,[193]
117,157,1,1,[193]
118,16,2,1,"[193, 197]"
118,81,1,1,[193]
118,112,1,1,[193]
119,27,2,1,"[193, 179]"
119,30,1,1,[193]
119,31,2,2,"[193, 199]"
119,163,1,1,[193]
120,37,1,1,[193]
120,57,2,2,"[193, 199]"
120,156,1,1,[193]
121,50,1,1,[193]
121,143,1,1,[193]
122,75,1,1,[193]
122,118,1,1,[193]
123,53,1,1,[193]
123,140,1,1,[193]
124,1,1,1,[193]
124,192,1,1,[193]
125,52,1,1,[193]
125,141,1,1,[193]
126,2,2,2,"[193, 197]"
126,14,1,1,[193]
126,179,1,1,[193]
127,63,1,1,[193]
127,130,1,1,[193]
128,50,1,1,[193]
128,143,1,1,[193]
129,75,1,1,[193]
129,78,1,1,[193]
129,84,1,1,[193]
129,109,1,1,[193]
129,115,1,1,[193]
129,118,1,1,[193]
130,21,1,1,[193]
130,45,1,1,[193]
130,93,1,1,[193]
130,100,1,1,[193]
130,148,1,1,[193]
130,172,1,1,[193]
131,17,1,1,[193]
131,48,1,1,[193]
131,95,1,1,[193]
131,98,1,1,[193]
131,145,1,1,[193]
131,176,1,1,[193]
132,10,1,1,[193]
132,54,3,3,"[193, 199, 197]"
132,183,1,1,[193]
133,95,1,1,[193]
133,98,1,1,[193]
134,25,1,1,[193]
134,26,1,1,[193]
134,28,1,1,[193]
134,29,4,2,"[193, 181, 167, 191]"
134,165,1,1,[193]
134,167,1,1,[193]
134,168,1,1,[193]
135,9,2,2,"[193, 167]"
135,12,1,1,[193]
135,118,2,1,"[193, 199]"
135,181,1,1,[193]
136,4,1,1,[193]
136,189,1,1,[193]
137,50,1,1,[193]
137,143,1,1,[193]
138,2,1,1,[193]
138,12,1,1,[193]
138,15,2,1,"[193, 173]"
138,57,1,1,[193]
138,136,1,1,[193]
138,181,1,1,[193]
138,191,1,1,[193]
139,27,1,1,[193]
139,166,1,1,[193]
140,13,2,2,"[193, 179]"
140,85,1,1,[193]
140,108,1,1,[193]
141,92,1,1,[193]
141,101,1,1,[193]
141,152,2,2,"[193, 181]"
142,80,1,1,[193]
142,107,2,2,"[193, 197]"
142,113,1,1,[193]
142,148,2,1,"[193, 199]"
143,14,2,1,"[193, 211]"
143,40,1,1,[193]
143,46,1,1,[193]
143,83,1,1,[193]
143,110,1,1,[193]
143,147,1,1,[193]
143,153,1,1,[193]
144,4,2,1,"[193, 199]"
144,21,1,1,[193]
144,45,1,1,[193]
144,93,1,1,[193]
144,100,1,1,[193]
144,148,1,1,[193]
144,172,1,1,[193]
145,55,1,1,[193]
145,56,1,1,[193]
145,73,1,1,[193]
145,94,2,1,"[193, 199]"
145,120,1,1,[193]
145,137,1,1,[193]
145,138,1,1,[193]
146,12,1,1,[193]
146,75,2,1,"[193, 199]"
146,181,1,1,[193]
147,32,1,1,[193]
147,41,1,1,[193]
147,59,1,1,[193]
147,134,1,1,[193]
147,152,1,1,[193]
147,161,1,1,[193]
148,32,1,1,[193]
148,46,2,2,"[193, 199]"
148,161,1,1,[193]
149,91,1,1,[193]
149,102,1,1,[193]
150,7,1,1,[193]
150,15,1,1,[193]
150,31,1,1,[193]
150,36,3,1,"[193, 197, 179]"
150,162,1,1,[193]
150,178,1,1,[193]
150,186,1,1,[193]
151,27,1,1,[193]
151,161,2,1,"[193, 199]"
151,166,1,1,[193]
152,77,1,1,[193]
152,116,1,1,[193]
153,30,1,1,[193]
153,163,1,1,[193]
154,96,1,1,[193]
154,97,1,1,[193]
155,46,2,1,"[193, 199]"
155,80,1,1,[193]
155,113,1,1,[193]
156,57,3,3,"[193, 181, 199]"
156,62,1,1,[193]
156,131,1,1,[193]
156,154,2,2,"[193, 179]"
157,49,1,1,[193]
157,51,1,1,[193]
157,92,1,1,[193]
157,101,1,1,[193]
157,124,3,2,"[193, 211, 197]"
157,142,1,1,[193]
157,144,1,1,[193]
158,32,1,1,[193]
158,52,2,2,"[193, 199]"
158,161,1,1,[193]
159,56,1,1,[193]
159,137,1,1,[193]
160,53,1,1,[193]
160,140,1,1,[193]
161,72,1,1,[193]
161,121,1,1,[193]
161,147,2,1,"[193, 199]"
162,14,1,1,[193]
162,179,1,1,[193]
163,61,1,1,[193]
163,85,2,1,"[193, 173]"
163,132,1,1,[193]
164,91,1,1,[193]
164,102,1,1,[193]
165,11,2,1,"[193, 199]"
165,49,1,1,[193]
165,51,1,1,[193]
165,92,1,1,[193]
165,101,1,1,[193]
165,142,1,1,[193]
165,144,1,1,[193]
166,16,1,1,[193]
166,70,1,1,[193]
166,96,1,1,[193]
166,97,1,1,[193]
166,123,1,1,[193]
166,177,1,1,[193]
167,10,1,1,[193]
167,183,1,1,[193]
168,67,1,1,[193]
168,126,1,1,[193]
169,8,1,1,[193]
169,185,1,1,[193]
170,23,1,1,[193]
170,130,2,2,"[193, 199]"
170,170,1,1,[193]
171,55,2,2,"[193, 173]"
171,95,1,1,[193]
171,98,1,1,[193]
172,16,1,1,[193]
172,70,1,1,[193]
172,96,1,1,[193]
172,97,1,1,[193]
172,123,1,1,[193]
172,177,1,1,[193]
173,62,1,1,[193]
173,131,1,1,[193]
174,84,2,1,"[193, 199]"
174,92,1,1,[193]
174,101,1,1,[193]
175,42,1,1,[193]
175,151,1,1,[193]
176,90,1,1,[193]
176,100,2,2,"[193, 199]"
176,103,1,1,[193]
177,58,1,1,[193]
177,63,1,1,[193]
177,86,1,1,[193]
177,107,1,1,[193]
177,130,1,1,[193]
177,135,1,1,[193]
178,32,2,1,"[193, 199]"
178,36,1,1,[193]
178,58,2,1,"[193, 181]"
178,157,1,1,[193]
179,42,1,1,[193]
179,151,1,1,[193]
180,85,1,1,[193]
180,108,1,1,[193]
181,7,1,1,[193]
181,15,1,1,[193]
181,31,1,1,[193]
181,162,1,1,[193]
181,178,1,1,[193]
181,186,1,1,[193]
182,61,1,1,[193]
182,132,1,1,[193]
183,52,1,1,[193]
183,141,1,1,[193]
184,18,1,1,[193]
184,66,1,1,[193]
184,81,2,2,"[193, 211]"
184,85,1,1,[193]
184,108,1,1,[193]
184,127,1,1,[193]
184,175,1,1,[193]
185,9,1,1,[193]
185,184,1,1,[193]
186,18,1,1,[193]
186,66,1,1,[193]
186,85,1,1,[193]
186,108,1,1,[193]
186,127,1,1,[193]
186,175,1,1,[193]
187,1,1,1,[193]
187,192,1,1,[193]
188,56,1,1,[193]
188,137,1,1,[193]
189,32,1,1,[193]
189,41,1,1,[193]
189,59,1,1,[193]
189,134,1,1,[193]
189,152,1,1,[193]
189,161,1,1,[193]
190,25,1,1,[193]
190,26,1,1,[193]
190,28,1,1,[193]
190,136,3,3,"[193, 191, 199]"
190,165,1,1,[193]
190,167,1,1,[193]
190,168,1,1,[193]
191,23,1,1,[193]
191,130,2,2,"[193, 199]"
191,170,1,1,[193]
192,4,1,1,[193]
192,19,1,1,[193]
192,65,1,1,[193]
192,128,1,1,[193]
192,174,1,1,[193]
192,189,1,1,[193]
192,190,2,2,"[193, 211]"
1,90,1,1,[197]
1,107,1,1,[197]
2,10,1,1,[197]
2,61,1,1,[197]
2,136,1,1,[197]
2,150,2,1,"[197, 191]"
2,187,1,1,[197]
3,25,2,2,"[197, 199]"
3,47,1,1,[197]
3,70,1,1,[197]
3,98,2,1,"[197, 193]"
3,127,1,1,[197]
3,150,1,1,[197]
4,48,2,2,"[197, 191]"
5,1,1,1,[197]
5,26,1,1,[197]
5,171,1,1,[197]
5,196,1,1,[197]
7,42,2,2,"[197, 211]"
8,48,1,1,[197]
8,79,1,1,[197]
8,118,1,1,[197]
8,149,1,1,[197]
9,35,2,2,"[197, 191]"
9,162,2,2,"[197, 191]"
10,5,2,1,"[197, 191]"
11,42,1,1,[197]
11,59,1,1,[197]
11,138,1,1,[197]
11,155,1,1,[197]
12,3,1,1,[197]
12,68,1,1,[197]
12,129,1,1,[197]
12,194,1,1,[197]
13,4,1,1,[197]
13,93,1,1,[197]
13,104,1,1,[197]
13,193,1,1,[197]
14,11,1,1,[197]
14,79,1,1,[197]
14,100,2,2,"[197, 193]"
14,118,1,1,[197]
14,186,1,1,[197]
16,47,1,1,[197]
16,150,1,1,[197]
17,52,1,1,[197]
17,95,1,1,[197]
17,102,1,1,[197]
17,145,1,1,[197]
18,35,1,1,[197]
18,45,1,1,[197]
18,152,1,1,[197]
18,162,1,1,[197]
19,120,2,1,"[197, 181]"
20,31,1,1,[197]
20,46,1,1,[197]
20,151,1,1,[197]
20,166,1,1,[197]
21,3,1,1,[197]
21,32,1,1,[197]
21,68,2,2,"[197, 199]"
21,165,1,1,[197]
21,194,1,1,[197]
23,62,1,1,[197]
23,135,1,1,[197]
24,83,1,1,[197]
24,114,1,1,[197]
25,159,2,2,"[197, 191]"
25,176,2,2,"[197, 199]"
27,66,1,1,[197]
27,84,1,1,[197]
27,113,1,1,[197]
27,131,1,1,[197]
28,24,1,1,[197]
28,173,1,1,[197]
29,6,2,2,"[197, 193]"
29,65,1,1,[197]
29,132,1,1,[197]
30,71,1,1,[197]
30,98,1,1,[197]
30,99,1,1,[197]
30,120,2,1,"[197, 199]"
30,126,1,1,[197]
30,144,2,2,"[197, 193]"
31,43,1,1,[197]
31,64,1,1,[197]
31,133,1,1,[197]
31,154,1,1,[197]
32,36,1,1,[197]
32,49,1,1,[197]
32,53,2,2,"[197, 191]"
32,148,1,1,[197]
32,161,1,1,[197]
34,64,1,1,[197]
34,133,1,1,[197]
35,31,1,1,[197]
35,68,1,1,[197]
35,129,1,1,[197]
35,151,2,1,"[197, 199]"
35,166,1,1,[197]
36,59,2,1,"[197, 211]"
36,63,1,1,[197]
36,134,1,1,[197]
37,54,1,1,[197]
37,143,1,1,[197]
38,57,1,1,[197]
38,87,1,1,[197]
38,110,1,1,[197]
38,140,1,1,[197]
39,103,2,2,"[197, 191]"
40,4,1,1,[197]
40,193,1,1,[197]
42,34,1,1,[197]
42,163,1,1,[197]
43,73,2,2,"[197, 191]"
44,44,1,1,[197]
44,56,1,1,[197]
44,141,1,1,[197]
44,153,1,1,[197]
45,80,1,1,[197]
45,91,1,1,[197]
45,106,1,1,[197]
45,117,1,1,[197]
46,7,1,1,[197]
46,15,1,1,[197]
46,182,1,1,[197]
46,190,1,1,[197]
48,51,1,1,[197]
48,53,1,1,[197]
48,144,1,1,[197]
48,146,1,1,[197]
49,59,1,1,[197]
49,138,1,1,[197]
50,38,1,1,[197]
50,77,1,1,[197]
50,120,1,1,[197]
50,159,1,1,[197]
51,25,1,1,[197]
51,172,1,1,[197]
52,13,1,1,[197]
52,73,1,1,[197]
52,124,1,1,[197]
52,184,1,1,[197]
53,36,1,1,[197]
53,161,1,1,[197]
54,40,1,1,[197]
54,87,2,2,"[197, 191]"
54,157,1,1,[197]
56,10,1,1,[197]
56,63,1,1,[197]
56,134,1,1,[197]
56,187,1,1,[197]
57,67,1,1,[197]
57,74,1,1,[197]
57,123,1,1,[197]
57,130,1,1,[197]
58,51,1,1,[197]
58,55,1,1,[197]
58,127,2,2,"[197, 199]"
58,142,1,1,[197]
58,146,1,1,[197]
59,53,1,1,[197]
59,144,1,1,[197]
60,60,1,1,[197]
60,137,1,1,[197]
60,194,2,2,"[197, 211]"
61,76,1,1,[197]
61,121,1,1,[197]
63,81,1,1,[197]
63,93,2,2,"[197, 211]"
63,116,1,1,[197]
64,18,2,2,"[197, 199]"
66,52,1,1,[197]
66,69,1,1,[197]
66,128,1,1,[197]
66,145,1,1,[197]
67,65,1,1,[197]
67,96,1,1,[197]
67,101,1,1,[197]
67,132,1,1,[197]
68,22,2,1,"[197, 199]"
68,29,1,1,[197]
68,39,1,1,[197]
68,158,1,1,[197]
68,168,1,1,[197]
69,28,1,1,[197]
69,92,1,1,[197]
69,105,1,1,[197]
69,169,1,1,[197]
70,23,1,1,[197]
70,174,1,1,[197]
71,21,1,1,[197]
71,82,1,1,[197]
71,115,1,1,[197]
71,176,1,1,[197]
72,7,1,1,[197]
72,23,1,1,[197]
72,174,1,1,[197]
72,190,1,1,[197]
73,76,1,1,[197]
73,88,1,1,[197]
73,109,1,1,[197]
73,121,1,1,[197]
74,6,1,1,[197]
74,76,1,1,[197]
74,121,1,1,[197]
74,191,1,1,[197]
75,21,1,1,[197]
75,27,1,1,[197]
75,138,2,2,"[197, 193]"
75,170,1,1,[197]
75,176,1,1,[197]
76,1,1,1,[197]
76,196,1,1,[197]
77,56,1,1,[197]
77,72,1,1,[197]
77,125,1,1,[197]
77,141,1,1,[197]
78,2,1,1,[197]
78,87,1,1,[197]
78,110,1,1,[197]
78,195,1,1,[197]
79,52,2,2,"[197, 199]"
79,94,1,1,[197]
79,95,1,1,[197]
79,102,1,1,[197]
79,103,1,1,[197]
80,64,1,1,[197]
80,88,1,1,[197]
80,109,1,1,[197]
80,133,1,1,[197]
81,9,1,1,[197]
81,188,1,1,[197]
82,27,1,1,[197]
82,91,1,1,[197]
82,106,1,1,[197]
82,170,1,1,[197]
84,40,1,1,[197]
84,47,1,1,[197]
84,150,1,1,[197]
84,157,1,1,[197]
85,70,1,1,[197]
85,127,1,1,[197]
86,13,1,1,[197]
86,32,1,1,[197]
86,165,1,1,[197]
86,184,1,1,[197]
87,23,1,1,[197]
87,37,1,1,[197]
87,160,1,1,[197]
87,174,1,1,[197]
88,39,1,1,[197]
88,158,1,1,[197]
89,48,1,1,[197]
89,94,1,1,[197]
89,103,1,1,[197]
89,149,1,1,[197]
90,85,1,1,[197]
90,112,1,1,[197]
91,73,1,1,[197]
91,75,1,1,[197]
91,122,1,1,[197]
91,124,1,1,[197]
92,57,3,1,"[197, 211, 223]"
93,71,2,1,"[197, 191]"
94,12,1,1,[197]
94,69,1,1,[197]
94,90,2,1,"[197, 193]"
94,128,1,1,[197]
94,185,1,1,[197]
95,30,1,1,[197]
95,89,1,1,[197]
95,108,1,1,[197]
95,167,1,1,[197]
97,141,2,2,"[197, 191]"
98,41,1,1,[197]
98,81,1,1,[197]
98,116,1,1,[197]
98,156,1,1,[197]
98,179,2,1,"[197, 193]"
99,8,1,1,[197]
99,50,1,1,[197]
99,147,1,1,[197]
99,189,1,1,[197]
100,29,1,1,[197]
100,168,1,1,[197]
101,37,1,1,[197]
101,160,1,1,[197]
102,6,1,1,[197]
102,41,1,1,[197]
102,156,1,1,[197]
102,191,1,1,[197]
103,19,2,2,"[197, 199]"
103,65,1,1,[197]
103,83,1,1,[197]
103,114,1,1,[197]
103,132,1,1,[197]
104,16,1,1,[197]
104,181,1,1,[197]
105,49,1,1,[197]
105,148,1,1,[197]
106,4,1,1,[197]
106,15,1,1,[197]
106,182,1,1,[197]
106,193,1,1,[197]
107,52,2,2,"[197, 191]"
108,49,1,1,[197]
108,92,1,1,[197]
108,105,1,1,[197]
108,148,1,1,[197]
110,12,1,1,[197]
110,75,1,1,[197]
110,122,1,1,[197]
110,185,1,1,[197]
111,42,1,1,[197]
111,90,1,1,[197]
111,107,1,1,[197]
111,155,1,1,[197]
113,38,1,1,[197]
113,58,1,1,[197]
113,139,1,1,[197]
113,159,1,1,[197]
114,8,2,1,"[197, 191]"
114,15,1,1,[197]
114,182,1,1,[197]
115,39,1,1,[197]
115,92,2,2,"[197, 199]"
115,97,1,1,[197]
115,100,1,1,[197]
115,158,1,1,[197]
117,18,2,1,"[197, 223]"
117,30,1,1,[197]
117,74,1,1,[197]
117,123,1,1,[197]
117,167,1,1,[197]
118,16,1,1,[197]
118,60,1,1,[197]
118,137,1,1,[197]
118,181,1,1,[197]
119,19,1,1,[197]
119,22,1,1,[197]
119,175,1,1,[197]
119,178,1,1,[197]
120,25,1,1,[197]
120,59,1,1,[197]
120,138,1,1,[197]
120,172,1,1,[197]
122,34,1,1,[197]
122,96,1,1,[197]
122,101,1,1,[197]
122,163,1,1,[197]
123,11,1,1,[197]
123,14,1,1,[197]
123,183,1,1,[197]
123,186,1,1,[197]
124,8,1,1,[197]
124,46,1,1,[197]
124,151,1,1,[197]
124,189,1,1,[197]
125,20,1,1,[197]
125,82,1,1,[197]
125,115,1,1,[197]
125,177,1,1,[197]
126,2,2,2,"[197, 193]"
126,9,1,1,[197]
126,83,1,1,[197]
126,114,1,1,[197]
126,188,1,1,[197]
128,66,1,1,[197]
128,80,1,1,[197]
128,117,1,1,[197]
128,131,1,1,[197]
129,2,1,1,[197]
129,86,1,1,[197]
129,111,1,1,[197]
129,195,1,1,[197]
130,21,2,1,"[197, 193]"
130,45,1,1,[197]
130,86,1,1,[197]
130,111,1,1,[197]
130,152,1,1,[197]
131,29,1,1,[197]
131,34,1,1,[197]
131,116,2,1,"[197, 191]"
131,163,1,1,[197]
131,168,1,1,[197]
132,6,1,1,[197]
132,54,3,3,"[197, 193, 199]"
132,191,1,1,[197]
133,55,1,1,[197]
133,142,1,1,[197]
135,93,1,1,[197]
135,104,1,1,[197]
137,45,2,2,"[197, 179]"
139,5,1,1,[197]
139,78,1,1,[197]
139,119,1,1,[197]
139,192,1,1,[197]
140,26,1,1,[197]
140,85,1,1,[197]
140,112,1,1,[197]
140,171,1,1,[197]
141,17,1,1,[197]
141,50,1,1,[197]
141,147,1,1,[197]
141,180,1,1,[197]
142,10,1,1,[197]
142,107,2,2,"[197, 193]"
142,172,2,2,"[197, 211]"
142,187,1,1,[197]
144,161,2,1,"[197, 211]"
145,25,1,1,[197]
145,54,1,1,[197]
145,143,1,1,[197]
145,172,1,1,[197]
146,89,2,1,"[197, 191]"
146,129,2,1,"[197, 179]"
147,24,1,1,[197]
147,33,1,1,[197]
147,164,1,1,[197]
147,173,1,1,[197]
148,183,2,1,"[197, 191]"
149,58,1,1,[197]
149,67,1,1,[197]
149,130,1,1,[197]
149,139,1,1,[197]
150,36,2,1,"[197, 179]"
150,41,1,1,[197]
150,156,1,1,[197]
151,35,1,1,[197]
151,71,1,1,[197]
151,126,1,1,[197]
151,162,1,1,[197]
152,16,1,1,[197]
152,22,1,1,[197]
152,175,1,1,[197]
152,181,1,1,[197]
153,24,1,1,[197]
153,90,1,1,[197]
153,107,1,1,[197]
153,173,1,1,[197]
154,22,1,1,[197]
154,38,2,2,"[197, 191]"
154,175,1,1,[197]
156,43,1,1,[197]
156,154,1,1,[197]
157,124,2,2,"[197, 211]"
158,26,1,1,[197]
158,171,1,1,[197]
159,28,1,1,[197]
159,60,1,1,[197]
159,137,1,1,[197]
159,169,1,1,[197]
162,1,1,1,[197]
162,53,1,1,[197]
162,144,1,1,[197]
162,196,1,1,[197]
164,88,1,1,[197]
164,109,1,1,[197]
165,17,1,1,[197]
165,57,1,1,[197]
165,140,1,1,[197]
165,180,1,1,[197]
166,14,1,1,[197]
166,18,1,1,[197]
166,31,2,1,"[197, 223]"
166,179,1,1,[197]
166,183,1,1,[197]
167,54,1,1,[197]
167,83,2,1,"[197, 173]"
167,93,1,1,[197]
167,104,1,1,[197]
167,143,1,1,[197]
170,36,1,1,[197]
170,62,1,1,[197]
170,135,1,1,[197]
170,161,1,1,[197]
171,28,1,1,[197]
171,55,3,2,"[197, 193, 173]"
171,169,1,1,[197]
172,97,1,1,[197]
172,100,1,1,[197]
175,19,1,1,[197]
175,178,1,1,[197]
176,33,1,1,[197]
176,70,1,1,[197]
176,112,2,1,"[197, 181]"
176,127,1,1,[197]
176,164,1,1,[197]
177,43,1,1,[197]
177,85,1,1,[197]
177,112,1,1,[197]
177,154,1,1,[197]
178,51,1,1,[197]
178,146,1,1,[197]
179,9,1,1,[197]
179,37,1,1,[197]
179,160,1,1,[197]
179,188,1,1,[197]
180,19,1,1,[197]
180,97,1,1,[197]
180,100,1,1,[197]
180,178,1,1,[197]
182,92,1,1,[197]
182,105,1,1,[197]
183,61,1,1,[197]
183,81,1,1,[197]
183,116,1,1,[197]
183,136,1,1,[197]
184,20,1,1,[197]
184,72,1,1,[197]
184,120,2,2,"[197, 199]"
184,125,1,1,[197]
184,177,1,1,[197]
185,40,1,1,[197]
185,55,1,1,[197]
185,142,1,1,[197]
185,157,1,1,[197]
186,3,2,1,"[197, 199]"
186,77,1,1,[197]
186,85,2,1,"[197, 193]"
186,98,1,1,[197]
186,99,1,1,[197]
186,120,1,1,[197]
187,7,1,1,[197]
187,190,1,1,[197]
188,61,1,1,[197]
188,136,1,1,[197]
189,62,1,1,[197]
189,63,1,1,[197]
189,134,1,1,[197]
189,135,1,1,[197]
190,42,1,1,[197]
190,155,1,1,[197]
191,96,1,1,[197]
191,101,1,1,[197]
192,5,1,1,[197]
192,18,1,1,[197]
192,179,1,1,[197]
192,192,1,1,[197]
193,33,1,1,[197]
193,164,1,1,[197]
194,44,1,1,[197]
194,78,1,1,[197]
194,119,1,1,[197]
194,153,1,1,[197]
195,84,1,1,[197]
195,89,1,1,[197]
195,108,1,1,[197]
195,113,1,1,[197]
0,3,2,2,"[199, 211]"
0,15,2,2,"[199, 211]"
0,22,2,2,"[199, 211]"
0,75,2,2,"[199, 211]"
0,77,2,2,"[199, 211]"
0,110,2,2,"[199, 211]"
0,149,3,2,"[199, 211, 241]"
0,152,2,2,"[199, 211]"
0,164,2,2,"[199, 211]"
0,192,2,2,"[199, 211]"
1,5,2,2,"[199, 181]"
1,101,1,1,[199]
1,155,1,1,[199]
1,158,1,1,[199]
2,31,1,1,[199]
2,60,1,1,[199]
2,151,1,1,[199]
3,25,2,2,"[199, 197]"
3,127,2,1,"[199, 197]"
3,166,1,1,[199]
4,12,1,1,[199]
4,46,1,1,[199]
4,70,1,1,[199]
5,4,1,1,[199]
5,27,1,1,[199]
5,58,1,1,[199]
6,73,1,1,[199]
6,104,2,1,"[199, 191]"
7,94,1,1,[199]
7,130,1,1,[199]
7,181,1,1,[199]
8,14,1,1,[199]
8,49,1,1,[199]
8,50,2,2,"[199, 211]"
8,82,1,1,[199]
9,59,1,1,[199]
9,112,1,1,[199]
9,193,1,1,[199]
10,85,1,1,[199]
10,131,1,1,[199]
10,160,1,1,[199]
11,152,1,1,[199]
12,12,2,1,"[199, 193]"
12,43,2,1,"[199, 223]"
12,134,1,1,[199]
13,31,1,1,[199]
13,56,3,3,"[199, 211, 193]"
13,60,1,1,[199]
13,63,2,1,"[199, 193]"
13,151,1,1,[199]
14,26,1,1,[199]
14,76,1,1,[199]
14,118,3,1,"[199, 179, 197]"
14,178,1,1,[199]
15,3,1,1,[199]
16,96,1,1,[199]
16,162,1,1,[199]
16,169,1,1,[199]
17,152,1,1,[199]
18,102,1,1,[199]
18,158,1,1,[199]
18,171,1,1,[199]
19,186,1,1,[199]
20,17,1,1,[199]
20,32,1,1,[199]
20,66,1,1,[199]
21,68,2,2,"[199, 197]"
21,197,1,1,[199]
22,34,2,2,"[199, 181]"
22,110,1,1,[199]
23,94,1,1,[199]
23,137,1,1,[199]
23,169,1,1,[199]
24,124,2,1,"[199, 193]"
24,186,1,1,[199]
25,49,1,1,[199]
25,72,1,1,[199]
25,88,1,1,[199]
25,176,2,2,"[199, 197]"
26,12,1,1,[199]
26,46,1,1,[199]
26,70,1,1,[199]
27,95,1,1,[199]
28,45,1,1,[199]
28,55,1,1,[199]
28,115,2,1,"[199, 193]"
28,155,1,1,[199]
29,160,1,1,[199]
29,162,1,1,[199]
29,198,1,1,[199]
30,99,2,1,"[199, 197]"
30,120,1,1,[199]
31,20,1,1,[199]
31,91,1,1,[199]
31,135,1,1,[199]
32,59,1,1,[199]
32,112,1,1,[199]
32,193,1,1,[199]
33,57,1,1,[199]
33,61,2,2,"[199, 181]"
33,78,1,1,[199]
33,100,1,1,[199]
34,110,1,1,[199]
35,74,1,1,[199]
35,100,1,1,[199]
35,151,1,1,[199]
36,74,1,1,[199]
36,100,1,1,[199]
36,151,1,1,[199]
37,197,1,1,[199]
38,77,1,1,[199]
38,158,2,1,"[199, 211]"
39,26,3,1,"[199, 193, 191]"
39,73,1,1,[199]
40,53,1,1,[199]
40,83,1,1,[199]
40,86,1,1,[199]
40,121,3,1,"[199, 191, 179]"
41,152,2,2,"[199, 211]"
41,192,1,1,[199]
42,99,2,2,"[199, 181]"
42,119,1,1,[199]
43,9,1,1,[199]
43,131,1,1,[199]
43,138,1,1,[199]
44,22,1,1,[199]
45,26,1,1,[199]
45,54,2,1,"[199, 211]"
45,67,1,1,[199]
45,91,1,1,[199]
46,15,2,1,"[199, 197]"
46,107,1,1,[199]
46,178,1,1,[199]
46,193,1,1,[199]
47,23,2,2,"[199, 211]"
47,94,1,1,[199]
47,130,1,1,[199]
47,181,1,1,[199]
48,77,1,1,[199]
48,96,2,1,"[199, 193]"
49,17,1,1,[199]
49,32,1,1,[199]
49,66,1,1,[199]
49,122,2,2,"[199, 211]"
49,155,2,1,"[199, 211]"
49,187,2,1,"[199, 193]"
50,94,1,1,[199]
50,137,1,1,[199]
50,169,1,1,[199]
51,57,1,1,[199]
51,78,1,1,[199]
51,100,1,1,[199]
52,14,1,1,[199]
52,49,1,1,[199]
52,82,1,1,[199]
53,107,1,1,[199]
53,163,2,2,"[199, 193]"
53,178,1,1,[199]
53,193,1,1,[199]
54,19,1,1,[199]
55,24,2,1,"[199, 211]"
55,149,1,1,[199]
56,9,1,1,[199]
56,11,1,1,[199]
56,31,1,1,[199]
57,20,1,1,[199]
57,70,1,1,[199]
57,174,1,1,[199]
58,32,1,1,[199]
58,112,1,1,[199]
58,127,2,2,"[199, 197]"
58,159,1,1,[199]
59,149,1,1,[199]
60,24,1,1,[199]
60,131,2,1,"[199, 211]"
61,53,1,1,[199]
61,65,2,2,"[199, 193]"
61,83,1,1,[199]
61,86,1,1,[199]
62,4,1,1,[199]
62,27,1,1,[199]
62,58,1,1,[199]
62,65,2,2,"[199, 211]"
62,165,2,1,"[199, 193]"
63,49,1,1,[199]
63,72,1,1,[199]
63,88,1,1,[199]
64,18,2,2,"[199, 197]"
64,102,1,1,[199]
64,158,1,1,[199]
64,171,1,1,[199]
65,85,1,1,[199]
65,131,1,1,[199]
65,160,1,1,[199]
66,20,1,1,[199]
66,91,1,1,[199]
66,135,1,1,[199]
67,71,1,1,[199]
67,169,2,1,"[199, 193]"
68,22,1,1,[199]
69,28,2,1,"[199, 197]"
69,170,1,1,[199]
70,20,1,1,[199]
70,70,1,1,[199]
70,174,1,1,[199]
71,8,2,1,"[199, 223]"
71,84,3,3,"[199, 181, 193]"
71,143,1,1,[199]
72,20,1,1,[199]
72,53,2,2,"[199, 211]"
72,70,1,1,[199]
72,174,1,1,[199]
73,91,2,1,"[199, 193]"
73,176,1,1,[199]
74,119,1,1,[199]
75,54,1,1,[199]
75,120,2,2,"[199, 227]"
76,95,1,1,[199]
77,166,1,1,[199]
78,134,1,1,[199]
79,52,2,2,"[199, 197]"
79,96,1,1,[199]
79,162,1,1,[199]
79,169,1,1,[199]
79,175,2,1,"[199, 211]"
80,57,1,1,[199]
80,130,1,1,[199]
80,136,1,1,[199]
81,160,1,1,[199]
81,162,1,1,[199]
81,198,1,1,[199]
82,118,1,1,[199]
82,130,2,1,"[199, 211]"
83,119,1,1,[199]
84,84,2,1,"[199, 211]"
84,183,1,1,[199]
85,4,2,1,"[199, 193]"
85,24,2,2,"[199, 211]"
85,149,1,1,[199]
86,66,1,1,[199]
86,147,1,1,[199]
86,161,1,1,[199]
87,22,1,1,[199]
88,45,3,2,"[199, 193, 191]"
88,84,1,1,[199]
89,160,1,1,[199]
89,162,1,1,[199]
89,198,1,1,[199]
90,45,1,1,[199]
90,58,1,1,[199]
90,93,1,1,[199]
91,26,1,1,[199]
91,76,1,1,[199]
91,147,2,2,"[199, 179]"
91,178,1,1,[199]
92,101,1,1,[199]
92,155,1,1,[199]
92,158,1,1,[199]
93,15,1,1,[199]
94,26,1,1,[199]
94,76,1,1,[199]
94,178,1,1,[199]
95,29,2,1,"[199, 191]"
95,115,2,1,"[199, 223]"
95,164,1,1,[199]
96,95,1,1,[199]
97,156,1,1,[199]
98,53,1,1,[199]
98,83,1,1,[199]
98,86,1,1,[199]
99,75,1,1,[199]
100,107,1,1,[199]
100,178,1,1,[199]
100,193,1,1,[199]
101,31,2,1,"[199, 211]"
101,34,1,1,[199]
102,20,1,1,[199]
102,91,1,1,[199]
102,135,1,1,[199]
103,19,2,2,"[199, 197]"
103,53,1,1,[199]
103,72,1,1,[199]
103,109,1,1,[199]
104,96,1,1,[199]
104,162,1,1,[199]
104,169,1,1,[199]
105,29,2,1,"[199, 181]"
105,73,2,2,"[199, 211]"
105,119,2,1,"[199, 227]"
105,163,1,1,[199]
106,101,1,1,[199]
106,155,1,1,[199]
106,158,1,1,[199]
107,15,1,1,[199]
107,35,2,2,"[199, 191]"
107,131,2,2,"[199, 193]"
108,163,1,1,[199]
109,134,1,1,[199]
109,169,2,2,"[199, 211]"
110,15,3,3,"[199, 181, 191]"
110,189,1,1,[199]
111,49,1,1,[199]
111,72,1,1,[199]
111,88,1,1,[199]
112,42,1,1,[199]
112,46,1,1,[199]
112,161,1,1,[199]
113,77,1,1,[199]
114,4,1,1,[199]
114,14,1,1,[199]
114,194,1,1,[199]
115,33,2,1,"[199, 211]"
115,57,1,1,[199]
115,78,1,1,[199]
115,92,2,2,"[199, 197]"
115,100,1,1,[199]
115,145,2,2,"[199, 193]"
116,86,1,1,[199]
116,102,1,1,[199]
116,191,1,1,[199]
117,18,3,1,"[199, 197, 223]"
117,102,1,1,[199]
117,158,1,1,[199]
117,171,1,1,[199]
118,189,1,1,[199]
119,31,2,2,"[199, 193]"
119,166,1,1,[199]
120,57,2,2,"[199, 193]"
120,164,1,1,[199]
121,45,1,1,[199]
121,58,1,1,[199]
121,93,1,1,[199]
122,40,2,1,"[199, 179]"
122,57,1,1,[199]
122,130,1,1,[199]
122,136,1,1,[199]
123,53,1,1,[199]
123,72,1,1,[199]
123,109,1,1,[199]
124,85,1,1,[199]
124,131,1,1,[199]
124,160,1,1,[199]
125,86,1,1,[199]
125,102,1,1,[199]
125,191,1,1,[199]
126,94,1,1,[199]
126,137,1,1,[199]
126,169,1,1,[199]
127,148,1,1,[199]
128,74,1,1,[199]
128,100,1,1,[199]
128,151,1,1,[199]
129,19,2,2,"[199, 211]"
129,84,3,1,"[199, 211, 193]"
129,111,2,1,"[199, 197]"
129,148,1,1,[199]
130,17,1,1,[199]
130,32,1,1,[199]
130,66,1,1,[199]
131,42,1,1,[199]
131,46,1,1,[199]
131,90,2,2,"[199, 191]"
131,161,1,1,[199]
132,4,1,1,[199]
132,27,1,1,[199]
132,54,3,3,"[199, 197, 193]"
132,58,1,1,[199]
133,156,1,1,[199]
134,54,1,1,[199]
135,9,3,2,"[199, 193, 167]"
135,118,1,1,[199]
136,84,1,1,[199]
136,105,3,1,"[199, 181, 157]"
136,187,2,1,"[199, 223]"
137,71,1,1,[199]
138,34,1,1,[199]
139,14,1,1,[199]
139,49,1,1,[199]
139,82,1,1,[199]
140,4,1,1,[199]
140,14,1,1,[199]
140,194,1,1,[199]
141,114,2,1,"[199, 223]"
141,197,1,1,[199]
142,148,1,1,[199]
143,110,1,1,[199]
143,145,2,1,"[199, 191]"
144,4,1,1,[199]
144,14,1,1,[199]
144,194,1,1,[199]
145,94,1,1,[199]
145,130,1,1,[199]
145,181,1,1,[199]
146,75,1,1,[199]
147,24,1,1,[199]
148,46,2,2,"[199, 193]"
148,178,2,1,"[199, 211]"
148,183,1,1,[199]
149,91,2,1,"[199, 193]"
149,176,1,1,[199]
150,170,1,1,[199]
150,178,2,1,"[199, 193]"
151,66,1,1,[199]
151,147,1,1,[199]
151,161,1,1,[199]
152,19,1,1,[199]
153,75,1,1,[199]
154,73,1,1,[199]
155,42,1,1,[199]
155,46,1,1,[199]
155,161,1,1,[199]
156,57,3,3,"[199, 193, 181]"
156,186,1,1,[199]
157,86,1,1,[199]
157,102,1,1,[199]
157,103,2,2,"[199, 179]"
157,191,1,1,[199]
158,52,2,2,"[199, 193]"
158,59,1,1,[199]
158,112,1,1,[199]
158,193,1,1,[199]
159,34,1,1,[199]
160,26,1,1,[199]
160,67,1,1,[199]
160,91,1,1,[199]
160,140,2,1,"[199, 193]"
161,66,1,1,[199]
161,147,1,1,[199]
161,161,1,1,[199]
162,32,1,1,[199]
162,112,1,1,[199]
162,159,1,1,[199]
163,22,2,1,"[199, 211]"
163,84,2,1,"[199, 181]"
163,143,1,1,[199]
164,143,1,1,[199]
165,9,1,1,[199]
165,11,1,1,[199]
165,31,1,1,[199]
165,97,2,1,"[199, 179]"
166,183,1,1,[199]
167,192,1,1,[199]
168,156,1,1,[199]
169,12,1,1,[199]
169,46,1,1,[199]
169,70,1,1,[199]
170,130,2,2,"[199, 193]"
170,189,1,1,[199]
171,134,2,2,"[199, 211]"
171,152,1,1,[199]
172,53,1,1,[199]
172,72,1,1,[199]
172,109,1,1,[199]
172,122,2,2,"[199, 211]"
173,120,1,1,[199]
174,84,1,1,[199]
175,9,1,1,[199]
175,131,1,1,[199]
175,138,1,1,[199]
176,100,2,2,"[199, 193]"
176,176,1,1,[199]
177,9,1,1,[199]
177,11,1,1,[199]
177,31,1,1,[199]
178,32,1,1,[199]
178,112,1,1,[199]
178,117,2,2,"[199, 179]"
178,157,2,1,"[199, 193]"
178,159,1,1,[199]
179,170,1,1,[199]
180,9,1,1,[199]
180,131,1,1,[199]
180,138,1,1,[199]
181,118,1,1,[199]
182,45,1,1,[199]
182,55,1,1,[199]
182,155,1,1,[199]
183,29,2,1,"[199, 191]"
183,164,1,1,[199]
184,31,1,1,[199]
184,60,1,1,[199]
184,120,2,2,"[199, 197]"
184,151,1,1,[199]
185,163,1,1,[199]
186,3,1,1,[199]
186,66,2,1,"[199, 193]"
187,45,1,1,[199]
187,58,1,1,[199]
187,93,1,1,[199]
188,45,1,1,[199]
188,55,1,1,[199]
188,155,1,1,[199]
189,54,1,1,[199]
189,178,2,1,"[199, 211]"
190,136,3,3,"[199, 193, 191]"
190,192,1,1,[199]
191,24,1,1,[199]
191,130,2,2,"[199, 193]"
192,19,1,1,[199]
193,26,1,1,[199]
193,67,1,1,[199]
193,91,1,1,[199]
194,71,1,1,[199]
195,120,1,1,[199]
196,57,1,1,[199]
196,130,1,1,[199]
196,136,1,1,[199]
197,3,1,1,[199]
198,15,1,1,[199]
0,15,2,2,"[211, 199]"
0,22,2,2,"[211, 199]"
0,38,2,2,"[211, 241]"
0,74,2,2,"[211, 241]"
0,75,2,2,"[211, 199]"
0,77,2,2,"[211, 199]"
0,92,2,2,"[211, 241]"
0,110,2,2,"[211, 199]"
0,112,2,2,"[211, 241]"
0,149,2,2,"[211, 241]"
0,152,2,2,"[211, 199]"
0,164,2,2,"[211, 199]"
0,167,2,2,"[211, 241]"
0,190,2,2,"[211, 241]"
0,192,2,2,"[211, 199]"
1,26,1,1,[211]
1,37,1,1,[211]
1,54,1,1,[211]
1,66,1,1,[211]
1,115,1,1,[211]
2,39,1,1,[211]
2,136,2,2,"[211, 229]"
3,26,1,1,[211]
3,29,2,1,"[211, 229]"
4,3,1,1,[211]
4,105,1,1,[211]
4,126,1,1,[211]
4,135,1,1,[211]
4,201,1,1,[211]
5,4,2,1,"[211, 199]"
5,10,1,1,[211]
5,28,1,1,[211]
5,37,1,1,[211]
5,139,1,1,[211]
5,209,1,1,[211]
6,2,1,1,[211]
6,70,1,1,[211]
6,84,1,1,[211]
6,90,1,1,[211]
6,134,1,1,[211]
7,42,2,2,"[211, 197]"
7,127,1,1,[211]
8,50,2,2,"[211, 199]"
8,110,1,1,[211]
9,19,1,1,[211]
9,56,1,1,[211]
9,60,1,1,[211]
9,107,2,1,"[211, 233]"
9,117,1,1,[211]
9,142,1,1,[211]
10,15,1,1,[211]
10,53,2,2,"[211, 193]"
10,85,2,1,"[211, 199]"
11,20,1,1,[211]
11,24,1,1,[211]
11,86,1,1,[211]
11,91,1,1,[211]
11,135,2,1,"[211, 191]"
11,189,1,1,[211]
12,3,1,1,[211]
12,181,2,1,"[211, 193]"
13,4,1,1,[211]
13,47,1,1,[211]
13,56,3,3,"[211, 193, 199]"
13,64,2,1,"[211, 223]"
13,80,1,1,[211]
13,186,1,1,[211]
13,187,1,1,[211]
14,26,1,1,[211]
14,37,1,1,[211]
14,54,1,1,[211]
14,66,1,1,[211]
14,115,1,1,[211]
15,10,1,1,[211]
16,4,1,1,[211]
16,47,1,1,[211]
16,80,1,1,[211]
16,186,1,1,[211]
16,187,1,1,[211]
17,84,2,1,"[211, 229]"
17,142,1,1,[211]
17,165,2,1,"[211, 227]"
18,2,1,1,[211]
19,24,1,1,[211]
19,35,1,1,[211]
19,98,1,1,[211]
19,122,2,1,"[211, 229]"
19,170,1,1,[211]
19,204,1,1,[211]
20,16,1,1,[211]
20,126,1,1,[211]
20,131,1,1,[211]
20,154,1,1,[211]
20,198,1,1,[211]
21,36,1,1,[211]
21,44,1,1,[211]
21,95,1,1,[211]
21,147,1,1,[211]
21,158,1,1,[211]
22,31,1,1,[211]
22,91,2,2,"[211, 227]"
22,110,2,1,"[211, 199]"
23,128,1,1,[211]
24,73,1,1,[211]
24,124,1,1,[211]
24,172,1,1,[211]
24,194,1,1,[211]
24,195,1,1,[211]
25,21,1,1,[211]
25,27,1,1,[211]
25,85,1,1,[211]
25,194,1,1,[211]
25,209,1,1,[211]
26,175,1,1,[211]
27,142,1,1,[211]
28,24,2,1,"[211, 197]"
28,39,1,1,[211]
29,7,1,1,[211]
29,141,2,2,"[211, 193]"
30,17,1,1,[211]
30,81,1,1,[211]
30,84,1,1,[211]
30,132,1,1,[211]
30,173,1,1,[211]
31,3,1,1,[211]
32,175,1,1,[211]
33,91,1,1,[211]
33,172,2,1,"[211, 233]"
34,9,1,1,[211]
34,53,1,1,[211]
34,102,1,1,[211]
34,157,1,1,[211]
34,180,1,1,[211]
35,130,1,1,[211]
36,59,1,1,[211]
36,119,1,1,[211]
36,130,1,1,[211]
36,153,1,1,[211]
36,185,1,1,[211]
37,49,1,1,[211]
37,63,1,1,[211]
37,101,1,1,[211]
37,128,1,1,[211]
37,136,1,1,[211]
38,158,1,1,[211]
39,176,2,2,"[211, 229]"
39,187,1,1,[211]
40,91,1,1,[211]
41,2,1,1,[211]
41,152,2,2,"[211, 199]"
42,26,1,1,[211]
42,34,2,1,"[211, 197]"
43,50,1,1,[211]
43,62,1,1,[211]
43,140,1,1,[211]
43,185,1,1,[211]
43,201,1,1,[211]
44,19,1,1,[211]
44,51,1,1,[211]
44,116,1,1,[211]
44,156,1,1,[211]
44,176,1,1,[211]
45,45,1,1,[211]
45,54,1,1,[211]
45,56,1,1,[211]
45,88,1,1,[211]
45,152,1,1,[211]
46,20,1,1,[211]
46,24,1,1,[211]
46,86,1,1,[211]
46,91,1,1,[211]
46,189,1,1,[211]
47,21,1,1,[211]
47,23,2,2,"[211, 199]"
47,27,1,1,[211]
47,85,1,1,[211]
47,194,1,1,[211]
47,209,1,1,[211]
48,187,1,1,[211]
49,12,1,1,[211]
49,41,2,1,"[211, 223]"
49,46,1,1,[211]
49,122,2,2,"[211, 199]"
49,150,1,1,[211]
49,155,1,1,[211]
49,180,1,1,[211]
50,22,1,1,[211]
50,134,2,1,"[211, 193]"
51,6,1,1,[211]
51,68,1,1,[211]
51,120,1,1,[211]
51,175,1,1,[211]
51,176,1,1,[211]
52,46,1,1,[211]
52,179,1,1,[211]
52,184,2,1,"[211, 197]"
52,192,1,1,[211]
52,200,1,1,[211]
52,204,1,1,[211]
53,12,1,1,[211]
53,46,1,1,[211]
53,150,1,1,[211]
53,155,1,1,[211]
53,180,1,1,[211]
54,9,1,1,[211]
54,53,1,1,[211]
54,71,3,2,"[211, 229, 251]"
54,102,1,1,[211]
54,157,1,1,[211]
54,180,1,1,[211]
55,24,1,1,[211]
55,35,1,1,[211]
55,98,1,1,[211]
55,170,1,1,[211]
55,204,1,1,[211]
56,3,1,1,[211]
56,105,1,1,[211]
56,126,1,1,[211]
56,135,1,1,[211]
56,201,1,1,[211]
57,35,1,1,[211]
58,8,1,1,[211]
58,33,1,1,[211]
58,42,2,2,"[211, 191]"
58,100,1,1,[211]
58,101,1,1,[211]
58,120,1,1,[211]
59,23,1,1,[211]
59,53,1,1,[211]
59,134,1,1,[211]
59,174,1,1,[211]
59,182,1,1,[211]
60,131,1,1,[211]
60,194,2,2,"[211, 197]"
61,15,1,1,[211]
62,65,2,2,"[211, 199]"
62,73,1,1,[211]
62,124,1,1,[211]
62,172,1,1,[211]
62,194,1,1,[211]
62,195,1,1,[211]
63,81,2,1,"[211, 197]"
63,93,2,2,"[211, 197]"
63,158,1,1,[211]
64,46,1,1,[211]
64,179,1,1,[211]
64,192,1,1,[211]
64,200,1,1,[211]
64,204,1,1,[211]
65,7,1,1,[211]
65,9,2,1,"[211, 239]"
65,34,1,1,[211]
65,47,1,1,[211]
65,83,1,1,[211]
65,104,1,1,[211]
66,7,1,1,[211]
66,34,1,1,[211]
66,47,1,1,[211]
66,83,1,1,[211]
66,104,1,1,[211]
67,22,1,1,[211]
68,130,1,1,[211]
69,16,1,1,[211]
69,28,3,1,"[211, 199, 197]"
69,126,1,1,[211]
69,131,1,1,[211]
69,154,1,1,[211]
69,198,1,1,[211]
70,10,1,1,[211]
70,28,1,1,[211]
70,37,1,1,[211]
70,47,2,1,"[211, 193]"
70,139,1,1,[211]
70,209,1,1,[211]
71,39,1,1,[211]
71,67,1,1,[211]
71,81,1,1,[211]
71,99,1,1,[211]
71,161,1,1,[211]
72,53,2,2,"[211, 199]"
72,195,1,1,[211]
73,52,1,1,[211]
73,97,1,1,[211]
73,110,1,1,[211]
73,189,1,1,[211]
73,196,1,1,[211]
74,192,1,1,[211]
75,85,1,1,[211]
76,19,1,1,[211]
76,56,1,1,[211]
76,60,1,1,[211]
76,117,1,1,[211]
76,142,1,1,[211]
77,128,1,1,[211]
78,49,1,1,[211]
78,63,1,1,[211]
78,101,1,1,[211]
78,128,1,1,[211]
78,136,1,1,[211]
79,6,1,1,[211]
79,68,1,1,[211]
79,120,1,1,[211]
79,175,1,1,[211]
79,176,1,1,[211]
80,7,1,1,[211]
80,34,1,1,[211]
80,47,1,1,[211]
80,83,1,1,[211]
80,104,1,1,[211]
81,6,1,1,[211]
81,68,1,1,[211]
81,120,1,1,[211]
81,162,3,1,"[211, 223, 199]"
81,175,1,1,[211]
81,176,1,1,[211]
82,12,2,1,"[211, 191]"
82,59,1,1,[211]
82,119,1,1,[211]
82,130,1,1,[211]
82,153,1,1,[211]
82,185,1,1,[211]
83,36,1,1,[211]
83,44,1,1,[211]
83,95,1,1,[211]
83,147,1,1,[211]
83,158,1,1,[211]
84,2,1,1,[211]
84,70,1,1,[211]
84,84,1,1,[211]
84,90,1,1,[211]
84,134,1,1,[211]
84,202,2,1,"[211, 223]"
85,24,2,2,"[211, 199]"
85,152,1,1,[211]
86,48,3,1,"[211, 227, 229]"
86,75,1,1,[211]
86,121,2,1,"[211, 223]"
87,22,1,1,[211]
87,80,1,1,[211]
87,137,1,1,[211]
87,143,2,2,"[211, 229]"
87,146,1,1,[211]
87,208,1,1,[211]
88,26,2,2,"[211, 229]"
88,174,1,1,[211]
89,164,1,1,[211]
90,17,1,1,[211]
91,110,1,1,[211]
91,128,2,1,"[211, 229]"
92,31,1,1,[211]
92,57,2,1,"[211, 223]"
93,1,2,2,"[211, 229]"
93,59,1,1,[211]
93,119,1,1,[211]
93,130,1,1,[211]
93,153,1,1,[211]
93,185,1,1,[211]
94,22,1,1,[211]
95,46,1,1,[211]
95,179,1,1,[211]
95,192,1,1,[211]
95,200,1,1,[211]
95,204,1,1,[211]
96,49,1,1,[211]
96,63,1,1,[211]
96,101,1,1,[211]
96,128,1,1,[211]
96,136,1,1,[211]
97,31,1,1,[211]
98,127,1,1,[211]
98,143,3,2,"[211, 223, 229]"
99,11,2,1,"[211, 223]"
99,75,1,1,[211]
99,93,1,1,[211]
99,172,1,1,[211]
99,196,1,1,[211]
99,210,1,1,[211]
100,16,1,1,[211]
100,43,1,1,[211]
100,136,1,1,[211]
100,164,1,1,[211]
100,206,1,1,[211]
101,30,1,1,[211]
101,31,1,1,[211]
101,36,1,1,[211]
101,129,1,1,[211]
101,178,1,1,[211]
102,157,1,1,[211]
103,14,1,1,[211]
103,18,1,1,[211]
103,59,1,1,[211]
103,69,1,1,[211]
103,127,1,1,[211]
104,77,1,1,[211]
105,69,1,1,[211]
105,73,2,2,"[211, 199]"
105,77,1,1,[211]
105,89,1,1,[211]
105,95,1,1,[211]
105,163,1,1,[211]
106,127,1,1,[211]
107,36,1,1,[211]
107,44,1,1,[211]
107,95,1,1,[211]
107,147,1,1,[211]
107,158,1,1,[211]
108,130,1,1,[211]
109,12,1,1,[211]
109,46,1,1,[211]
109,150,1,1,[211]
109,155,1,1,[211]
109,169,2,2,"[211, 199]"
109,180,1,1,[211]
110,158,1,1,[211]
111,128,1,1,[211]
112,110,1,1,[211]
113,69,1,1,[211]
113,77,1,1,[211]
113,89,1,1,[211]
113,95,1,1,[211]
113,163,1,1,[211]
114,40,1,1,[211]
114,78,1,1,[211]
114,83,1,1,[211]
114,165,1,1,[211]
114,178,1,1,[211]
115,33,1,1,[211]
116,155,1,1,[211]
117,15,1,1,[211]
117,42,1,1,[211]
117,103,1,1,[211]
117,161,1,1,[211]
117,208,1,1,[211]
118,50,1,1,[211]
119,40,1,1,[211]
119,78,1,1,[211]
119,83,1,1,[211]
119,165,1,1,[211]
119,178,1,1,[211]
120,75,1,1,[211]
120,93,1,1,[211]
120,172,1,1,[211]
120,196,1,1,[211]
120,210,1,1,[211]
121,2,1,1,[211]
121,70,1,1,[211]
121,84,1,1,[211]
121,90,1,1,[211]
121,134,1,1,[211]
122,16,1,1,[211]
122,126,1,1,[211]
122,131,1,1,[211]
122,154,1,1,[211]
122,198,1,1,[211]
123,9,1,1,[211]
123,53,1,1,[211]
123,102,1,1,[211]
123,157,1,1,[211]
123,180,1,1,[211]
124,85,2,1,"[211, 199]"
124,187,1,1,[211]
125,73,1,1,[211]
125,124,1,1,[211]
125,172,1,1,[211]
125,194,1,1,[211]
125,195,1,1,[211]
126,19,1,1,[211]
126,56,1,1,[211]
126,60,1,1,[211]
126,117,1,1,[211]
126,142,1,1,[211]
127,17,1,1,[211]
127,22,2,1,"[211, 227]"
128,77,1,1,[211]
129,19,2,2,"[211, 199]"
129,39,2,1,"[211, 229]"
129,50,1,1,[211]
129,84,2,1,"[211, 193]"
130,114,2,2,"[211, 223]"
130,116,1,1,[211]
131,111,2,1,"[211, 229]"
131,165,1,1,[211]
132,101,2,1,"[211, 233]"
132,116,1,1,[211]
133,33,1,1,[211]
134,16,1,1,[211]
134,43,1,1,[211]
134,54,2,1,"[211, 199]"
134,136,1,1,[211]
134,164,1,1,[211]
134,206,1,1,[211]
135,81,2,1,"[211, 229]"
135,152,1,1,[211]
136,10,1,1,[211]
136,28,1,1,[211]
136,37,1,1,[211]
136,139,1,1,[211]
136,209,1,1,[211]
137,24,1,1,[211]
137,35,1,1,[211]
137,98,1,1,[211]
137,170,1,1,[211]
137,204,1,1,[211]
138,33,2,1,"[211, 229]"
138,91,1,1,[211]
138,136,2,1,"[211, 193]"
138,151,2,2,"[211, 227]"
139,21,1,1,[211]
139,27,1,1,[211]
139,85,1,1,[211]
139,194,1,1,[211]
139,209,1,1,[211]
140,15,1,1,[211]
140,84,2,1,"[211, 233]"
141,85,1,1,[211]
142,164,1,1,[211]
142,172,2,2,"[211, 197]"
143,14,1,1,[211]
143,18,1,1,[211]
143,59,1,1,[211]
143,69,1,1,[211]
143,127,1,1,[211]
144,15,1,1,[211]
144,42,1,1,[211]
144,103,1,1,[211]
144,161,1,1,[211]
144,208,1,1,[211]
145,165,1,1,[211]
146,75,2,1,"[211, 199]"
146,165,1,1,[211]
147,155,1,1,[211]
148,30,1,1,[211]
148,31,1,1,[211]
148,36,1,1,[211]
148,129,1,1,[211]
148,178,1,1,[211]
149,75,1,1,[211]
150,39,1,1,[211]
150,67,1,1,[211]
150,81,1,1,[211]
150,99,1,1,[211]
150,161,1,1,[211]
151,3,1,1,[211]
151,105,1,1,[211]
151,126,1,1,[211]
151,135,1,1,[211]
151,201,1,1,[211]
152,2,1,1,[211]
153,24,2,1,"[211, 197]"
153,175,1,1,[211]
154,20,1,1,[211]
154,24,1,1,[211]
154,86,1,1,[211]
154,91,1,1,[211]
154,189,1,1,[211]
155,131,1,1,[211]
156,192,1,1,[211]
157,124,2,2,"[211, 197]"
157,174,1,1,[211]
158,157,1,1,[211]
159,28,2,1,"[211, 197]"
159,155,1,1,[211]
160,116,1,1,[211]
161,15,1,1,[211]
161,42,1,1,[211]
161,103,1,1,[211]
161,161,1,1,[211]
161,208,1,1,[211]
162,157,1,1,[211]
163,22,1,1,[211]
163,80,1,1,[211]
163,137,1,1,[211]
163,143,2,2,"[211, 229]"
163,146,1,1,[211]
163,208,1,1,[211]
164,195,1,1,[211]
165,35,1,1,[211]
165,101,2,1,"[211, 193]"
165,123,2,1,"[211, 227]"
166,26,1,1,[211]
167,142,1,1,[211]
168,3,1,1,[211]
169,45,1,1,[211]
169,54,1,1,[211]
169,56,1,1,[211]
169,88,1,1,[211]
169,105,2,1,"[211, 239]"
169,152,1,1,[211]
170,23,1,1,[211]
170,53,1,1,[211]
170,134,1,1,[211]
170,174,1,1,[211]
170,182,1,1,[211]
171,52,1,1,[211]
171,71,2,2,"[211, 233]"
171,95,2,1,"[211, 193]"
171,97,1,1,[211]
171,110,1,1,[211]
171,134,2,2,"[211, 199]"
171,189,1,1,[211]
171,196,1,1,[211]
172,22,1,1,[211]
172,80,1,1,[211]
172,122,2,2,"[211, 199]"
172,137,1,1,[211]
172,146,1,1,[211]
172,208,1,1,[211]
173,30,1,1,[211]
173,31,1,1,[211]
173,36,1,1,[211]
173,129,1,1,[211]
173,178,1,1,[211]
174,33,1,1,[211]
174,92,2,1,"[211, 193]"
175,50,1,1,[211]
176,14,1,1,[211]
176,18,1,1,[211]
176,59,1,1,[211]
176,69,1,1,[211]
176,127,1,1,[211]
177,174,1,1,[211]
178,52,1,1,[211]
178,97,1,1,[211]
178,110,1,1,[211]
178,189,1,1,[211]
178,196,1,1,[211]
179,8,1,1,[211]
179,33,1,1,[211]
179,42,2,1,"[211, 191]"
179,100,1,1,[211]
179,101,1,1,[211]
179,120,1,1,[211]
180,50,1,1,[211]
180,62,1,1,[211]
180,140,1,1,[211]
180,148,2,1,"[211, 223]"
180,185,1,1,[211]
180,201,1,1,[211]
181,39,1,1,[211]
182,4,1,1,[211]
182,47,1,1,[211]
182,80,1,1,[211]
182,186,1,1,[211]
182,187,1,1,[211]
183,17,1,1,[211]
183,81,1,1,[211]
183,84,1,1,[211]
183,132,1,1,[211]
183,173,1,1,[211]
184,19,1,1,[211]
184,51,1,1,[211]
184,81,2,2,"[211, 193]"
184,116,1,1,[211]
184,156,1,1,[211]
184,176,1,1,[211]
185,8,1,1,[211]
185,33,1,1,[211]
185,100,1,1,[211]
185,101,1,1,[211]
185,120,1,1,[211]
186,120,2,1,"[211, 197]"
186,195,1,1,[211]
187,50,2,2,"[211, 227]"
187,75,1,1,[211]
188,16,1,1,[211]
188,43,1,1,[211]
188,136,1,1,[211]
188,164,1,1,[211]
188,206,1,1,[211]
189,40,1,1,[211]
189,78,1,1,[211]
189,83,1,1,[211]
189,165,1,1,[211]
189,178,1,1,[211]
190,77,1,1,[211]
191,164,1,1,[211]
192,65,2,1,"[211, 223]"
192,192,1,1,[211]
193,23,1,1,[211]
193,53,1,1,[211]
193,134,1,1,[211]
193,174,1,1,[211]
193,182,1,1,[211]
194,19,1,1,[211]
194,51,1,1,[211]
194,116,1,1,[211]
194,156,1,1,[211]
194,176,1,1,[211]
195,7,1,1,[211]
195,109,2,2,"[211, 227]"
195,149,3,2,"[211, 223, 229]"
196,26,1,1,[211]
196,37,1,1,[211]
196,54,1,1,[211]
196,66,1,1,[211]
196,115,1,1,[211]
197,10,1,1,[211]
198,7,1,1,[211]
199,50,1,1,[211]
199,62,1,1,[211]
199,140,1,1,[211]
199,185,1,1,[211]
199,201,1,1,[211]
200,35,1,1,[211]
201,39,1,1,[211]
201,67,1,1,[211]
201,81,1,1,[211]
201,99,1,1,[211]
201,107,2,1,"[211, 223]"
201,161,1,1,[211]
202,152,1,1,[211]
203,75,1,1,[211]
203,93,1,1,[211]
203,172,1,1,[211]
203,196,1,1,[211]
203,210,1,1,[211]
204,69,1,1,[211]
204,77,1,1,[211]
204,89,1,1,[211]
204,95,1,1,[211]
204,163,1,1,[211]
205,17,1,1,[211]
206,85,1,1,[211]
207,131,1,1,[211]
207,171,2,1,"[211, 227]"
208,45,1,1,[211]
208,54,1,1,[211]
208,56,1,1,[211]
208,88,1,1,[211]
208,152,1,1,[211]
208,160,2,2,"[211, 223]"
209,17,1,1,[211]
209,81,1,1,[211]
209,84,1,1,[211]
209,132,1,1,[211]
209,173,1,1,[211]
210,10,1,1,[211]
0,35,2,2,"[223, 229]"
0,140,2,2,"[223, 229]"
0,194,2,2,"[223, 229]"
0,205,2,2,"[223, 229]"
1,136,1,1,[223]
1,202,1,1,[223]
1,210,1,1,[223]
1,214,1,1,[223]
2,39,1,1,[223]
2,56,1,1,[223]
2,66,1,1,[223]
2,176,1,1,[223]
3,18,1,1,[223]
3,56,1,1,[223]
3,79,1,1,[223]
3,89,1,1,[223]
3,126,1,1,[223]
4,55,1,1,[223]
4,119,1,1,[223]
4,151,1,1,[223]
4,196,1,1,[223]
5,35,1,1,[223]
5,53,1,1,[223]
5,110,1,1,[223]
5,135,1,1,[223]
5,197,1,1,[223]
6,94,1,1,[223]
6,119,1,1,[223]
6,140,1,1,[223]
6,212,1,1,[223]
6,217,1,1,[223]
7,1,1,1,[223]
7,31,1,1,[223]
7,77,1,1,[223]
7,136,1,1,[223]
8,2,1,1,[223]
8,23,2,2,"[223, 239]"
8,70,1,1,[223]
8,82,1,1,[223]
8,89,1,1,[223]
9,20,1,1,[223]
9,119,1,1,[223]
9,121,1,1,[223]
9,128,1,1,[223]
9,155,2,1,"[223, 233]"
10,29,1,1,[223]
10,36,1,1,[223]
10,56,2,1,"[223, 227]"
10,112,1,1,[223]
10,158,1,1,[223]
10,178,1,1,[223]
11,94,1,1,[223]
11,119,1,1,[223]
11,140,1,1,[223]
11,189,2,1,"[223, 211]"
11,212,1,1,[223]
11,217,1,1,[223]
12,2,1,1,[223]
12,43,1,1,[223]
12,116,1,1,[223]
12,144,1,1,[223]
12,186,1,1,[223]
13,38,1,1,[223]
13,64,1,1,[223]
13,144,1,1,[223]
13,148,1,1,[223]
13,154,1,1,[223]
14,30,1,1,[223]
14,38,1,1,[223]
14,66,1,1,[223]
14,80,1,1,[223]
14,174,2,1,"[223, 233]"
15,68,1,1,[223]
15,112,1,1,[223]
15,127,1,1,[223]
15,150,1,1,[223]
16,7,1,1,[223]
16,60,1,1,[223]
16,80,2,1,"[223, 211]"
16,93,1,1,[223]
16,217,1,1,[223]
17,11,1,1,[223]
17,32,1,1,[223]
17,100,1,1,[223]
17,115,1,1,[223]
18,2,1,1,[223]
18,49,1,1,[223]
18,62,1,1,[223]
18,154,1,1,[223]
19,16,1,1,[223]
19,50,1,1,[223]
19,117,1,1,[223]
19,169,1,1,[223]
20,15,1,1,[223]
20,57,1,1,[223]
20,188,1,1,[223]
20,201,1,1,[223]
20,211,1,1,[223]
21,37,1,1,[223]
21,66,1,1,[223]
21,69,1,1,[223]
21,81,1,1,[223]
21,117,1,1,[223]
22,2,1,1,[223]
22,43,1,1,[223]
22,116,1,1,[223]
22,144,1,1,[223]
22,186,1,1,[223]
23,35,1,1,[223]
23,53,1,1,[223]
23,110,1,1,[223]
23,135,1,1,[223]
23,149,2,1,"[223, 229]"
23,197,1,1,[223]
24,5,1,1,[223]
24,60,1,1,[223]
24,83,1,1,[223]
24,135,1,1,[223]
24,175,1,1,[223]
25,10,1,1,[223]
25,64,1,1,[223]
25,73,2,2,"[223, 239]"
25,171,1,1,[223]
25,172,1,1,[223]
26,25,1,1,[223]
26,44,3,1,"[223, 229, 233]"
26,83,1,1,[223]
26,136,1,1,[223]
26,154,2,2,"[223, 229]"
26,160,1,1,[223]
26,203,1,1,[223]
27,49,1,1,[223]
27,50,1,1,[223]
27,97,1,1,[223]
27,166,1,1,[223]
27,183,1,1,[223]
28,8,1,1,[223]
28,25,1,1,[223]
28,170,1,1,[223]
28,196,1,1,[223]
29,7,1,1,[223]
29,60,1,1,[223]
29,93,1,1,[223]
29,217,1,1,[223]
30,15,1,1,[223]
30,19,1,1,[223]
30,33,1,1,[223]
30,40,1,1,[223]
30,135,2,2,"[223, 229]"
31,30,1,1,[223]
31,115,1,1,[223]
31,158,1,1,[223]
31,220,1,1,[223]
31,221,2,1,"[223, 233]"
32,16,1,1,[223]
32,43,1,1,[223]
32,95,2,1,"[223, 241]"
32,114,1,1,[223]
32,184,2,2,"[223, 239]"
32,210,1,1,[223]
33,2,1,1,[223]
33,49,1,1,[223]
33,62,1,1,[223]
33,154,1,1,[223]
34,68,1,1,[223]
34,101,1,1,[223]
34,105,1,1,[223]
34,107,1,1,[223]
34,157,2,1,"[223, 211]"
35,49,1,1,[223]
35,50,1,1,[223]
35,97,1,1,[223]
35,166,1,1,[223]
35,183,1,1,[223]
36,60,1,1,[223]
36,76,1,1,[223]
36,132,1,1,[223]
36,134,2,1,"[223, 197]"
36,160,1,1,[223]
37,78,1,1,[223]
37,112,1,1,[223]
37,129,1,1,[223]
37,132,1,1,[223]
37,219,2,2,"[223, 241]"
38,34,1,1,[223]
38,162,1,1,[223]
38,164,1,1,[223]
38,165,1,1,[223]
39,136,1,1,[223]
39,202,1,1,[223]
39,210,1,1,[223]
39,214,1,1,[223]
40,4,1,1,[223]
40,9,1,1,[223]
40,65,1,1,[223]
40,86,1,1,[223]
40,149,1,1,[223]
41,34,1,1,[223]
41,162,1,1,[223]
41,164,1,1,[223]
41,165,1,1,[223]
42,63,1,1,[223]
42,100,2,2,"[223, 233]"
42,165,1,1,[223]
42,196,1,1,[223]
42,200,1,1,[223]
42,218,1,1,[223]
43,34,1,1,[223]
43,56,1,1,[223]
43,75,1,1,[223]
43,175,1,1,[223]
44,5,1,1,[223]
44,60,1,1,[223]
44,83,1,1,[223]
44,135,1,1,[223]
44,175,1,1,[223]
45,33,1,1,[223]
45,130,1,1,[223]
45,146,1,1,[223]
45,152,1,1,[223]
45,170,1,1,[223]
46,29,1,1,[223]
46,36,1,1,[223]
46,112,1,1,[223]
46,158,1,1,[223]
46,178,1,1,[223]
47,1,1,1,[223]
47,35,1,1,[223]
47,41,1,1,[223]
47,63,2,2,"[223, 227]"
47,156,1,1,[223]
47,196,2,2,"[223, 233]"
48,16,1,1,[223]
48,36,1,1,[223]
48,37,1,1,[223]
48,121,1,1,[223]
48,150,1,1,[223]
49,1,1,1,[223]
49,35,1,1,[223]
49,41,1,1,[223]
49,150,2,1,"[223, 211]"
49,156,1,1,[223]
49,192,2,1,"[223, 241]"
50,1,1,1,[223]
50,31,1,1,[223]
50,77,1,1,[223]
50,136,1,1,[223]
51,69,1,1,[223]
51,105,1,1,[223]
51,139,1,1,[223]
51,176,1,1,[223]
51,201,1,1,[223]
52,37,1,1,[223]
52,66,1,1,[223]
52,69,1,1,[223]
52,81,1,1,[223]
52,117,1,1,[223]
53,4,1,1,[223]
53,85,1,1,[223]
53,98,1,1,[223]
53,124,1,1,[223]
54,11,1,1,[223]
54,74,1,1,[223]
54,132,1,1,[223]
54,138,1,1,[223]
54,162,1,1,[223]
55,15,1,1,[223]
55,19,1,1,[223]
55,33,1,1,[223]
55,40,1,1,[223]
56,17,1,1,[223]
56,31,2,1,"[223, 199]"
56,81,1,1,[223]
56,82,1,1,[223]
56,194,1,1,[223]
57,88,1,1,[223]
57,146,1,1,[223]
57,164,1,1,[223]
57,181,1,1,[223]
57,212,1,1,[223]
58,16,1,1,[223]
58,43,1,1,[223]
58,114,1,1,[223]
58,210,1,1,[223]
59,8,1,1,[223]
59,18,1,1,[223]
59,75,1,1,[223]
59,130,1,1,[223]
59,172,1,1,[223]
60,4,1,1,[223]
60,85,1,1,[223]
60,98,1,1,[223]
60,124,1,1,[223]
61,1,2,1,"[223, 233]"
61,38,1,1,[223]
61,64,1,1,[223]
61,144,1,1,[223]
61,148,1,1,[223]
61,154,1,1,[223]
62,8,1,1,[223]
62,57,1,1,[223]
62,105,1,1,[223]
62,133,1,1,[223]
63,55,1,1,[223]
63,82,2,1,"[223, 241]"
63,119,1,1,[223]
63,151,1,1,[223]
63,196,1,1,[223]
64,34,1,1,[223]
64,56,1,1,[223]
64,58,2,1,"[223, 229]"
64,75,1,1,[223]
64,171,2,1,"[223, 229]"
64,175,1,1,[223]
65,9,2,1,"[223, 239]"
65,14,1,1,[223]
65,44,1,1,[223]
65,128,1,1,[223]
65,177,1,1,[223]
66,60,1,1,[223]
66,76,1,1,[223]
66,132,1,1,[223]
66,160,1,1,[223]
67,19,1,1,[223]
67,32,1,1,[223]
67,72,1,1,[223]
67,74,1,1,[223]
67,77,1,1,[223]
68,28,1,1,[223]
68,33,1,1,[223]
68,88,1,1,[223]
68,131,1,1,[223]
69,68,1,1,[223]
69,112,1,1,[223]
69,127,1,1,[223]
69,150,1,1,[223]
70,11,1,1,[223]
70,74,1,1,[223]
70,132,1,1,[223]
70,138,1,1,[223]
70,162,1,1,[223]
71,8,1,1,[223]
71,18,1,1,[223]
71,75,1,1,[223]
71,112,2,2,"[223, 241]"
71,130,1,1,[223]
71,172,1,1,[223]
72,16,1,1,[223]
72,50,1,1,[223]
72,117,1,1,[223]
72,169,1,1,[223]
73,14,1,1,[223]
73,52,2,1,"[223, 211]"
73,120,1,1,[223]
73,186,1,1,[223]
73,211,1,1,[223]
74,15,1,1,[223]
74,79,1,1,[223]
74,110,1,1,[223]
74,169,1,1,[223]
75,25,1,1,[223]
75,83,1,1,[223]
75,107,2,2,"[223, 233]"
75,136,1,1,[223]
75,160,1,1,[223]
75,203,1,1,[223]
76,14,1,1,[223]
76,44,1,1,[223]
76,128,1,1,[223]
76,177,1,1,[223]
77,63,1,1,[223]
77,165,1,1,[223]
77,196,1,1,[223]
77,200,1,1,[223]
77,218,1,1,[223]
78,39,1,1,[223]
78,56,1,1,[223]
78,66,1,1,[223]
78,176,1,1,[223]
79,1,1,1,[223]
79,58,1,1,[223]
79,72,1,1,[223]
79,93,1,1,[223]
79,133,1,1,[223]
79,176,2,1,"[223, 211]"
79,178,2,2,"[223, 233]"
80,10,1,1,[223]
80,47,1,1,[223]
80,120,1,1,[223]
80,127,1,1,[223]
80,166,1,1,[223]
81,78,1,1,[223]
81,112,1,1,[223]
81,129,1,1,[223]
81,132,1,1,[223]
81,146,2,2,"[223, 229]"
81,162,2,1,"[223, 199]"
82,14,1,1,[223]
82,44,1,1,[223]
82,128,1,1,[223]
82,177,1,1,[223]
83,10,1,1,[223]
83,64,1,1,[223]
83,171,1,1,[223]
83,172,1,1,[223]
84,41,2,2,"[223, 227]"
84,44,1,1,[223]
84,73,1,1,[223]
84,82,1,1,[223]
84,106,1,1,[223]
84,202,1,1,[223]
85,7,1,1,[223]
85,39,1,1,[223]
85,58,1,1,[223]
85,172,2,2,"[223, 241]"
85,183,1,1,[223]
85,205,1,1,[223]
86,20,1,1,[223]
86,119,1,1,[223]
86,121,1,1,[223]
86,128,1,1,[223]
86,135,2,1,"[223, 229]"
86,184,2,1,"[223, 197]"
87,16,1,1,[223]
87,36,1,1,[223]
87,37,1,1,[223]
87,121,1,1,[223]
87,150,1,1,[223]
88,16,1,1,[223]
88,36,1,1,[223]
88,37,1,1,[223]
88,84,2,1,"[223, 199]"
88,121,1,1,[223]
88,150,1,1,[223]
88,191,2,2,"[223, 233]"
89,2,1,1,[223]
89,70,1,1,[223]
89,82,1,1,[223]
89,89,1,1,[223]
90,27,2,2,"[223, 233]"
90,98,1,1,[223]
90,100,1,1,[223]
90,109,1,1,[223]
90,143,1,1,[223]
90,194,1,1,[223]
91,47,1,1,[223]
91,70,1,1,[223]
91,106,1,1,[223]
91,171,1,1,[223]
91,220,1,1,[223]
92,15,1,1,[223]
92,57,1,1,[223]
92,188,1,1,[223]
92,201,1,1,[223]
92,211,1,1,[223]
93,8,1,1,[223]
93,18,1,1,[223]
93,75,1,1,[223]
93,130,1,1,[223]
93,172,1,1,[223]
94,30,1,1,[223]
94,115,1,1,[223]
94,158,1,1,[223]
94,220,1,1,[223]
95,29,1,1,[223]
95,115,1,1,[223]
95,131,1,1,[223]
95,203,1,1,[223]
95,214,1,1,[223]
96,34,1,1,[223]
96,40,1,1,[223]
96,62,1,1,[223]
96,188,1,1,[223]
96,218,1,1,[223]
97,68,1,1,[223]
97,80,1,1,[223]
97,124,1,1,[223]
97,153,1,1,[223]
97,213,1,1,[223]
98,30,1,1,[223]
98,115,1,1,[223]
98,143,2,2,"[223, 229]"
98,158,1,1,[223]
98,220,1,1,[223]
99,11,1,1,[223]
99,74,1,1,[223]
99,132,1,1,[223]
99,138,1,1,[223]
99,162,1,1,[223]
100,30,1,1,[223]
100,38,1,1,[223]
100,66,1,1,[223]
100,80,1,1,[223]
100,97,2,1,"[223, 239]"
101,4,1,1,[223]
101,140,1,1,[223]
101,164,1,1,[223]
101,178,1,1,[223]
102,9,1,1,[223]
102,28,1,1,[223]
102,63,1,1,[223]
102,151,1,1,[223]
102,156,1,1,[223]
103,18,1,1,[223]
103,56,1,1,[223]
103,79,1,1,[223]
103,89,1,1,[223]
103,126,1,1,[223]
104,63,1,1,[223]
104,165,1,1,[223]
104,196,1,1,[223]
104,200,1,1,[223]
104,218,1,1,[223]
105,78,1,1,[223]
105,112,1,1,[223]
105,129,1,1,[223]
105,132,1,1,[223]
106,41,1,1,[223]
106,97,1,1,[223]
106,120,1,1,[223]
106,152,1,1,[223]
106,153,2,1,"[223, 229]"
107,22,1,1,[223]
107,41,1,1,[223]
107,53,1,1,[223]
107,101,1,1,[223]
107,148,1,1,[223]
108,107,1,1,[223]
108,126,1,1,[223]
108,169,1,1,[223]
108,177,1,1,[223]
108,213,1,1,[223]
109,30,1,1,[223]
109,38,1,1,[223]
109,66,1,1,[223]
109,80,1,1,[223]
110,4,1,1,[223]
110,85,1,1,[223]
110,98,1,1,[223]
110,124,1,1,[223]
110,182,2,1,"[223, 239]"
111,15,1,1,[223]
111,57,1,1,[223]
111,188,1,1,[223]
111,201,1,1,[223]
111,211,1,1,[223]
112,7,1,1,[223]
112,22,1,1,[223]
112,34,2,1,"[223, 233]"
112,64,1,1,[223]
112,68,2,2,"[223, 229]"
112,200,1,1,[223]
113,55,1,1,[223]
113,57,2,1,"[223, 233]"
113,129,1,1,[223]
113,138,1,1,[223]
113,163,2,1,"[223, 211]"
113,179,1,1,[223]
113,210,1,1,[223]
114,14,1,1,[223]
114,78,1,1,[223]
114,116,1,1,[223]
114,143,1,1,[223]
114,187,1,1,[223]
115,10,1,1,[223]
115,64,1,1,[223]
115,92,3,2,"[223, 197, 199]"
115,171,1,1,[223]
115,172,1,1,[223]
116,34,1,1,[223]
116,56,1,1,[223]
116,75,1,1,[223]
116,175,1,1,[223]
117,18,1,1,[223]
117,56,1,1,[223]
117,79,1,1,[223]
117,89,1,1,[223]
117,126,1,1,[223]
118,17,1,1,[223]
118,20,1,1,[223]
118,31,1,1,[223]
118,94,1,1,[223]
118,109,1,1,[223]
119,5,1,1,[223]
119,32,1,1,[223]
119,86,1,1,[223]
119,197,1,1,[223]
120,41,1,1,[223]
120,97,1,1,[223]
120,120,1,1,[223]
120,152,1,1,[223]
121,8,2,1,"[223, 229]"
121,60,1,1,[223]
121,76,1,1,[223]
121,132,1,1,[223]
121,160,1,1,[223]
122,25,1,1,[223]
122,83,1,1,[223]
122,136,1,1,[223]
122,156,2,2,"[223, 241]"
122,160,1,1,[223]
122,203,1,1,[223]
123,14,1,1,[223]
123,78,1,1,[223]
123,116,1,1,[223]
123,143,1,1,[223]
123,187,1,1,[223]
124,17,1,1,[223]
124,28,1,1,[223]
124,84,2,1,"[223, 239]"
124,149,1,1,[223]
124,199,1,1,[223]
125,65,1,1,[223]
125,73,1,1,[223]
125,76,1,1,[223]
125,85,1,1,[223]
125,128,1,1,[223]
126,2,1,1,[223]
126,70,1,1,[223]
126,82,1,1,[223]
126,89,1,1,[223]
127,1,1,1,[223]
127,35,1,1,[223]
127,41,1,1,[223]
127,104,2,2,"[223, 233]"
127,156,1,1,[223]
128,20,1,1,[223]
128,119,1,1,[223]
128,121,1,1,[223]
128,128,1,1,[223]
129,65,1,1,[223]
129,73,1,1,[223]
129,76,1,1,[223]
129,85,1,1,[223]
129,128,1,1,[223]
130,49,1,1,[223]
130,114,2,2,"[223, 211]"
130,181,1,1,[223]
130,197,1,1,[223]
130,205,1,1,[223]
131,7,1,1,[223]
131,22,1,1,[223]
131,64,1,1,[223]
131,200,1,1,[223]
132,6,2,1,"[223, 197]"
132,16,1,1,[223]
132,50,1,1,[223]
132,117,1,1,[223]
132,169,1,1,[223]
133,16,1,1,[223]
133,43,1,1,[223]
133,114,1,1,[223]
133,210,1,1,[223]
134,68,1,1,[223]
134,80,1,1,[223]
134,124,1,1,[223]
134,153,1,1,[223]
134,213,1,1,[223]
135,98,1,1,[223]
135,139,1,1,[223]
135,171,1,1,[223]
135,187,1,1,[223]
136,98,1,1,[223]
136,139,1,1,[223]
136,171,1,1,[223]
136,187,1,1,[223]
137,29,1,1,[223]
137,49,3,1,"[223, 241, 229]"
137,115,1,1,[223]
137,131,1,1,[223]
137,170,2,1,"[223, 211]"
137,203,1,1,[223]
137,214,1,1,[223]
138,15,1,1,[223]
138,19,1,1,[223]
138,33,1,1,[223]
138,40,1,1,[223]
139,68,1,1,[223]
139,112,1,1,[223]
139,127,1,1,[223]
139,150,1,1,[223]
140,107,1,1,[223]
140,126,1,1,[223]
140,169,1,1,[223]
140,177,1,1,[223]
140,213,1,1,[223]
141,30,1,1,[223]
141,114,1,1,[223]
141,153,1,1,[223]
141,179,1,1,[223]
141,199,1,1,[223]
142,17,1,1,[223]
142,20,1,1,[223]
142,31,1,1,[223]
142,94,1,1,[223]
142,109,1,1,[223]
143,39,1,1,[223]
143,56,1,1,[223]
143,66,1,1,[223]
143,176,1,1,[223]
144,34,1,1,[223]
144,162,1,1,[223]
144,164,1,1,[223]
144,165,1,1,[223]
145,10,1,1,[223]
145,47,1,1,[223]
145,120,1,1,[223]
145,127,1,1,[223]
145,166,1,1,[223]
146,5,1,1,[223]
146,32,1,1,[223]
146,86,1,1,[223]
146,197,1,1,[223]
147,30,1,1,[223]
147,114,1,1,[223]
147,153,1,1,[223]
147,163,2,2,"[223, 233]"
147,179,1,1,[223]
147,199,1,1,[223]
148,4,1,1,[223]
148,140,1,1,[223]
148,164,1,1,[223]
148,178,1,1,[223]
149,38,1,1,[223]
149,64,1,1,[223]
149,144,1,1,[223]
149,148,1,1,[223]
149,154,1,1,[223]
150,37,1,1,[223]
150,66,1,1,[223]
150,69,1,1,[223]
150,81,1,1,[223]
150,117,1,1,[223]
151,41,2,2,"[223, 233]"
151,47,1,1,[223]
151,70,1,1,[223]
151,106,1,1,[223]
151,171,1,1,[223]
151,220,1,1,[223]
152,49,1,1,[223]
152,181,1,1,[223]
152,197,1,1,[223]
152,205,1,1,[223]
152,218,2,2,"[223, 229]"
153,17,1,1,[223]
153,28,1,1,[223]
153,84,2,2,"[223, 239]"
153,142,2,1,"[223, 241]"
153,149,1,1,[223]
153,199,1,1,[223]
154,44,1,1,[223]
154,73,1,1,[223]
154,82,1,1,[223]
154,106,1,1,[223]
154,202,1,1,[223]
155,5,1,1,[223]
155,60,1,1,[223]
155,83,1,1,[223]
155,135,1,1,[223]
155,175,1,1,[223]
156,55,1,1,[223]
156,119,1,1,[223]
156,151,1,1,[223]
156,163,2,2,"[223, 241]"
156,196,1,1,[223]
156,203,2,2,"[223, 229]"
157,9,1,1,[223]
157,28,1,1,[223]
157,63,1,1,[223]
157,151,1,1,[223]
157,156,1,1,[223]
158,30,1,1,[223]
158,114,1,1,[223]
158,153,1,1,[223]
158,179,1,1,[223]
158,199,1,1,[223]
159,22,1,1,[223]
159,41,1,1,[223]
159,53,1,1,[223]
159,101,1,1,[223]
159,148,1,1,[223]
160,19,1,1,[223]
160,32,1,1,[223]
160,72,1,1,[223]
160,74,1,1,[223]
160,77,1,1,[223]
161,25,2,1,"[223, 233]"
161,49,1,1,[223]
161,50,1,1,[223]
161,97,1,1,[223]
161,166,1,1,[223]
161,183,1,1,[223]
162,15,1,1,[223]
162,79,1,1,[223]
162,110,1,1,[223]
162,169,1,1,[223]
162,219,2,1,"[223, 239]"
163,55,1,1,[223]
163,129,1,1,[223]
163,138,1,1,[223]
163,179,1,1,[223]
163,210,1,1,[223]
164,49,1,1,[223]
164,181,1,1,[223]
164,197,1,1,[223]
164,205,1,1,[223]
165,98,1,1,[223]
165,100,1,1,[223]
165,109,1,1,[223]
165,143,1,1,[223]
165,194,1,1,[223]
165,210,2,2,"[223, 233]"
166,1,1,1,[223]
166,31,1,1,[223]
166,77,1,1,[223]
166,136,1,1,[223]
167,7,2,1,"[223, 241]"
167,17,2,1,"[223, 233]"
167,29,1,1,[223]
167,36,1,1,[223]
167,75,2,2,"[223, 233]"
167,112,1,1,[223]
167,158,1,1,[223]
167,178,1,1,[223]
168,7,1,1,[223]
168,39,1,1,[223]
168,58,1,1,[223]
168,183,1,1,[223]
168,205,1,1,[223]
169,17,1,1,[223]
169,28,1,1,[223]
169,149,1,1,[223]
169,199,1,1,[223]
170,55,1,1,[223]
170,129,1,1,[223]
170,138,1,1,[223]
170,179,1,1,[223]
170,210,1,1,[223]
171,14,1,1,[223]
171,52,2,1,"[223, 211]"
171,120,1,1,[223]
171,186,1,1,[223]
171,211,1,1,[223]
172,2,1,1,[223]
172,49,1,1,[223]
172,62,1,1,[223]
172,154,1,1,[223]
173,88,1,1,[223]
173,128,3,3,"[223, 233, 239]"
173,146,1,1,[223]
173,164,1,1,[223]
173,181,1,1,[223]
173,212,1,1,[223]
174,34,1,1,[223]
174,40,1,1,[223]
174,62,1,1,[223]
174,188,1,1,[223]
174,218,1,1,[223]
175,98,1,1,[223]
175,139,1,1,[223]
175,171,1,1,[223]
175,187,1,1,[223]
176,34,1,1,[223]
176,40,1,1,[223]
176,62,1,1,[223]
176,188,1,1,[223]
176,218,1,1,[223]
177,17,1,1,[223]
177,31,2,1,"[223, 199]"
177,81,1,1,[223]
177,82,1,1,[223]
177,194,1,1,[223]
178,7,1,1,[223]
178,60,1,1,[223]
178,93,1,1,[223]
178,217,1,1,[223]
179,18,2,1,"[223, 239]"
179,28,1,1,[223]
179,33,1,1,[223]
179,88,1,1,[223]
179,131,1,1,[223]
180,22,1,1,[223]
180,41,1,1,[223]
180,53,1,1,[223]
180,101,1,1,[223]
180,148,1,1,[223]
181,5,1,1,[223]
181,32,1,1,[223]
181,86,1,1,[223]
181,190,3,1,"[223, 241, 227]"
181,197,1,1,[223]
182,1,1,1,[223]
182,58,1,1,[223]
182,72,1,1,[223]
182,93,1,1,[223]
182,133,1,1,[223]
183,136,1,1,[223]
183,202,1,1,[223]
183,210,1,1,[223]
183,214,1,1,[223]
184,4,1,1,[223]
184,9,1,1,[223]
184,65,1,1,[223]
184,86,1,1,[223]
184,149,1,1,[223]
185,1,1,1,[223]
185,58,1,1,[223]
185,70,2,1,"[223, 229]"
185,72,1,1,[223]
185,93,1,1,[223]
185,133,1,1,[223]
186,17,1,1,[223]
186,20,1,1,[223]
186,31,1,1,[223]
186,94,1,1,[223]
186,109,1,1,[223]
187,9,1,1,[223]
187,28,1,1,[223]
187,63,1,1,[223]
187,151,1,1,[223]
187,156,1,1,[223]
188,8,1,1,[223]
188,57,1,1,[223]
188,105,1,1,[223]
188,133,1,1,[223]
188,163,2,1,"[223, 233]"
189,2,1,1,[223]
189,43,1,1,[223]
189,116,1,1,[223]
189,144,1,1,[223]
189,186,1,1,[223]
190,69,1,1,[223]
190,105,1,1,[223]
190,139,1,1,[223]
190,176,1,1,[223]
190,201,1,1,[223]
191,98,1,1,[223]
191,100,1,1,[223]
191,109,1,1,[223]
191,143,1,1,[223]
191,194,1,1,[223]
192,2,2,2,"[223, 233]"
192,8,3,2,"[223, 241, 227]"
192,65,1,1,[223]
192,73,1,1,[223]
192,76,1,1,[223]
192,85,1,1,[223]
192,128,1,1,[223]
193,7,1,1,[223]
193,39,1,1,[223]
193,58,1,1,[223]
193,183,1,1,[223]
193,205,1,1,[223]
194,33,1,1,[223]
194,130,1,1,[223]
194,146,1,1,[223]
194,152,1,1,[223]
194,170,1,1,[223]
195,35,1,1,[223]
195,53,1,1,[223]
195,110,1,1,[223]
195,135,1,1,[223]
195,149,2,2,"[223, 229]"
195,187,2,2,"[223, 229]"
195,197,1,1,[223]
196,8,1,1,[223]
196,57,1,1,[223]
196,105,1,1,[223]
196,133,1,1,[223]
197,4,1,1,[223]
197,140,1,1,[223]
197,164,1,1,[223]
197,178,1,1,[223]
197,193,2,1,"[223, 233]"
198,32,2,1,"[223, 227]"
198,107,1,1,[223]
198,126,1,1,[223]
198,169,1,1,[223]
198,177,1,1,[223]
198,213,1,1,[223]
199,28,1,1,[223]
199,33,1,1,[223]
199,88,1,1,[223]
199,131,1,1,[223]
200,8,1,1,[223]
200,25,1,1,[223]
200,170,1,1,[223]
200,196,1,1,[223]
201,68,1,1,[223]
201,101,1,1,[223]
201,105,1,1,[223]
201,107,1,1,[223]
201,205,2,1,"[223, 239]"
202,14,1,1,[223]
202,120,1,1,[223]
202,186,1,1,[223]
202,211,1,1,[223]
203,7,1,1,[223]
203,22,1,1,[223]
203,64,1,1,[223]
203,200,1,1,[223]
204,47,1,1,[223]
204,70,1,1,[223]
204,106,1,1,[223]
204,171,1,1,[223]
204,220,1,1,[223]
205,69,1,1,[223]
205,105,1,1,[223]
205,139,1,1,[223]
205,176,1,1,[223]
205,201,1,1,[223]
206,94,1,1,[223]
206,119,1,1,[223]
206,140,1,1,[223]
206,212,1,1,[223]
206,217,1,1,[223]
207,16,2,1,"[223, 241]"
207,33,1,1,[223]
207,130,1,1,[223]
207,146,1,1,[223]
207,152,1,1,[223]
207,170,1,1,[223]
208,44,1,1,[223]
208,73,1,1,[223]
208,82,1,1,[223]
208,106,1,1,[223]
208,160,2,2,"[223, 211]"
208,202,1,1,[223]
209,14,1,1,[223]
209,78,1,1,[223]
209,116,1,1,[223]
209,143,1,1,[223]
209,187,1,1,[223]
210,15,1,1,[223]
210,79,1,1,[223]
210,110,1,1,[223]
210,169,1,1,[223]
210,204,2,1,"[223, 241]"
211,68,1,1,[223]
211,101,1,1,[223]
211,105,1,1,[223]
211,107,1,1,[223]
212,11,1,1,[223]
212,32,1,1,[223]
212,100,1,1,[223]
212,115,1,1,[223]
213,17,1,1,[223]
213,81,1,1,[223]
213,82,1,1,[223]
213,83,2,1,"[223, 229]"
213,194,1,1,[223]
214,29,1,1,[223]
214,70,2,2,"[223, 229]"
214,115,1,1,[223]
214,131,1,1,[223]
214,203,1,1,[223]
214,214,1,1,[223]
215,68,1,1,[223]
215,80,1,1,[223]
215,82,2,1,"[223, 233]"
215,124,1,1,[223]
215,153,1,1,[223]
215,213,1,1,[223]
216,88,1,1,[223]
216,146,1,1,[223]
216,158,2,1,"[223, 229]"
216,164,1,1,[223]
216,181,1,1,[223]
216,212,1,1,[223]
217,11,1,1,[223]
217,32,1,1,[223]
217,100,1,1,[223]
217,115,1,1,[223]
218,8,1,1,[223]
218,25,1,1,[223]
218,170,1,1,[223]
218,196,1,1,[223]
219,19,1,1,[223]
219,32,1,1,[223]
219,72,1,1,[223]
219,74,1,1,[223]
219,77,1,1,[223]
220,41,1,1,[223]
220,97,1,1,[223]
220,120,1,1,[223]
220,152,1,1,[223]
221,10,1,1,[223]
221,47,1,1,[223]
221,120,1,1,[223]
221,127,1,1,[223]
221,166,1,1,[223]
222,4,1,1,[223]
222,9,1,1,[223]
222,65,1,1,[223]
222,86,1,1,[223]
222,149,1,1,[223]
1,54,1,1,[227]
1,89,1,1,[227]
2,96,1,1,[227]
3,43,1,1,[227]
3,64,2,2,"[227, 241]"
3,72,1,1,[227]
4,22,1,1,[227]
4,196,1,1,[227]
5,38,1,1,[227]
6,128,1,1,[227]
7,88,1,1,[227]
7,103,1,1,[227]
8,140,1,1,[227]
9,96,1,1,[227]
9,133,1,1,[227]
10,56,1,1,[227]
10,210,1,1,[227]
11,116,1,1,[227]
11,152,1,1,[227]
12,105,1,1,[227]
12,110,1,1,[227]
13,216,1,1,[227]
14,37,2,1,"[227, 241]"
14,106,1,1,[227]
15,202,1,1,[227]
16,21,1,1,[227]
16,51,1,1,[227]
17,94,2,1,"[227, 241]"
17,165,1,1,[227]
18,95,1,1,[227]
18,194,2,1,"[227, 239]"
19,151,1,1,[227]
19,169,1,1,[227]
20,150,1,1,[227]
20,168,2,1,"[227, 241]"
21,193,1,1,[227]
21,213,1,1,[227]
22,18,1,1,[227]
22,91,2,2,"[227, 211]"
22,217,2,1,"[227, 239]"
23,37,1,1,[227]
23,82,1,1,[227]
23,169,2,1,"[227, 199]"
24,111,1,1,[227]
25,13,2,2,"[227, 251]"
25,60,1,1,[227]
25,225,1,1,[227]
26,163,1,1,[227]
26,214,1,1,[227]
27,26,1,1,[227]
27,128,1,1,[227]
28,23,2,2,"[227, 229]"
28,84,1,1,[227]
28,204,1,1,[227]
29,86,1,1,[227]
29,209,1,1,[227]
30,53,1,1,[227]
30,226,1,1,[227]
31,163,1,1,[227]
32,15,1,1,[227]
33,79,1,1,[227]
33,127,1,1,[227]
34,52,1,1,[227]
34,195,1,1,[227]
35,146,1,1,[227]
36,71,1,1,[227]
36,140,1,1,[227]
37,35,1,1,[227]
38,9,2,1,"[227, 229]"
38,218,1,1,[227]
39,61,1,1,[227]
40,6,1,1,[227]
40,136,1,1,[227]
41,164,1,1,[227]
42,217,1,1,[227]
43,63,2,1,"[227, 241]"
43,69,1,1,[227]
43,200,1,1,[227]
44,146,1,1,[227]
44,207,1,1,[227]
45,118,1,1,[227]
46,91,1,1,[227]
47,63,2,2,"[227, 223]"
47,77,1,1,[227]
47,187,1,1,[227]
48,28,1,1,[227]
48,68,1,1,[227]
49,109,1,1,[227]
49,135,1,1,[227]
50,31,1,1,[227]
50,196,2,1,"[227, 229]"
51,220,1,1,[227]
52,88,1,1,[227]
53,35,1,1,[227]
53,188,1,1,[227]
53,197,2,2,"[227, 233]"
54,51,1,1,[227]
54,157,2,2,"[227, 241]"
54,215,2,2,"[227, 233]"
55,5,2,1,"[227, 233]"
55,149,1,1,[227]
56,60,1,1,[227]
57,50,1,1,[227]
57,74,1,1,[227]
58,52,1,1,[227]
59,182,1,1,[227]
59,215,1,1,[227]
60,200,1,1,[227]
61,178,1,1,[227]
62,61,1,1,[227]
62,172,1,1,[227]
63,57,1,1,[227]
63,106,1,1,[227]
64,46,1,1,[227]
64,59,1,1,[227]
65,126,1,1,[227]
65,132,1,1,[227]
66,24,1,1,[227]
67,93,1,1,[227]
68,3,2,1,"[227, 239]"
68,42,1,1,[227]
68,104,2,1,"[227, 239]"
69,11,2,1,"[227, 241]"
69,125,1,1,[227]
69,185,1,1,[227]
70,24,1,1,[227]
70,90,1,1,[227]
70,142,2,2,"[227, 239]"
71,161,1,1,[227]
71,164,1,1,[227]
72,148,1,1,[227]
73,41,1,1,[227]
73,97,1,1,[227]
74,14,2,1,"[227, 241]"
74,62,1,1,[227]
74,87,2,1,"[227, 241]"
74,183,1,1,[227]
75,73,1,1,[227]
75,80,1,1,[227]
75,120,2,2,"[227, 199]"
76,10,1,1,[227]
76,154,1,1,[227]
77,130,1,1,[227]
77,147,1,1,[227]
77,166,3,2,"[227, 241, 257]"
78,66,1,1,[227]
78,134,1,1,[227]
79,42,1,1,[227]
79,44,1,1,[227]
80,162,1,1,[227]
81,95,1,1,[227]
81,186,1,1,[227]
82,70,1,1,[227]
82,170,1,1,[227]
83,117,2,2,"[227, 233]"
83,127,1,1,[227]
84,41,2,2,"[227, 223]"
84,45,1,1,[227]
84,90,2,1,"[227, 211]"
84,112,1,1,[227]
85,63,1,1,[227]
85,153,1,1,[227]
86,48,2,1,"[227, 229]"
86,179,1,1,[227]
87,39,1,1,[227]
87,203,1,1,[227]
88,83,1,1,[227]
89,102,1,1,[227]
89,118,1,1,[227]
90,104,2,2,"[227, 241]"
90,150,1,1,[227]
90,222,1,1,[227]
91,125,1,1,[227]
92,25,1,1,[227]
92,158,1,1,[227]
93,66,1,1,[227]
93,83,2,1,"[227, 241]"
94,55,1,1,[227]
95,39,1,1,[227]
96,20,1,1,[227]
97,101,1,1,[227]
97,148,1,1,[227]
98,13,1,1,[227]
99,18,1,1,[227]
99,181,1,1,[227]
100,16,1,1,[227]
100,201,1,1,[227]
101,2,1,1,[227]
101,121,1,1,[227]
102,33,1,1,[227]
102,145,1,1,[227]
102,194,2,2,"[227, 229]"
103,14,1,1,[227]
103,166,1,1,[227]
104,58,1,1,[227]
104,104,1,1,[227]
104,123,2,2,"[227, 229]"
105,119,1,1,[227]
105,163,2,1,"[227, 211]"
106,37,1,1,[227]
107,98,1,1,[227]
107,137,2,2,"[227, 241]"
108,19,1,1,[227]
108,111,1,1,[227]
109,12,1,1,[227]
109,94,1,1,[227]
110,11,1,1,[227]
110,124,1,1,[227]
111,198,1,1,[227]
112,9,1,1,[227]
112,184,1,1,[227]
112,199,2,1,"[227, 233]"
113,138,1,1,[227]
113,177,1,1,[227]
114,215,1,1,[227]
115,211,1,1,[227]
115,223,2,2,"[227, 239]"
116,144,1,1,[227]
116,220,1,1,[227]
117,157,1,1,[227]
118,130,1,1,[227]
119,168,1,1,[227]
120,8,1,1,[227]
120,30,1,1,[227]
121,35,2,1,"[227, 229]"
121,142,1,1,[227]
121,192,1,1,[227]
122,4,1,1,[227]
122,107,1,1,[227]
122,154,2,1,"[227, 211]"
123,143,1,1,[227]
124,58,1,1,[227]
125,17,1,1,[227]
126,138,1,1,[227]
127,22,1,1,[227]
128,107,1,1,[227]
129,92,1,1,[227]
129,191,1,1,[227]
130,224,1,1,[227]
131,159,1,1,[227]
131,224,1,1,[227]
132,49,1,1,[227]
132,119,1,1,[227]
133,40,1,1,[227]
133,76,2,1,"[227, 241]"
133,162,1,1,[227]
134,48,1,1,[227]
134,149,1,1,[227]
135,6,1,1,[227]
136,29,1,1,[227]
136,38,1,1,[227]
137,135,1,1,[227]
138,33,2,1,"[227, 223]"
138,151,2,2,"[227, 211]"
138,197,1,1,[227]
139,67,1,1,[227]
139,81,1,1,[227]
139,209,2,1,"[227, 211]"
140,194,1,1,[227]
141,27,1,1,[227]
141,74,2,2,"[227, 241]"
141,98,1,1,[227]
142,115,1,1,[227]
143,154,1,1,[227]
144,15,1,1,[227]
144,113,1,1,[227]
144,165,2,1,"[227, 223]"
145,95,2,1,"[227, 239]"
145,153,1,1,[227]
146,199,1,1,[227]
147,180,1,1,[227]
147,221,1,1,[227]
148,174,1,1,[227]
149,14,1,1,[227]
150,117,1,1,[227]
151,70,2,1,"[227, 223]"
151,184,1,1,[227]
152,72,1,1,[227]
153,142,1,1,[227]
154,105,1,1,[227]
154,163,2,2,"[227, 241]"
155,87,1,1,[227]
155,114,1,1,[227]
156,193,1,1,[227]
157,67,1,1,[227]
157,215,2,1,"[227, 239]"
158,226,1,1,[227]
159,175,1,1,[227]
159,198,1,1,[227]
160,47,1,1,[227]
160,179,1,1,[227]
160,219,2,2,"[227, 241]"
161,100,1,1,[227]
161,133,2,1,"[227, 241]"
161,178,1,1,[227]
162,68,1,1,[227]
163,41,2,1,"[227, 233]"
163,50,2,1,"[227, 241]"
163,223,1,1,[227]
164,50,1,1,[227]
165,123,1,1,[227]
166,44,2,1,"[227, 233]"
166,212,1,1,[227]
166,223,1,1,[227]
167,1,1,1,[227]
167,197,1,1,[227]
168,80,1,1,[227]
169,83,1,1,[227]
169,141,1,1,[227]
170,45,1,1,[227]
170,79,2,1,"[227, 239]"
171,23,1,1,[227]
171,218,1,1,[227]
172,129,1,1,[227]
172,216,1,1,[227]
173,99,1,1,[227]
173,208,1,1,[227]
174,145,1,1,[227]
175,64,1,1,[227]
175,123,1,1,[227]
176,160,1,1,[227]
176,194,1,1,[227]
177,111,2,1,"[227, 233]"
177,167,1,1,[227]
177,211,1,1,[227]
178,8,1,1,[227]
179,152,1,1,[227]
180,191,1,1,[227]
181,190,1,1,[227]
181,202,1,1,[227]
182,5,1,1,[227]
182,189,1,1,[227]
183,86,1,1,[227]
184,180,1,1,[227]
185,34,1,1,[227]
185,110,2,1,"[227, 241]"
185,115,1,1,[227]
186,12,2,1,"[227, 241]"
186,78,1,1,[227]
186,157,1,1,[227]
187,50,2,2,"[227, 211]"
187,187,1,1,[227]
188,65,1,1,[227]
188,93,1,1,[227]
188,112,2,2,"[227, 233]"
188,134,2,1,"[227, 229]"
189,76,1,1,[227]
189,186,2,1,"[227, 223]"
189,217,1,1,[227]
190,108,1,1,[227]
190,165,1,1,[227]
191,126,1,1,[227]
192,3,1,1,[227]
192,8,2,2,"[227, 241]"
192,85,2,1,"[227, 223]"
192,137,1,1,[227]
193,183,1,1,[227]
194,91,2,2,"[227, 239]"
194,137,1,1,[227]
195,109,2,2,"[227, 211]"
195,168,1,1,[227]
195,176,1,1,[227]
196,36,1,1,[227]
196,55,1,1,[227]
197,158,1,1,[227]
198,32,1,1,[227]
199,2,1,1,[227]
200,206,1,1,[227]
201,124,1,1,[227]
202,54,1,1,[227]
203,122,1,1,[227]
203,199,1,1,[227]
204,56,1,1,[227]
205,20,1,1,[227]
205,75,1,1,[227]
206,151,1,1,[227]
207,2,2,2,"[227, 241]"
207,91,1,1,[227]
207,171,1,1,[227]
208,204,1,1,[227]
209,131,1,1,[227]
209,156,1,1,[227]
210,32,1,1,[227]
210,120,1,1,[227]
211,114,1,1,[227]
212,79,2,2,"[227, 241]"
212,85,1,1,[227]
212,174,1,1,[227]
213,139,1,1,[227]
213,143,1,1,[227]
214,13,1,1,[227]
214,130,2,1,"[227, 241]"
214,219,1,1,[227]
215,208,1,1,[227]
216,46,1,1,[227]
217,5,1,1,[227]
218,41,1,1,[227]
219,205,1,1,[227]
219,206,1,1,[227]
220,170,1,1,[227]
221,117,1,1,[227]
221,155,1,1,[227]
222,7,1,1,[227]
222,17,1,1,[227]
223,156,1,1,[227]
224,201,1,1,[227]
225,31,1,1,[227]
225,78,2,2,"[227, 241]"
225,173,1,1,[227]
226,94,1,1,[227]
0,35,2,2,"[229, 223]"
0,140,2,2,"[229, 223]"
0,194,2,2,"[229, 223]"
0,205,2,2,"[229, 223]"
1,73,1,1,[229]
1,101,1,1,[229]
1,102,1,1,[229]
1,106,1,1,[229]
1,123,1,1,[229]
1,127,1,1,[229]
1,128,1,1,[229]
1,156,1,1,[229]
2,55,2,1,"[229, 241]"
2,62,1,1,[229]
2,95,1,1,[229]
2,134,1,1,[229]
2,136,2,2,"[229, 211]"
2,167,1,1,[229]
3,13,1,1,[229]
3,23,1,1,[229]
3,29,1,1,[229]
3,93,1,1,[229]
3,136,1,1,[229]
3,200,1,1,[229]
3,206,1,1,[229]
3,216,1,1,[229]
4,51,1,1,[229]
4,55,2,1,"[229, 223]"
4,178,1,1,[229]
5,100,1,1,[229]
5,129,1,1,[229]
6,21,2,2,"[229, 239]"
6,76,1,1,[229]
6,83,1,1,[229]
6,146,1,1,[229]
6,153,1,1,[229]
7,55,1,1,[229]
7,174,1,1,[229]
8,2,2,1,"[229, 223]"
8,82,1,1,[229]
8,147,1,1,[229]
9,6,1,1,[229]
9,21,1,1,[229]
9,90,1,1,[229]
9,114,1,1,[229]
9,115,1,1,[229]
9,139,1,1,[229]
9,208,1,1,[229]
9,223,1,1,[229]
10,62,1,1,[229]
10,167,1,1,[229]
11,37,1,1,[229]
11,192,1,1,[229]
12,100,1,1,[229]
12,129,1,1,[229]
13,37,1,1,[229]
13,82,1,1,[229]
13,147,1,1,[229]
13,192,1,1,[229]
14,13,1,1,[229]
14,50,1,1,[229]
14,73,1,1,[229]
14,88,1,1,[229]
14,141,1,1,[229]
14,156,1,1,[229]
14,179,1,1,[229]
14,216,1,1,[229]
15,3,1,1,[229]
15,226,1,1,[229]
16,52,1,1,[229]
16,86,1,1,[229]
16,92,1,1,[229]
16,113,1,1,[229]
16,116,1,1,[229]
16,137,1,1,[229]
16,143,1,1,[229]
16,177,1,1,[229]
17,6,1,1,[229]
17,84,1,1,[229]
17,92,1,1,[229]
17,93,1,1,[229]
17,136,1,1,[229]
17,137,1,1,[229]
17,145,1,1,[229]
17,223,1,1,[229]
18,46,1,1,[229]
18,53,3,1,"[229, 241, 257]"
18,71,1,1,[229]
18,158,1,1,[229]
18,183,1,1,[229]
19,8,1,1,[229]
19,66,1,1,[229]
19,96,1,1,[229]
19,107,1,1,[229]
19,122,1,1,[229]
19,133,1,1,[229]
19,163,1,1,[229]
19,221,1,1,[229]
20,2,1,1,[229]
20,24,1,1,[229]
20,84,1,1,[229]
20,98,1,1,[229]
20,131,1,1,[229]
20,145,1,1,[229]
20,205,1,1,[229]
20,227,1,1,[229]
21,36,1,1,[229]
21,193,1,1,[229]
22,55,1,1,[229]
22,174,1,1,[229]
23,3,1,1,[229]
23,80,1,1,[229]
23,149,1,1,[229]
23,226,1,1,[229]
24,62,1,1,[229]
24,167,1,1,[229]
25,30,1,1,[229]
25,32,1,1,[229]
25,35,1,1,[229]
25,74,1,1,[229]
25,155,1,1,[229]
25,194,1,1,[229]
25,197,1,1,[229]
25,199,1,1,[229]
26,44,2,1,"[229, 233]"
26,97,1,1,[229]
26,132,1,1,[229]
26,154,2,2,"[229, 223]"
27,8,1,1,[229]
27,66,1,1,[229]
27,96,1,1,[229]
27,107,1,1,[229]
27,122,1,1,[229]
27,126,2,1,"[229, 241]"
27,133,1,1,[229]
27,163,1,1,[229]
27,221,1,1,[229]
28,14,1,1,[229]
28,23,2,2,"[229, 227]"
28,51,1,1,[229]
28,73,2,2,"[229, 251]"
28,156,2,1,"[229, 251]"
28,178,1,1,[229]
28,215,1,1,[229]
29,81,1,1,[229]
29,99,1,1,[229]
29,130,1,1,[229]
29,148,1,1,[229]
30,15,2,1,"[229, 223]"
30,76,1,1,[229]
30,135,2,2,"[229, 223]"
30,153,1,1,[229]
31,75,1,1,[229]
31,103,1,1,[229]
31,126,1,1,[229]
31,154,1,1,[229]
32,75,1,1,[229]
32,103,1,1,[229]
32,116,2,1,"[229, 251]"
32,126,1,1,[229]
32,154,1,1,[229]
33,95,1,1,[229]
33,134,1,1,[229]
34,20,1,1,[229]
34,58,1,1,[229]
34,171,1,1,[229]
34,209,1,1,[229]
35,5,1,1,[229]
35,23,2,2,"[229, 251]"
35,100,1,1,[229]
35,129,1,1,[229]
35,191,2,1,"[229, 241]"
35,224,1,1,[229]
36,3,1,1,[229]
36,226,1,1,[229]
37,2,1,1,[229]
37,66,1,1,[229]
37,74,1,1,[229]
37,109,1,1,[229]
37,120,1,1,[229]
37,155,1,1,[229]
37,163,1,1,[229]
37,227,1,1,[229]
38,9,1,1,[229]
38,49,1,1,[229]
38,180,1,1,[229]
38,220,1,1,[229]
39,13,2,1,"[229, 239]"
39,15,2,2,"[229, 241]"
39,62,1,1,[229]
39,95,1,1,[229]
39,134,1,1,[229]
39,167,1,1,[229]
39,176,2,2,"[229, 211]"
40,45,1,1,[229]
40,55,1,1,[229]
40,81,2,1,"[229, 251]"
40,174,1,1,[229]
40,184,1,1,[229]
41,9,1,1,[229]
41,220,1,1,[229]
42,21,1,1,[229]
42,23,1,1,[229]
42,34,1,1,[229]
42,113,1,1,[229]
42,116,1,1,[229]
42,195,1,1,[229]
42,206,1,1,[229]
42,208,1,1,[229]
43,2,1,1,[229]
43,66,1,1,[229]
43,74,1,1,[229]
43,109,1,1,[229]
43,120,1,1,[229]
43,155,1,1,[229]
43,163,1,1,[229]
43,227,1,1,[229]
44,13,1,1,[229]
44,50,1,1,[229]
44,73,1,1,[229]
44,88,1,1,[229]
44,141,1,1,[229]
44,156,1,1,[229]
44,179,1,1,[229]
44,216,1,1,[229]
45,48,1,1,[229]
45,181,1,1,[229]
46,45,1,1,[229]
46,184,1,1,[229]
47,80,1,1,[229]
47,149,1,1,[229]
48,2,1,1,[229]
48,24,1,1,[229]
48,84,1,1,[229]
48,98,1,1,[229]
48,131,1,1,[229]
48,145,1,1,[229]
48,205,1,1,[229]
48,227,1,1,[229]
49,97,1,1,[229]
49,132,1,1,[229]
50,33,1,1,[229]
50,36,1,1,[229]
50,193,1,1,[229]
50,196,1,1,[229]
51,30,1,1,[229]
51,96,1,1,[229]
51,98,1,1,[229]
51,100,2,2,"[229, 241]"
51,114,1,1,[229]
51,115,1,1,[229]
51,131,1,1,[229]
51,133,1,1,[229]
51,168,2,1,"[229, 239]"
51,199,1,1,[229]
52,91,1,1,[229]
52,138,1,1,[229]
53,13,1,1,[229]
53,23,1,1,[229]
53,29,1,1,[229]
53,93,1,1,[229]
53,136,1,1,[229]
53,200,1,1,[229]
53,206,1,1,[229]
53,216,1,1,[229]
54,9,1,1,[229]
54,49,1,1,[229]
54,71,2,2,"[229, 251]"
54,133,2,2,"[229, 251]"
54,180,1,1,[229]
54,220,1,1,[229]
55,21,1,1,[229]
55,23,1,1,[229]
55,34,1,1,[229]
55,113,1,1,[229]
55,116,1,1,[229]
55,195,1,1,[229]
55,206,1,1,[229]
55,208,1,1,[229]
56,78,1,1,[229]
56,143,2,1,"[229, 239]"
56,151,1,1,[229]
57,67,1,1,[229]
57,89,1,1,[229]
57,101,1,1,[229]
57,109,1,1,[229]
57,120,1,1,[229]
57,128,1,1,[229]
57,140,1,1,[229]
57,146,2,1,"[229, 223]"
57,162,1,1,[229]
58,70,1,1,[229]
58,159,1,1,[229]
58,217,2,2,"[229, 251]"
59,33,1,1,[229]
59,36,1,1,[229]
59,193,1,1,[229]
59,196,1,1,[229]
60,4,3,2,"[229, 239, 251]"
60,30,1,1,[229]
60,32,1,1,[229]
60,35,1,1,[229]
60,74,1,1,[229]
60,155,1,1,[229]
60,194,1,1,[229]
60,197,1,1,[229]
60,199,1,1,[229]
61,6,1,1,[229]
61,21,1,1,[229]
61,90,1,1,[229]
61,114,1,1,[229]
61,115,1,1,[229]
61,139,1,1,[229]
61,208,1,1,[229]
61,223,1,1,[229]
62,57,2,1,"[229, 233]"
62,58,1,1,[229]
62,134,2,2,"[229, 251]"
62,171,1,1,[229]
63,111,1,1,[229]
63,118,1,1,[229]
64,58,1,1,[229]
64,171,1,1,[229]
65,82,1,1,[229]
65,147,1,1,[229]
66,36,1,1,[229]
66,76,2,1,"[229, 223]"
66,193,1,1,[229]
67,80,1,1,[229]
67,149,1,1,[229]
68,46,1,1,[229]
68,183,1,1,[229]
69,48,1,1,[229]
69,94,1,1,[229]
69,135,1,1,[229]
69,181,1,1,[229]
70,103,1,1,[229]
70,126,1,1,[229]
71,95,1,1,[229]
71,134,1,1,[229]
72,76,1,1,[229]
72,153,1,1,[229]
73,25,1,1,[229]
73,56,1,1,[229]
73,173,1,1,[229]
73,204,1,1,[229]
74,48,1,1,[229]
74,94,1,1,[229]
74,135,1,1,[229]
74,181,1,1,[229]
74,197,2,1,"[229, 239]"
75,22,1,1,[229]
75,39,1,1,[229]
75,54,1,1,[229]
75,102,1,1,[229]
75,127,1,1,[229]
75,175,1,1,[229]
75,190,1,1,[229]
75,207,1,1,[229]
76,48,1,1,[229]
76,181,1,1,[229]
77,37,1,1,[229]
77,82,1,1,[229]
77,128,3,1,"[229, 239, 211]"
77,147,1,1,[229]
77,192,1,1,[229]
78,51,1,1,[229]
78,178,1,1,[229]
79,91,1,1,[229]
79,138,1,1,[229]
80,12,1,1,[229]
80,207,2,1,"[229, 239]"
80,217,1,1,[229]
81,67,1,1,[229]
81,89,1,1,[229]
81,101,1,1,[229]
81,109,1,1,[229]
81,120,1,1,[229]
81,128,1,1,[229]
81,140,1,1,[229]
81,146,2,2,"[229, 223]"
81,162,1,1,[229]
82,29,1,1,[229]
82,52,1,1,[229]
82,63,1,1,[229]
82,106,1,1,[229]
82,123,1,1,[229]
82,166,1,1,[229]
82,177,1,1,[229]
82,200,1,1,[229]
83,52,1,1,[229]
83,86,1,1,[229]
83,92,1,1,[229]
83,113,1,1,[229]
83,116,1,1,[229]
83,137,1,1,[229]
83,143,1,1,[229]
83,177,1,1,[229]
84,5,1,1,[229]
84,90,3,1,"[229, 227, 211]"
84,100,1,1,[229]
84,129,1,1,[229]
84,224,1,1,[229]
85,49,1,1,[229]
85,180,1,1,[229]
86,48,1,1,[229]
86,94,1,1,[229]
86,119,2,1,"[229, 241]"
86,135,1,1,[229]
86,181,1,1,[229]
87,19,1,1,[229]
87,78,1,1,[229]
87,143,2,2,"[229, 211]"
87,151,1,1,[229]
87,210,1,1,[229]
87,226,2,2,"[229, 251]"
88,4,2,2,"[229, 241]"
88,14,1,1,[229]
88,26,2,2,"[229, 211]"
88,51,1,1,[229]
88,178,1,1,[229]
88,215,1,1,[229]
89,46,1,1,[229]
89,71,1,1,[229]
89,158,1,1,[229]
89,183,1,1,[229]
90,71,1,1,[229]
90,158,1,1,[229]
91,67,1,1,[229]
91,89,1,1,[229]
91,101,1,1,[229]
91,109,1,1,[229]
91,120,1,1,[229]
91,128,1,1,[229]
91,140,1,1,[229]
91,162,1,1,[229]
92,5,1,1,[229]
92,224,1,1,[229]
93,1,2,2,"[229, 211]"
93,45,1,1,[229]
93,55,1,1,[229]
93,174,1,1,[229]
93,184,1,1,[229]
93,205,2,1,"[229, 251]"
94,73,1,1,[229]
94,101,1,1,[229]
94,102,1,1,[229]
94,106,1,1,[229]
94,123,1,1,[229]
94,127,1,1,[229]
94,128,1,1,[229]
94,156,1,1,[229]
95,81,1,1,[229]
95,148,1,1,[229]
96,45,1,1,[229]
96,55,1,1,[229]
96,174,1,1,[229]
96,184,1,1,[229]
97,25,1,1,[229]
97,204,1,1,[229]
97,216,2,2,"[229, 239]"
98,91,1,1,[229]
98,138,1,1,[229]
98,143,2,2,"[229, 223]"
99,83,1,1,[229]
99,115,2,2,"[229, 239]"
99,132,2,2,"[229, 251]"
99,146,1,1,[229]
100,37,1,1,[229]
100,120,2,1,"[229, 239]"
100,192,1,1,[229]
101,3,1,1,[229]
101,80,1,1,[229]
101,108,2,2,"[229, 241]"
101,149,1,1,[229]
101,226,1,1,[229]
102,12,1,1,[229]
102,91,1,1,[229]
102,138,1,1,[229]
102,194,2,2,"[229, 227]"
102,210,2,1,"[229, 241]"
102,217,1,1,[229]
103,58,1,1,[229]
103,171,1,1,[229]
104,34,1,1,[229]
104,50,1,1,[229]
104,54,1,1,[229]
104,63,1,1,[229]
104,123,2,2,"[229, 227]"
104,166,1,1,[229]
104,175,1,1,[229]
104,179,1,1,[229]
104,195,1,1,[229]
105,3,1,1,[229]
105,80,1,1,[229]
105,149,1,1,[229]
105,163,3,1,"[229, 227, 211]"
105,226,1,1,[229]
106,76,1,1,[229]
106,83,1,1,[229]
106,146,1,1,[229]
106,153,1,1,[229]
107,14,1,1,[229]
107,22,2,1,"[229, 223]"
107,215,1,1,[229]
108,48,1,1,[229]
108,181,1,1,[229]
109,20,1,1,[229]
109,209,1,1,[229]
110,5,1,1,[229]
110,100,1,1,[229]
110,129,1,1,[229]
110,143,2,2,"[229, 239]"
110,224,1,1,[229]
111,32,1,1,[229]
111,39,1,1,[229]
111,88,1,1,[229]
111,89,1,1,[229]
111,140,1,1,[229]
111,141,1,1,[229]
111,190,1,1,[229]
111,197,1,1,[229]
112,68,2,2,"[229, 223]"
112,85,1,1,[229]
112,144,1,1,[229]
113,14,1,1,[229]
113,51,1,1,[229]
113,178,1,1,[229]
113,215,1,1,[229]
114,85,1,1,[229]
114,97,1,1,[229]
114,132,1,1,[229]
114,144,1,1,[229]
114,165,2,1,"[229, 211]"
115,64,2,1,"[229, 223]"
115,80,1,1,[229]
115,149,1,1,[229]
116,56,2,1,"[229, 223]"
116,94,1,1,[229]
116,135,1,1,[229]
117,76,1,1,[229]
117,83,1,1,[229]
117,146,1,1,[229]
117,153,1,1,[229]
117,161,2,1,"[229, 211]"
118,37,1,1,[229]
118,192,1,1,[229]
119,99,1,1,[229]
119,130,1,1,[229]
120,33,1,1,[229]
120,36,1,1,[229]
120,193,1,1,[229]
120,196,1,1,[229]
120,224,2,1,"[229, 241]"
121,8,1,1,[229]
121,22,1,1,[229]
121,35,1,1,[229]
121,67,1,1,[229]
121,162,1,1,[229]
121,194,1,1,[229]
121,207,1,1,[229]
121,221,1,1,[229]
122,46,1,1,[229]
122,71,1,1,[229]
122,158,1,1,[229]
122,183,1,1,[229]
123,85,1,1,[229]
123,144,1,1,[229]
124,19,1,1,[229]
124,210,1,1,[229]
125,95,1,1,[229]
125,134,1,1,[229]
126,24,1,1,[229]
126,86,1,1,[229]
126,90,1,1,[229]
126,107,1,1,[229]
126,122,1,1,[229]
126,139,1,1,[229]
126,143,1,1,[229]
126,205,1,1,[229]
127,76,1,1,[229]
127,153,1,1,[229]
128,19,1,1,[229]
128,128,2,1,"[229, 223]"
128,210,1,1,[229]
129,32,1,1,[229]
129,39,1,1,[229]
129,88,1,1,[229]
129,89,1,1,[229]
129,140,1,1,[229]
129,141,1,1,[229]
129,190,1,1,[229]
129,197,1,1,[229]
130,52,1,1,[229]
130,86,1,1,[229]
130,92,1,1,[229]
130,113,1,1,[229]
130,116,1,1,[229]
130,137,1,1,[229]
130,143,1,1,[229]
130,177,1,1,[229]
130,181,2,1,"[229, 223]"
131,70,1,1,[229]
131,111,1,1,[229]
131,118,1,1,[229]
131,159,1,1,[229]
132,21,1,1,[229]
132,23,1,1,[229]
132,34,1,1,[229]
132,113,1,1,[229]
132,116,1,1,[229]
132,195,1,1,[229]
132,203,2,1,"[229, 239]"
132,206,1,1,[229]
132,208,1,1,[229]
133,56,1,1,[229]
133,173,1,1,[229]
134,73,1,1,[229]
134,101,1,1,[229]
134,102,1,1,[229]
134,106,1,1,[229]
134,123,1,1,[229]
134,127,1,1,[229]
134,128,1,1,[229]
134,156,1,1,[229]
135,81,1,1,[229]
135,148,1,1,[229]
136,56,1,1,[229]
136,173,1,1,[229]
137,9,1,1,[229]
137,49,1,1,[229]
137,180,1,1,[229]
137,220,1,1,[229]
138,33,1,1,[229]
138,196,1,1,[229]
139,37,1,1,[229]
139,82,1,1,[229]
139,147,1,1,[229]
139,192,1,1,[229]
140,14,1,1,[229]
140,215,1,1,[229]
141,94,1,1,[229]
141,114,2,1,"[229, 223]"
141,135,1,1,[229]
142,17,2,1,"[229, 223]"
142,36,1,1,[229]
142,193,1,1,[229]
143,75,1,1,[229]
143,154,1,1,[229]
143,157,2,2,"[229, 239]"
144,30,1,1,[229]
144,32,1,1,[229]
144,35,1,1,[229]
144,74,1,1,[229]
144,155,1,1,[229]
144,194,1,1,[229]
144,197,1,1,[229]
144,199,1,1,[229]
145,99,1,1,[229]
145,130,1,1,[229]
146,83,1,1,[229]
146,97,2,1,"[229, 251]"
146,115,2,1,"[229, 239]"
146,146,1,1,[229]
147,51,1,1,[229]
147,178,1,1,[229]
148,33,1,1,[229]
148,196,1,1,[229]
149,2,1,1,[229]
149,58,3,1,"[229, 241, 239]"
149,66,1,1,[229]
149,74,1,1,[229]
149,109,1,1,[229]
149,120,1,1,[229]
149,155,1,1,[229]
149,163,1,1,[229]
149,227,1,1,[229]
150,70,1,1,[229]
150,111,1,1,[229]
150,118,1,1,[229]
150,159,1,1,[229]
151,29,1,1,[229]
151,52,1,1,[229]
151,63,1,1,[229]
151,106,1,1,[229]
151,123,1,1,[229]
151,166,1,1,[229]
151,177,1,1,[229]
151,200,1,1,[229]
152,71,1,1,[229]
152,158,1,1,[229]
152,218,2,2,"[229, 223]"
153,8,1,1,[229]
153,22,1,1,[229]
153,35,1,1,[229]
153,67,1,1,[229]
153,162,1,1,[229]
153,194,1,1,[229]
153,207,1,1,[229]
153,221,1,1,[229]
153,226,2,2,"[229, 241]"
154,97,1,1,[229]
154,132,1,1,[229]
155,60,2,1,"[229, 223]"
155,75,1,1,[229]
155,111,2,2,"[229, 239]"
155,154,1,1,[229]
156,82,1,1,[229]
156,147,1,1,[229]
156,203,2,2,"[229, 223]"
157,12,1,1,[229]
157,91,1,1,[229]
157,138,1,1,[229]
157,217,1,1,[229]
158,34,1,1,[229]
158,50,1,1,[229]
158,53,2,2,"[229, 239]"
158,54,1,1,[229]
158,63,1,1,[229]
158,166,1,1,[229]
158,175,1,1,[229]
158,179,1,1,[229]
158,195,1,1,[229]
159,6,1,1,[229]
159,21,1,1,[229]
159,90,1,1,[229]
159,114,1,1,[229]
159,115,1,1,[229]
159,139,1,1,[229]
159,208,1,1,[229]
159,223,1,1,[229]
160,75,1,1,[229]
160,154,1,1,[229]
161,2,1,1,[229]
161,24,1,1,[229]
161,84,1,1,[229]
161,98,1,1,[229]
161,131,1,1,[229]
161,145,1,1,[229]
161,205,1,1,[229]
161,227,1,1,[229]
162,85,1,1,[229]
162,97,1,1,[229]
162,123,2,1,"[229, 257]"
162,132,1,1,[229]
162,144,1,1,[229]
163,19,1,1,[229]
163,78,1,1,[229]
163,143,2,2,"[229, 211]"
163,151,1,1,[229]
163,210,1,1,[229]
164,25,1,1,[229]
164,56,1,1,[229]
164,143,2,2,"[229, 257]"
164,173,1,1,[229]
164,204,1,1,[229]
165,24,1,1,[229]
165,86,1,1,[229]
165,90,1,1,[229]
165,107,1,1,[229]
165,122,1,1,[229]
165,139,1,1,[229]
165,143,1,1,[229]
165,205,1,1,[229]
166,75,1,1,[229]
166,103,1,1,[229]
166,126,1,1,[229]
166,154,1,1,[229]
167,24,1,1,[229]
167,25,2,1,"[229, 241]"
167,86,1,1,[229]
167,90,1,1,[229]
167,107,1,1,[229]
167,122,1,1,[229]
167,139,1,1,[229]
167,143,1,1,[229]
167,202,2,2,"[229, 251]"
167,205,1,1,[229]
168,103,1,1,[229]
168,126,1,1,[229]
168,159,2,1,"[229, 251]"
169,49,1,1,[229]
169,180,1,1,[229]
170,20,1,1,[229]
170,209,1,1,[229]
171,13,1,1,[229]
171,50,1,1,[229]
171,73,1,1,[229]
171,88,1,1,[229]
171,141,1,1,[229]
171,156,1,1,[229]
171,179,1,1,[229]
171,216,1,1,[229]
172,33,1,1,[229]
172,196,1,1,[229]
173,13,1,1,[229]
173,23,1,1,[229]
173,29,1,1,[229]
173,93,1,1,[229]
173,136,1,1,[229]
173,200,1,1,[229]
173,206,1,1,[229]
173,216,1,1,[229]
174,25,1,1,[229]
174,204,1,1,[229]
175,5,1,1,[229]
175,224,1,1,[229]
176,78,1,1,[229]
176,151,1,1,[229]
177,70,1,1,[229]
177,111,1,1,[229]
177,118,1,1,[229]
177,159,1,1,[229]
178,3,1,1,[229]
178,226,1,1,[229]
179,20,1,1,[229]
179,209,1,1,[229]
180,22,1,1,[229]
180,39,1,1,[229]
180,49,2,1,"[229, 241]"
180,54,1,1,[229]
180,102,1,1,[229]
180,127,1,1,[229]
180,175,1,1,[229]
180,190,1,1,[229]
180,207,1,1,[229]
181,46,1,1,[229]
181,183,1,1,[229]
182,67,2,2,"[229, 251]"
182,85,1,1,[229]
182,97,1,1,[229]
182,132,1,1,[229]
182,144,1,1,[229]
183,8,1,1,[229]
183,66,1,1,[229]
183,96,1,1,[229]
183,107,1,1,[229]
183,122,1,1,[229]
183,133,1,1,[229]
183,163,1,1,[229]
183,221,1,1,[229]
184,8,1,1,[229]
184,22,1,1,[229]
184,35,1,1,[229]
184,67,1,1,[229]
184,162,1,1,[229]
184,194,1,1,[229]
184,207,1,1,[229]
184,221,1,1,[229]
185,70,1,1,[229]
185,159,1,1,[229]
186,12,1,1,[229]
186,17,2,1,"[229, 223]"
186,217,1,1,[229]
187,9,2,1,"[229, 223]"
187,25,1,1,[229]
187,204,1,1,[229]
188,62,1,1,[229]
188,95,1,1,[229]
188,134,1,1,[229]
188,136,2,1,"[229, 211]"
188,167,1,1,[229]
189,56,1,1,[229]
189,173,1,1,[229]
190,9,1,1,[229]
190,176,2,1,"[229, 223]"
190,220,1,1,[229]
191,5,1,1,[229]
191,224,1,1,[229]
192,12,1,1,[229]
192,217,1,1,[229]
193,30,1,1,[229]
193,96,1,1,[229]
193,98,1,1,[229]
193,114,1,1,[229]
193,115,1,1,[229]
193,131,1,1,[229]
193,133,1,1,[229]
193,199,1,1,[229]
194,99,1,1,[229]
194,130,1,1,[229]
195,62,1,1,[229]
195,149,2,2,"[229, 223]"
195,167,1,1,[229]
195,187,2,2,"[229, 223]"
195,197,2,1,"[229, 223]"
196,34,1,1,[229]
196,50,1,1,[229]
196,54,1,1,[229]
196,63,1,1,[229]
196,166,1,1,[229]
196,175,1,1,[229]
196,179,1,1,[229]
196,195,1,1,[229]
197,111,1,1,[229]
197,118,1,1,[229]
198,111,1,1,[229]
198,118,1,1,[229]
199,12,1,1,[229]
199,91,1,1,[229]
199,138,1,1,[229]
199,203,3,1,"[229, 241, 251]"
199,217,1,1,[229]
200,55,1,1,[229]
200,174,1,1,[229]
201,94,1,1,[229]
201,135,1,1,[229]
202,45,1,1,[229]
202,152,2,1,"[229, 211]"
202,184,1,1,[229]
203,22,1,1,[229]
203,39,1,1,[229]
203,54,1,1,[229]
203,102,1,1,[229]
203,127,1,1,[229]
203,175,1,1,[229]
203,190,1,1,[229]
203,207,1,1,[229]
204,2,2,1,"[229, 239]"
204,49,1,1,[229]
204,180,1,1,[229]
205,20,1,1,[229]
205,58,1,1,[229]
205,171,1,1,[229]
205,209,1,1,[229]
206,19,1,1,[229]
206,210,1,1,[229]
207,81,1,1,[229]
207,99,1,1,[229]
207,130,1,1,[229]
207,148,1,1,[229]
208,19,1,1,[229]
208,78,1,1,[229]
208,151,1,1,[229]
208,210,1,1,[229]
209,46,1,1,[229]
209,183,1,1,[229]
210,32,2,2,"[229, 239]"
210,45,1,1,[229]
210,184,1,1,[229]
211,14,1,1,[229]
211,215,1,1,[229]
212,11,2,1,"[229, 223]"
212,100,1,1,[229]
212,129,1,1,[229]
213,83,1,1,[229]
213,146,1,1,[229]
214,30,1,1,[229]
214,70,2,2,"[229, 223]"
214,96,1,1,[229]
214,98,1,1,[229]
214,114,1,1,[229]
214,115,1,1,[229]
214,131,1,1,[229]
214,133,1,1,[229]
214,199,1,1,[229]
215,70,1,1,[229]
215,159,1,1,[229]
216,71,1,1,[229]
216,158,1,1,[229]
217,6,1,1,[229]
217,84,1,1,[229]
217,92,1,1,[229]
217,93,1,1,[229]
217,136,1,1,[229]
217,137,1,1,[229]
217,145,1,1,[229]
217,223,1,1,[229]
218,32,1,1,[229]
218,39,1,1,[229]
218,88,1,1,[229]
218,89,1,1,[229]
218,140,1,1,[229]
218,141,1,1,[229]
218,190,1,1,[229]
218,197,1,1,[229]
219,20,1,1,[229]
219,58,1,1,[229]
219,171,1,1,[229]
219,209,1,1,[229]
220,103,1,1,[229]
220,126,1,1,[229]
221,25,1,1,[229]
221,56,1,1,[229]
221,173,1,1,[229]
221,204,1,1,[229]
222,81,1,1,[229]
222,99,1,1,[229]
222,130,1,1,[229]
222,148,1,1,[229]
223,85,1,1,[229]
223,144,1,1,[229]
223,219,2,2,"[229, 239]"
224,6,1,1,[229]
224,84,1,1,[229]
224,92,1,1,[229]
224,93,1,1,[229]
224,136,1,1,[229]
224,137,1,1,[229]
224,145,1,1,[229]
224,223,1,1,[229]
225,29,1,1,[229]
225,52,1,1,[229]
225,63,1,1,[229]
225,106,1,1,[229]
225,123,1,1,[229]
225,166,1,1,[229]
225,177,1,1,[229]
225,200,1,1,[229]
226,78,1,1,[229]
226,151,1,1,[229]
227,9,1,1,[229]
227,220,1,1,[229]
228,81,1,1,[229]
228,148,1,1,[229]
3,66,1,1,[233]
3,167,1,1,[233]
5,35,2,1,"[233, 223]"
5,98,1,1,[233]
5,135,1,1,[233]
6,36,1,1,[233]
6,197,1,1,[233]
7,59,1,1,[233]
7,65,1,1,[233]
7,77,1,1,[233]
7,86,1,1,[233]
7,112,1,1,[233]
7,121,1,1,[233]
7,147,1,1,[233]
7,156,1,1,[233]
7,168,1,1,[233]
7,174,1,1,[233]
9,21,1,1,[233]
9,44,1,1,[233]
9,59,1,1,[233]
9,78,1,1,[233]
9,107,1,1,[233]
9,126,1,1,[233]
9,155,1,1,[233]
9,174,1,1,[233]
9,189,1,1,[233]
9,212,1,1,[233]
10,116,1,1,[233]
10,117,1,1,[233]
11,8,1,1,[233]
11,225,1,1,[233]
12,62,1,1,[233]
12,171,1,1,[233]
13,3,1,1,[233]
13,31,1,1,[233]
13,44,1,1,[233]
13,65,1,1,[233]
13,70,1,1,[233]
13,163,1,1,[233]
13,168,1,1,[233]
13,189,1,1,[233]
13,202,1,1,[233]
13,230,1,1,[233]
14,11,1,1,[233]
14,42,1,1,[233]
14,59,1,1,[233]
14,66,1,1,[233]
14,99,1,1,[233]
14,134,1,1,[233]
14,167,1,1,[233]
14,174,1,1,[233]
14,191,1,1,[233]
14,222,1,1,[233]
15,10,1,1,[233]
15,17,1,1,[233]
15,60,1,1,[233]
15,90,1,1,[233]
15,96,1,1,[233]
15,127,2,1,"[233, 223]"
15,137,1,1,[233]
15,143,1,1,[233]
15,173,1,1,[233]
15,216,1,1,[233]
15,223,1,1,[233]
17,6,1,1,[233]
17,227,1,1,[233]
18,11,1,1,[233]
18,16,1,1,[233]
18,21,1,1,[233]
18,24,1,1,[233]
18,75,1,1,[233]
18,154,2,1,"[233, 223]"
18,158,1,1,[233]
18,209,1,1,[233]
18,212,1,1,[233]
18,217,1,1,[233]
18,222,1,1,[233]
20,85,1,1,[233]
20,148,1,1,[233]
21,57,1,1,[233]
21,176,1,1,[233]
22,38,1,1,[233]
22,144,2,1,"[233, 223]"
22,195,1,1,[233]
24,55,1,1,[233]
24,178,1,1,[233]
25,3,1,1,[233]
25,38,1,1,[233]
25,57,1,1,[233]
25,79,1,1,[233]
25,84,1,1,[233]
25,149,1,1,[233]
25,154,1,1,[233]
25,176,1,1,[233]
25,195,1,1,[233]
25,230,1,1,[233]
26,17,1,1,[233]
26,24,1,1,[233]
26,44,1,1,[233]
26,89,1,1,[233]
26,99,1,1,[233]
26,134,1,1,[233]
26,144,1,1,[233]
26,189,1,1,[233]
26,209,1,1,[233]
26,216,1,1,[233]
27,35,1,1,[233]
27,198,1,1,[233]
28,6,1,1,[233]
28,11,1,1,[233]
28,36,1,1,[233]
28,54,1,1,[233]
28,83,1,1,[233]
28,150,1,1,[233]
28,179,1,1,[233]
28,197,1,1,[233]
28,222,1,1,[233]
28,227,1,1,[233]
30,10,1,1,[233]
30,52,1,1,[233]
30,69,1,1,[233]
30,78,1,1,[233]
30,94,1,1,[233]
30,132,2,1,"[233, 211]"
30,139,1,1,[233]
30,155,1,1,[233]
30,164,1,1,[233]
30,181,1,1,[233]
30,223,1,1,[233]
31,12,1,1,[233]
31,22,1,1,[233]
31,67,1,1,[233]
31,72,1,1,[233]
31,108,1,1,[233]
31,125,1,1,[233]
31,161,1,1,[233]
31,166,1,1,[233]
31,211,1,1,[233]
31,221,1,1,[233]
33,61,1,1,[233]
33,73,1,1,[233]
33,83,1,1,[233]
33,100,1,1,[233]
33,106,1,1,[233]
33,127,1,1,[233]
33,133,1,1,[233]
33,150,1,1,[233]
33,160,1,1,[233]
33,172,1,1,[233]
34,88,1,1,[233]
34,145,1,1,[233]
34,190,2,1,"[233, 263]"
35,106,1,1,[233]
35,127,1,1,[233]
36,6,1,1,[233]
36,65,1,1,[233]
36,75,1,1,[233]
36,76,1,1,[233]
36,114,1,1,[233]
36,119,1,1,[233]
36,157,1,1,[233]
36,158,1,1,[233]
36,168,1,1,[233]
36,227,1,1,[233]
39,82,1,1,[233]
39,151,1,1,[233]
40,4,1,1,[233]
40,229,1,1,[233]
41,76,1,1,[233]
41,157,1,1,[233]
42,96,1,1,[233]
42,100,2,2,"[233, 223]"
42,137,1,1,[233]
42,174,2,1,"[233, 263]"
42,217,2,1,"[233, 227]"
43,18,1,1,[233]
43,74,2,1,"[233, 229]"
43,215,1,1,[233]
44,64,1,1,[233]
44,169,1,1,[233]
45,61,1,1,[233]
45,172,1,1,[233]
47,41,2,1,"[233, 223]"
47,67,1,1,[233]
47,166,1,1,[233]
47,196,2,2,"[233, 223]"
48,30,1,1,[233]
48,103,2,1,"[233, 241]"
48,203,1,1,[233]
50,44,1,1,[233]
50,64,1,1,[233]
50,67,1,1,[233]
50,84,1,1,[233]
50,96,1,1,[233]
50,137,1,1,[233]
50,149,1,1,[233]
50,166,1,1,[233]
50,169,1,1,[233]
50,189,1,1,[233]
52,15,1,1,[233]
52,24,1,1,[233]
52,54,1,1,[233]
52,94,1,1,[233]
52,114,1,1,[233]
52,119,1,1,[233]
52,139,1,1,[233]
52,179,1,1,[233]
52,209,1,1,[233]
52,218,1,1,[233]
53,94,1,1,[233]
53,139,1,1,[233]
53,197,2,2,"[233, 227]"
54,108,1,1,[233]
54,125,1,1,[233]
54,215,2,2,"[233, 227]"
55,5,1,1,[233]
55,54,1,1,[233]
55,92,1,1,[233]
55,93,1,1,[233]
55,95,1,1,[233]
55,138,1,1,[233]
55,140,1,1,[233]
55,141,1,1,[233]
55,179,1,1,[233]
55,228,1,1,[233]
56,6,1,1,[233]
56,62,1,1,[233]
56,88,1,1,[233]
56,93,1,1,[233]
56,103,1,1,[233]
56,130,1,1,[233]
56,140,1,1,[233]
56,145,1,1,[233]
56,171,1,1,[233]
56,186,2,1,"[233, 241]"
56,227,1,1,[233]
57,100,1,1,[233]
57,133,1,1,[233]
57,164,2,1,"[233, 223]"
59,50,1,1,[233]
59,183,1,1,[233]
60,14,1,1,[233]
60,21,1,1,[233]
60,69,1,1,[233]
60,80,1,1,[233]
60,97,1,1,[233]
60,136,1,1,[233]
60,153,1,1,[233]
60,164,1,1,[233]
60,212,1,1,[233]
60,219,1,1,[233]
61,1,1,1,[233]
61,232,1,1,[233]
62,12,1,1,[233]
62,27,1,1,[233]
62,47,1,1,[233]
62,57,1,1,[233]
62,73,2,1,"[233, 211]"
62,109,1,1,[233]
62,124,1,1,[233]
62,176,1,1,[233]
62,186,1,1,[233]
62,206,1,1,[233]
62,221,1,1,[233]
65,83,1,1,[233]
65,150,1,1,[233]
66,9,1,1,[233]
66,61,1,1,[233]
66,66,2,2,"[233, 239]"
66,79,1,1,[233]
66,103,1,1,[233]
66,115,1,1,[233]
66,118,1,1,[233]
66,130,1,1,[233]
66,154,1,1,[233]
66,172,1,1,[233]
66,224,1,1,[233]
67,45,1,1,[233]
67,188,1,1,[233]
68,48,1,1,[233]
68,185,1,1,[233]
69,56,1,1,[233]
69,177,1,1,[233]
70,79,1,1,[233]
70,154,1,1,[233]
72,41,1,1,[233]
72,65,1,1,[233]
72,88,1,1,[233]
72,99,1,1,[233]
72,105,1,1,[233]
72,128,1,1,[233]
72,134,1,1,[233]
72,145,1,1,[233]
72,168,1,1,[233]
72,192,1,1,[233]
73,52,1,1,[233]
73,181,1,1,[233]
75,93,1,1,[233]
75,107,2,2,"[233, 223]"
75,140,1,1,[233]
75,154,2,2,"[233, 263]"
77,99,1,1,[233]
77,134,1,1,[233]
78,40,1,1,[233]
78,193,1,1,[233]
79,87,1,1,[233]
79,146,1,1,[233]
79,178,2,2,"[233, 223]"
80,19,1,1,[233]
80,214,1,1,[233]
82,105,1,1,[233]
82,128,1,1,[233]
83,3,1,1,[233]
83,117,2,2,"[233, 227]"
83,230,1,1,[233]
84,10,1,1,[233]
84,223,1,1,[233]
86,31,1,1,[233]
86,202,1,1,[233]
87,81,1,1,[233]
87,108,2,2,"[233, 239]"
87,152,1,1,[233]
88,71,1,1,[233]
88,162,1,1,[233]
88,191,2,2,"[233, 223]"
89,43,1,1,[233]
89,56,1,1,[233]
89,78,1,1,[233]
89,84,1,1,[233]
89,87,1,1,[233]
89,146,1,1,[233]
89,149,1,1,[233]
89,155,1,1,[233]
89,177,1,1,[233]
89,190,1,1,[233]
90,27,2,2,"[233, 223]"
90,115,1,1,[233]
90,118,1,1,[233]
91,28,2,1,"[233, 257]"
92,25,2,1,"[233, 227]"
93,18,2,1,"[233, 223]"
93,20,1,1,[233]
93,213,1,1,[233]
94,27,1,1,[233]
94,206,1,1,[233]
95,92,1,1,[233]
95,141,1,1,[233]
96,26,1,1,[233]
96,207,1,1,[233]
97,21,1,1,[233]
97,212,1,1,[233]
98,7,2,1,"[233, 257]"
99,24,1,1,[233]
99,209,1,1,[233]
100,10,1,1,[233]
100,24,1,1,[233]
100,27,1,1,[233]
100,67,1,1,[233]
100,71,1,1,[233]
100,162,1,1,[233]
100,166,1,1,[233]
100,206,1,1,[233]
100,209,1,1,[233]
100,223,1,1,[233]
101,17,1,1,[233]
101,20,1,1,[233]
101,86,1,1,[233]
101,94,1,1,[233]
101,98,1,1,[233]
101,135,1,1,[233]
101,139,1,1,[233]
101,147,1,1,[233]
101,213,1,1,[233]
101,216,1,1,[233]
103,80,1,1,[233]
103,153,1,1,[233]
104,13,1,1,[233]
104,41,1,1,[233]
104,93,1,1,[233]
104,97,1,1,[233]
104,114,1,1,[233]
104,119,1,1,[233]
104,136,1,1,[233]
104,140,1,1,[233]
104,192,1,1,[233]
104,220,1,1,[233]
106,97,1,1,[233]
106,136,1,1,[233]
108,47,1,1,[233]
108,186,1,1,[233]
109,4,1,1,[233]
109,6,1,1,[233]
109,46,2,1,"[233, 211]"
109,53,1,1,[233]
109,61,1,1,[233]
109,77,1,1,[233]
109,156,1,1,[233]
109,172,1,1,[233]
109,180,1,1,[233]
109,227,1,1,[233]
109,229,1,1,[233]
110,29,1,1,[233]
110,34,1,1,[233]
110,73,1,1,[233]
110,82,1,1,[233]
110,93,1,1,[233]
110,140,1,1,[233]
110,151,1,1,[233]
110,158,2,1,"[233, 211]"
110,160,1,1,[233]
110,199,1,1,[233]
110,204,1,1,[233]
111,15,1,1,[233]
111,211,2,1,"[233, 223]"
111,218,1,1,[233]
112,34,1,1,[233]
112,35,1,1,[233]
112,48,1,1,[233]
112,55,1,1,[233]
112,88,1,1,[233]
112,145,1,1,[233]
112,178,1,1,[233]
112,185,1,1,[233]
112,198,1,1,[233]
112,199,1,1,[233]
113,23,1,1,[233]
113,35,1,1,[233]
113,57,1,1,[233]
113,82,1,1,[233]
113,103,1,1,[233]
113,130,1,1,[233]
113,138,2,1,"[233, 223]"
113,151,1,1,[233]
113,176,1,1,[233]
113,198,1,1,[233]
113,210,1,1,[233]
114,9,1,1,[233]
114,224,1,1,[233]
115,51,1,1,[233]
115,54,2,2,"[233, 251]"
115,182,1,1,[233]
117,153,2,1,"[233, 229]"
118,112,1,1,[233]
118,121,1,1,[233]
119,102,1,1,[233]
119,131,1,1,[233]
120,50,1,1,[233]
120,53,1,1,[233]
120,75,1,1,[233]
120,80,1,1,[233]
120,86,1,1,[233]
120,147,1,1,[233]
120,153,1,1,[233]
120,158,1,1,[233]
120,180,1,1,[233]
120,183,1,1,[233]
121,2,1,1,[233]
121,3,1,1,[233]
121,78,1,1,[233]
121,86,1,1,[233]
121,90,1,1,[233]
121,143,1,1,[233]
121,147,1,1,[233]
121,155,1,1,[233]
121,230,1,1,[233]
121,231,1,1,[233]
122,63,1,1,[233]
122,170,1,1,[233]
123,3,1,1,[233]
123,18,1,1,[233]
123,27,1,1,[233]
123,75,1,1,[233]
123,111,1,1,[233]
123,122,1,1,[233]
123,158,1,1,[233]
123,206,1,1,[233]
123,215,1,1,[233]
123,230,1,1,[233]
124,30,2,1,"[233, 239]"
124,57,1,1,[233]
124,68,1,1,[233]
124,70,1,1,[233]
124,96,1,1,[233]
124,110,1,1,[233]
124,123,1,1,[233]
124,137,1,1,[233]
124,163,1,1,[233]
124,165,1,1,[233]
124,176,1,1,[233]
125,11,1,1,[233]
125,174,2,1,"[233, 239]"
125,222,1,1,[233]
127,12,1,1,[233]
127,104,2,2,"[233, 223]"
127,221,1,1,[233]
128,200,3,1,"[233, 263, 277]"
129,8,1,1,[233]
129,12,1,1,[233]
129,79,1,1,[233]
129,106,1,1,[233]
129,111,1,1,[233]
129,122,1,1,[233]
129,127,1,1,[233]
129,154,1,1,[233]
129,221,1,1,[233]
129,225,1,1,[233]
130,103,1,1,[233]
130,130,1,1,[233]
132,22,1,1,[233]
132,35,1,1,[233]
132,84,1,1,[233]
132,101,1,1,[233]
132,115,1,1,[233]
132,118,1,1,[233]
132,132,1,1,[233]
132,149,1,1,[233]
132,198,1,1,[233]
132,211,1,1,[233]
133,28,1,1,[233]
133,39,1,1,[233]
133,42,1,1,[233]
133,73,1,1,[233]
133,95,1,1,[233]
133,138,1,1,[233]
133,160,1,1,[233]
133,191,1,1,[233]
133,194,1,1,[233]
133,205,1,1,[233]
134,39,1,1,[233]
134,194,1,1,[233]
136,5,1,1,[233]
136,38,2,1,"[233, 227]"
136,173,2,1,"[233, 229]"
136,228,1,1,[233]
137,16,1,1,[233]
137,217,1,1,[233]
138,33,1,1,[233]
138,200,1,1,[233]
139,73,1,1,[233]
139,160,1,1,[233]
140,84,1,1,[233]
140,149,1,1,[233]
140,198,2,1,"[233, 251]"
143,17,1,1,[233]
143,216,1,1,[233]
144,20,1,1,[233]
144,48,1,1,[233]
144,54,1,1,[233]
144,91,1,1,[233]
144,99,1,1,[233]
144,134,1,1,[233]
144,142,1,1,[233]
144,179,1,1,[233]
144,185,1,1,[233]
144,213,1,1,[233]
145,10,2,1,"[233, 223]"
145,28,1,1,[233]
145,205,1,1,[233]
146,5,2,1,"[233, 223]"
146,14,1,1,[233]
146,219,1,1,[233]
147,37,1,1,[233]
147,163,2,2,"[233, 223]"
147,178,2,1,"[233, 229]"
147,196,1,1,[233]
149,42,1,1,[233]
149,191,1,1,[233]
150,34,1,1,[233]
150,199,1,1,[233]
151,25,1,1,[233]
151,41,2,2,"[233, 223]"
151,208,1,1,[233]
153,60,1,1,[233]
153,173,1,1,[233]
153,206,2,1,"[233, 241]"
154,54,1,1,[233]
154,179,1,1,[233]
155,5,2,1,"[233, 223]"
155,65,1,1,[233]
155,168,1,1,[233]
155,175,2,1,"[233, 223]"
156,43,1,1,[233]
156,190,1,1,[233]
158,30,2,1,"[233, 223]"
158,111,1,1,[233]
158,122,1,1,[233]
160,32,1,1,[233]
160,201,1,1,[233]
161,25,1,1,[233]
161,40,1,1,[233]
161,43,1,1,[233]
161,79,1,1,[233]
161,90,1,1,[233]
161,143,1,1,[233]
161,154,1,1,[233]
161,190,1,1,[233]
161,193,1,1,[233]
161,208,1,1,[233]
163,41,1,1,[233]
163,192,1,1,[233]
164,91,1,1,[233]
164,142,1,1,[233]
165,78,1,1,[233]
165,155,1,1,[233]
165,210,2,2,"[233, 223]"
166,44,1,1,[233]
166,189,1,1,[233]
167,17,1,1,[233]
167,41,1,1,[233]
167,70,1,1,[233]
167,75,2,2,"[233, 223]"
167,80,1,1,[233]
167,102,1,1,[233]
167,131,1,1,[233]
167,153,1,1,[233]
167,158,2,1,"[233, 223]"
167,163,1,1,[233]
167,192,1,1,[233]
167,216,1,1,[233]
168,69,1,1,[233]
168,164,1,1,[233]
171,11,1,1,[233]
171,53,1,1,[233]
171,71,2,2,"[233, 211]"
171,73,1,1,[233]
171,85,1,1,[233]
171,97,1,1,[233]
171,136,1,1,[233]
171,148,1,1,[233]
171,160,1,1,[233]
171,180,1,1,[233]
171,222,1,1,[233]
172,89,1,1,[233]
172,144,1,1,[233]
173,5,1,1,[233]
173,12,1,1,[233]
173,81,1,1,[233]
173,83,1,1,[233]
173,103,1,1,[233]
173,128,3,3,"[233, 239, 223]"
173,130,1,1,[233]
173,150,1,1,[233]
173,152,1,1,[233]
173,221,1,1,[233]
173,228,1,1,[233]
174,23,1,1,[233]
174,118,2,1,"[233, 241]"
174,210,1,1,[233]
176,46,1,1,[233]
176,187,1,1,[233]
177,68,1,1,[233]
177,74,1,1,[233]
177,80,1,1,[233]
177,90,1,1,[233]
177,111,1,1,[233]
177,122,1,1,[233]
177,143,1,1,[233]
177,153,1,1,[233]
177,159,1,1,[233]
177,165,1,1,[233]
178,21,1,1,[233]
178,33,1,1,[233]
178,67,1,1,[233]
178,87,1,1,[233]
178,111,1,1,[233]
178,122,1,1,[233]
178,146,1,1,[233]
178,166,1,1,[233]
178,200,1,1,[233]
178,212,1,1,[233]
179,59,1,1,[233]
179,174,1,1,[233]
180,22,1,1,[233]
180,211,1,1,[233]
181,22,1,1,[233]
181,39,1,1,[233]
181,63,1,1,[233]
181,87,1,1,[233]
181,106,1,1,[233]
181,127,1,1,[233]
181,146,1,1,[233]
181,170,1,1,[233]
181,194,1,1,[233]
181,211,1,1,[233]
183,20,1,1,[233]
183,45,1,1,[233]
183,77,1,1,[233]
183,95,1,1,[233]
183,104,1,1,[233]
183,129,1,1,[233]
183,138,1,1,[233]
183,156,1,1,[233]
183,188,1,1,[233]
183,213,1,1,[233]
184,137,2,1,"[233, 257]"
185,107,1,1,[233]
185,126,1,1,[233]
186,31,2,1,"[233, 223]"
186,95,1,1,[233]
186,138,1,1,[233]
188,68,2,1,"[233, 251]"
188,70,1,1,[233]
188,112,2,2,"[233, 227]"
188,163,1,1,[233]
189,104,1,1,[233]
189,129,1,1,[233]
190,29,1,1,[233]
190,204,1,1,[233]
191,77,1,1,[233]
191,156,1,1,[233]
192,2,2,2,"[233, 223]"
192,7,1,1,[233]
192,226,1,1,[233]
193,110,1,1,[233]
193,123,1,1,[233]
194,75,1,1,[233]
194,158,1,1,[233]
197,7,1,1,[233]
197,40,1,1,[233]
197,68,1,1,[233]
197,82,1,1,[233]
197,106,1,1,[233]
197,127,1,1,[233]
197,151,1,1,[233]
197,165,1,1,[233]
197,193,1,1,[233]
197,226,1,1,[233]
198,114,1,1,[233]
198,119,1,1,[233]
198,177,2,1,"[233, 223]"
199,90,1,1,[233]
199,143,1,1,[233]
200,27,1,1,[233]
200,46,1,1,[233]
200,69,1,1,[233]
200,70,1,1,[233]
200,114,1,1,[233]
200,119,1,1,[233]
200,163,1,1,[233]
200,164,1,1,[233]
200,187,1,1,[233]
200,206,1,1,[233]
202,59,1,1,[233]
202,94,1,1,[233]
202,95,1,1,[233]
202,97,1,1,[233]
202,116,1,1,[233]
202,117,1,1,[233]
202,136,1,1,[233]
202,138,1,1,[233]
202,139,1,1,[233]
202,174,1,1,[233]
203,22,1,1,[233]
203,32,1,1,[233]
203,42,1,1,[233]
203,48,1,1,[233]
203,83,1,1,[233]
203,150,1,1,[233]
203,185,1,1,[233]
203,191,1,1,[233]
203,201,1,1,[233]
203,211,1,1,[233]
204,121,2,1,"[233, 263]"
205,47,1,1,[233]
205,58,1,1,[233]
205,68,1,1,[233]
205,69,1,1,[233]
205,87,1,1,[233]
205,146,1,1,[233]
205,164,1,1,[233]
205,165,1,1,[233]
205,175,1,1,[233]
205,186,1,1,[233]
206,86,1,1,[233]
206,147,1,1,[233]
207,1,1,1,[233]
207,39,1,1,[233]
207,43,1,1,[233]
207,45,1,1,[233]
207,115,1,1,[233]
207,118,1,1,[233]
207,188,1,1,[233]
207,190,1,1,[233]
207,194,1,1,[233]
207,232,1,1,[233]
208,20,1,1,[233]
208,34,1,1,[233]
208,41,1,1,[233]
208,53,1,1,[233]
208,113,1,1,[233]
208,120,1,1,[233]
208,180,1,1,[233]
208,192,1,1,[233]
208,199,1,1,[233]
208,213,1,1,[233]
209,2,1,1,[233]
209,231,1,1,[233]
211,113,1,1,[233]
211,120,1,1,[233]
212,53,1,1,[233]
212,180,1,1,[233]
213,109,1,1,[233]
213,124,1,1,[233]
215,5,1,1,[233]
215,26,1,1,[233]
215,39,1,1,[233]
215,47,1,1,[233]
215,82,1,1,[233]
215,151,1,1,[233]
215,186,1,1,[233]
215,194,1,1,[233]
215,207,1,1,[233]
215,228,1,1,[233]
216,68,1,1,[233]
216,165,1,1,[233]
218,19,1,1,[233]
218,42,1,1,[233]
218,77,1,1,[233]
218,88,1,1,[233]
218,115,1,1,[233]
218,118,1,1,[233]
218,145,1,1,[233]
218,156,1,1,[233]
218,191,1,1,[233]
218,214,1,1,[233]
219,10,1,1,[233]
219,43,1,1,[233]
219,47,1,1,[233]
219,49,1,1,[233]
219,86,2,1,"[233, 241]"
219,108,1,1,[233]
219,125,1,1,[233]
219,184,1,1,[233]
219,186,1,1,[233]
219,190,1,1,[233]
219,223,1,1,[233]
220,34,1,1,[233]
220,37,1,1,[233]
220,40,1,1,[233]
220,45,1,1,[233]
220,61,1,1,[233]
220,122,2,1,"[233, 241]"
220,172,1,1,[233]
220,188,1,1,[233]
220,193,1,1,[233]
220,196,1,1,[233]
220,199,1,1,[233]
221,74,1,1,[233]
221,159,1,1,[233]
222,13,1,1,[233]
222,220,1,1,[233]
223,72,1,1,[233]
223,161,1,1,[233]
224,5,1,1,[233]
224,30,1,1,[233]
224,45,1,1,[233]
224,48,1,1,[233]
224,108,1,1,[233]
224,125,1,1,[233]
224,185,1,1,[233]
224,188,1,1,[233]
224,203,1,1,[233]
224,228,1,1,[233]
226,35,1,1,[233]
226,40,1,1,[233]
226,51,1,1,[233]
226,96,1,1,[233]
226,108,1,1,[233]
226,125,1,1,[233]
226,137,1,1,[233]
226,182,1,1,[233]
226,193,1,1,[233]
226,198,1,1,[233]
227,58,1,1,[233]
227,175,1,1,[233]
227,176,2,2,"[233, 241]"
228,101,1,1,[233]
228,132,1,1,[233]
230,49,1,1,[233]
230,184,1,1,[233]
1,16,3,2,"[239, 257, 251]"
1,138,1,1,[239]
1,220,1,1,[239]
2,62,1,1,[239]
2,78,1,1,[239]
3,67,1,1,[239]
3,92,1,1,[239]
4,87,1,1,[239]
4,148,1,1,[239]
4,151,2,1,"[239, 223]"
5,90,2,1,"[239, 257]"
5,119,1,1,[239]
5,162,1,1,[239]
6,21,2,2,"[239, 229]"
6,52,1,1,[239]
6,121,1,1,[239]
7,31,2,1,"[239, 223]"
7,108,1,1,[239]
7,181,1,1,[239]
8,18,1,1,[239]
8,23,2,2,"[239, 223]"
8,146,1,1,[239]
8,226,2,2,"[239, 251]"
9,141,1,1,[239]
9,204,1,1,[239]
10,50,1,1,[239]
10,134,2,2,"[239, 257]"
10,140,1,1,[239]
11,36,1,1,[239]
11,53,1,1,[239]
11,213,2,2,"[239, 251]"
12,19,1,1,[239]
12,58,1,1,[239]
13,139,1,1,[239]
13,145,1,1,[239]
14,113,1,1,[239]
14,222,2,1,"[239, 233]"
14,227,1,1,[239]
15,108,1,1,[239]
15,159,1,1,[239]
16,218,1,1,[239]
16,228,1,1,[239]
17,13,1,1,[239]
17,90,1,1,[239]
17,115,2,1,"[239, 223]"
18,1,1,1,[239]
18,194,1,1,[239]
19,66,2,1,"[239, 229]"
19,96,3,1,"[239, 251, 229]"
19,191,1,1,[239]
19,213,1,1,[239]
20,101,1,1,[239]
20,235,1,1,[239]
21,41,1,1,[239]
21,72,1,1,[239]
22,197,1,1,[239]
22,217,1,1,[239]
23,86,1,1,[239]
23,186,1,1,[239]
24,12,1,1,[239]
24,62,2,2,"[239, 241]"
24,177,1,1,[239]
25,15,1,1,[239]
25,42,1,1,[239]
25,73,2,2,"[239, 223]"
26,30,1,1,[239]
26,37,1,1,[239]
27,94,1,1,[239]
27,136,1,1,[239]
28,14,1,1,[239]
28,23,3,2,"[239, 227, 229]"
28,147,1,1,[239]
29,25,1,1,[239]
29,70,1,1,[239]
30,113,1,1,[239]
30,173,1,1,[239]
31,130,1,1,[239]
31,183,1,1,[239]
32,95,2,1,"[239, 241]"
32,144,1,1,[239]
32,184,2,2,"[239, 223]"
32,212,1,1,[239]
33,24,1,1,[239]
33,115,1,1,[239]
34,134,1,1,[239]
34,184,1,1,[239]
35,10,1,1,[239]
35,92,1,1,[239]
36,172,1,1,[239]
36,198,1,1,[239]
37,36,1,1,[239]
37,140,1,1,[239]
38,56,1,1,[239]
38,110,1,1,[239]
39,13,1,1,[239]
39,17,1,1,[239]
40,161,1,1,[239]
40,164,1,1,[239]
41,66,1,1,[239]
41,165,2,1,"[239, 223]"
41,177,1,1,[239]
42,141,2,2,"[239, 251]"
42,155,1,1,[239]
42,231,1,1,[239]
43,120,2,1,"[239, 229]"
43,130,1,1,[239]
43,170,1,1,[239]
44,49,1,1,[239]
44,54,2,1,"[239, 241]"
44,185,1,1,[239]
45,72,1,1,[239]
45,106,1,1,[239]
46,22,1,1,[239]
46,59,1,1,[239]
47,106,1,1,[239]
47,157,1,1,[239]
48,152,1,1,[239]
48,225,1,1,[239]
49,64,1,1,[239]
49,227,1,1,[239]
50,102,1,1,[239]
50,190,1,1,[239]
51,60,1,1,[239]
51,168,1,1,[239]
52,156,1,1,[239]
52,204,1,1,[239]
53,65,1,1,[239]
53,85,1,1,[239]
54,160,1,1,[239]
54,209,1,1,[239]
55,83,1,1,[239]
55,89,1,1,[239]
55,206,2,1,"[239, 229]"
56,103,2,1,"[239, 233]"
56,143,1,1,[239]
56,187,1,1,[239]
57,142,1,1,[239]
57,207,1,1,[239]
58,170,1,1,[239]
58,237,1,1,[239]
59,12,1,1,[239]
59,206,1,1,[239]
60,4,2,2,"[239, 251]"
60,77,1,1,[239]
60,147,1,1,[239]
61,80,1,1,[239]
61,224,1,1,[239]
62,145,1,1,[239]
62,167,1,1,[239]
63,48,1,1,[239]
63,107,1,1,[239]
64,71,1,1,[239]
64,151,1,1,[239]
65,9,1,1,[239]
65,35,1,1,[239]
66,65,1,1,[239]
66,66,2,2,"[239, 233]"
66,211,1,1,[239]
67,33,1,1,[239]
67,188,1,1,[239]
68,3,1,1,[239]
68,104,1,1,[239]
69,124,1,1,[239]
69,137,1,1,[239]
70,52,1,1,[239]
70,68,1,1,[239]
70,142,2,2,"[239, 227]"
71,9,1,1,[239]
71,73,1,1,[239]
71,230,2,1,"[239, 241]"
72,8,1,1,[239]
72,118,1,1,[239]
73,38,1,1,[239]
73,160,1,1,[239]
74,197,1,1,[239]
74,235,1,1,[239]
75,10,1,1,[239]
75,28,1,1,[239]
76,10,2,1,"[239, 227]"
76,31,1,1,[239]
76,94,1,1,[239]
77,47,1,1,[239]
77,128,2,1,"[239, 211]"
77,135,1,1,[239]
77,218,2,1,"[239, 223]"
78,20,1,1,[239]
78,184,1,1,[239]
79,215,1,1,[239]
79,226,1,1,[239]
80,91,1,1,[239]
80,207,1,1,[239]
81,11,1,1,[239]
81,222,1,1,[239]
81,235,2,2,"[239, 263]"
82,152,1,1,[239]
82,162,1,1,[239]
83,75,1,1,[239]
83,210,1,1,[239]
84,89,1,1,[239]
84,98,1,1,[239]
84,212,2,2,"[239, 251]"
85,88,1,1,[239]
85,103,1,1,[239]
86,48,4,1,"[239, 211, 227, 229]"
86,167,1,1,[239]
86,200,1,1,[239]
87,108,2,2,"[239, 233]"
87,176,1,1,[239]
87,206,1,1,[239]
88,63,1,1,[239]
88,142,1,1,[239]
89,21,1,1,[239]
89,101,1,1,[239]
90,155,1,1,[239]
90,195,1,1,[239]
91,37,1,1,[239]
91,70,2,1,"[239, 223]"
91,201,1,1,[239]
92,29,2,1,"[239, 241]"
92,54,1,1,[239]
92,210,1,1,[239]
93,7,1,1,[239]
93,122,1,1,[239]
94,16,1,1,[239]
94,195,1,1,[239]
95,33,1,1,[239]
95,81,2,1,"[239, 229]"
95,208,1,1,[239]
96,96,1,1,[239]
96,221,1,1,[239]
97,67,1,1,[239]
97,172,2,2,"[239, 241]"
97,212,2,1,"[239, 233]"
97,216,2,2,"[239, 229]"
97,234,1,1,[239]
98,5,1,1,[239]
98,14,1,1,[239]
99,16,1,1,[239]
99,115,2,2,"[239, 229]"
99,236,1,1,[239]
100,97,1,1,[239]
100,120,1,1,[239]
101,107,1,1,[239]
101,140,2,1,"[239, 223]"
101,226,1,1,[239]
102,43,1,1,[239]
102,169,1,1,[239]
102,196,2,1,"[239, 241]"
103,52,2,1,"[239, 269]"
103,78,1,1,[239]
103,102,1,1,[239]
104,1,1,1,[239]
104,57,1,1,[239]
104,77,2,1,"[239, 211]"
105,141,1,1,[239]
105,166,1,1,[239]
106,100,1,1,[239]
106,203,1,1,[239]
107,4,1,1,[239]
107,228,1,1,[239]
108,35,1,1,[239]
108,132,1,1,[239]
109,213,1,1,[239]
109,214,1,1,[239]
110,143,2,2,"[239, 229]"
110,175,1,1,[239]
110,182,1,1,[239]
111,24,1,1,[239]
111,173,1,1,[239]
112,85,2,1,"[239, 229]"
112,112,1,1,[239]
112,184,2,1,"[239, 227]"
112,220,1,1,[239]
113,26,1,1,[239]
113,100,2,2,"[239, 257]"
113,180,1,1,[239]
114,117,1,1,[239]
114,153,1,1,[239]
115,64,3,1,"[239, 229, 223]"
115,150,1,1,[239]
115,185,1,1,[239]
115,223,2,2,"[239, 227]"
116,82,1,1,[239]
116,200,1,1,[239]
117,91,1,1,[239]
117,142,2,2,"[239, 251]"
117,168,1,1,[239]
118,158,1,1,[239]
118,225,1,1,[239]
119,218,1,1,[239]
119,237,1,1,[239]
120,187,1,1,[239]
120,189,1,1,[239]
121,45,1,1,[239]
121,126,1,1,[239]
122,66,1,1,[239]
122,137,1,1,[239]
123,44,1,1,[239]
123,118,1,1,[239]
124,30,1,1,[239]
124,84,1,1,[239]
125,57,1,1,[239]
125,174,1,1,[239]
126,154,1,1,[239]
126,183,1,1,[239]
127,44,1,1,[239]
127,171,1,1,[239]
128,23,1,1,[239]
128,196,1,1,[239]
129,7,1,1,[239]
129,193,1,1,[239]
130,92,2,1,"[239, 229]"
130,109,1,1,[239]
130,238,1,1,[239]
131,81,3,3,"[239, 251, 257]"
131,97,1,1,[239]
131,182,1,1,[239]
132,192,1,1,[239]
132,203,1,1,[239]
133,20,1,1,[239]
133,56,1,1,[239]
134,81,1,1,[239]
134,179,1,1,[239]
135,48,1,1,[239]
135,230,1,1,[239]
136,38,1,1,[239]
136,116,1,1,[239]
137,126,1,1,[239]
137,128,1,1,[239]
138,33,3,1,"[239, 227, 223]"
138,119,1,1,[239]
138,174,1,1,[239]
139,23,1,1,[239]
139,122,1,1,[239]
140,19,1,1,[239]
140,80,1,1,[239]
140,159,2,1,"[239, 241]"
141,25,1,1,[239]
141,230,1,1,[239]
142,109,1,1,[239]
142,114,1,1,[239]
143,2,1,1,[239]
143,114,1,1,[239]
143,157,2,2,"[239, 229]"
144,150,1,1,[239]
144,181,1,1,[239]
145,51,1,1,[239]
145,95,1,1,[239]
146,115,1,1,[239]
146,132,1,1,[239]
147,202,1,1,[239]
147,231,1,1,[239]
148,49,1,1,[239]
148,164,1,1,[239]
148,189,2,1,"[239, 269]"
149,58,1,1,[239]
149,199,1,1,[239]
149,227,2,2,"[239, 251]"
150,47,1,1,[239]
150,68,1,1,[239]
151,79,1,1,[239]
151,232,1,1,[239]
152,30,2,2,"[239, 241]"
152,49,2,1,"[239, 223]"
152,108,2,1,"[239, 251]"
152,163,1,1,[239]
152,209,1,1,[239]
153,40,1,1,[239]
153,84,2,2,"[239, 223]"
153,112,1,1,[239]
154,201,1,1,[239]
154,224,1,1,[239]
155,74,1,1,[239]
155,111,2,2,"[239, 229]"
155,163,1,1,[239]
155,175,2,1,"[239, 223]"
156,104,1,1,[239]
156,136,1,1,[239]
157,128,1,1,[239]
157,215,1,1,[239]
158,28,1,1,[239]
158,53,2,2,"[239, 229]"
158,55,1,1,[239]
159,123,1,1,[239]
159,198,2,1,"[239, 227]"
159,216,1,1,[239]
160,93,1,1,[239]
160,117,1,1,[239]
161,4,1,1,[239]
161,59,1,1,[239]
162,27,1,1,[239]
162,219,1,1,[239]
163,54,1,1,[239]
163,199,1,1,[239]
164,50,1,1,[239]
164,204,2,1,"[239, 229]"
164,221,1,1,[239]
165,135,1,1,[239]
165,139,1,1,[239]
166,32,1,1,[239]
166,233,1,1,[239]
167,40,1,1,[239]
167,129,1,1,[239]
168,45,1,1,[239]
168,175,1,1,[239]
169,28,2,1,"[239, 223]"
169,105,1,1,[239]
169,157,1,1,[239]
169,176,2,1,"[239, 257]"
170,79,1,1,[239]
170,120,2,2,"[239, 257]"
170,216,1,1,[239]
171,15,1,1,[239]
171,29,2,1,"[239, 251]"
171,138,1,1,[239]
172,84,1,1,[239]
172,165,1,1,[239]
173,99,1,1,[239]
173,128,3,3,"[239, 223, 233]"
173,146,1,1,[239]
174,158,1,1,[239]
174,193,1,1,[239]
175,116,1,1,[239]
175,159,1,1,[239]
176,46,1,1,[239]
176,153,1,1,[239]
177,8,1,1,[239]
177,174,2,1,"[239, 211]"
177,217,1,1,[239]
178,95,1,1,[239]
178,136,2,1,"[239, 251]"
178,161,1,1,[239]
179,18,1,1,[239]
179,33,2,1,"[239, 211]"
179,70,1,1,[239]
179,226,2,2,"[239, 251]"
180,98,1,1,[239]
180,131,1,1,[239]
181,133,1,1,[239]
181,172,1,1,[239]
182,124,1,1,[239]
182,156,1,1,[239]
183,45,2,1,"[239, 233]"
183,50,2,2,"[239, 251]"
183,133,1,1,[239]
183,229,1,1,[239]
184,46,2,1,"[239, 251]"
184,176,1,1,[239]
184,233,1,1,[239]
185,83,1,1,[239]
185,190,1,1,[239]
186,17,1,1,[239]
186,72,2,2,"[239, 251]"
186,191,1,1,[239]
187,76,1,1,[239]
187,232,1,1,[239]
188,61,1,1,[239]
188,131,1,1,[239]
189,32,1,1,[239]
189,151,1,1,[239]
190,76,1,1,[239]
190,81,1,1,[239]
190,158,2,1,"[239, 241]"
191,73,1,1,[239]
191,169,1,1,[239]
192,21,1,1,[239]
192,127,1,1,[239]
192,218,2,2,"[239, 241]"
193,41,1,1,[239]
193,100,1,1,[239]
194,91,2,2,"[239, 227]"
194,121,1,1,[239]
194,205,1,1,[239]
195,6,1,1,[239]
195,103,1,1,[239]
195,187,3,2,"[239, 229, 223]"
196,34,1,1,[239]
196,143,1,1,[239]
197,31,1,1,[239]
197,39,1,1,[239]
198,61,1,1,[239]
198,123,1,1,[239]
199,88,1,1,[239]
199,236,1,1,[239]
200,86,1,1,[239]
200,99,1,1,[239]
201,22,1,1,[239]
201,205,1,1,[239]
202,55,1,1,[239]
202,154,1,1,[239]
203,26,1,1,[239]
203,34,1,1,[239]
204,2,1,1,[239]
204,149,1,1,[239]
205,189,1,1,[239]
205,192,1,1,[239]
205,224,2,2,"[239, 251]"
206,120,1,1,[239]
206,148,1,1,[239]
207,3,1,1,[239]
207,171,1,1,[239]
208,53,1,1,[239]
208,198,1,1,[239]
209,87,1,1,[239]
209,179,1,1,[239]
210,32,2,2,"[239, 229]"
210,125,1,1,[239]
210,194,1,1,[239]
211,111,1,1,[239]
211,125,1,1,[239]
212,42,1,1,[239]
212,197,2,2,"[239, 241]"
212,202,1,1,[239]
213,6,1,1,[239]
213,208,1,1,[239]
214,13,2,1,"[239, 227]"
214,75,1,1,[239]
214,212,1,1,[239]
215,60,1,1,[239]
215,74,1,1,[239]
216,85,1,1,[239]
216,238,1,1,[239]
217,6,2,1,"[239, 229]"
217,29,1,1,[239]
217,219,1,1,[239]
218,69,1,1,[239]
218,110,1,1,[239]
219,27,1,1,[239]
219,105,1,1,[239]
220,41,2,1,"[239, 263]"
220,186,1,1,[239]
220,234,1,1,[239]
221,5,1,1,[239]
221,46,1,1,[239]
222,7,2,1,"[239, 227]"
222,77,1,1,[239]
222,211,1,1,[239]
223,134,1,1,[239]
223,219,2,2,"[239, 229]"
223,229,1,1,[239]
224,62,1,1,[239]
224,137,2,1,"[239, 229]"
224,188,1,1,[239]
225,166,1,1,[239]
225,178,1,1,[239]
226,29,1,1,[239]
226,110,2,2,"[239, 241]"
226,129,1,1,[239]
227,39,1,1,[239]
227,51,1,1,[239]
227,136,2,1,"[239, 269]"
228,180,1,1,[239]
228,222,1,1,[239]
229,11,1,1,[239]
229,149,1,1,[239]
230,63,1,1,[239]
230,64,1,1,[239]
230,91,2,2,"[239, 269]"
231,90,1,1,[239]
231,111,1,1,[239]
232,165,1,1,[239]
232,223,1,1,[239]
233,69,1,1,[239]
233,127,1,1,[239]
234,43,1,1,[239]
234,93,1,1,[239]
235,178,1,1,[239]
235,196,1,1,[239]
236,96,1,1,[239]
236,214,1,1,[239]
237,71,1,1,[239]
237,223,1,1,[239]
238,82,1,1,[239]
238,144,1,1,[239]
0,22,3,2,"[241, 211, 199]"
0,38,2,2,"[241, 211]"
0,74,2,2,"[241, 211]"
0,92,2,2,"[241, 211]"
0,110,3,2,"[241, 211, 199]"
0,112,2,2,"[241, 211]"
0,149,2,2,"[241, 211]"
0,167,2,2,"[241, 211]"
0,190,2,2,"[241, 211]"
2,28,1,1,[241]
2,55,1,1,[241]
2,58,2,1,"[241, 257]"
2,97,1,1,[241]
2,144,1,1,[241]
2,186,1,1,[241]
2,213,1,1,[241]
3,24,1,1,[241]
3,31,1,1,[241]
3,64,2,2,"[241, 227]"
3,85,1,1,[241]
3,156,1,1,[241]
3,210,1,1,[241]
3,217,1,1,[241]
5,19,1,1,[241]
5,21,1,1,[241]
5,108,1,1,[241]
5,133,1,1,[241]
5,220,1,1,[241]
5,222,1,1,[241]
7,59,2,1,"[241, 233]"
7,60,1,1,[241]
7,113,1,1,[241]
7,128,1,1,[241]
7,181,1,1,[241]
8,17,1,1,[241]
8,42,1,1,[241]
8,53,1,1,[241]
8,188,1,1,[241]
8,199,1,1,[241]
8,224,1,1,[241]
11,54,1,1,[241]
11,67,1,1,[241]
11,174,1,1,[241]
11,187,1,1,[241]
11,217,2,1,"[241, 223]"
12,7,1,1,[241]
12,43,1,1,[241]
12,49,1,1,[241]
12,179,2,2,"[241, 263]"
12,192,1,1,[241]
12,198,1,1,[241]
12,234,1,1,[241]
13,6,1,1,[241]
13,10,1,1,[241]
13,109,1,1,[241]
13,114,1,1,[241]
13,127,1,1,[241]
13,132,1,1,[241]
13,231,1,1,[241]
13,235,1,1,[241]
14,37,1,1,[241]
14,40,1,1,[241]
14,84,1,1,[241]
14,94,1,1,[241]
14,147,1,1,[241]
14,157,1,1,[241]
14,201,1,1,[241]
14,204,1,1,[241]
17,37,1,1,[241]
17,40,1,1,[241]
17,84,1,1,[241]
17,94,1,1,[241]
17,147,1,1,[241]
17,157,1,1,[241]
17,201,1,1,[241]
17,204,1,1,[241]
18,32,1,1,[241]
18,33,1,1,[241]
18,39,1,1,[241]
18,53,2,1,"[241, 257]"
18,202,1,1,[241]
18,208,1,1,[241]
18,209,1,1,[241]
19,50,1,1,[241]
19,54,1,1,[241]
19,187,1,1,[241]
19,191,1,1,[241]
20,73,1,1,[241]
20,89,1,1,[241]
20,100,1,1,[241]
20,141,1,1,[241]
20,152,1,1,[241]
20,168,1,1,[241]
21,14,1,1,[241]
21,34,1,1,[241]
21,87,1,1,[241]
21,96,1,1,[241]
21,145,1,1,[241]
21,154,1,1,[241]
21,207,1,1,[241]
21,227,1,1,[241]
22,36,1,1,[241]
22,39,1,1,[241]
22,60,1,1,[241]
22,69,1,1,[241]
22,172,1,1,[241]
22,181,1,1,[241]
22,202,1,1,[241]
22,205,1,1,[241]
23,3,2,1,"[241, 229]"
23,72,1,1,[241]
23,94,1,1,[241]
23,147,1,1,[241]
23,169,1,1,[241]
24,62,2,2,"[241, 239]"
26,9,1,1,[241]
26,72,1,1,[241]
26,169,1,1,[241]
26,232,1,1,[241]
26,237,2,2,"[241, 263]"
27,75,1,1,[241]
27,114,1,1,[241]
27,115,1,1,[241]
27,126,1,1,[241]
27,127,1,1,[241]
27,166,1,1,[241]
28,2,1,1,[241]
28,60,1,1,[241]
28,181,1,1,[241]
28,239,1,1,[241]
29,32,1,1,[241]
29,33,1,1,[241]
29,39,1,1,[241]
29,171,2,2,"[241, 263]"
29,202,1,1,[241]
29,208,1,1,[241]
29,209,1,1,[241]
30,28,1,1,[241]
30,55,1,1,[241]
30,97,1,1,[241]
30,144,1,1,[241]
30,186,1,1,[241]
30,213,1,1,[241]
31,9,1,1,[241]
31,42,1,1,[241]
31,74,1,1,[241]
31,91,1,1,[241]
31,150,1,1,[241]
31,167,1,1,[241]
31,199,1,1,[241]
31,230,3,1,"[241, 257, 271]"
31,232,1,1,[241]
32,58,1,1,[241]
32,95,1,1,[241]
32,105,1,1,[241]
32,136,1,1,[241]
32,146,1,1,[241]
32,183,1,1,[241]
33,6,1,1,[241]
33,10,1,1,[241]
33,52,2,1,"[241, 251]"
33,109,1,1,[241]
33,114,1,1,[241]
33,127,1,1,[241]
33,132,1,1,[241]
33,133,2,1,"[241, 233]"
33,231,1,1,[241]
33,235,1,1,[241]
34,2,1,1,[241]
34,60,1,1,[241]
34,181,1,1,[241]
34,239,1,1,[241]
35,30,1,1,[241]
35,50,1,1,[241]
35,63,1,1,[241]
35,88,1,1,[241]
35,100,2,1,"[241, 229]"
35,153,1,1,[241]
35,178,1,1,[241]
35,191,1,1,[241]
35,211,1,1,[241]
37,10,1,1,[241]
37,59,1,1,[241]
37,182,1,1,[241]
37,219,2,2,"[241, 223]"
37,231,1,1,[241]
38,2,1,1,[241]
38,47,1,1,[241]
38,70,1,1,[241]
38,71,1,1,[241]
38,86,2,2,"[241, 251]"
38,170,1,1,[241]
38,171,1,1,[241]
38,194,1,1,[241]
38,239,1,1,[241]
39,12,1,1,[241]
39,15,2,2,"[241, 229]"
39,119,1,1,[241]
39,122,1,1,[241]
39,229,1,1,[241]
41,46,1,1,[241]
41,76,1,1,[241]
41,81,1,1,[241]
41,160,1,1,[241]
41,165,1,1,[241]
41,195,1,1,[241]
42,10,1,1,[241]
42,80,1,1,[241]
42,161,1,1,[241]
42,231,1,1,[241]
43,30,1,1,[241]
43,50,1,1,[241]
43,63,1,1,[241]
43,88,1,1,[241]
43,153,1,1,[241]
43,178,1,1,[241]
43,191,1,1,[241]
43,211,1,1,[241]
44,50,1,1,[241]
44,54,1,1,[241]
44,187,1,1,[241]
44,191,1,1,[241]
44,206,2,2,"[241, 269]"
45,24,1,1,[241]
45,31,1,1,[241]
45,85,1,1,[241]
45,156,1,1,[241]
45,210,1,1,[241]
45,217,1,1,[241]
46,13,1,1,[241]
46,66,1,1,[241]
46,83,1,1,[241]
46,98,1,1,[241]
46,143,1,1,[241]
46,158,1,1,[241]
46,175,1,1,[241]
46,228,1,1,[241]
47,57,1,1,[241]
47,86,1,1,[241]
47,120,1,1,[241]
47,121,1,1,[241]
47,155,1,1,[241]
47,184,1,1,[241]
48,56,1,1,[241]
48,90,1,1,[241]
48,103,1,1,[241]
48,138,1,1,[241]
48,151,1,1,[241]
48,185,1,1,[241]
49,7,1,1,[241]
49,43,1,1,[241]
49,49,1,1,[241]
49,192,1,1,[241]
49,198,1,1,[241]
49,234,1,1,[241]
50,75,1,1,[241]
50,114,1,1,[241]
50,115,1,1,[241]
50,126,1,1,[241]
50,127,1,1,[241]
50,149,2,2,"[241, 263]"
50,166,1,1,[241]
51,10,1,1,[241]
51,80,1,1,[241]
51,100,2,2,"[241, 229]"
51,161,1,1,[241]
51,176,2,1,"[241, 223]"
51,185,2,2,"[241, 269]"
51,231,1,1,[241]
52,48,1,1,[241]
52,52,1,1,[241]
52,80,1,1,[241]
52,92,1,1,[241]
52,149,1,1,[241]
52,161,1,1,[241]
52,189,1,1,[241]
52,193,1,1,[241]
53,15,1,1,[241]
53,23,1,1,[241]
53,71,1,1,[241]
53,170,1,1,[241]
53,183,2,1,"[241, 257]"
53,218,1,1,[241]
53,226,1,1,[241]
54,157,2,2,"[241, 227]"
55,27,1,1,[241]
55,31,1,1,[241]
55,45,1,1,[241]
55,112,1,1,[241]
55,129,1,1,[241]
55,171,4,1,"[241, 263, 283, 277]"
55,196,1,1,[241]
55,210,1,1,[241]
55,214,1,1,[241]
56,29,1,1,[241]
56,51,1,1,[241]
56,55,1,1,[241]
56,79,1,1,[241]
56,162,1,1,[241]
56,186,1,1,[241]
56,190,1,1,[241]
56,212,1,1,[241]
57,48,1,1,[241]
57,52,1,1,[241]
57,80,1,1,[241]
57,92,1,1,[241]
57,100,2,1,"[241, 233]"
57,149,1,1,[241]
57,161,1,1,[241]
57,189,1,1,[241]
57,193,1,1,[241]
59,73,1,1,[241]
59,89,1,1,[241]
59,100,1,1,[241]
59,141,1,1,[241]
59,152,1,1,[241]
59,168,1,1,[241]
61,3,1,1,[241]
61,34,1,1,[241]
61,101,1,1,[241]
61,140,1,1,[241]
61,207,1,1,[241]
61,238,1,1,[241]
62,16,1,1,[241]
62,113,1,1,[241]
62,128,1,1,[241]
62,225,1,1,[241]
63,67,1,1,[241]
63,82,1,1,[241]
63,159,1,1,[241]
63,174,1,1,[241]
65,54,1,1,[241]
65,67,1,1,[241]
65,174,1,1,[241]
65,187,1,1,[241]
66,9,1,1,[241]
66,72,1,1,[241]
66,169,1,1,[241]
66,232,1,1,[241]
67,46,1,1,[241]
67,76,1,1,[241]
67,81,1,1,[241]
67,160,1,1,[241]
67,165,1,1,[241]
67,195,1,1,[241]
68,29,1,1,[241]
68,51,1,1,[241]
68,55,1,1,[241]
68,79,1,1,[241]
68,162,1,1,[241]
68,183,2,1,"[241, 229]"
68,186,1,1,[241]
68,190,1,1,[241]
68,212,1,1,[241]
69,11,1,1,[241]
69,38,1,1,[241]
69,54,1,1,[241]
69,64,1,1,[241]
69,112,2,1,"[241, 223]"
69,177,1,1,[241]
69,187,1,1,[241]
69,203,1,1,[241]
69,230,1,1,[241]
70,45,1,1,[241]
70,119,1,1,[241]
70,122,1,1,[241]
70,196,1,1,[241]
71,11,1,1,[241]
71,38,1,1,[241]
71,54,1,1,[241]
71,64,1,1,[241]
71,112,2,2,"[241, 223]"
71,177,1,1,[241]
71,187,1,1,[241]
71,203,1,1,[241]
71,230,1,1,[241]
72,15,1,1,[241]
72,23,1,1,[241]
72,57,2,2,"[241, 263]"
72,71,1,1,[241]
72,170,1,1,[241]
72,218,1,1,[241]
72,226,1,1,[241]
73,10,1,1,[241]
73,59,1,1,[241]
73,182,1,1,[241]
73,231,1,1,[241]
74,14,1,1,[241]
74,34,1,1,[241]
74,87,1,1,[241]
74,96,1,1,[241]
74,145,1,1,[241]
74,154,1,1,[241]
74,207,1,1,[241]
74,227,1,1,[241]
75,19,1,1,[241]
75,21,1,1,[241]
75,108,1,1,[241]
75,133,1,1,[241]
75,220,1,1,[241]
75,222,1,1,[241]
76,50,1,1,[241]
76,82,1,1,[241]
76,159,1,1,[241]
76,191,1,1,[241]
76,202,2,1,"[241, 269]"
77,20,1,1,[241]
77,66,1,1,[241]
77,111,1,1,[241]
77,130,1,1,[241]
77,166,2,2,"[241, 257]"
77,175,1,1,[241]
77,221,1,1,[241]
78,8,1,1,[241]
78,65,1,1,[241]
78,67,1,1,[241]
78,89,1,1,[241]
78,152,1,1,[241]
78,174,1,1,[241]
78,176,1,1,[241]
78,233,1,1,[241]
79,88,1,1,[241]
79,93,1,1,[241]
79,107,1,1,[241]
79,134,1,1,[241]
79,148,1,1,[241]
79,153,1,1,[241]
80,11,1,1,[241]
80,77,1,1,[241]
80,102,1,1,[241]
80,139,1,1,[241]
80,164,1,1,[241]
80,230,1,1,[241]
84,27,1,1,[241]
84,31,1,1,[241]
84,45,1,1,[241]
84,90,4,1,"[241, 229, 227, 211]"
84,112,1,1,[241]
84,129,1,1,[241]
84,196,1,1,[241]
84,210,1,1,[241]
84,214,1,1,[241]
85,45,1,1,[241]
85,119,1,1,[241]
85,122,1,1,[241]
85,172,2,2,"[241, 223]"
85,196,1,1,[241]
86,11,2,1,"[241, 269]"
86,45,1,1,[241]
86,119,1,1,[241]
86,122,1,1,[241]
86,196,1,1,[241]
87,124,2,2,"[241, 257]"
88,2,1,1,[241]
88,4,2,2,"[241, 229]"
88,47,1,1,[241]
88,70,1,1,[241]
88,71,1,1,[241]
88,170,1,1,[241]
88,171,1,1,[241]
88,194,1,1,[241]
88,239,1,1,[241]
89,36,1,1,[241]
89,39,1,1,[241]
89,60,1,1,[241]
89,69,1,1,[241]
89,172,1,1,[241]
89,181,1,1,[241]
89,202,1,1,[241]
89,205,1,1,[241]
90,104,2,2,"[241, 227]"
90,105,2,1,"[241, 271]"
92,29,1,1,[241]
92,94,1,1,[241]
92,147,1,1,[241]
92,212,1,1,[241]
93,59,1,1,[241]
93,83,1,1,[241]
93,158,1,1,[241]
93,182,1,1,[241]
94,102,2,1,"[241, 257]"
95,7,1,1,[241]
95,25,1,1,[241]
95,68,1,1,[241]
95,119,1,1,[241]
95,122,1,1,[241]
95,173,1,1,[241]
95,216,1,1,[241]
95,234,1,1,[241]
97,172,2,2,"[241, 239]"
99,12,1,1,[241]
99,119,1,1,[241]
99,122,1,1,[241]
99,229,1,1,[241]
101,11,1,1,[241]
101,38,1,1,[241]
101,54,1,1,[241]
101,64,1,1,[241]
101,108,2,2,"[241, 229]"
101,177,1,1,[241]
101,187,1,1,[241]
101,203,1,1,[241]
101,230,1,1,[241]
102,27,1,1,[241]
102,31,1,1,[241]
102,45,1,1,[241]
102,112,1,1,[241]
102,129,1,1,[241]
102,196,1,1,[241]
102,210,1,1,[241]
102,214,1,1,[241]
103,12,1,1,[241]
103,119,1,1,[241]
103,122,1,1,[241]
103,229,1,1,[241]
104,72,1,1,[241]
104,94,1,1,[241]
104,147,1,1,[241]
104,169,1,1,[241]
105,60,1,1,[241]
105,113,1,1,[241]
105,128,1,1,[241]
105,132,2,1,"[241, 223]"
105,181,1,1,[241]
107,137,2,2,"[241, 227]"
107,228,2,1,"[241, 239]"
108,44,1,1,[241]
108,52,1,1,[241]
108,118,1,1,[241]
108,123,1,1,[241]
108,189,1,1,[241]
108,197,1,1,[241]
109,46,1,1,[241]
109,59,1,1,[241]
109,61,1,1,[241]
109,104,1,1,[241]
109,137,1,1,[241]
109,180,1,1,[241]
109,182,1,1,[241]
109,195,1,1,[241]
110,80,1,1,[241]
110,83,1,1,[241]
110,126,2,1,"[241, 269]"
110,143,3,2,"[241, 229, 239]"
110,158,1,1,[241]
110,161,1,1,[241]
111,16,1,1,[241]
111,32,2,1,"[241, 229]"
111,78,1,1,[241]
111,86,1,1,[241]
111,106,1,1,[241]
111,135,1,1,[241]
111,155,1,1,[241]
111,163,1,1,[241]
111,225,1,1,[241]
112,2,1,1,[241]
112,16,1,1,[241]
112,225,1,1,[241]
112,239,1,1,[241]
113,17,1,1,[241]
113,42,1,1,[241]
113,53,1,1,[241]
113,188,1,1,[241]
113,199,1,1,[241]
113,224,1,1,[241]
114,14,2,1,"[241, 223]"
114,72,1,1,[241]
114,94,1,1,[241]
114,147,1,1,[241]
114,169,1,1,[241]
115,2,1,1,[241]
115,47,1,1,[241]
115,64,4,1,"[241, 239, 229, 223]"
115,70,1,1,[241]
115,71,1,1,[241]
115,170,1,1,[241]
115,171,1,1,[241]
115,194,1,1,[241]
115,239,1,1,[241]
116,15,1,1,[241]
116,23,1,1,[241]
116,71,1,1,[241]
116,170,1,1,[241]
116,218,1,1,[241]
116,226,1,1,[241]
117,29,1,1,[241]
117,51,1,1,[241]
117,55,1,1,[241]
117,79,1,1,[241]
117,162,1,1,[241]
117,186,1,1,[241]
117,190,1,1,[241]
117,212,1,1,[241]
118,76,2,1,"[241, 271]"
120,17,1,1,[241]
120,42,1,1,[241]
120,53,1,1,[241]
120,188,1,1,[241]
120,199,1,1,[241]
120,224,1,1,[241]
121,18,1,1,[241]
121,37,1,1,[241]
121,117,1,1,[241]
121,124,1,1,[241]
121,204,1,1,[241]
121,223,1,1,[241]
122,156,2,2,"[241, 223]"
122,224,3,3,"[241, 271, 263]"
124,5,1,1,[241]
124,72,1,1,[241]
124,95,1,1,[241]
124,110,1,1,[241]
124,131,1,1,[241]
124,146,1,1,[241]
124,169,1,1,[241]
124,236,1,1,[241]
125,4,1,1,[241]
125,26,1,1,[241]
125,35,1,1,[241]
125,206,1,1,[241]
125,215,1,1,[241]
125,237,1,1,[241]
126,35,1,1,[241]
126,99,1,1,[241]
126,113,1,1,[241]
126,116,1,1,[241]
126,125,1,1,[241]
126,128,1,1,[241]
126,142,1,1,[241]
126,149,2,2,"[241, 263]"
126,206,1,1,[241]
127,9,1,1,[241]
127,29,1,1,[241]
127,120,2,1,"[241, 263]"
127,212,1,1,[241]
127,232,1,1,[241]
128,18,1,1,[241]
128,37,1,1,[241]
128,117,1,1,[241]
128,124,1,1,[241]
128,204,1,1,[241]
128,223,1,1,[241]
129,60,1,1,[241]
129,113,1,1,[241]
129,128,1,1,[241]
129,159,2,1,"[241, 271]"
129,181,1,1,[241]
130,36,1,1,[241]
130,39,1,1,[241]
130,60,1,1,[241]
130,69,1,1,[241]
130,172,1,1,[241]
130,181,1,1,[241]
130,202,1,1,[241]
130,205,1,1,[241]
131,10,1,1,[241]
131,22,2,1,"[241, 223]"
131,59,1,1,[241]
131,178,2,2,"[241, 251]"
131,182,1,1,[241]
131,231,1,1,[241]
132,48,1,1,[241]
132,52,1,1,[241]
132,80,1,1,[241]
132,92,1,1,[241]
132,149,1,1,[241]
132,161,1,1,[241]
132,189,1,1,[241]
132,193,1,1,[241]
133,46,1,1,[241]
133,76,1,1,[241]
133,81,1,1,[241]
133,160,1,1,[241]
133,165,1,1,[241]
133,195,1,1,[241]
134,149,2,1,"[241, 227]"
136,2,1,1,[241]
136,16,1,1,[241]
136,133,2,2,"[241, 263]"
136,225,1,1,[241]
136,239,1,1,[241]
137,9,1,1,[241]
137,29,1,1,[241]
137,49,2,1,"[241, 229]"
137,212,1,1,[241]
137,232,1,1,[241]
138,45,1,1,[241]
138,96,1,1,[241]
138,138,2,1,"[241, 269]"
138,145,1,1,[241]
138,196,1,1,[241]
139,12,1,1,[241]
139,41,1,1,[241]
139,56,1,1,[241]
139,62,1,1,[241]
139,179,1,1,[241]
139,185,1,1,[241]
139,200,1,1,[241]
139,229,1,1,[241]
140,1,1,1,[241]
140,19,1,1,[241]
140,22,1,1,[241]
140,82,1,1,[241]
140,159,1,1,[241]
140,219,1,1,[241]
140,222,1,1,[241]
140,240,1,1,[241]
141,74,2,2,"[241, 227]"
142,20,2,1,"[241, 223]"
142,45,1,1,[241]
142,78,2,2,"[241, 251]"
142,96,1,1,[241]
142,145,1,1,[241]
142,196,1,1,[241]
146,14,1,1,[241]
146,34,1,1,[241]
146,87,1,1,[241]
146,96,1,1,[241]
146,145,1,1,[241]
146,154,1,1,[241]
146,207,1,1,[241]
146,227,1,1,[241]
148,10,1,1,[241]
148,80,1,1,[241]
148,161,1,1,[241]
148,231,1,1,[241]
149,9,1,1,[241]
149,58,2,1,"[241, 239]"
149,72,1,1,[241]
149,169,1,1,[241]
149,232,1,1,[241]
150,130,2,1,"[241, 271]"
152,16,1,1,[241]
152,30,2,2,"[241, 239]"
152,78,1,1,[241]
152,86,1,1,[241]
152,106,1,1,[241]
152,135,1,1,[241]
152,155,1,1,[241]
152,163,1,1,[241]
152,225,1,1,[241]
153,35,1,1,[241]
153,99,1,1,[241]
153,113,1,1,[241]
153,116,1,1,[241]
153,125,1,1,[241]
153,128,1,1,[241]
153,142,1,1,[241]
153,206,1,1,[241]
153,226,2,2,"[241, 229]"
154,163,2,2,"[241, 227]"
155,12,1,1,[241]
155,96,1,1,[241]
155,145,1,1,[241]
155,154,2,1,"[241, 229]"
155,229,1,1,[241]
156,12,1,1,[241]
156,96,1,1,[241]
156,145,1,1,[241]
156,163,2,2,"[241, 223]"
156,229,1,1,[241]
157,12,1,1,[241]
157,41,1,1,[241]
157,56,1,1,[241]
157,62,1,1,[241]
157,179,1,1,[241]
157,185,1,1,[241]
157,200,1,1,[241]
157,217,2,1,"[241, 229]"
157,229,1,1,[241]
160,219,2,2,"[241, 227]"
161,19,1,1,[241]
161,21,1,1,[241]
161,108,1,1,[241]
161,133,1,1,[241]
161,220,1,1,[241]
161,222,1,1,[241]
162,73,1,1,[241]
162,89,1,1,[241]
162,100,1,1,[241]
162,134,2,1,"[241, 257]"
162,141,1,1,[241]
162,152,1,1,[241]
162,168,1,1,[241]
163,30,1,1,[241]
163,50,1,1,[241]
163,63,1,1,[241]
163,88,1,1,[241]
163,153,1,1,[241]
163,178,1,1,[241]
163,191,1,1,[241]
163,211,1,1,[241]
164,75,1,1,[241]
164,92,2,1,"[241, 263]"
164,114,1,1,[241]
164,115,1,1,[241]
164,126,1,1,[241]
164,127,1,1,[241]
164,166,1,1,[241]
165,54,1,1,[241]
165,67,1,1,[241]
165,174,1,1,[241]
165,187,1,1,[241]
166,11,1,1,[241]
166,77,1,1,[241]
166,102,1,1,[241]
166,139,1,1,[241]
166,164,1,1,[241]
166,230,1,1,[241]
167,7,1,1,[241]
167,25,1,1,[241]
167,68,1,1,[241]
167,119,1,1,[241]
167,122,1,1,[241]
167,173,1,1,[241]
167,216,1,1,[241]
167,234,1,1,[241]
168,80,1,1,[241]
168,83,1,1,[241]
168,158,1,1,[241]
168,161,1,1,[241]
169,4,1,1,[241]
169,26,1,1,[241]
169,35,1,1,[241]
169,206,1,1,[241]
169,215,1,1,[241]
169,237,1,1,[241]
170,1,1,1,[241]
170,19,1,1,[241]
170,22,1,1,[241]
170,82,1,1,[241]
170,159,1,1,[241]
170,179,2,1,"[241, 223]"
170,219,1,1,[241]
170,222,1,1,[241]
170,240,1,1,[241]
171,12,1,1,[241]
171,96,1,1,[241]
171,145,1,1,[241]
171,229,1,1,[241]
172,1,1,1,[241]
172,19,1,1,[241]
172,22,1,1,[241]
172,62,2,1,"[241, 223]"
172,82,1,1,[241]
172,159,1,1,[241]
172,219,1,1,[241]
172,222,1,1,[241]
172,240,1,1,[241]
173,5,1,1,[241]
173,72,1,1,[241]
173,95,1,1,[241]
173,110,1,1,[241]
173,131,1,1,[241]
173,146,1,1,[241]
173,169,1,1,[241]
173,236,1,1,[241]
174,44,1,1,[241]
174,52,1,1,[241]
174,118,1,1,[241]
174,123,1,1,[241]
174,189,1,1,[241]
174,197,1,1,[241]
175,29,1,1,[241]
175,94,1,1,[241]
175,147,1,1,[241]
175,212,1,1,[241]
176,50,1,1,[241]
176,82,1,1,[241]
176,159,1,1,[241]
176,191,1,1,[241]
177,17,2,1,"[241, 223]"
178,50,1,1,[241]
178,54,1,1,[241]
178,187,1,1,[241]
178,191,1,1,[241]
179,2,1,1,[241]
179,60,1,1,[241]
179,181,1,1,[241]
179,226,3,2,"[241, 239, 251]"
179,239,1,1,[241]
180,7,1,1,[241]
180,43,1,1,[241]
180,49,1,1,[241]
180,192,1,1,[241]
180,198,1,1,[241]
180,234,1,1,[241]
181,190,2,1,"[241, 227]"
182,88,1,1,[241]
182,93,1,1,[241]
182,107,1,1,[241]
182,134,1,1,[241]
182,148,1,1,[241]
182,153,1,1,[241]
184,46,1,1,[241]
184,59,1,1,[241]
184,61,1,1,[241]
184,104,1,1,[241]
184,137,1,1,[241]
184,180,1,1,[241]
184,182,1,1,[241]
184,195,1,1,[241]
185,5,1,1,[241]
185,72,1,1,[241]
185,95,1,1,[241]
185,110,1,1,[241]
185,131,1,1,[241]
185,146,1,1,[241]
185,169,1,1,[241]
185,236,1,1,[241]
186,12,1,1,[241]
186,41,1,1,[241]
186,56,1,1,[241]
186,62,1,1,[241]
186,109,2,1,"[241, 223]"
186,179,1,1,[241]
186,185,1,1,[241]
186,200,1,1,[241]
186,217,2,1,"[241, 229]"
186,229,1,1,[241]
188,4,1,1,[241]
188,26,1,1,[241]
188,35,1,1,[241]
188,206,1,1,[241]
188,215,1,1,[241]
188,237,1,1,[241]
189,46,1,1,[241]
189,59,1,1,[241]
189,61,1,1,[241]
189,104,1,1,[241]
189,137,1,1,[241]
189,180,1,1,[241]
189,182,1,1,[241]
189,195,1,1,[241]
190,59,1,1,[241]
190,81,2,1,"[241, 239]"
190,83,1,1,[241]
190,158,1,1,[241]
190,182,1,1,[241]
191,20,1,1,[241]
191,66,1,1,[241]
191,73,2,1,"[241, 239]"
191,111,1,1,[241]
191,130,1,1,[241]
191,175,1,1,[241]
191,221,1,1,[241]
191,239,2,2,"[241, 263]"
192,3,1,1,[241]
192,8,2,2,"[241, 227]"
192,34,1,1,[241]
192,101,1,1,[241]
192,140,1,1,[241]
192,207,1,1,[241]
192,218,2,2,"[241, 239]"
192,238,1,1,[241]
193,24,1,1,[241]
193,31,1,1,[241]
193,85,1,1,[241]
193,156,1,1,[241]
193,210,1,1,[241]
193,217,1,1,[241]
194,32,1,1,[241]
194,33,1,1,[241]
194,39,1,1,[241]
194,53,2,1,"[241, 257]"
194,202,1,1,[241]
194,208,1,1,[241]
194,209,1,1,[241]
195,6,1,1,[241]
195,10,1,1,[241]
195,109,1,1,[241]
195,110,2,1,"[241, 223]"
195,114,1,1,[241]
195,127,1,1,[241]
195,132,1,1,[241]
195,231,1,1,[241]
195,235,1,1,[241]
196,56,1,1,[241]
196,90,1,1,[241]
196,103,1,1,[241]
196,138,1,1,[241]
196,151,1,1,[241]
196,185,1,1,[241]
197,67,1,1,[241]
197,82,1,1,[241]
197,159,1,1,[241]
197,174,1,1,[241]
198,8,1,1,[241]
198,65,1,1,[241]
198,67,1,1,[241]
198,89,1,1,[241]
198,152,1,1,[241]
198,174,1,1,[241]
198,176,1,1,[241]
198,233,1,1,[241]
199,59,1,1,[241]
199,83,1,1,[241]
199,158,1,1,[241]
199,182,1,1,[241]
199,203,2,1,"[241, 251]"
200,44,1,1,[241]
200,52,1,1,[241]
200,118,1,1,[241]
200,123,1,1,[241]
200,189,1,1,[241]
200,197,1,1,[241]
201,22,2,1,"[241, 239]"
202,45,1,1,[241]
202,96,1,1,[241]
202,145,1,1,[241]
202,196,1,1,[241]
203,35,1,1,[241]
203,99,1,1,[241]
203,113,1,1,[241]
203,116,1,1,[241]
203,125,1,1,[241]
203,128,1,1,[241]
203,142,1,1,[241]
203,206,1,1,[241]
204,80,1,1,[241]
204,83,1,1,[241]
204,158,1,1,[241]
204,161,1,1,[241]
206,8,1,1,[241]
206,65,1,1,[241]
206,67,1,1,[241]
206,89,1,1,[241]
206,152,1,1,[241]
206,174,1,1,[241]
206,176,1,1,[241]
206,233,1,1,[241]
207,2,2,2,"[241, 227]"
207,16,1,1,[241]
207,81,2,1,"[241, 229]"
207,113,1,1,[241]
207,128,1,1,[241]
207,225,1,1,[241]
208,13,1,1,[241]
208,66,1,1,[241]
208,83,1,1,[241]
208,98,1,1,[241]
208,143,1,1,[241]
208,158,1,1,[241]
208,175,1,1,[241]
208,228,1,1,[241]
209,28,1,1,[241]
209,55,1,1,[241]
209,97,1,1,[241]
209,144,1,1,[241]
209,186,1,1,[241]
209,213,1,1,[241]
210,37,1,1,[241]
210,40,1,1,[241]
210,84,1,1,[241]
210,94,1,1,[241]
210,125,2,1,"[241, 239]"
210,147,1,1,[241]
210,157,1,1,[241]
210,201,1,1,[241]
210,204,1,1,[241]
211,58,1,1,[241]
211,95,1,1,[241]
211,105,1,1,[241]
211,136,1,1,[241]
211,146,1,1,[241]
211,183,1,1,[241]
211,226,3,3,"[241, 257, 251]"
212,57,1,1,[241]
212,79,2,2,"[241, 227]"
212,86,1,1,[241]
212,120,1,1,[241]
212,121,1,1,[241]
212,155,1,1,[241]
212,184,1,1,[241]
212,197,2,2,"[241, 239]"
213,16,1,1,[241]
213,113,1,1,[241]
213,128,1,1,[241]
213,225,1,1,[241]
214,20,1,1,[241]
214,66,1,1,[241]
214,111,1,1,[241]
214,130,1,1,[241]
214,175,1,1,[241]
214,221,1,1,[241]
215,29,1,1,[241]
215,94,1,1,[241]
215,147,1,1,[241]
215,212,1,1,[241]
218,9,1,1,[241]
218,29,1,1,[241]
218,212,1,1,[241]
218,232,1,1,[241]
219,16,1,1,[241]
219,78,1,1,[241]
219,86,1,1,[241]
219,106,1,1,[241]
219,135,1,1,[241]
219,155,1,1,[241]
219,163,1,1,[241]
219,209,2,1,"[241, 229]"
219,225,1,1,[241]
220,7,1,1,[241]
220,25,1,1,[241]
220,68,1,1,[241]
220,119,1,1,[241]
220,122,1,1,[241]
220,173,1,1,[241]
220,216,1,1,[241]
220,234,1,1,[241]
221,88,1,1,[241]
221,93,1,1,[241]
221,107,1,1,[241]
221,134,1,1,[241]
221,148,1,1,[241]
221,153,1,1,[241]
221,237,2,2,"[241, 257]"
222,67,1,1,[241]
222,82,1,1,[241]
222,148,2,2,"[241, 269]"
222,159,1,1,[241]
222,174,1,1,[241]
223,57,1,1,[241]
223,86,1,1,[241]
223,120,1,1,[241]
223,121,1,1,[241]
223,155,1,1,[241]
223,184,1,1,[241]
224,9,1,1,[241]
224,14,2,1,"[241, 263]"
224,42,1,1,[241]
224,74,1,1,[241]
224,91,1,1,[241]
224,150,1,1,[241]
224,167,1,1,[241]
224,199,1,1,[241]
224,223,2,1,"[241, 229]"
224,232,1,1,[241]
225,78,2,2,"[241, 227]"
226,110,2,2,"[241, 239]"
227,9,1,1,[241]
227,42,1,1,[241]
227,74,1,1,[241]
227,91,1,1,[241]
227,150,1,1,[241]
227,167,1,1,[241]
227,176,2,2,"[241, 233]"
227,199,1,1,[241]
227,232,1,1,[241]
228,13,1,1,[241]
228,66,1,1,[241]
228,83,1,1,[241]
228,98,1,1,[241]
228,143,1,1,[241]
228,158,1,1,[241]
228,175,1,1,[241]
228,228,1,1,[241]
229,3,1,1,[241]
229,34,1,1,[241]
229,101,1,1,[241]
229,140,1,1,[241]
229,207,1,1,[241]
229,238,1,1,[241]
230,50,1,1,[241]
230,82,1,1,[241]
230,159,1,1,[241]
230,191,1,1,[241]
233,18,1,1,[241]
233,37,1,1,[241]
233,117,1,1,[241]
233,124,1,1,[241]
233,204,1,1,[241]
233,223,1,1,[241]
234,2,1,1,[241]
234,16,1,1,[241]
234,225,1,1,[241]
234,239,1,1,[241]
236,11,1,1,[241]
236,77,1,1,[241]
236,102,1,1,[241]
236,139,1,1,[241]
236,164,1,1,[241]
236,230,1,1,[241]
238,56,1,1,[241]
238,90,1,1,[241]
238,103,1,1,[241]
238,138,1,1,[241]
238,151,1,1,[241]
238,185,1,1,[241]
239,58,1,1,[241]
239,81,2,2,"[241, 257]"
239,95,1,1,[241]
239,105,1,1,[241]
239,136,1,1,[241]
239,146,1,1,[241]
239,183,1,1,[241]
1,16,2,2,"[251, 257]"
1,48,1,1,[251]
1,196,1,1,[251]
2,114,1,1,[251]
2,134,2,1,"[251, 229]"
2,143,1,1,[251]
3,92,2,1,"[251, 271]"
3,100,1,1,[251]
3,116,3,2,"[251, 269, 277]"
3,241,1,1,[251]
4,118,1,1,[251]
4,148,2,1,"[251, 239]"
4,189,1,1,[251]
5,75,1,1,[251]
5,118,1,1,[251]
5,208,3,2,"[251, 271, 263]"
6,26,1,1,[251]
6,112,1,1,[251]
7,106,1,1,[251]
7,195,1,1,[251]
8,92,1,1,[251]
8,111,1,1,[251]
8,226,2,2,"[251, 239]"
9,21,1,1,[251]
9,25,2,2,"[251, 269]"
9,41,1,1,[251]
10,84,1,1,[251]
10,145,1,1,[251]
11,35,1,1,[251]
11,165,1,1,[251]
11,213,2,2,"[251, 239]"
12,80,1,1,[251]
12,204,1,1,[251]
13,67,1,1,[251]
13,169,1,1,[251]
14,118,1,1,[251]
14,126,1,1,[251]
14,138,2,1,"[251, 257]"
15,204,1,1,[251]
15,219,1,1,[251]
16,5,2,2,"[251, 271]"
16,60,1,1,[251]
16,245,1,1,[251]
17,74,1,1,[251]
17,93,1,1,[251]
18,66,1,1,[251]
18,96,1,1,[251]
19,96,2,1,"[251, 229]"
19,187,1,1,[251]
19,207,1,1,[251]
20,51,2,1,"[251, 257]"
20,60,1,1,[251]
20,153,1,1,[251]
21,179,1,1,[251]
21,218,1,1,[251]
22,1,1,1,[251]
22,25,1,1,[251]
23,36,1,1,[251]
23,142,1,1,[251]
24,43,1,1,[251]
24,108,1,1,[251]
25,13,2,2,"[251, 227]"
25,129,2,2,"[251, 257]"
25,153,1,1,[251]
25,227,1,1,[251]
26,37,2,1,"[251, 239]"
26,59,2,2,"[251, 257]"
26,65,1,1,[251]
26,132,2,1,"[251, 229]"
26,163,1,1,[251]
26,203,2,1,"[251, 223]"
27,190,1,1,[251]
27,232,1,1,[251]
28,73,2,2,"[251, 229]"
28,156,1,1,[251]
28,197,1,1,[251]
29,31,1,1,[251]
29,182,1,1,[251]
30,72,1,1,[251]
30,135,3,2,"[251, 229, 223]"
30,175,1,1,[251]
31,201,1,1,[251]
31,249,1,1,[251]
32,17,1,1,[251]
32,116,1,1,[251]
33,30,1,1,[251]
33,52,1,1,[251]
33,62,2,1,"[251, 223]"
33,80,2,1,"[251, 277]"
34,113,1,1,[251]
34,210,1,1,[251]
35,23,2,2,"[251, 229]"
35,38,1,1,[251]
35,197,1,1,[251]
36,83,1,1,[251]
36,174,1,1,[251]
37,120,1,1,[251]
37,208,1,1,[251]
38,86,2,2,"[251, 241]"
38,112,1,1,[251]
38,135,1,1,[251]
39,35,1,1,[251]
39,122,1,1,[251]
40,81,1,1,[251]
40,95,1,1,[251]
41,66,1,1,[251]
41,144,1,1,[251]
41,173,2,1,"[251, 271]"
42,137,1,1,[251]
42,141,2,2,"[251, 239]"
42,204,1,1,[251]
43,13,1,1,[251]
43,133,1,1,[251]
44,186,1,1,[251]
44,222,1,1,[251]
45,17,1,1,[251]
45,174,1,1,[251]
46,57,1,1,[251]
46,149,1,1,[251]
47,117,1,1,[251]
47,121,2,1,"[251, 241]"
47,193,1,1,[251]
47,227,2,2,"[251, 277]"
48,113,1,1,[251]
48,125,1,1,[251]
49,149,1,1,[251]
49,211,1,1,[251]
50,54,1,1,[251]
50,194,1,1,[251]
51,131,1,1,[251]
51,196,1,1,[251]
52,114,2,1,"[251, 233]"
52,154,1,1,[251]
52,217,1,1,[251]
53,171,1,1,[251]
53,196,1,1,[251]
54,12,1,1,[251]
54,71,2,2,"[251, 229]"
54,133,2,2,"[251, 229]"
54,200,1,1,[251]
55,39,1,1,[251]
55,148,1,1,[251]
56,60,1,1,[251]
56,247,1,1,[251]
57,34,1,1,[251]
57,120,2,1,"[251, 229]"
57,243,1,1,[251]
58,58,1,1,[251]
58,173,1,1,[251]
58,217,2,2,"[251, 229]"
59,109,1,1,[251]
59,122,1,1,[251]
60,4,2,2,"[251, 239]"
60,5,1,1,[251]
60,125,1,1,[251]
61,88,1,1,[251]
61,128,1,1,[251]
62,58,1,1,[251]
62,130,1,1,[251]
62,134,2,2,"[251, 229]"
62,145,2,1,"[251, 239]"
63,95,2,2,"[251, 257]"
63,99,2,2,"[251, 269]"
63,101,1,1,[251]
63,245,1,1,[251]
64,22,1,1,[251]
64,48,1,1,[251]
65,89,1,1,[251]
65,217,1,1,[251]
66,23,1,1,[251]
66,73,1,1,[251]
67,179,1,1,[251]
67,208,1,1,[251]
68,9,1,1,[251]
68,161,1,1,[251]
69,3,1,1,[251]
69,75,1,1,[251]
70,40,1,1,[251]
70,153,1,1,[251]
71,59,1,1,[251]
71,119,1,1,[251]
71,188,2,1,"[251, 263]"
72,225,1,1,[251]
72,236,1,1,[251]
73,180,1,1,[251]
73,233,1,1,[251]
74,14,2,1,"[251, 241]"
74,41,1,1,[251]
74,92,1,1,[251]
74,177,2,2,"[251, 269]"
75,5,1,1,[251]
75,201,1,1,[251]
76,10,1,1,[251]
76,101,1,1,[251]
77,1,1,1,[251]
77,128,3,1,"[251, 239, 211]"
77,184,1,1,[251]
78,235,1,1,[251]
78,240,1,1,[251]
79,67,1,1,[251]
79,83,1,1,[251]
80,22,1,1,[251]
80,31,1,1,[251]
80,116,2,1,"[251, 269]"
81,65,1,1,[251]
81,103,1,1,[251]
82,94,1,1,[251]
82,178,2,2,"[251, 257]"
82,228,1,1,[251]
83,86,1,1,[251]
83,144,1,1,[251]
84,13,1,1,[251]
84,74,1,1,[251]
84,212,2,2,"[251, 239]"
85,108,2,1,"[251, 269]"
85,147,1,1,[251]
85,161,1,1,[251]
86,81,1,1,[251]
86,194,1,1,[251]
86,204,2,1,"[251, 269]"
87,170,1,1,[251]
87,211,1,1,[251]
87,226,2,2,"[251, 229]"
88,47,2,1,"[251, 271]"
88,51,1,1,[251]
88,52,2,1,"[251, 269]"
88,243,1,1,[251]
89,79,1,1,[251]
89,218,1,1,[251]
90,9,1,1,[251]
90,150,1,1,[251]
91,12,1,1,[251]
91,131,1,1,[251]
92,29,3,1,"[251, 239, 241]"
92,119,1,1,[251]
92,214,1,1,[251]
93,105,1,1,[251]
93,205,1,1,[251]
93,213,2,1,"[251, 233]"
94,102,3,1,"[251, 241, 257]"
94,227,1,1,[251]
94,240,1,1,[251]
95,151,1,1,[251]
95,245,1,1,[251]
96,140,1,1,[251]
96,158,1,1,[251]
97,69,1,1,[251]
97,146,1,1,[251]
98,90,2,2,"[251, 257]"
98,104,1,1,[251]
98,197,1,1,[251]
99,132,2,2,"[251, 229]"
99,188,1,1,[251]
99,192,1,1,[251]
100,31,1,1,[251]
100,192,1,1,[251]
101,64,1,1,[251]
101,94,1,1,[251]
102,61,1,1,[251]
102,89,1,1,[251]
103,68,1,1,[251]
103,73,1,1,[251]
104,202,1,1,[251]
104,233,1,1,[251]
105,13,1,1,[251]
105,121,1,1,[251]
106,106,1,1,[251]
106,140,1,1,[251]
107,214,1,1,[251]
107,220,1,1,[251]
108,152,1,1,[251]
108,237,1,1,[251]
109,30,2,1,"[251, 223]"
109,55,1,1,[251]
109,179,1,1,[251]
110,80,1,1,[251]
110,124,2,1,"[251, 227]"
110,143,2,1,"[251, 269]"
110,194,2,1,"[251, 257]"
110,243,1,1,[251]
111,15,1,1,[251]
111,250,1,1,[251]
112,7,1,1,[251]
112,181,1,1,[251]
112,225,2,1,"[251, 241]"
113,155,1,1,[251]
113,207,1,1,[251]
114,66,1,1,[251]
114,93,1,1,[251]
114,155,2,1,"[251, 263]"
114,224,2,1,"[251, 233]"
115,54,2,2,"[251, 233]"
115,65,1,1,[251]
115,119,1,1,[251]
116,3,1,1,[251]
116,50,1,1,[251]
117,45,1,1,[251]
117,52,1,1,[251]
117,142,2,2,"[251, 239]"
118,25,1,1,[251]
118,44,2,2,"[251, 257]"
118,123,1,1,[251]
119,17,1,1,[251]
119,81,1,1,[251]
119,135,2,1,"[251, 263]"
120,30,2,1,"[251, 227]"
120,106,1,1,[251]
120,177,1,1,[251]
121,117,1,1,[251]
121,164,1,1,[251]
122,27,1,1,[251]
122,144,2,2,"[251, 257]"
122,232,1,1,[251]
123,12,1,1,[251]
123,49,1,1,[251]
124,16,1,1,[251]
124,149,1,1,[251]
125,4,2,1,"[251, 241]"
125,88,1,1,[251]
125,192,1,1,[251]
126,139,1,1,[251]
126,174,1,1,[251]
127,185,1,1,[251]
127,237,1,1,[251]
128,76,1,1,[251]
128,115,1,1,[251]
129,47,1,1,[251]
129,48,1,1,[251]
130,180,1,1,[251]
130,239,1,1,[251]
131,81,3,3,"[251, 257, 239]"
131,91,1,1,[251]
131,94,1,1,[251]
131,178,2,2,"[251, 241]"
132,6,3,1,"[251, 223, 197]"
132,11,1,1,[251]
132,86,1,1,[251]
133,135,1,1,[251]
133,242,1,1,[251]
134,80,1,1,[251]
134,162,1,1,[251]
135,9,2,2,"[251, 257]"
135,140,1,1,[251]
135,237,1,1,[251]
136,77,1,1,[251]
136,100,1,1,[251]
137,87,1,1,[251]
137,126,2,1,"[251, 239]"
137,201,1,1,[251]
138,56,1,1,[251]
138,164,1,1,[251]
139,124,1,1,[251]
139,226,1,1,[251]
140,59,2,1,"[251, 269]"
140,159,3,1,"[251, 239, 241]"
140,181,1,1,[251]
140,198,1,1,[251]
141,172,1,1,[251]
141,181,1,1,[251]
142,78,2,2,"[251, 241]"
142,85,1,1,[251]
142,154,1,1,[251]
143,75,1,1,[251]
143,246,1,1,[251]
144,89,1,1,[251]
144,94,2,1,"[251, 269]"
144,114,1,1,[251]
145,2,1,1,[251]
145,50,2,2,"[251, 257]"
145,221,1,1,[251]
146,51,1,1,[251]
146,97,1,1,[251]
147,84,1,1,[251]
147,140,2,1,"[251, 283]"
147,164,1,1,[251]
148,44,1,1,[251]
148,72,3,2,"[251, 257, 271]"
148,93,1,1,[251]
149,3,1,1,[251]
149,221,1,1,[251]
149,227,2,2,"[251, 239]"
150,195,1,1,[251]
150,238,1,1,[251]
151,70,2,1,"[251, 223]"
151,83,1,1,[251]
151,212,1,1,[251]
152,108,1,1,[251]
152,175,1,1,[251]
153,1,1,1,[251]
153,241,1,1,[251]
154,180,1,1,[251]
154,208,1,1,[251]
155,16,1,1,[251]
155,91,1,1,[251]
156,28,1,1,[251]
156,222,1,1,[251]
157,14,1,1,[251]
157,41,1,1,[251]
157,128,2,1,"[251, 239]"
157,138,2,1,"[251, 229]"
158,103,1,1,[251]
158,127,1,1,[251]
159,168,1,1,[251]
159,241,1,1,[251]
160,19,2,1,"[251, 223]"
160,105,1,1,[251]
160,244,1,1,[251]
161,40,2,1,"[251, 233]"
161,169,1,1,[251]
161,209,1,1,[251]
162,25,1,1,[251]
162,82,1,1,[251]
163,7,1,1,[251]
163,33,1,1,[251]
164,103,1,1,[251]
164,127,2,1,"[251, 241]"
164,225,1,1,[251]
165,67,2,1,"[251, 277]"
165,90,2,1,"[251, 229]"
165,141,1,1,[251]
165,144,1,1,[251]
166,91,1,1,[251]
166,178,1,1,[251]
167,20,1,1,[251]
167,166,1,1,[251]
167,173,2,1,"[251, 241]"
167,202,2,2,"[251, 229]"
168,125,1,1,[251]
168,159,1,1,[251]
169,36,1,1,[251]
169,147,1,1,[251]
170,4,1,1,[251]
170,234,1,1,[251]
171,29,1,1,[251]
171,67,1,1,[251]
172,147,1,1,[251]
172,191,1,1,[251]
173,135,1,1,[251]
173,156,1,1,[251]
173,210,2,1,"[251, 277]"
174,79,1,1,[251]
174,214,1,1,[251]
175,28,1,1,[251]
175,198,1,1,[251]
176,18,1,1,[251]
176,232,1,1,[251]
177,45,1,1,[251]
177,248,1,1,[251]
178,136,1,1,[251]
178,154,2,1,"[251, 281]"
178,219,1,1,[251]
179,205,1,1,[251]
179,209,1,1,[251]
179,226,2,2,"[251, 239]"
180,114,1,1,[251]
180,115,1,1,[251]
181,39,1,1,[251]
181,112,1,1,[251]
181,154,2,1,"[251, 269]"
182,19,1,1,[251]
182,67,2,2,"[251, 229]"
182,97,2,1,"[251, 229]"
182,217,1,1,[251]
183,16,1,1,[251]
183,50,2,2,"[251, 239]"
183,183,1,1,[251]
184,8,2,1,"[251, 229]"
184,46,1,1,[251]
184,63,1,1,[251]
185,62,1,1,[251]
185,74,1,1,[251]
186,72,2,2,"[251, 239]"
186,79,1,1,[251]
186,229,1,1,[251]
187,169,1,1,[251]
187,223,1,1,[251]
188,54,2,2,"[251, 257]"
188,68,1,1,[251]
188,213,1,1,[251]
189,18,2,1,"[251, 269]"
189,64,1,1,[251]
189,113,1,1,[251]
189,205,2,1,"[251, 257]"
190,7,1,1,[251]
190,175,1,1,[251]
191,27,1,1,[251]
191,199,1,1,[251]
191,221,2,1,"[251, 241]"
192,4,1,1,[251]
192,100,1,1,[251]
193,8,1,1,[251]
193,131,1,1,[251]
193,217,2,1,"[251, 241]"
194,45,1,1,[251]
194,121,1,1,[251]
195,39,1,1,[251]
195,222,1,1,[251]
196,63,1,1,[251]
196,69,1,1,[251]
197,58,1,1,[251]
197,74,2,1,"[251, 283]"
197,195,1,1,[251]
198,27,1,1,[251]
198,86,2,1,"[251, 257]"
198,173,1,1,[251]
199,203,1,1,[251]
199,218,1,1,[251]
200,70,1,1,[251]
200,103,2,1,"[251, 277]"
200,183,2,1,"[251, 257]"
200,205,1,1,[251]
201,15,1,1,[251]
201,101,1,1,[251]
201,191,2,1,"[251, 271]"
202,107,1,1,[251]
202,152,1,1,[251]
203,173,1,1,[251]
203,206,1,1,[251]
204,189,1,1,[251]
204,207,1,1,[251]
205,9,1,1,[251]
205,224,2,2,"[251, 239]"
205,225,1,1,[251]
206,24,1,1,[251]
206,64,2,1,"[251, 277]"
206,142,1,1,[251]
207,69,1,1,[251]
207,219,1,1,[251]
207,242,3,1,"[251, 269, 293]"
208,21,1,1,[251]
208,23,1,1,[251]
208,240,2,1,"[251, 269]"
209,52,1,1,[251]
209,233,1,1,[251]
210,5,1,1,[251]
210,159,2,2,"[251, 257]"
210,167,1,1,[251]
211,15,1,1,[251]
211,124,1,1,[251]
211,226,3,3,"[251, 241, 257]"
212,138,1,1,[251]
212,189,1,1,[251]
213,102,1,1,[251]
213,227,1,1,[251]
214,85,1,1,[251]
214,117,1,1,[251]
214,175,2,1,"[251, 241]"
215,36,1,1,[251]
215,98,1,1,[251]
216,155,1,1,[251]
216,157,1,1,[251]
217,86,1,1,[251]
217,142,1,1,[251]
218,84,1,1,[251]
218,92,1,1,[251]
218,232,2,1,"[251, 241]"
218,238,2,1,"[251, 269]"
219,88,1,1,[251]
219,124,1,1,[251]
220,71,1,1,[251]
220,190,1,1,[251]
221,20,1,1,[251]
221,51,1,1,[251]
222,108,1,1,[251]
222,190,1,1,[251]
223,110,1,1,[251]
223,160,1,1,[251]
224,22,1,1,[251]
224,32,1,1,[251]
225,105,1,1,[251]
225,115,1,1,[251]
225,123,2,1,"[251, 229]"
225,232,2,1,"[251, 257]"
226,21,1,1,[251]
226,99,1,1,[251]
227,20,1,1,[251]
227,249,1,1,[251]
228,64,1,1,[251]
228,230,1,1,[251]
229,90,1,1,[251]
229,156,1,1,[251]
230,42,1,1,[251]
230,52,2,1,"[251, 277]"
230,123,1,1,[251]
231,23,1,1,[251]
231,216,1,1,[251]
232,38,1,1,[251]
232,122,1,1,[251]
233,68,1,1,[251]
233,194,1,1,[251]
234,134,1,1,[251]
234,249,1,1,[251]
235,73,1,1,[251]
235,129,1,1,[251]
236,28,1,1,[251]
236,128,2,2,"[251, 257]"
236,132,1,1,[251]
237,35,1,1,[251]
237,152,1,1,[251]
238,6,1,1,[251]
238,161,1,1,[251]
239,37,1,1,[251]
239,198,1,1,[251]
240,4,1,1,[251]
240,211,1,1,[251]
241,110,1,1,[251]
241,155,1,1,[251]
242,121,1,1,[251]
242,176,1,1,[251]
243,43,2,2,"[251, 257]"
243,99,2,2,"[251, 257]"
243,110,1,1,[251]
243,240,1,1,[251]
244,49,1,1,[251]
244,231,1,1,[251]
245,63,1,1,[251]
245,123,1,1,[251]
246,110,3,2,"[251, 277, 271]"
246,154,1,1,[251]
246,184,2,1,"[251, 257]"
246,224,1,1,[251]
247,78,1,1,[251]
247,85,1,1,[251]
248,38,1,1,[251]
248,215,1,1,[251]
249,49,1,1,[251]
249,221,1,1,[251]
250,53,1,1,[251]
250,209,1,1,[251]
1,16,2,2,"[257, 251]"
1,99,1,1,[257]
1,158,1,1,[257]
2,58,1,1,[257]
2,97,2,1,"[257, 241]"
2,199,1,1,[257]
3,126,1,1,[257]
3,131,1,1,[257]
3,241,2,1,"[257, 251]"
4,21,1,1,[257]
4,236,1,1,[257]
5,90,1,1,[257]
5,167,1,1,[257]
6,43,1,1,[257]
6,207,2,1,"[257, 271]"
6,214,1,1,[257]
7,14,1,1,[257]
7,243,1,1,[257]
8,50,1,1,[257]
8,207,1,1,[257]
9,24,1,1,[257]
9,233,1,1,[257]
10,6,1,1,[257]
10,134,2,2,"[257, 239]"
10,251,1,1,[257]
11,117,1,1,[257]
11,140,1,1,[257]
12,20,1,1,[257]
12,204,2,1,"[257, 251]"
12,237,1,1,[257]
13,38,1,1,[257]
13,219,1,1,[257]
14,94,2,1,"[257, 263]"
14,119,1,1,[257]
14,138,1,1,[257]
15,10,2,1,"[257, 233]"
15,26,1,1,[257]
15,231,1,1,[257]
16,89,1,1,[257]
16,168,1,1,[257]
17,104,1,1,[257]
17,153,1,1,[257]
17,178,2,2,"[257, 263]"
18,53,1,1,[257]
18,204,1,1,[257]
19,48,1,1,[257]
19,209,1,1,[257]
20,51,1,1,[257]
20,206,1,1,[257]
21,83,1,1,[257]
21,174,1,1,[257]
22,95,1,1,[257]
22,162,1,1,[257]
23,32,1,1,[257]
23,225,1,1,[257]
24,86,2,2,"[257, 263]"
24,87,1,1,[257]
24,170,1,1,[257]
25,47,2,1,"[257, 271]"
25,54,1,1,[257]
25,129,2,2,"[257, 251]"
25,203,1,1,[257]
26,34,2,2,"[257, 263]"
26,59,2,2,"[257, 251]"
26,66,1,1,[257]
26,191,1,1,[257]
27,78,1,1,[257]
27,179,1,1,[257]
28,112,1,1,[257]
28,145,1,1,[257]
29,78,1,1,[257]
29,179,1,1,[257]
30,36,1,1,[257]
30,55,2,1,"[257, 241]"
30,221,1,1,[257]
31,51,1,1,[257]
31,103,2,1,"[257, 269]"
31,206,1,1,[257]
31,230,2,1,"[257, 271]"
32,114,1,1,[257]
32,143,1,1,[257]
33,38,1,1,[257]
33,219,1,1,[257]
34,113,1,1,[257]
34,144,1,1,[257]
35,60,1,1,[257]
35,197,1,1,[257]
36,65,1,1,[257]
36,192,1,1,[257]
37,9,2,2,"[257, 271]"
37,87,1,1,[257]
37,170,1,1,[257]
38,106,1,1,[257]
38,151,1,1,[257]
39,5,1,1,[257]
39,62,2,1,"[257, 229]"
39,252,1,1,[257]
40,48,1,1,[257]
40,184,2,1,"[257, 229]"
40,209,1,1,[257]
41,54,1,1,[257]
41,203,1,1,[257]
42,63,1,1,[257]
42,97,2,1,"[257, 269]"
42,194,1,1,[257]
43,119,1,1,[257]
43,138,1,1,[257]
43,151,2,1,"[257, 277]"
43,153,2,1,"[257, 241]"
44,92,1,1,[257]
44,165,1,1,[257]
45,37,1,1,[257]
45,202,2,1,"[257, 263]"
45,220,1,1,[257]
46,15,1,1,[257]
46,242,1,1,[257]
47,12,1,1,[257]
47,245,1,1,[257]
48,97,1,1,[257]
48,160,1,1,[257]
49,105,1,1,[257]
49,152,1,1,[257]
50,55,1,1,[257]
50,202,1,1,[257]
51,109,1,1,[257]
51,148,1,1,[257]
52,47,1,1,[257]
52,210,1,1,[257]
53,74,1,1,[257]
53,159,2,1,"[257, 271]"
53,183,1,1,[257]
54,108,1,1,[257]
54,149,1,1,[257]
54,200,2,1,"[257, 251]"
55,83,1,1,[257]
55,174,1,1,[257]
56,22,2,2,"[257, 283]"
56,76,1,1,[257]
56,181,1,1,[257]
57,101,1,1,[257]
57,156,1,1,[257]
58,108,1,1,[257]
58,149,1,1,[257]
59,91,1,1,[257]
59,166,1,1,[257]
60,43,2,1,"[257, 277]"
60,49,1,1,[257]
60,80,2,1,"[257, 233]"
60,208,1,1,[257]
61,76,1,1,[257]
61,181,1,1,[257]
62,48,1,1,[257]
62,209,1,1,[257]
63,77,1,1,[257]
63,95,2,2,"[257, 251]"
63,180,1,1,[257]
63,187,2,2,"[257, 271]"
64,59,1,1,[257]
64,198,1,1,[257]
65,80,1,1,[257]
65,177,1,1,[257]
66,66,1,1,[257]
66,90,3,2,"[257, 277, 293]"
66,191,1,1,[257]
67,111,1,1,[257]
67,146,1,1,[257]
67,147,2,2,"[257, 263]"
68,61,1,1,[257]
68,186,2,1,"[257, 241]"
68,196,1,1,[257]
68,242,2,2,"[257, 271]"
69,6,1,1,[257]
69,251,1,1,[257]
70,4,1,1,[257]
70,199,2,1,"[257, 271]"
70,253,1,1,[257]
71,74,1,1,[257]
71,183,1,1,[257]
72,90,1,1,[257]
72,167,1,1,[257]
73,121,1,1,[257]
73,136,1,1,[257]
73,219,2,2,"[257, 277]"
74,97,1,1,[257]
74,160,1,1,[257]
75,47,1,1,[257]
75,210,1,1,[257]
76,127,1,1,[257]
76,130,1,1,[257]
77,110,1,1,[257]
77,147,1,1,[257]
77,166,2,2,"[257, 241]"
78,57,2,2,"[257, 271]"
78,86,1,1,[257]
78,171,1,1,[257]
79,85,1,1,[257]
79,172,1,1,[257]
80,106,1,1,[257]
80,151,1,1,[257]
81,46,1,1,[257]
81,211,1,1,[257]
82,50,3,2,"[257, 271, 269]"
82,55,1,1,[257]
82,178,2,2,"[257, 251]"
82,202,1,1,[257]
83,38,1,1,[257]
83,184,2,1,"[257, 271]"
83,219,1,1,[257]
84,102,2,1,"[257, 271]"
84,107,1,1,[257]
84,150,1,1,[257]
84,196,2,1,"[257, 241]"
85,69,1,1,[257]
85,188,1,1,[257]
86,15,2,1,"[257, 271]"
86,112,1,1,[257]
86,145,1,1,[257]
87,124,2,2,"[257, 241]"
87,125,1,1,[257]
87,132,1,1,[257]
88,11,1,1,[257]
88,246,1,1,[257]
89,97,1,1,[257]
89,160,1,1,[257]
89,181,2,1,"[257, 241]"
90,71,1,1,[257]
90,186,1,1,[257]
91,28,1,1,[257]
91,229,1,1,[257]
91,239,2,1,"[257, 281]"
92,1,1,1,[257]
92,256,1,1,[257]
93,9,2,2,"[257, 271]"
93,27,1,1,[257]
93,230,1,1,[257]
94,102,1,1,[257]
94,154,2,2,"[257, 263]"
94,155,1,1,[257]
95,88,1,1,[257]
95,169,1,1,[257]
96,75,1,1,[257]
96,116,2,1,"[257, 271]"
96,182,1,1,[257]
97,24,1,1,[257]
97,233,1,1,[257]
98,7,1,1,[257]
98,90,2,2,"[257, 251]"
98,250,1,1,[257]
99,5,1,1,[257]
99,126,3,2,"[257, 269, 271]"
99,162,2,1,"[257, 277]"
99,252,1,1,[257]
100,82,1,1,[257]
100,175,1,1,[257]
101,126,1,1,[257]
101,131,1,1,[257]
101,226,2,1,"[257, 229]"
102,27,1,1,[257]
102,230,1,1,[257]
103,54,1,1,[257]
103,203,1,1,[257]
104,14,1,1,[257]
104,243,1,1,[257]
105,53,1,1,[257]
105,204,1,1,[257]
106,115,1,1,[257]
106,142,1,1,[257]
107,33,1,1,[257]
107,224,1,1,[257]
108,110,1,1,[257]
108,147,1,1,[257]
108,189,2,1,"[257, 241]"
109,85,1,1,[257]
109,172,1,1,[257]
109,229,2,1,"[257, 233]"
110,63,1,1,[257]
110,194,1,1,[257]
111,8,1,1,[257]
111,155,2,1,"[257, 241]"
111,249,1,1,[257]
112,125,1,1,[257]
112,132,1,1,[257]
113,96,1,1,[257]
113,100,2,2,"[257, 239]"
113,161,1,1,[257]
114,41,1,1,[257]
114,216,1,1,[257]
115,41,1,1,[257]
115,84,2,1,"[257, 271]"
115,216,1,1,[257]
116,29,2,1,"[257, 263]"
116,110,1,1,[257]
116,147,1,1,[257]
117,30,1,1,[257]
117,227,1,1,[257]
118,44,2,2,"[257, 251]"
118,126,1,1,[257]
118,131,1,1,[257]
119,45,1,1,[257]
119,212,1,1,[257]
120,31,1,1,[257]
120,226,1,1,[257]
121,72,1,1,[257]
121,185,1,1,[257]
122,125,1,1,[257]
122,132,1,1,[257]
122,144,2,2,"[257, 251]"
123,67,1,1,[257]
123,190,1,1,[257]
124,106,1,1,[257]
124,151,1,1,[257]
125,19,1,1,[257]
125,238,1,1,[257]
126,12,1,1,[257]
126,81,2,2,"[257, 271]"
126,90,2,1,"[257, 229]"
126,245,1,1,[257]
127,86,1,1,[257]
127,171,1,1,[257]
128,116,1,1,[257]
128,117,2,1,"[257, 271]"
128,141,1,1,[257]
129,57,1,1,[257]
129,200,1,1,[257]
130,91,1,1,[257]
130,166,1,1,[257]
131,65,1,1,[257]
131,81,3,3,"[257, 239, 251]"
131,192,1,1,[257]
132,47,1,1,[257]
132,86,2,1,"[257, 251]"
132,149,2,1,"[257, 271]"
132,210,1,1,[257]
133,103,1,1,[257]
133,154,1,1,[257]
134,44,1,1,[257]
134,213,1,1,[257]
135,9,2,2,"[257, 251]"
135,56,1,1,[257]
135,201,1,1,[257]
136,124,1,1,[257]
136,133,1,1,[257]
137,18,1,1,[257]
137,157,2,1,"[257, 263]"
137,239,1,1,[257]
138,51,1,1,[257]
138,94,2,2,"[257, 277]"
138,163,2,1,"[257, 277]"
138,206,1,1,[257]
139,40,1,1,[257]
139,217,1,1,[257]
140,34,1,1,[257]
140,223,1,1,[257]
141,39,1,1,[257]
141,218,1,1,[257]
142,115,1,1,[257]
142,142,1,1,[257]
143,2,2,1,"[257, 239]"
143,115,1,1,[257]
143,142,1,1,[257]
144,6,1,1,[257]
144,251,1,1,[257]
145,50,2,2,"[257, 251]"
145,56,1,1,[257]
145,201,1,1,[257]
146,107,2,2,"[257, 263]"
146,128,1,1,[257]
146,129,1,1,[257]
147,20,1,1,[257]
147,180,2,1,"[257, 227]"
147,237,1,1,[257]
148,72,2,2,"[257, 271]"
148,75,1,1,[257]
148,182,1,1,[257]
149,39,1,1,[257]
149,218,1,1,[257]
150,9,2,1,"[257, 281]"
150,14,1,1,[257]
150,243,1,1,[257]
151,41,1,1,[257]
151,216,1,1,[257]
152,77,1,1,[257]
152,180,1,1,[257]
153,33,1,1,[257]
153,224,1,1,[257]
154,93,1,1,[257]
154,164,1,1,[257]
155,82,1,1,[257]
155,175,1,1,[257]
156,40,1,1,[257]
156,217,1,1,[257]
157,27,1,1,[257]
157,230,1,1,[257]
158,80,1,1,[257]
158,177,1,1,[257]
159,72,2,1,"[257, 277]"
159,112,1,1,[257]
159,145,1,1,[257]
160,127,1,1,[257]
160,130,1,1,[257]
161,85,1,1,[257]
161,172,1,1,[257]
162,123,1,1,[257]
162,134,1,1,[257]
163,90,1,1,[257]
163,167,1,1,[257]
164,82,1,1,[257]
164,143,2,2,"[257, 229]"
164,175,1,1,[257]
165,16,1,1,[257]
165,67,2,1,"[257, 269]"
165,241,1,1,[257]
166,66,1,1,[257]
166,191,1,1,[257]
167,108,1,1,[257]
167,149,1,1,[257]
168,10,1,1,[257]
168,247,1,1,[257]
169,81,1,1,[257]
169,176,1,1,[257]
170,56,1,1,[257]
170,120,2,2,"[257, 239]"
170,201,1,1,[257]
171,7,1,1,[257]
171,15,2,1,"[257, 239]"
171,250,1,1,[257]
172,76,1,1,[257]
172,181,1,1,[257]
173,87,1,1,[257]
173,170,1,1,[257]
174,94,1,1,[257]
174,163,1,1,[257]
175,109,1,1,[257]
175,148,1,1,[257]
176,35,1,1,[257]
176,179,2,2,"[257, 281]"
176,222,1,1,[257]
177,103,1,1,[257]
177,154,1,1,[257]
178,75,1,1,[257]
178,182,1,1,[257]
179,91,1,1,[257]
179,141,4,3,"[257, 271, 277, 283]"
179,166,1,1,[257]
180,39,1,1,[257]
180,218,1,1,[257]
180,248,2,1,"[257, 283]"
181,24,1,1,[257]
181,233,1,1,[257]
182,19,1,1,[257]
182,238,1,1,[257]
183,10,1,1,[257]
183,133,2,1,"[257, 229]"
183,247,1,1,[257]
184,59,2,1,"[257, 271]"
184,120,1,1,[257]
184,137,1,1,[257]
185,102,1,1,[257]
185,155,1,1,[257]
186,101,1,1,[257]
186,156,1,1,[257]
187,64,1,1,[257]
187,193,1,1,[257]
188,54,2,2,"[257, 251]"
188,96,1,1,[257]
188,161,1,1,[257]
188,191,2,2,"[257, 269]"
189,52,1,1,[257]
189,205,1,1,[257]
190,23,1,1,[257]
190,234,1,1,[257]
191,28,1,1,[257]
191,229,1,1,[257]
192,5,1,1,[257]
192,101,2,1,"[257, 241]"
192,252,1,1,[257]
193,84,1,1,[257]
193,173,1,1,[257]
193,244,2,2,"[257, 281]"
194,53,1,1,[257]
194,204,1,1,[257]
195,3,1,1,[257]
195,200,2,2,"[257, 277]"
195,254,1,1,[257]
196,69,1,1,[257]
196,188,1,1,[257]
197,13,1,1,[257]
197,244,1,1,[257]
198,86,1,1,[257]
198,165,2,2,"[257, 277]"
198,171,1,1,[257]
199,71,1,1,[257]
199,186,1,1,[257]
200,74,1,1,[257]
200,183,1,1,[257]
201,47,2,2,"[257, 263]"
201,69,1,1,[257]
201,188,1,1,[257]
202,43,1,1,[257]
202,214,1,1,[257]
203,71,1,1,[257]
203,128,2,1,"[257, 241]"
203,186,1,1,[257]
204,42,2,2,"[257, 271]"
204,101,1,1,[257]
204,156,1,1,[257]
205,19,1,1,[257]
205,238,1,1,[257]
206,55,1,1,[257]
206,84,2,1,"[257, 271]"
206,120,2,1,"[257, 239]"
206,174,2,1,"[257, 241]"
206,202,1,1,[257]
207,109,1,1,[257]
207,148,1,1,[257]
208,119,1,1,[257]
208,138,1,1,[257]
209,10,1,1,[257]
209,55,2,1,"[257, 241]"
209,247,1,1,[257]
210,65,1,1,[257]
210,159,2,2,"[257, 251]"
210,192,1,1,[257]
211,17,1,1,[257]
211,226,3,3,"[257, 251, 241]"
211,240,1,1,[257]
212,78,1,1,[257]
212,179,1,1,[257]
213,70,1,1,[257]
213,187,1,1,[257]
214,103,2,1,"[257, 277]"
214,105,1,1,[257]
214,152,1,1,[257]
215,20,1,1,[257]
215,237,1,1,[257]
216,32,3,2,"[257, 281, 277]"
216,93,1,1,[257]
216,164,1,1,[257]
217,3,1,1,[257]
217,254,1,1,[257]
218,19,2,1,"[257, 233]"
218,80,1,1,[257]
218,177,1,1,[257]
218,235,2,1,"[257, 281]"
219,103,1,1,[257]
219,119,2,1,"[257, 269]"
219,154,1,1,[257]
220,107,1,1,[257]
220,150,1,1,[257]
221,12,1,1,[257]
221,237,2,2,"[257, 241]"
221,245,1,1,[257]
222,68,1,1,[257]
222,189,1,1,[257]
223,9,1,1,[257]
223,248,1,1,[257]
224,94,1,1,[257]
224,163,1,1,[257]
225,25,1,1,[257]
225,232,1,1,[257]
226,21,2,1,"[257, 251]"
226,45,1,1,[257]
226,212,1,1,[257]
227,40,3,2,"[257, 277, 263]"
227,62,1,1,[257]
227,195,1,1,[257]
228,37,1,1,[257]
228,158,2,1,"[257, 241]"
228,220,1,1,[257]
229,7,1,1,[257]
229,250,1,1,[257]
230,37,1,1,[257]
230,220,1,1,[257]
231,28,1,1,[257]
231,122,2,1,"[257, 283]"
231,229,1,1,[257]
232,93,1,1,[257]
232,164,1,1,[257]
233,68,2,1,"[257, 251]"
233,107,1,1,[257]
233,150,1,1,[257]
234,2,1,1,[257]
234,255,1,1,[257]
235,22,1,1,[257]
235,235,1,1,[257]
236,9,2,1,"[257, 263]"
236,43,1,1,[257]
236,128,2,2,"[257, 251]"
236,214,1,1,[257]
237,45,1,1,[257]
237,212,1,1,[257]
238,3,1,1,[257]
238,254,1,1,[257]
239,77,1,1,[257]
239,81,2,2,"[257, 241]"
239,180,1,1,[257]
240,122,1,1,[257]
240,135,1,1,[257]
241,113,2,1,"[257, 263]"
241,118,1,1,[257]
241,139,1,1,[257]
242,98,1,1,[257]
242,159,1,1,[257]
243,43,2,2,"[257, 251]"
243,99,2,2,"[257, 251]"
243,105,1,1,[257]
243,152,1,1,[257]
244,94,1,1,[257]
244,163,1,1,[257]
245,63,1,1,[257]
245,177,2,1,"[257, 263]"
245,194,1,1,[257]
246,73,1,1,[257]
246,184,1,1,[257]
247,96,1,1,[257]
247,161,1,1,[257]
248,127,1,1,[257]
248,130,1,1,[257]
249,29,1,1,[257]
249,228,1,1,[257]
250,33,1,1,[257]
250,224,1,1,[257]
251,83,1,1,[257]
251,139,2,1,"[257, 283]"
251,174,1,1,[257]
252,102,1,1,[257]
252,155,1,1,[257]
253,18,2,2,"[257, 263]"
253,79,1,1,[257]
253,178,1,1,[257]
254,40,1,1,[257]
254,178,2,2,"[257, 271]"
254,217,1,1,[257]
255,69,2,1,"[257, 263]"
255,100,1,1,[257]
255,157,1,1,[257]
255,164,2,1,"[257, 277]"
256,42,1,1,[257]
256,215,1,1,[257]
1,44,1,1,[263]
1,220,3,2,"[263, 293, 313]"
2,51,1,1,[263]
3,143,1,1,[263]
4,89,1,1,[263]
5,126,1,1,[263]
5,129,1,1,[263]
5,141,1,1,[263]
5,208,2,2,"[263, 271]"
5,251,1,1,[263]
6,100,1,1,[263]
7,2,1,1,[263]
7,45,1,1,[263]
7,57,1,1,[263]
7,220,1,1,[263]
8,145,1,1,[263]
9,136,1,1,[263]
10,10,1,1,[263]
10,14,1,1,[263]
10,24,1,1,[263]
10,158,1,1,[263]
11,176,1,1,[263]
12,92,1,1,[263]
12,179,2,2,"[263, 241]"
13,122,1,1,[263]
14,84,1,1,[263]
14,86,1,1,[263]
14,94,1,1,[263]
14,255,1,1,[263]
15,15,1,1,[263]
15,222,1,1,[263]
15,224,1,1,[263]
15,261,1,1,[263]
16,186,1,1,[263]
17,35,1,1,[263]
17,92,2,1,"[263, 281]"
17,178,2,2,"[263, 257]"
18,62,1,1,[263]
19,31,1,1,[263]
19,40,1,1,[263]
19,226,1,1,[263]
19,254,1,1,[263]
20,76,1,1,[263]
20,153,2,1,"[263, 251]"
20,167,1,1,[263]
20,219,1,1,[263]
20,243,1,1,[263]
21,34,2,1,"[263, 241]"
21,138,1,1,[263]
21,189,1,1,[263]
21,212,1,1,[263]
21,251,1,1,[263]
22,204,1,1,[263]
23,207,1,1,[263]
24,11,1,1,[263]
24,86,2,2,"[263, 257]"
25,23,1,1,[263]
26,34,2,2,"[263, 257]"
26,237,2,2,"[263, 241]"
26,249,1,1,[263]
27,179,1,1,[263]
28,16,1,1,[263]
28,97,1,1,[263]
28,182,1,1,[263]
28,193,1,1,[263]
29,168,1,1,[263]
29,171,2,2,"[263, 241]"
29,172,1,1,[263]
29,188,1,1,[263]
29,247,1,1,[263]
30,78,1,1,[263]
30,119,1,1,[263]
30,164,1,1,[263]
30,177,1,1,[263]
30,216,2,2,"[263, 281]"
31,153,1,1,[263]
32,108,1,1,[263]
33,46,1,1,[263]
33,62,2,2,"[263, 269]"
34,181,2,1,"[263, 241]"
34,190,1,1,[263]
35,192,1,1,[263]
36,36,1,1,[263]
37,72,1,1,[263]
38,18,1,1,[263]
38,139,1,1,[263]
38,142,1,1,[263]
38,250,1,1,[263]
39,2,1,1,[263]
39,262,2,1,"[263, 293]"
40,80,1,1,[263]
40,112,1,1,[263]
40,192,1,1,[263]
40,212,1,1,[263]
41,143,1,1,[263]
41,157,2,1,"[263, 233]"
41,193,1,1,[263]
41,213,1,1,[263]
41,262,1,1,[263]
42,10,1,1,[263]
42,148,1,1,[263]
42,174,1,1,[263]
42,237,1,1,[263]
43,48,2,2,"[263, 283]"
43,133,1,1,[263]
43,153,2,1,"[263, 241]"
44,4,2,1,"[263, 281]"
44,93,1,1,[263]
45,12,2,2,"[263, 283]"
45,64,1,1,[263]
45,125,1,1,[263]
45,202,1,1,[263]
45,246,1,1,[263]
46,222,1,1,[263]
47,131,1,1,[263]
47,203,1,1,[263]
47,228,1,1,[263]
47,238,1,1,[263]
47,258,2,2,"[263, 271]"
48,210,1,1,[263]
49,7,2,1,"[263, 241]"
49,162,1,1,[263]
50,149,2,2,"[263, 241]"
50,200,1,1,[263]
51,48,1,1,[263]
51,80,2,1,"[263, 241]"
52,187,1,1,[263]
53,42,1,1,[263]
53,85,1,1,[263]
53,164,1,1,[263]
53,206,1,1,[263]
54,70,1,1,[263]
55,38,1,1,[263]
55,171,3,1,"[263, 283, 277]"
55,215,1,1,[263]
55,241,1,1,[263]
55,253,1,1,[263]
56,146,1,1,[263]
56,162,1,1,[263]
56,199,1,1,[263]
56,226,1,1,[263]
57,35,1,1,[263]
57,77,1,1,[263]
57,130,1,1,[263]
57,168,1,1,[263]
57,221,2,1,"[263, 283]"
58,32,1,1,[263]
58,101,1,1,[263]
58,123,1,1,[263]
58,194,1,1,[263]
59,34,1,1,[263]
59,58,1,1,[263]
59,180,1,1,[263]
59,239,1,1,[263]
60,120,1,1,[263]
60,198,1,1,[263]
60,214,1,1,[263]
60,247,1,1,[263]
61,183,1,1,[263]
62,4,1,1,[263]
63,54,1,1,[263]
63,154,1,1,[263]
63,163,1,1,[263]
63,190,2,1,"[263, 281]"
63,224,1,1,[263]
64,173,1,1,[263]
65,11,1,1,[263]
65,116,1,1,[263]
65,158,1,1,[263]
65,182,1,1,[263]
66,73,2,1,"[263, 251]"
66,137,1,1,[263]
67,49,1,1,[263]
67,130,1,1,[263]
67,147,2,2,"[263, 257]"
67,182,1,1,[263]
67,213,1,1,[263]
68,17,1,1,[263]
69,81,1,1,[263]
70,103,1,1,[263]
71,83,1,1,[263]
71,130,1,1,[263]
71,158,1,1,[263]
71,188,1,1,[263]
72,57,2,2,"[263, 241]"
72,233,1,1,[263]
73,21,1,1,[263]
73,153,1,1,[263]
73,155,1,1,[263]
73,261,1,1,[263]
74,135,2,1,"[263, 281]"
74,203,1,1,[263]
75,9,1,1,[263]
75,154,2,2,"[263, 233]"
76,57,1,1,[263]
76,181,2,1,"[263, 281]"
76,191,1,1,[263]
76,230,1,1,[263]
76,248,1,1,[263]
77,8,1,1,[263]
77,91,1,1,[263]
77,180,1,1,[263]
77,228,1,1,[263]
78,86,1,1,[263]
79,71,1,1,[263]
79,152,1,1,[263]
79,175,1,1,[263]
79,223,1,1,[263]
80,21,1,1,[263]
80,82,1,1,[263]
80,103,1,1,[263]
80,174,1,1,[263]
81,235,2,2,"[263, 239]"
81,253,1,1,[263]
82,100,1,1,[263]
82,146,1,1,[263]
82,217,1,1,[263]
82,220,1,1,[263]
83,43,1,1,[263]
84,5,2,1,"[263, 283]"
84,52,1,1,[263]
84,92,2,1,"[263, 271]"
84,118,1,1,[263]
84,167,1,1,[263]
84,197,1,1,[263]
85,1,1,1,[263]
85,110,1,1,[263]
85,154,1,1,[263]
85,160,1,1,[263]
86,196,1,1,[263]
87,20,1,1,[263]
87,33,1,1,[263]
87,85,1,1,[263]
87,211,1,1,[263]
87,251,2,1,"[263, 283]"
88,54,1,1,[263]
89,169,1,1,[263]
90,7,1,1,[263]
90,58,1,1,[263]
90,115,1,1,[263]
90,122,1,1,[263]
90,253,3,2,"[263, 283, 271]"
91,65,1,1,[263]
91,84,1,1,[263]
91,149,1,1,[263]
91,170,1,1,[263]
92,78,1,1,[263]
93,37,1,1,[263]
94,50,1,1,[263]
94,73,1,1,[263]
94,110,1,1,[263]
94,154,2,2,"[263, 257]"
94,240,1,1,[263]
95,83,1,1,[263]
96,88,1,1,[263]
97,56,1,1,[263]
97,131,1,1,[263]
97,187,1,1,[263]
97,201,1,1,[263]
98,128,1,1,[263]
99,18,1,1,[263]
100,140,2,2,"[263, 277]"
100,184,1,1,[263]
101,45,1,1,[263]
101,140,1,1,[263]
101,146,1,1,[263]
101,257,1,1,[263]
102,223,1,1,[263]
103,129,1,1,[263]
104,151,1,1,[263]
105,98,1,1,[263]
105,214,2,2,"[263, 293]"
106,179,1,1,[263]
106,214,1,1,[263]
106,228,1,1,[263]
106,236,1,1,[263]
107,66,2,2,"[263, 269]"
107,111,1,1,[263]
107,112,1,1,[263]
107,139,1,1,[263]
107,262,1,1,[263]
108,117,1,1,[263]
108,134,2,2,"[263, 281]"
109,33,1,1,[263]
110,40,1,1,[263]
110,56,1,1,[263]
110,96,1,1,[263]
110,106,1,1,[263]
111,24,2,1,"[263, 239]"
111,234,1,1,[263]
112,128,1,1,[263]
112,141,1,1,[263]
112,229,1,1,[263]
112,250,1,1,[263]
113,58,1,1,[263]
113,79,1,1,[263]
113,91,1,1,[263]
113,115,2,1,"[263, 271]"
113,124,2,2,"[263, 269]"
113,137,1,1,[263]
114,67,1,1,[263]
114,123,1,1,[263]
114,147,2,1,"[263, 293]"
114,155,1,1,[263]
114,190,1,1,[263]
115,7,1,1,[263]
115,51,1,1,[263]
115,87,1,1,[263]
115,227,1,1,[263]
116,29,1,1,[263]
116,61,1,1,[263]
116,135,1,1,[263]
116,189,1,1,[263]
117,138,1,1,[263]
117,142,3,2,"[263, 251, 239]"
118,20,1,1,[263]
118,113,1,1,[263]
118,127,1,1,[263]
118,147,1,1,[263]
119,135,1,1,[263]
119,157,1,1,[263]
119,175,1,1,[263]
119,245,1,1,[263]
120,31,2,1,"[263, 257]"
120,98,1,1,[263]
120,101,1,1,[263]
120,163,1,1,[263]
120,183,2,1,"[263, 233]"
120,260,1,1,[263]
121,178,1,1,[263]
122,224,3,3,"[263, 241, 271]"
122,242,1,1,[263]
123,136,1,1,[263]
123,167,1,1,[263]
123,194,1,1,[263]
123,232,1,1,[263]
124,26,3,3,"[263, 269, 277]"
124,172,1,1,[263]
125,30,1,1,[263]
125,149,2,1,"[263, 283]"
125,181,1,1,[263]
125,185,1,1,[263]
125,221,2,1,"[263, 271]"
125,245,2,2,"[263, 283]"
125,259,1,1,[263]
126,47,1,1,[263]
126,149,2,2,"[263, 241]"
126,164,1,1,[263]
126,171,1,1,[263]
126,218,1,1,[263]
127,25,1,1,[263]
127,55,1,1,[263]
127,87,3,1,"[263, 283, 313]"
127,120,1,1,[263]
127,168,1,1,[263]
127,188,2,1,"[263, 271]"
128,75,1,1,[263]
128,200,2,1,"[263, 277]"
129,235,1,1,[263]
130,199,1,1,[263]
130,210,1,1,[263]
130,219,1,1,[263]
130,254,1,1,[263]
131,41,1,1,[263]
131,186,1,1,[263]
131,209,1,1,[263]
131,240,1,1,[263]
132,105,1,1,[263]
133,144,1,1,[263]
134,3,1,1,[263]
134,67,1,1,[263]
134,199,1,1,[263]
134,217,1,1,[263]
135,142,1,1,[263]
135,208,1,1,[263]
135,209,1,1,[263]
135,262,1,1,[263]
136,133,2,2,"[263, 241]"
136,205,1,1,[263]
137,157,1,1,[263]
137,231,2,1,"[263, 271]"
138,64,1,1,[263]
139,55,1,1,[263]
139,60,2,1,"[263, 269]"
139,152,1,1,[263]
139,156,2,1,"[263, 293]"
139,207,1,1,[263]
139,245,1,1,[263]
140,221,1,1,[263]
141,68,1,1,[263]
141,97,1,1,[263]
141,116,1,1,[263]
141,215,1,1,[263]
142,67,1,1,[263]
142,150,1,1,[263]
142,194,1,1,[263]
142,219,1,1,[263]
143,225,1,1,[263]
144,25,1,1,[263]
145,17,2,1,"[263, 283]"
145,206,1,1,[263]
146,4,1,1,[263]
146,90,1,1,[263]
146,107,2,2,"[263, 257]"
146,114,1,1,[263]
146,177,1,1,[263]
147,132,1,1,[263]
148,50,1,1,[263]
149,243,1,1,[263]
150,124,1,1,[263]
151,208,1,1,[263]
152,60,1,1,[263]
152,84,1,1,[263]
152,144,1,1,[263]
152,159,1,1,[263]
153,156,1,1,[263]
154,73,1,1,[263]
154,81,1,1,[263]
154,113,1,1,[263]
154,231,1,1,[263]
155,30,1,1,[263]
155,42,1,1,[263]
155,72,1,1,[263]
155,124,2,1,"[263, 283]"
155,211,1,1,[263]
156,16,1,1,[263]
157,258,1,1,[263]
158,121,1,1,[263]
158,160,1,1,[263]
158,161,1,1,[263]
158,224,1,1,[263]
159,5,1,1,[263]
159,7,1,1,[263]
159,12,1,1,[263]
159,79,1,1,[263]
160,107,1,1,[263]
160,114,1,1,[263]
160,118,1,1,[263]
160,221,1,1,[263]
161,47,1,1,[263]
161,117,1,1,[263]
161,134,1,1,[263]
161,246,1,1,[263]
162,96,1,1,[263]
163,93,1,1,[263]
163,120,1,1,[263]
163,152,1,1,[263]
163,236,1,1,[263]
164,92,1,1,[263]
164,126,1,1,[263]
164,229,1,1,[263]
164,255,1,1,[263]
165,60,1,1,[263]
165,99,1,1,[263]
165,107,1,1,[263]
165,255,1,1,[263]
166,8,1,1,[263]
167,90,1,1,[263]
167,107,1,1,[263]
167,126,1,1,[263]
167,216,1,1,[263]
168,8,2,1,"[263, 293]"
168,55,1,1,[263]
168,77,1,1,[263]
168,80,1,1,[263]
168,132,1,1,[263]
169,147,1,1,[263]
170,42,1,1,[263]
170,43,1,1,[263]
170,47,1,1,[263]
170,54,2,1,"[263, 269]"
170,240,2,1,"[263, 241]"
170,259,1,1,[263]
171,20,1,1,[263]
171,28,1,1,[263]
171,48,1,1,[263]
171,53,1,1,[263]
172,12,1,1,[263]
173,1,1,1,[263]
174,71,1,1,[263]
174,104,1,1,[263]
174,131,1,1,[263]
174,236,1,1,[263]
175,13,1,1,[263]
175,115,1,1,[263]
175,161,1,1,[263]
175,239,1,1,[263]
176,32,2,1,"[263, 281]"
176,218,1,1,[263]
176,222,2,1,"[263, 257]"
177,57,1,1,[263]
177,59,1,1,[263]
177,144,2,1,"[263, 283]"
177,185,1,1,[263]
177,242,1,1,[263]
178,96,2,1,"[263, 277]"
178,166,1,1,[263]
179,216,1,1,[263]
180,38,1,1,[263]
180,127,1,1,[263]
180,211,1,1,[263]
180,249,1,1,[263]
181,31,1,1,[263]
182,95,1,1,[263]
182,153,2,1,"[263, 241]"
182,165,1,1,[263]
182,193,1,1,[263]
182,209,1,1,[263]
183,3,1,1,[263]
184,198,1,1,[263]
185,76,1,1,[263]
185,159,1,1,[263]
185,235,1,1,[263]
185,254,1,1,[263]
186,13,1,1,[263]
187,140,1,1,[263]
188,46,1,1,[263]
188,63,1,1,[263]
188,246,1,1,[263]
188,259,1,1,[263]
189,44,1,1,[263]
189,106,1,1,[263]
189,201,1,1,[263]
189,202,1,1,[263]
190,66,2,1,"[263, 283]"
190,150,1,1,[263]
191,22,1,1,[263]
191,53,1,1,[263]
191,101,1,1,[263]
191,232,1,1,[263]
191,239,2,2,"[263, 241]"
192,102,1,1,[263]
193,10,1,1,[263]
193,105,2,1,"[263, 271]"
193,188,1,1,[263]
193,195,1,1,[263]
193,205,1,1,[263]
193,244,3,2,"[263, 281, 257]"
194,41,1,1,[263]
194,110,1,1,[263]
194,151,1,1,[263]
194,227,1,1,[263]
194,242,3,2,"[263, 283, 281]"
195,114,1,1,[263]
195,119,1,1,[263]
195,197,1,1,[263]
195,220,2,2,"[263, 269]"
195,233,1,1,[263]
196,56,2,1,"[263, 241]"
196,244,1,1,[263]
197,56,1,1,[263]
197,145,1,1,[263]
197,170,1,1,[263]
197,238,1,1,[263]
198,248,1,1,[263]
199,40,1,1,[263]
199,66,1,1,[263]
199,159,1,1,[263]
199,170,1,1,[263]
200,22,1,1,[263]
201,28,1,1,[263]
201,47,2,2,"[263, 257]"
201,197,1,1,[263]
201,225,1,1,[263]
201,232,1,1,[263]
202,5,1,1,[263]
202,94,1,1,[263]
202,229,1,1,[263]
202,234,1,1,[263]
203,256,1,1,[263]
204,121,1,1,[263]
205,39,2,1,"[263, 281]"
205,52,1,1,[263]
206,24,1,1,[263]
206,64,2,1,"[263, 277]"
207,66,1,1,[263]
208,181,1,1,[263]
209,115,1,1,[263]
209,124,1,1,[263]
209,160,1,1,[263]
209,227,1,1,[263]
210,6,1,1,[263]
211,63,1,1,[263]
211,196,1,1,[263]
211,202,1,1,[263]
211,257,1,1,[263]
212,70,1,1,[263]
212,73,1,1,[263]
212,154,1,1,[263]
212,188,3,1,"[263, 269, 271]"
212,260,1,1,[263]
213,28,1,1,[263]
213,85,1,1,[263]
213,119,1,1,[263]
213,204,1,1,[263]
214,39,1,1,[263]
214,82,1,1,[263]
214,191,1,1,[263]
214,220,1,1,[263]
215,82,1,1,[263]
215,109,1,1,[263]
215,155,1,1,[263]
215,217,1,1,[263]
216,34,1,1,[263]
217,19,1,1,[263]
217,239,1,1,[263]
217,252,1,1,[263]
217,258,1,1,[263]
218,104,1,1,[263]
219,37,1,1,[263]
219,125,1,1,[263]
219,134,1,1,[263]
219,175,1,1,[263]
220,41,1,1,[263]
220,87,1,1,[263]
220,142,1,1,[263]
220,183,1,1,[263]
221,109,1,1,[263]
222,68,1,1,[263]
223,22,2,1,"[263, 277]"
223,49,1,1,[263]
224,14,1,1,[263]
224,116,1,1,[263]
224,230,1,1,[263]
224,244,1,1,[263]
225,95,1,1,[263]
226,105,1,1,[263]
226,127,1,1,[263]
226,231,1,1,[263]
226,241,1,1,[263]
227,40,2,2,"[263, 277]"
227,184,1,1,[263]
227,195,1,1,[263]
227,200,2,1,"[263, 283]"
227,247,1,1,[263]
227,252,1,1,[263]
228,17,1,1,[263]
228,29,1,1,[263]
228,90,1,1,[263]
228,251,1,1,[263]
229,15,1,1,[263]
229,21,1,1,[263]
229,36,1,1,[263]
229,237,1,1,[263]
230,30,1,1,[263]
230,38,1,1,[263]
230,59,1,1,[263]
230,89,1,1,[263]
231,26,1,1,[263]
231,46,2,1,"[263, 271]"
231,59,1,1,[263]
231,215,1,1,[263]
231,230,1,1,[263]
232,19,1,1,[263]
232,195,1,1,[263]
232,237,1,1,[263]
232,256,1,1,[263]
233,61,1,1,[263]
234,148,1,1,[263]
235,26,1,1,[263]
235,178,2,1,"[263, 239]"
236,9,1,1,[263]
236,71,1,1,[263]
236,125,1,1,[263]
236,201,1,1,[263]
237,133,1,1,[263]
237,165,1,1,[263]
237,231,1,1,[263]
237,240,1,1,[263]
238,15,1,1,[263]
238,19,1,1,[263]
238,161,1,1,[263]
238,176,1,1,[263]
239,27,1,1,[263]
239,77,1,1,[263]
239,81,3,2,"[263, 257, 241]"
239,112,1,1,[263]
239,213,1,1,[263]
240,6,1,1,[263]
240,134,1,1,[263]
240,135,1,1,[263]
240,171,1,1,[263]
241,53,1,1,[263]
241,113,1,1,[263]
241,166,1,1,[263]
241,260,1,1,[263]
242,27,1,1,[263]
243,99,1,1,[263]
243,140,2,2,"[263, 281]"
244,149,1,1,[263]
245,29,1,1,[263]
245,170,2,1,"[263, 283]"
245,171,1,1,[263]
245,177,1,1,[263]
245,200,1,1,[263]
246,62,1,1,[263]
246,80,1,1,[263]
246,189,1,1,[263]
246,245,1,1,[263]
247,5,1,1,[263]
247,74,1,1,[263]
247,87,1,1,[263]
247,250,1,1,[263]
248,9,3,3,"[263, 277, 271]"
248,32,1,1,[263]
249,74,1,1,[263]
250,65,1,1,[263]
250,91,1,1,[263]
250,156,1,1,[263]
250,238,1,1,[263]
251,60,1,1,[263]
251,76,1,1,[263]
251,104,2,1,"[263, 271]"
251,118,1,1,[263]
251,178,1,1,[263]
252,169,1,1,[263]
252,180,1,1,[263]
252,214,1,1,[263]
252,252,1,1,[263]
253,18,2,2,"[263, 257]"
253,39,1,1,[263]
254,23,1,1,[263]
254,123,1,1,[263]
254,136,2,1,"[263, 269]"
254,163,1,1,[263]
254,261,1,1,[263]
255,69,1,1,[263]
255,106,1,1,[263]
255,226,1,1,[263]
255,257,1,1,[263]
256,69,1,1,[263]
257,14,1,1,[263]
257,88,2,1,"[263, 283]"
257,102,1,1,[263]
257,174,1,1,[263]
257,191,1,1,[263]
258,111,1,1,[263]
259,75,1,1,[263]
259,97,1,1,[263]
259,165,1,1,[263]
259,241,1,1,[263]
260,42,2,2,"[263, 277]"
260,88,1,1,[263]
260,139,1,1,[263]
260,141,1,1,[263]
260,212,1,1,[263]
261,65,1,1,[263]
261,79,1,1,[263]
261,94,1,1,[263]
261,173,1,1,[263]
262,45,1,1,[263]
262,63,1,1,[263]
262,108,1,1,[263]
262,185,1,1,[263]
1,32,1,1,[269]
1,144,2,2,"[269, 281]"
1,237,1,1,[269]
2,42,1,1,[269]
2,57,1,1,[269]
2,212,1,1,[269]
2,227,1,1,[269]
2,260,2,1,"[269, 277]"
3,112,1,1,[269]
3,116,2,2,"[269, 277]"
3,117,1,1,[269]
3,152,1,1,[269]
3,157,1,1,[269]
3,254,2,1,"[269, 277]"
4,17,1,1,[269]
4,21,1,1,[269]
4,248,1,1,[269]
4,252,1,1,[269]
5,15,1,1,[269]
5,208,3,2,"[269, 271, 263]"
5,254,1,1,[269]
6,56,1,1,[269]
6,134,1,1,[269]
6,135,1,1,[269]
6,213,1,1,[269]
7,52,1,1,[269]
7,84,1,1,[269]
7,185,1,1,[269]
7,217,1,1,[269]
8,34,1,1,[269]
8,43,1,1,[269]
8,226,1,1,[269]
8,235,1,1,[269]
9,25,2,2,"[269, 251]"
9,30,1,1,[269]
9,91,1,1,[269]
9,178,1,1,[269]
9,239,1,1,[269]
10,98,1,1,[269]
10,133,1,1,[269]
10,136,1,1,[269]
10,171,1,1,[269]
11,85,1,1,[269]
11,105,1,1,[269]
11,164,1,1,[269]
11,184,1,1,[269]
12,1,1,1,[269]
12,25,1,1,[269]
12,244,1,1,[269]
12,268,1,1,[269]
13,71,1,1,[269]
13,118,1,1,[269]
13,151,1,1,[269]
13,198,1,1,[269]
14,107,1,1,[269]
14,162,1,1,[269]
15,4,1,1,[269]
15,82,1,1,[269]
15,187,1,1,[269]
15,265,1,1,[269]
16,101,2,1,"[269, 271]"
16,104,1,1,[269]
16,165,1,1,[269]
16,168,3,1,"[269, 271, 257]"
17,36,1,1,[269]
17,69,1,1,[269]
17,200,1,1,[269]
17,233,1,1,[269]
18,23,1,1,[269]
18,87,1,1,[269]
18,182,1,1,[269]
18,246,1,1,[269]
19,81,1,1,[269]
19,127,1,1,[269]
19,142,1,1,[269]
19,188,1,1,[269]
20,49,1,1,[269]
20,50,1,1,[269]
20,219,1,1,[269]
20,220,1,1,[269]
21,106,1,1,[269]
21,163,1,1,[269]
22,54,1,1,[269]
22,99,1,1,[269]
22,170,1,1,[269]
22,215,1,1,[269]
23,2,1,1,[269]
23,267,1,1,[269]
24,98,1,1,[269]
24,171,1,1,[269]
25,35,1,1,[269]
25,155,2,2,"[269, 283]"
25,234,1,1,[269]
26,34,3,2,"[269, 263, 257]"
26,53,1,1,[269]
26,94,2,1,"[269, 283]"
26,127,1,1,[269]
26,142,1,1,[269]
26,216,1,1,[269]
27,37,1,1,[269]
27,118,1,1,[269]
27,151,1,1,[269]
27,232,1,1,[269]
28,70,1,1,[269]
28,90,1,1,[269]
28,179,1,1,[269]
28,199,1,1,[269]
29,21,1,1,[269]
29,96,1,1,[269]
29,173,1,1,[269]
29,248,1,1,[269]
30,41,1,1,[269]
30,46,1,1,[269]
30,223,1,1,[269]
30,228,1,1,[269]
31,103,1,1,[269]
31,125,1,1,[269]
31,144,1,1,[269]
31,166,1,1,[269]
32,2,1,1,[269]
32,118,1,1,[269]
32,151,1,1,[269]
32,267,1,1,[269]
33,5,1,1,[269]
33,62,2,2,"[269, 263]"
33,125,1,1,[269]
33,144,1,1,[269]
33,264,1,1,[269]
34,100,1,1,[269]
34,124,1,1,[269]
34,145,1,1,[269]
34,169,1,1,[269]
35,58,1,1,[269]
35,73,1,1,[269]
35,196,1,1,[269]
35,211,1,1,[269]
36,82,1,1,[269]
36,173,2,1,"[269, 281]"
36,187,1,1,[269]
37,19,1,1,[269]
37,250,1,1,[269]
38,132,1,1,[269]
38,137,1,1,[269]
39,20,1,1,[269]
39,38,1,1,[269]
39,103,2,2,"[269, 271]"
39,231,1,1,[269]
39,249,1,1,[269]
40,79,1,1,[269]
40,100,1,1,[269]
40,169,1,1,[269]
40,190,1,1,[269]
41,110,1,1,[269]
41,159,1,1,[269]
42,29,1,1,[269]
42,97,1,1,[269]
42,172,1,1,[269]
42,240,1,1,[269]
43,102,1,1,[269]
43,126,1,1,[269]
43,143,1,1,[269]
43,167,1,1,[269]
44,18,1,1,[269]
44,206,2,2,"[269, 241]"
44,251,1,1,[269]
45,33,1,1,[269]
45,70,1,1,[269]
45,199,1,1,[269]
45,236,1,1,[269]
46,31,1,1,[269]
46,54,1,1,[269]
46,200,2,1,"[269, 277]"
46,215,1,1,[269]
46,238,1,1,[269]
47,29,1,1,[269]
47,228,2,1,"[269, 263]"
47,240,1,1,[269]
48,44,1,1,[269]
48,95,1,1,[269]
48,97,2,1,"[269, 257]"
48,174,1,1,[269]
48,225,1,1,[269]
49,90,1,1,[269]
49,127,1,1,[269]
49,142,1,1,[269]
49,179,1,1,[269]
50,130,1,1,[269]
50,131,1,1,[269]
50,138,1,1,[269]
50,139,1,1,[269]
51,28,1,1,[269]
51,48,2,1,"[269, 293]"
51,74,2,1,"[269, 293]"
51,92,1,1,[269]
51,177,1,1,[269]
51,185,2,2,"[269, 241]"
51,241,1,1,[269]
52,72,1,1,[269]
52,197,1,1,[269]
53,15,2,1,"[269, 241]"
53,111,1,1,[269]
53,158,1,1,[269]
54,82,2,2,"[269, 283]"
54,102,2,1,"[269, 271]"
54,129,1,1,[269]
54,140,1,1,[269]
55,19,1,1,[269]
55,24,1,1,[269]
55,245,1,1,[269]
55,250,1,1,[269]
56,2,1,1,[269]
56,45,1,1,[269]
56,224,1,1,[269]
56,267,1,1,[269]
57,83,1,1,[269]
57,186,1,1,[269]
58,7,1,1,[269]
58,166,3,2,"[269, 281, 307]"
58,262,1,1,[269]
59,16,1,1,[269]
59,131,1,1,[269]
59,138,1,1,[269]
59,253,1,1,[269]
60,92,1,1,[269]
60,121,1,1,[269]
60,148,1,1,[269]
60,177,1,1,[269]
61,112,1,1,[269]
61,157,1,1,[269]
62,124,1,1,[269]
62,145,1,1,[269]
63,99,2,2,"[269, 251]"
63,100,1,1,[269]
63,102,1,1,[269]
63,167,1,1,[269]
63,169,1,1,[269]
64,1,1,1,[269]
64,12,1,1,[269]
64,25,2,2,"[269, 271]"
64,257,1,1,[269]
64,268,1,1,[269]
65,70,2,2,"[269, 281]"
65,76,1,1,[269]
65,96,1,1,[269]
65,173,1,1,[269]
65,193,1,1,[269]
66,48,1,1,[269]
66,146,2,1,"[269, 283]"
66,221,1,1,[269]
67,59,1,1,[269]
67,131,2,2,"[269, 281]"
67,210,1,1,[269]
68,13,1,1,[269]
68,21,1,1,[269]
68,248,1,1,[269]
68,256,1,1,[269]
69,7,1,1,[269]
69,125,1,1,[269]
69,144,1,1,[269]
69,262,1,1,[269]
70,23,2,2,"[269, 271]"
70,109,1,1,[269]
70,160,1,1,[269]
71,49,1,1,[269]
71,120,1,1,[269]
71,149,1,1,[269]
71,220,1,1,[269]
72,62,1,1,[269]
72,74,1,1,[269]
72,195,1,1,[269]
72,207,1,1,[269]
73,78,1,1,[269]
73,129,1,1,[269]
73,140,1,1,[269]
73,191,1,1,[269]
74,25,1,1,[269]
74,92,2,1,"[269, 251]"
74,109,1,1,[269]
74,160,1,1,[269]
74,177,2,2,"[269, 251]"
74,244,1,1,[269]
75,12,1,1,[269]
75,41,2,1,"[269, 277]"
75,99,1,1,[269]
75,170,1,1,[269]
75,257,1,1,[269]
76,67,1,1,[269]
76,106,1,1,[269]
76,159,2,1,"[269, 271]"
76,163,1,1,[269]
76,202,1,1,[269]
77,31,2,1,"[269, 277]"
77,81,1,1,[269]
77,88,1,1,[269]
77,181,1,1,[269]
77,188,1,1,[269]
78,77,1,1,[269]
78,192,1,1,[269]
79,55,1,1,[269]
79,122,1,1,[269]
79,147,1,1,[269]
79,214,1,1,[269]
80,116,1,1,[269]
80,153,1,1,[269]
81,75,1,1,[269]
81,194,1,1,[269]
82,11,1,1,[269]
82,50,2,2,"[269, 271]"
82,91,1,1,[269]
82,178,1,1,[269]
82,258,1,1,[269]
83,41,1,1,[269]
83,120,1,1,[269]
83,149,1,1,[269]
83,228,1,1,[269]
84,5,2,2,"[269, 281]"
84,95,1,1,[269]
84,120,1,1,[269]
84,149,1,1,[269]
84,174,1,1,[269]
85,84,1,1,[269]
85,108,1,1,[269]
85,161,1,1,[269]
85,185,1,1,[269]
85,197,2,1,"[269, 277]"
86,11,1,1,[269]
86,65,1,1,[269]
86,204,1,1,[269]
86,258,1,1,[269]
87,71,1,1,[269]
87,198,1,1,[269]
88,10,1,1,[269]
88,52,1,1,[269]
88,186,2,2,"[269, 277]"
88,217,1,1,[269]
88,259,1,1,[269]
89,79,1,1,[269]
89,128,1,1,[269]
89,141,1,1,[269]
89,190,1,1,[269]
90,36,1,1,[269]
90,66,1,1,[269]
90,203,1,1,[269]
90,233,1,1,[269]
91,55,1,1,[269]
91,83,1,1,[269]
91,186,1,1,[269]
91,214,1,1,[269]
92,16,2,2,"[269, 271]"
92,83,1,1,[269]
92,119,1,1,[269]
92,150,1,1,[269]
92,186,1,1,[269]
92,242,2,1,"[269, 293]"
93,28,1,1,[269]
93,143,3,2,"[269, 281, 307]"
93,241,1,1,[269]
94,24,1,1,[269]
94,46,1,1,[269]
94,223,1,1,[269]
94,245,1,1,[269]
95,80,1,1,[269]
95,106,2,2,"[269, 283]"
95,117,1,1,[269]
95,152,1,1,[269]
95,189,1,1,[269]
96,32,1,1,[269]
96,87,1,1,[269]
96,182,1,1,[269]
96,237,1,1,[269]
97,69,1,1,[269]
97,73,1,1,[269]
97,196,1,1,[269]
97,200,1,1,[269]
98,73,1,1,[269]
98,89,1,1,[269]
98,128,2,1,"[269, 263]"
98,180,1,1,[269]
98,196,1,1,[269]
99,126,2,2,"[269, 271]"
99,128,1,1,[269]
99,141,1,1,[269]
100,27,1,1,[269]
100,65,1,1,[269]
100,204,1,1,[269]
100,242,1,1,[269]
101,75,1,1,[269]
101,121,1,1,[269]
101,148,1,1,[269]
101,194,1,1,[269]
101,241,2,1,"[269, 277]"
102,55,1,1,[269]
102,56,1,1,[269]
102,213,1,1,[269]
102,214,1,1,[269]
103,52,1,1,[269]
103,86,1,1,[269]
103,183,1,1,[269]
103,217,1,1,[269]
104,40,1,1,[269]
104,61,1,1,[269]
104,208,1,1,[269]
104,229,1,1,[269]
105,68,1,1,[269]
105,201,1,1,[269]
106,28,1,1,[269]
106,38,1,1,[269]
106,231,1,1,[269]
106,241,1,1,[269]
107,14,1,1,[269]
107,66,2,2,"[269, 263]"
107,81,1,1,[269]
107,188,1,1,[269]
107,255,1,1,[269]
108,14,1,1,[269]
108,18,1,1,[269]
108,251,1,1,[269]
108,255,1,1,[269]
109,33,2,1,"[269, 283]"
109,36,1,1,[269]
109,93,1,1,[269]
109,176,1,1,[269]
109,233,1,1,[269]
110,38,1,1,[269]
110,126,1,1,[269]
110,143,1,1,[269]
110,231,1,1,[269]
111,23,1,1,[269]
111,68,1,1,[269]
111,201,1,1,[269]
111,246,1,1,[269]
112,4,1,1,[269]
112,100,1,1,[269]
112,169,1,1,[269]
112,182,2,1,"[269, 271]"
112,265,1,1,[269]
113,61,1,1,[269]
113,89,1,1,[269]
113,124,2,2,"[269, 263]"
113,180,1,1,[269]
113,208,1,1,[269]
114,76,1,1,[269]
114,89,1,1,[269]
114,180,1,1,[269]
114,193,1,1,[269]
115,85,1,1,[269]
115,184,1,1,[269]
116,26,1,1,[269]
116,80,1,1,[269]
116,189,1,1,[269]
116,243,1,1,[269]
117,26,1,1,[269]
117,243,1,1,[269]
118,46,1,1,[269]
118,223,1,1,[269]
119,74,1,1,[269]
119,195,1,1,[269]
120,130,1,1,[269]
120,139,1,1,[269]
121,90,1,1,[269]
121,179,1,1,[269]
121,223,2,1,"[269, 241]"
122,65,1,1,[269]
122,122,1,1,[269]
122,147,1,1,[269]
122,204,1,1,[269]
123,116,1,1,[269]
123,119,1,1,[269]
123,150,1,1,[269]
123,153,1,1,[269]
124,26,3,3,"[269, 277, 263]"
124,39,1,1,[269]
124,120,1,1,[269]
124,149,1,1,[269]
124,230,1,1,[269]
125,8,1,1,[269]
125,261,1,1,[269]
126,51,1,1,[269]
126,74,1,1,[269]
126,195,1,1,[269]
126,218,1,1,[269]
127,68,1,1,[269]
127,84,1,1,[269]
127,185,1,1,[269]
127,201,1,1,[269]
128,24,1,1,[269]
128,62,1,1,[269]
128,132,2,2,"[269, 271]"
128,207,1,1,[269]
128,245,1,1,[269]
129,6,1,1,[269]
129,119,1,1,[269]
129,150,1,1,[269]
129,263,1,1,[269]
130,34,1,1,[269]
130,117,1,1,[269]
130,152,1,1,[269]
130,235,1,1,[269]
131,88,1,1,[269]
131,181,1,1,[269]
132,49,1,1,[269]
132,63,1,1,[269]
132,206,1,1,[269]
132,220,1,1,[269]
133,36,1,1,[269]
133,106,1,1,[269]
133,163,1,1,[269]
133,233,1,1,[269]
134,21,1,1,[269]
134,27,1,1,[269]
134,242,1,1,[269]
134,248,1,1,[269]
135,93,1,1,[269]
135,96,1,1,[269]
135,108,2,1,"[269, 271]"
135,173,1,1,[269]
135,176,1,1,[269]
136,94,1,1,[269]
136,175,1,1,[269]
137,45,1,1,[269]
137,52,1,1,[269]
137,217,1,1,[269]
137,224,1,1,[269]
138,42,1,1,[269]
138,131,1,1,[269]
138,138,1,1,[269]
138,227,1,1,[269]
139,43,1,1,[269]
139,60,1,1,[269]
139,171,2,2,"[269, 271]"
139,209,1,1,[269]
139,217,2,1,"[269, 257]"
139,226,1,1,[269]
140,16,1,1,[269]
140,59,1,1,[269]
140,210,1,1,[269]
140,253,1,1,[269]
141,33,1,1,[269]
141,64,1,1,[269]
141,205,1,1,[269]
141,236,1,1,[269]
142,40,1,1,[269]
142,229,1,1,[269]
143,91,1,1,[269]
143,178,1,1,[269]
144,37,1,1,[269]
144,94,1,1,[269]
144,175,1,1,[269]
144,232,1,1,[269]
145,45,1,1,[269]
145,49,1,1,[269]
145,220,1,1,[269]
145,224,1,1,[269]
146,6,1,1,[269]
146,11,1,1,[269]
146,258,1,1,[269]
146,263,1,1,[269]
147,58,1,1,[269]
147,105,1,1,[269]
147,164,1,1,[269]
147,211,1,1,[269]
148,80,1,1,[269]
148,116,1,1,[269]
148,153,1,1,[269]
148,189,1,1,[269]
149,4,1,1,[269]
149,48,1,1,[269]
149,95,2,1,"[269, 277]"
149,221,1,1,[269]
149,265,1,1,[269]
150,6,1,1,[269]
150,72,1,1,[269]
150,197,1,1,[269]
150,263,1,1,[269]
151,11,1,1,[269]
151,132,1,1,[269]
151,137,1,1,[269]
151,158,2,1,"[269, 293]"
151,258,1,1,[269]
152,53,1,1,[269]
152,98,1,1,[269]
152,171,1,1,[269]
152,216,1,1,[269]
153,30,1,1,[269]
153,57,1,1,[269]
153,212,1,1,[269]
153,239,1,1,[269]
154,10,1,1,[269]
154,44,1,1,[269]
154,225,1,1,[269]
154,259,1,1,[269]
155,30,2,1,"[269, 263]"
155,61,1,1,[269]
155,67,1,1,[269]
155,202,1,1,[269]
155,208,1,1,[269]
156,17,1,1,[269]
156,73,1,1,[269]
156,196,1,1,[269]
156,252,1,1,[269]
157,79,1,1,[269]
157,129,1,1,[269]
157,140,1,1,[269]
157,190,1,1,[269]
158,25,1,1,[269]
158,87,1,1,[269]
158,182,1,1,[269]
158,244,1,1,[269]
159,15,1,1,[269]
159,78,1,1,[269]
159,123,2,1,"[269, 239]"
159,167,2,1,"[269, 277]"
159,191,1,1,[269]
159,254,1,1,[269]
160,85,1,1,[269]
160,96,1,1,[269]
160,173,1,1,[269]
160,184,1,1,[269]
160,229,2,2,"[269, 277]"
161,62,1,1,[269]
161,64,1,1,[269]
161,205,1,1,[269]
161,207,1,1,[269]
162,48,1,1,[269]
162,127,1,1,[269]
162,142,1,1,[269]
162,221,1,1,[269]
163,20,1,1,[269]
163,53,1,1,[269]
163,198,2,1,"[269, 283]"
163,216,1,1,[269]
163,249,1,1,[269]
164,8,1,1,[269]
164,89,1,1,[269]
164,180,1,1,[269]
164,261,1,1,[269]
165,67,1,1,[269]
165,78,1,1,[269]
165,191,1,1,[269]
165,202,1,1,[269]
166,76,1,1,[269]
166,193,1,1,[269]
167,30,1,1,[269]
167,77,1,1,[269]
167,192,1,1,[269]
167,239,1,1,[269]
168,79,1,1,[269]
168,92,1,1,[269]
168,177,1,1,[269]
168,190,1,1,[269]
169,95,1,1,[269]
169,174,1,1,[269]
170,54,1,1,[269]
170,110,1,1,[269]
170,159,1,1,[269]
170,215,1,1,[269]
171,58,1,1,[269]
171,113,1,1,[269]
171,156,1,1,[269]
171,211,1,1,[269]
172,68,2,2,"[269, 271]"
172,86,1,1,[269]
172,183,1,1,[269]
173,3,1,1,[269]
173,266,1,1,[269]
174,34,1,1,[269]
174,110,1,1,[269]
174,159,1,1,[269]
174,235,1,1,[269]
175,9,1,1,[269]
175,13,2,1,"[269, 263]"
175,44,1,1,[269]
175,159,2,1,"[269, 239]"
175,225,1,1,[269]
175,260,1,1,[269]
176,5,1,1,[269]
176,60,1,1,[269]
176,209,1,1,[269]
176,264,1,1,[269]
177,33,1,1,[269]
177,236,1,1,[269]
178,13,1,1,[269]
178,56,1,1,[269]
178,213,1,1,[269]
178,256,1,1,[269]
179,93,1,1,[269]
179,111,1,1,[269]
179,158,1,1,[269]
179,176,1,1,[269]
180,12,1,1,[269]
180,257,1,1,[269]
181,84,1,1,[269]
181,115,1,1,[269]
181,154,1,1,[269]
181,185,1,1,[269]
181,256,2,2,"[269, 271]"
182,40,1,1,[269]
182,93,1,1,[269]
182,176,1,1,[269]
182,229,1,1,[269]
183,6,1,1,[269]
183,123,1,1,[269]
183,146,1,1,[269]
183,263,1,1,[269]
184,103,1,1,[269]
184,115,1,1,[269]
184,154,1,1,[269]
184,166,1,1,[269]
185,134,1,1,[269]
185,135,1,1,[269]
186,51,1,1,[269]
186,104,1,1,[269]
186,165,1,1,[269]
186,218,1,1,[269]
187,65,1,1,[269]
187,105,1,1,[269]
187,164,1,1,[269]
187,204,1,1,[269]
188,7,1,1,[269]
188,23,1,1,[269]
188,191,2,2,"[269, 257]"
188,246,1,1,[269]
188,262,1,1,[269]
189,18,1,1,[269]
189,133,1,1,[269]
189,136,1,1,[269]
189,251,1,1,[269]
190,19,2,1,"[269, 283]"
190,39,1,1,[269]
190,230,1,1,[269]
191,81,1,1,[269]
191,104,1,1,[269]
191,165,1,1,[269]
191,188,1,1,[269]
192,14,1,1,[269]
192,64,1,1,[269]
192,205,1,1,[269]
192,255,1,1,[269]
193,78,1,1,[269]
193,126,1,1,[269]
193,143,1,1,[269]
193,191,1,1,[269]
194,47,1,1,[269]
194,131,1,1,[269]
194,138,1,1,[269]
194,151,2,1,"[269, 263]"
194,222,1,1,[269]
195,1,1,1,[269]
195,43,1,1,[269]
195,220,2,2,"[269, 263]"
195,226,1,1,[269]
195,268,1,1,[269]
196,114,1,1,[269]
196,155,1,1,[269]
197,24,1,1,[269]
197,44,1,1,[269]
197,56,2,1,"[269, 263]"
197,225,1,1,[269]
197,245,1,1,[269]
198,41,1,1,[269]
198,101,1,1,[269]
198,168,1,1,[269]
198,228,1,1,[269]
199,3,1,1,[269]
199,67,1,1,[269]
199,202,1,1,[269]
199,245,2,2,"[269, 281]"
199,266,1,1,[269]
200,5,1,1,[269]
200,54,1,1,[269]
200,215,1,1,[269]
200,264,1,1,[269]
201,56,1,1,[269]
201,72,1,1,[269]
201,197,1,1,[269]
201,213,1,1,[269]
202,88,1,1,[269]
202,97,1,1,[269]
202,172,1,1,[269]
202,181,1,1,[269]
203,26,1,1,[269]
203,47,1,1,[269]
203,222,1,1,[269]
203,243,1,1,[269]
204,75,2,1,"[269, 283]"
204,108,1,1,[269]
204,133,2,1,"[269, 281]"
204,161,1,1,[269]
205,79,2,2,"[269, 281]"
205,102,1,1,[269]
205,167,1,1,[269]
206,4,1,1,[269]
206,97,1,1,[269]
206,172,1,1,[269]
206,265,1,1,[269]
207,99,1,1,[269]
207,112,1,1,[269]
207,157,1,1,[269]
207,170,1,1,[269]
207,242,2,1,"[269, 293]"
208,20,1,1,[269]
208,29,1,1,[269]
208,138,2,1,"[269, 257]"
208,225,2,1,"[269, 281]"
208,240,1,1,[269]
208,249,1,1,[269]
209,8,1,1,[269]
209,66,1,1,[269]
209,174,2,1,"[269, 277]"
209,203,1,1,[269]
209,261,1,1,[269]
210,22,1,1,[269]
210,47,1,1,[269]
210,222,1,1,[269]
210,236,2,1,"[269, 271]"
210,247,1,1,[269]
211,15,1,1,[269]
211,66,1,1,[269]
211,203,1,1,[269]
211,254,1,1,[269]
212,14,1,1,[269]
212,101,1,1,[269]
212,168,1,1,[269]
212,188,2,1,"[269, 271]"
212,255,1,1,[269]
213,17,1,1,[269]
213,105,2,2,"[269, 271]"
213,252,1,1,[269]
214,27,1,1,[269]
214,242,1,1,[269]
215,25,1,1,[269]
215,31,1,1,[269]
215,238,1,1,[269]
215,244,1,1,[269]
216,9,1,1,[269]
216,57,2,2,"[269, 281]"
216,108,1,1,[269]
216,161,1,1,[269]
216,260,1,1,[269]
217,7,2,2,"[269, 293]"
217,39,1,1,[269]
217,64,1,1,[269]
217,205,1,1,[269]
217,230,1,1,[269]
218,31,1,1,[269]
218,238,1,1,[269]
219,16,1,1,[269]
219,119,1,1,[269]
219,150,1,1,[269]
219,253,1,1,[269]
220,42,1,1,[269]
220,122,2,1,"[269, 241]"
220,227,1,1,[269]
221,9,1,1,[269]
221,118,1,1,[269]
221,151,1,1,[269]
221,260,1,1,[269]
222,34,1,1,[269]
222,130,1,1,[269]
222,139,1,1,[269]
222,148,2,2,"[269, 241]"
222,235,1,1,[269]
223,47,1,1,[269]
223,99,1,1,[269]
223,170,1,1,[269]
223,222,1,1,[269]
224,123,1,1,[269]
224,146,1,1,[269]
225,16,1,1,[269]
225,77,1,1,[269]
225,192,1,1,[269]
225,253,1,1,[269]
226,60,1,1,[269]
226,209,1,1,[269]
227,70,1,1,[269]
227,133,1,1,[269]
227,136,1,1,[269]
227,199,1,1,[269]
228,38,1,1,[269]
228,82,1,1,[269]
228,187,1,1,[269]
228,231,1,1,[269]
229,3,1,1,[269]
229,92,1,1,[269]
229,177,1,1,[269]
229,266,1,1,[269]
230,91,2,2,"[269, 239]"
230,107,1,1,[269]
230,126,1,1,[269]
230,143,1,1,[269]
230,162,1,1,[269]
231,62,1,1,[269]
231,63,1,1,[269]
231,206,1,1,[269]
231,207,1,1,[269]
232,13,1,1,[269]
232,113,1,1,[269]
232,156,1,1,[269]
232,256,1,1,[269]
233,22,1,1,[269]
233,43,1,1,[269]
233,226,1,1,[269]
233,247,1,1,[269]
234,105,1,1,[269]
234,134,1,1,[269]
234,135,1,1,[269]
234,144,2,1,"[269, 277]"
234,164,1,1,[269]
235,22,1,1,[269]
235,247,1,1,[269]
236,94,1,1,[269]
236,103,1,1,[269]
236,166,1,1,[269]
236,175,1,1,[269]
237,23,1,1,[269]
237,37,1,1,[269]
237,164,2,2,"[269, 271]"
237,232,1,1,[269]
237,246,1,1,[269]
238,71,1,1,[269]
238,115,1,1,[269]
238,154,1,1,[269]
238,198,1,1,[269]
239,122,1,1,[269]
239,147,1,1,[269]
240,13,1,1,[269]
240,132,1,1,[269]
240,137,1,1,[269]
240,256,1,1,[269]
241,41,1,1,[269]
241,51,1,1,[269]
241,218,1,1,[269]
241,228,1,1,[269]
242,9,1,1,[269]
242,50,1,1,[269]
242,219,1,1,[269]
242,260,1,1,[269]
243,20,1,1,[269]
243,128,1,1,[269]
243,141,1,1,[269]
243,249,1,1,[269]
244,61,1,1,[269]
244,75,1,1,[269]
244,194,1,1,[269]
244,208,1,1,[269]
245,59,1,1,[269]
245,117,1,1,[269]
245,152,1,1,[269]
245,210,1,1,[269]
246,58,1,1,[269]
246,73,2,1,"[269, 257]"
246,111,1,1,[269]
246,158,1,1,[269]
246,211,1,1,[269]
246,249,2,2,"[269, 281]"
247,5,1,1,[269]
247,32,1,1,[269]
247,70,3,2,"[269, 277, 293]"
247,145,2,1,"[269, 271]"
247,237,1,1,[269]
247,264,1,1,[269]
248,35,1,1,[269]
248,115,1,1,[269]
248,154,1,1,[269]
248,234,1,1,[269]
249,113,1,1,[269]
249,156,1,1,[269]
249,204,2,1,"[269, 271]"
250,53,1,1,[269]
250,124,1,1,[269]
250,145,1,1,[269]
250,216,1,1,[269]
251,37,1,1,[269]
251,86,1,1,[269]
251,183,1,1,[269]
251,232,1,1,[269]
252,66,1,1,[269]
252,121,1,1,[269]
252,148,1,1,[269]
252,203,1,1,[269]
253,57,1,1,[269]
253,123,1,1,[269]
253,146,1,1,[269]
253,212,1,1,[269]
254,97,1,1,[269]
254,133,1,1,[269]
254,136,1,1,[269]
254,172,1,1,[269]
255,114,1,1,[269]
255,125,1,1,[269]
255,144,1,1,[269]
255,155,1,1,[269]
256,69,1,1,[269]
256,200,1,1,[269]
257,35,1,1,[269]
257,87,1,1,[269]
257,182,1,1,[269]
257,234,1,1,[269]
258,50,1,1,[269]
258,86,2,1,"[269, 283]"
258,219,1,1,[269]
259,51,1,1,[269]
259,70,1,1,[269]
259,199,1,1,[269]
259,218,1,1,[269]
260,101,1,1,[269]
260,168,1,1,[269]
261,1,1,1,[269]
261,114,1,1,[269]
261,155,1,1,[269]
261,268,1,1,[269]
262,19,1,1,[269]
262,45,1,1,[269]
262,224,1,1,[269]
262,250,1,1,[269]
263,63,1,1,[269]
263,206,1,1,[269]
264,103,1,1,[269]
264,109,1,1,[269]
264,160,1,1,[269]
264,166,1,1,[269]
265,10,1,1,[269]
265,259,1,1,[269]
266,57,1,1,[269]
266,80,1,1,[269]
266,189,1,1,[269]
266,212,1,1,[269]
267,30,1,1,[269]
267,55,1,1,[269]
267,214,1,1,[269]
267,239,1,1,[269]
268,107,1,1,[269]
268,121,1,1,[269]
268,148,1,1,[269]
268,162,1,1,[269]
0,15,1,1,[271]
0,42,1,1,[271]
0,43,1,1,[271]
0,51,1,1,[271]
0,52,1,1,[271]
0,65,1,1,[271]
0,66,1,1,[271]
0,73,1,1,[271]
0,76,1,1,[271]
0,92,1,1,[271]
0,95,1,1,[271]
0,96,1,1,[271]
0,101,1,1,[271]
0,107,1,1,[271]
0,108,1,1,[271]
0,115,1,1,[271]
0,116,1,1,[271]
0,118,1,1,[271]
0,120,1,1,[271]
0,131,1,1,[271]
0,135,1,1,[271]
0,137,1,1,[271]
0,142,1,1,[271]
0,145,1,1,[271]
0,147,1,1,[271]
0,149,1,1,[271]
0,150,1,1,[271]
0,159,1,1,[271]
0,182,1,1,[271]
0,188,1,1,[271]
0,194,1,1,[271]
0,197,1,1,[271]
0,218,1,1,[271]
0,221,1,1,[271]
0,222,1,1,[271]
0,226,1,1,[271]
0,231,1,1,[271]
0,235,1,1,[271]
0,239,1,1,[271]
0,249,1,1,[271]
0,254,1,1,[271]
0,257,1,1,[271]
0,266,1,1,[271]
0,267,1,1,[271]
1,202,1,1,[271]
1,226,1,1,[271]
2,218,2,1,"[271, 293]"
2,239,1,1,[271]
2,240,1,1,[271]
2,260,2,1,"[271, 277]"
3,59,1,1,[271]
3,92,1,1,[271]
3,102,1,1,[271]
3,181,1,1,[271]
4,21,2,1,"[271, 257]"
4,182,1,1,[271]
4,261,1,1,[271]
5,3,1,1,[271]
5,108,1,1,[271]
5,208,2,2,"[271, 263]"
6,54,1,1,[271]
6,199,1,1,[271]
6,207,1,1,[271]
6,222,1,1,[271]
7,93,1,1,[271]
7,96,1,1,[271]
8,15,1,1,[271]
8,23,1,1,[271]
9,131,1,1,[271]
9,237,1,1,[271]
10,131,1,1,[271]
10,237,1,1,[271]
11,73,1,1,[271]
11,130,1,1,[271]
12,3,1,1,[271]
12,93,1,1,[271]
12,194,1,1,[271]
12,201,1,1,[271]
13,29,1,1,[271]
13,145,1,1,[271]
13,202,1,1,[271]
13,255,1,1,[271]
14,30,1,1,[271]
14,267,1,1,[271]
15,21,1,1,[271]
15,216,1,1,[271]
15,243,1,1,[271]
15,267,1,1,[271]
16,5,2,2,"[271, 251]"
16,101,1,1,[271]
16,168,2,1,"[271, 257]"
16,191,1,1,[271]
17,12,1,1,[271]
17,181,1,1,[271]
18,24,1,1,[271]
18,51,1,1,[271]
19,31,2,1,"[271, 263]"
19,173,1,1,[271]
19,209,1,1,[271]
19,214,1,1,[271]
19,257,1,1,[271]
20,24,1,1,[271]
20,51,1,1,[271]
21,109,1,1,[271]
21,147,1,1,[271]
21,192,1,1,[271]
21,216,1,1,[271]
22,76,1,1,[271]
22,243,1,1,[271]
23,2,2,1,"[271, 269]"
23,94,1,1,[271]
23,236,1,1,[271]
23,266,1,1,[271]
23,270,1,1,[271]
24,5,2,1,"[271, 283]"
24,30,1,1,[271]
24,150,1,1,[271]
24,161,1,1,[271]
24,237,1,1,[271]
25,47,1,1,[271]
25,66,1,1,[271]
25,129,3,2,"[271, 257, 251]"
26,73,1,1,[271]
26,78,2,1,"[271, 277]"
26,91,1,1,[271]
26,123,1,1,[271]
26,240,1,1,[271]
27,33,1,1,[271]
27,67,2,1,"[271, 277]"
27,226,1,1,[271]
27,227,1,1,[271]
27,262,1,1,[271]
28,87,2,1,"[271, 277]"
28,202,1,1,[271]
28,226,1,1,[271]
28,264,2,2,"[271, 277]"
29,104,1,1,[271]
29,131,1,1,[271]
29,193,1,1,[271]
29,243,1,1,[271]
30,33,1,1,[271]
30,119,2,1,"[271, 263]"
30,226,1,1,[271]
30,227,1,1,[271]
30,262,1,1,[271]
31,150,1,1,[271]
31,230,1,1,[271]
32,120,1,1,[271]
32,184,1,1,[271]
32,196,2,1,"[271, 283]"
33,97,1,1,[271]
33,146,1,1,[271]
33,188,1,1,[271]
33,232,1,1,[271]
34,135,1,1,[271]
34,207,1,1,[271]
34,251,2,2,"[271, 283]"
35,102,1,1,[271]
35,149,1,1,[271]
36,235,1,1,[271]
36,270,1,1,[271]
37,9,2,2,"[271, 257]"
37,73,1,1,[271]
37,130,1,1,[271]
37,153,2,1,"[271, 283]"
38,104,1,1,[271]
38,117,1,1,[271]
38,249,1,1,[271]
38,251,1,1,[271]
39,15,1,1,[271]
39,23,1,1,[271]
39,103,2,2,"[271, 269]"
40,235,1,1,[271]
40,270,1,1,[271]
41,71,2,2,"[271, 283]"
41,164,2,2,"[271, 283]"
41,173,1,1,[271]
41,266,1,1,[271]
42,186,2,1,"[271, 277]"
42,210,1,1,[271]
42,231,1,1,[271]
42,262,1,1,[271]
42,263,1,1,[271]
43,182,1,1,[271]
43,190,1,1,[271]
43,199,1,1,[271]
43,264,1,1,[271]
44,42,1,1,[271]
44,227,1,1,[271]
45,65,1,1,[271]
45,190,1,1,[271]
46,109,1,1,[271]
46,147,1,1,[271]
46,192,1,1,[271]
46,216,1,1,[271]
47,26,1,1,[271]
47,137,1,1,[271]
47,146,1,1,[271]
47,190,1,1,[271]
47,258,2,2,"[271, 263]"
48,24,1,1,[271]
48,46,2,1,"[271, 277]"
48,197,1,1,[271]
48,202,1,1,[271]
48,253,1,1,[271]
49,12,1,1,[271]
49,181,1,1,[271]
50,65,1,1,[271]
50,183,2,1,"[271, 277]"
50,190,1,1,[271]
51,24,1,1,[271]
51,27,1,1,[271]
51,120,1,1,[271]
51,183,1,1,[271]
52,76,1,1,[271]
52,143,1,1,[271]
52,232,1,1,[271]
52,261,1,1,[271]
53,27,1,1,[271]
53,127,2,2,"[271, 283]"
53,159,1,1,[271]
54,47,1,1,[271]
54,102,1,1,[271]
54,168,1,1,[271]
54,239,1,1,[271]
55,150,1,1,[271]
55,230,1,1,[271]
56,98,2,1,"[271, 277]"
56,239,1,1,[271]
56,240,1,1,[271]
57,92,1,1,[271]
57,123,1,1,[271]
57,201,2,2,"[271, 277]"
58,51,1,1,[271]
58,71,1,1,[271]
58,86,1,1,[271]
58,227,1,1,[271]
59,73,1,1,[271]
59,91,1,1,[271]
59,123,1,1,[271]
59,240,1,1,[271]
60,47,1,1,[271]
60,102,1,1,[271]
60,168,1,1,[271]
60,239,1,1,[271]
61,117,1,1,[271]
61,147,1,1,[271]
62,13,1,1,[271]
62,197,1,1,[271]
63,118,1,1,[271]
63,187,2,2,"[271, 257]"
63,199,1,1,[271]
64,25,2,2,"[271, 269]"
64,71,2,2,"[271, 283]"
64,173,1,1,[271]
64,266,1,1,[271]
65,3,1,1,[271]
65,93,1,1,[271]
65,194,1,1,[271]
65,201,1,1,[271]
66,75,1,1,[271]
66,152,1,1,[271]
66,171,1,1,[271]
66,218,1,1,[271]
67,86,1,1,[271]
67,115,1,1,[271]
67,157,2,2,"[271, 277]"
67,183,2,1,"[271, 283]"
68,93,1,1,[271]
68,96,1,1,[271]
68,242,2,2,"[271, 257]"
69,102,1,1,[271]
69,149,1,1,[271]
70,23,2,2,"[271, 269]"
70,118,1,1,[271]
70,199,1,1,[271]
71,52,1,1,[271]
71,93,1,1,[271]
71,173,1,1,[271]
71,269,1,1,[271]
72,137,1,1,[271]
72,192,1,1,[271]
73,24,1,1,[271]
73,27,1,1,[271]
73,120,1,1,[271]
73,183,1,1,[271]
74,76,1,1,[271]
74,243,1,1,[271]
75,13,1,1,[271]
75,58,1,1,[271]
75,118,1,1,[271]
75,132,1,1,[271]
76,29,1,1,[271]
76,46,1,1,[271]
76,86,1,1,[271]
76,159,1,1,[271]
76,248,2,1,"[271, 263]"
77,24,2,1,"[271, 281]"
77,43,1,1,[271]
77,84,1,1,[271]
78,57,2,2,"[271, 257]"
78,101,1,1,[271]
78,191,1,1,[271]
79,42,1,1,[271]
79,227,1,1,[271]
80,137,1,1,[271]
80,192,1,1,[271]
81,94,2,2,"[271, 277]"
81,105,1,1,[271]
81,134,2,2,"[271, 283]"
81,257,1,1,[271]
82,50,2,2,"[271, 269]"
82,117,1,1,[271]
82,147,1,1,[271]
82,178,3,2,"[271, 257, 251]"
83,39,3,3,"[271, 277, 293]"
83,120,1,1,[271]
83,184,1,1,[271]
84,59,1,1,[271]
84,92,1,1,[271]
84,102,1,1,[271]
84,181,1,1,[271]
85,188,1,1,[271]
85,216,1,1,[271]
86,3,1,1,[271]
86,15,1,1,[271]
86,105,1,1,[271]
86,260,1,1,[271]
87,107,1,1,[271]
87,146,1,1,[271]
87,170,2,1,"[271, 251]"
88,47,1,1,[271]
88,66,1,1,[271]
89,27,1,1,[271]
89,159,1,1,[271]
90,105,1,1,[271]
90,186,2,1,"[271, 257]"
90,253,2,2,"[271, 283]"
90,257,1,1,[271]
91,52,1,1,[271]
91,93,1,1,[271]
91,173,1,1,[271]
91,269,1,1,[271]
92,16,2,2,"[271, 269]"
92,203,2,1,"[271, 293]"
92,210,1,1,[271]
92,231,1,1,[271]
92,262,1,1,[271]
92,263,1,1,[271]
93,9,2,2,"[271, 257]"
93,29,1,1,[271]
93,145,1,1,[271]
93,202,1,1,[271]
93,255,1,1,[271]
94,105,1,1,[271]
94,152,1,1,[271]
94,157,1,1,[271]
94,254,1,1,[271]
95,142,1,1,[271]
95,181,1,1,[271]
95,191,1,1,[271]
95,203,1,1,[271]
96,116,1,1,[271]
96,204,1,1,[271]
96,240,1,1,[271]
96,270,1,1,[271]
97,54,1,1,[271]
97,199,1,1,[271]
97,207,1,1,[271]
97,222,1,1,[271]
98,135,1,1,[271]
98,207,1,1,[271]
99,13,1,1,[271]
99,126,2,2,"[271, 269]"
99,197,1,1,[271]
100,105,1,1,[271]
100,257,1,1,[271]
101,76,1,1,[271]
101,143,1,1,[271]
101,232,1,1,[271]
101,261,1,1,[271]
102,94,1,1,[271]
102,236,1,1,[271]
102,266,1,1,[271]
102,270,1,1,[271]
103,52,1,1,[271]
103,152,1,1,[271]
104,23,1,1,[271]
104,42,1,1,[271]
104,171,1,1,[271]
104,186,1,1,[271]
105,27,1,1,[271]
105,132,1,1,[271]
105,135,1,1,[271]
105,172,1,1,[271]
106,95,1,1,[271]
106,236,1,1,[271]
107,21,1,1,[271]
107,114,2,1,"[271, 277]"
107,216,1,1,[271]
107,243,1,1,[271]
107,267,1,1,[271]
108,182,1,1,[271]
108,190,1,1,[271]
108,199,1,1,[271]
108,264,1,1,[271]
109,52,1,1,[271]
109,93,1,1,[271]
109,173,1,1,[271]
109,269,1,1,[271]
110,13,1,1,[271]
110,126,2,1,"[271, 269]"
110,197,1,1,[271]
111,97,1,1,[271]
111,146,1,1,[271]
111,188,1,1,[271]
111,232,1,1,[271]
112,66,2,2,"[271, 283]"
112,182,1,1,[271]
112,193,2,2,"[271, 283]"
112,225,2,2,"[271, 283]"
112,261,1,1,[271]
113,6,1,1,[271]
113,23,1,1,[271]
113,115,1,1,[271]
113,263,1,1,[271]
114,222,1,1,[271]
114,232,1,1,[271]
115,12,1,1,[271]
115,84,1,1,[271]
115,165,1,1,[271]
115,208,1,1,[271]
116,19,1,1,[271]
116,47,1,1,[271]
116,189,1,1,[271]
116,235,1,1,[271]
117,30,1,1,[271]
117,150,1,1,[271]
117,161,1,1,[271]
117,237,1,1,[271]
118,76,1,1,[271]
118,143,1,1,[271]
118,232,1,1,[271]
118,261,1,1,[271]
119,137,1,1,[271]
119,192,1,1,[271]
119,251,2,2,"[271, 283]"
120,182,1,1,[271]
120,190,1,1,[271]
120,199,1,1,[271]
120,264,1,1,[271]
121,30,1,1,[271]
121,267,1,1,[271]
122,29,1,1,[271]
122,125,2,1,"[271, 257]"
122,224,3,3,"[271, 263, 241]"
122,231,1,1,[271]
123,127,1,1,[271]
123,192,1,1,[271]
123,221,1,1,[271]
123,261,1,1,[271]
124,51,2,2,"[271, 283]"
124,63,2,1,"[271, 283]"
124,116,1,1,[271]
124,214,1,1,[271]
125,104,1,1,[271]
125,221,1,1,[271]
126,3,1,1,[271]
126,81,2,2,"[271, 257]"
126,108,1,1,[271]
127,87,4,1,"[271, 263, 283, 313]"
127,97,1,1,[271]
127,146,1,1,[271]
127,188,1,1,[271]
127,232,1,1,[271]
128,117,1,1,[271]
128,132,2,2,"[271, 269]"
128,147,1,1,[271]
129,27,1,1,[271]
129,159,1,1,[271]
130,30,1,1,[271]
130,150,1,1,[271]
130,161,1,1,[271]
130,237,1,1,[271]
131,13,1,1,[271]
131,65,1,1,[271]
131,133,1,1,[271]
131,184,1,1,[271]
132,84,1,1,[271]
132,149,1,1,[271]
132,230,1,1,[271]
132,234,1,1,[271]
133,60,1,1,[271]
133,66,1,1,[271]
133,191,1,1,[271]
133,230,1,1,[271]
134,19,1,1,[271]
134,142,1,1,[271]
135,108,1,1,[271]
135,130,1,1,[271]
135,214,1,1,[271]
135,246,1,1,[271]
136,30,1,1,[271]
136,267,1,1,[271]
137,210,1,1,[271]
137,231,1,1,[271]
137,262,1,1,[271]
137,263,1,1,[271]
138,118,1,1,[271]
138,143,2,2,"[271, 283]"
138,199,1,1,[271]
138,206,2,1,"[271, 257]"
139,135,1,1,[271]
139,171,2,2,"[271, 269]"
139,207,1,1,[271]
140,3,1,1,[271]
140,108,1,1,[271]
141,132,1,1,[271]
141,145,1,1,[271]
142,30,1,1,[271]
142,43,1,1,[271]
142,113,1,1,[271]
142,117,1,1,[271]
143,38,1,1,[271]
143,96,1,1,[271]
143,130,1,1,[271]
143,236,1,1,[271]
144,254,1,1,[271]
144,263,1,1,[271]
145,13,1,1,[271]
145,65,1,1,[271]
145,133,1,1,[271]
145,184,1,1,[271]
146,94,1,1,[271]
146,236,1,1,[271]
146,266,1,1,[271]
146,270,1,1,[271]
147,4,2,2,"[271, 283]"
147,24,1,1,[271]
147,27,1,1,[271]
147,120,1,1,[271]
147,183,1,1,[271]
148,42,1,1,[271]
148,72,2,2,"[271, 257]"
148,227,1,1,[271]
149,21,1,1,[271]
149,39,2,1,"[271, 257]"
149,216,1,1,[271]
149,243,1,1,[271]
149,267,1,1,[271]
150,108,1,1,[271]
150,130,1,1,[271]
150,214,1,1,[271]
150,246,1,1,[271]
151,135,2,1,"[271, 293]"
151,171,1,1,[271]
151,194,1,1,[271]
152,19,1,1,[271]
152,95,1,1,[271]
152,111,1,1,[271]
152,123,1,1,[271]
153,218,1,1,[271]
153,262,1,1,[271]
154,132,1,1,[271]
154,145,1,1,[271]
155,61,2,1,"[271, 281]"
155,133,2,1,"[271, 277]"
155,182,1,1,[271]
155,261,1,1,[271]
156,120,1,1,[271]
156,184,1,1,[271]
157,47,1,1,[271]
157,102,1,1,[271]
157,168,1,1,[271]
157,239,1,1,[271]
158,47,1,1,[271]
158,66,1,1,[271]
159,19,1,1,[271]
159,47,1,1,[271]
159,189,1,1,[271]
159,235,1,1,[271]
160,69,2,1,"[271, 277]"
160,85,2,1,"[271, 269]"
160,254,1,1,[271]
160,263,1,1,[271]
161,101,1,1,[271]
161,165,1,1,[271]
161,215,1,1,[271]
161,237,1,1,[271]
162,116,2,1,"[271, 293]"
162,165,1,1,[271]
162,202,2,2,"[271, 281]"
162,249,1,1,[271]
163,171,1,1,[271]
163,194,1,1,[271]
164,29,1,1,[271]
164,231,1,1,[271]
165,29,1,1,[271]
165,145,1,1,[271]
165,202,1,1,[271]
165,255,1,1,[271]
166,173,1,1,[271]
166,266,1,1,[271]
167,102,1,1,[271]
167,149,1,1,[271]
168,54,1,1,[271]
168,199,1,1,[271]
168,207,1,1,[271]
168,222,1,1,[271]
169,104,1,1,[271]
169,203,2,1,"[271, 277]"
169,221,1,1,[271]
169,235,2,2,"[271, 283]"
170,218,1,1,[271]
170,262,1,1,[271]
171,48,1,1,[271]
171,107,1,1,[271]
171,184,1,1,[271]
171,207,1,1,[271]
172,68,2,2,"[271, 269]"
172,101,1,1,[271]
172,165,1,1,[271]
172,215,1,1,[271]
172,237,1,1,[271]
173,84,1,1,[271]
173,149,1,1,[271]
173,230,1,1,[271]
173,234,1,1,[271]
174,52,1,1,[271]
174,152,1,1,[271]
174,183,2,2,"[271, 283]"
175,76,1,1,[271]
175,148,2,1,"[271, 257]"
175,243,1,1,[271]
176,65,1,1,[271]
176,190,1,1,[271]
177,101,1,1,[271]
177,191,1,1,[271]
177,236,2,1,"[271, 269]"
178,95,1,1,[271]
178,236,1,1,[271]
179,19,1,1,[271]
179,93,2,1,"[271, 269]"
179,141,3,3,"[271, 277, 283]"
179,142,1,1,[271]
179,166,2,1,"[271, 257]"
180,165,1,1,[271]
180,249,1,1,[271]
181,48,1,1,[271]
181,107,1,1,[271]
181,184,1,1,[271]
181,207,1,1,[271]
181,256,2,2,"[271, 269]"
182,30,1,1,[271]
182,43,1,1,[271]
182,113,1,1,[271]
182,117,1,1,[271]
183,6,1,1,[271]
183,23,1,1,[271]
183,115,1,1,[271]
183,263,1,1,[271]
184,59,1,1,[271]
184,92,1,1,[271]
184,102,1,1,[271]
184,181,1,1,[271]
185,38,2,2,"[271, 283]"
185,150,1,1,[271]
185,229,2,2,"[271, 283]"
185,230,1,1,[271]
186,73,1,1,[271]
186,91,1,1,[271]
186,123,1,1,[271]
186,240,1,1,[271]
187,107,1,1,[271]
187,113,2,1,"[271, 277]"
187,146,1,1,[271]
188,12,1,1,[271]
188,84,1,1,[271]
188,165,1,1,[271]
188,208,1,1,[271]
189,38,1,1,[271]
189,96,1,1,[271]
189,130,1,1,[271]
189,236,1,1,[271]
190,48,1,1,[271]
190,107,1,1,[271]
190,184,1,1,[271]
190,207,1,1,[271]
191,19,1,1,[271]
191,95,1,1,[271]
191,111,1,1,[271]
191,123,1,1,[271]
192,127,1,1,[271]
192,192,1,1,[271]
192,221,1,1,[271]
192,261,1,1,[271]
193,105,1,1,[271]
193,152,1,1,[271]
193,157,1,1,[271]
193,215,2,2,"[271, 293]"
193,254,1,1,[271]
194,3,1,1,[271]
194,93,1,1,[271]
194,194,1,1,[271]
194,201,1,1,[271]
195,235,1,1,[271]
195,270,1,1,[271]
196,93,1,1,[271]
196,96,1,1,[271]
197,116,1,1,[271]
197,204,1,1,[271]
197,240,1,1,[271]
197,270,1,1,[271]
198,116,1,1,[271]
198,214,1,1,[271]
199,19,1,1,[271]
199,95,1,1,[271]
199,111,1,1,[271]
199,123,1,1,[271]
199,151,2,2,"[271, 283]"
200,165,1,1,[271]
200,249,1,1,[271]
201,60,1,1,[271]
201,66,1,1,[271]
201,191,1,1,[271]
201,230,1,1,[271]
202,23,1,1,[271]
202,42,1,1,[271]
202,93,2,2,"[271, 281]"
202,171,1,1,[271]
202,186,1,1,[271]
203,13,1,1,[271]
203,58,1,1,[271]
203,118,1,1,[271]
203,132,1,1,[271]
204,42,2,2,"[271, 257]"
204,109,1,1,[271]
204,147,1,1,[271]
204,192,1,1,[271]
204,216,1,1,[271]
205,12,1,1,[271]
205,181,1,1,[271]
206,43,1,1,[271]
206,84,1,1,[271]
207,27,1,1,[271]
207,132,1,1,[271]
207,135,1,1,[271]
207,172,1,1,[271]
208,60,1,1,[271]
208,66,1,1,[271]
208,191,1,1,[271]
208,230,1,1,[271]
209,101,1,1,[271]
209,165,1,1,[271]
209,215,1,1,[271]
209,237,1,1,[271]
210,22,2,1,"[271, 269]"
210,38,1,1,[271]
210,96,1,1,[271]
210,130,1,1,[271]
210,236,1,1,[271]
211,222,1,1,[271]
211,232,1,1,[271]
212,34,2,1,"[271, 277]"
212,188,1,1,[271]
212,216,1,1,[271]
213,105,2,2,"[271, 269]"
213,239,1,1,[271]
213,240,1,1,[271]
214,33,1,1,[271]
214,226,1,1,[271]
214,227,1,1,[271]
214,262,1,1,[271]
215,51,1,1,[271]
215,71,1,1,[271]
215,86,1,1,[271]
215,227,1,1,[271]
216,3,1,1,[271]
216,15,1,1,[271]
216,105,1,1,[271]
216,260,1,1,[271]
217,222,1,1,[271]
217,232,1,1,[271]
218,30,1,1,[271]
218,43,1,1,[271]
218,113,1,1,[271]
218,117,1,1,[271]
219,218,1,1,[271]
219,262,1,1,[271]
220,116,1,1,[271]
220,173,2,1,"[271, 241]"
220,214,1,1,[271]
221,142,1,1,[271]
221,181,1,1,[271]
221,191,1,1,[271]
221,203,1,1,[271]
222,75,1,1,[271]
222,152,1,1,[271]
222,171,1,1,[271]
222,218,1,1,[271]
223,9,2,1,"[271, 257]"
223,73,1,1,[271]
223,130,1,1,[271]
223,210,3,2,"[271, 283, 277]"
224,15,1,1,[271]
224,23,1,1,[271]
224,71,2,2,"[271, 283]"
225,86,1,1,[271]
225,115,1,1,[271]
225,264,2,2,"[271, 283]"
226,61,2,1,"[271, 283]"
226,142,1,1,[271]
226,181,1,1,[271]
226,191,1,1,[271]
226,203,1,1,[271]
227,127,1,1,[271]
227,192,1,1,[271]
227,221,1,1,[271]
227,261,1,1,[271]
228,171,1,1,[271]
228,194,1,1,[271]
229,19,1,1,[271]
229,142,1,1,[271]
230,27,1,1,[271]
230,132,1,1,[271]
230,135,1,1,[271]
230,172,1,1,[271]
231,29,1,1,[271]
231,46,1,1,[271]
231,86,1,1,[271]
231,159,1,1,[271]
232,26,1,1,[271]
232,137,1,1,[271]
232,146,1,1,[271]
232,190,1,1,[271]
233,24,1,1,[271]
233,51,1,1,[271]
234,24,1,1,[271]
234,197,1,1,[271]
234,202,1,1,[271]
234,253,1,1,[271]
235,29,1,1,[271]
235,46,1,1,[271]
235,86,1,1,[271]
235,159,1,1,[271]
235,170,2,2,"[271, 283]"
236,23,1,1,[271]
236,42,1,1,[271]
236,171,1,1,[271]
236,186,1,1,[271]
237,84,1,1,[271]
237,149,1,1,[271]
237,164,2,2,"[271, 269]"
237,230,1,1,[271]
237,234,1,1,[271]
238,254,1,1,[271]
238,263,1,1,[271]
239,12,1,1,[271]
239,84,1,1,[271]
239,165,1,1,[271]
239,208,1,1,[271]
240,3,1,1,[271]
240,15,1,1,[271]
240,105,1,1,[271]
240,260,1,1,[271]
241,92,1,1,[271]
241,123,1,1,[271]
241,126,2,1,"[271, 283]"
241,201,2,2,"[271, 277]"
242,202,1,1,[271]
242,226,1,1,[271]
243,104,1,1,[271]
243,131,1,1,[271]
243,193,1,1,[271]
243,243,1,1,[271]
244,92,1,1,[271]
244,94,2,1,"[271, 257]"
244,123,1,1,[271]
245,188,1,1,[271]
245,216,1,1,[271]
246,6,1,1,[271]
246,23,1,1,[271]
246,110,2,2,"[271, 277]"
246,115,1,1,[271]
246,263,1,1,[271]
247,132,1,1,[271]
247,145,1,1,[271]
248,9,3,3,"[271, 263, 277]"
248,104,1,1,[271]
248,221,1,1,[271]
249,116,1,1,[271]
249,204,1,1,[271]
249,240,1,1,[271]
249,270,1,1,[271]
250,86,1,1,[271]
250,91,2,1,"[271, 263]"
250,115,1,1,[271]
251,104,1,1,[271]
251,117,1,1,[271]
251,249,1,1,[271]
251,251,1,1,[271]
252,131,1,1,[271]
252,237,1,1,[271]
253,79,2,1,"[271, 257]"
253,104,1,1,[271]
253,117,1,1,[271]
253,249,1,1,[271]
253,251,1,1,[271]
254,75,1,1,[271]
254,152,1,1,[271]
254,171,1,1,[271]
254,178,2,2,"[271, 257]"
254,218,1,1,[271]
255,105,1,1,[271]
255,152,1,1,[271]
255,157,1,1,[271]
255,254,1,1,[271]
256,25,2,2,"[271, 283]"
256,29,1,1,[271]
256,200,2,1,"[271, 269]"
256,231,1,1,[271]
257,108,1,1,[271]
257,130,1,1,[271]
257,214,1,1,[271]
257,246,1,1,[271]
258,95,1,1,[271]
258,236,1,1,[271]
259,43,1,1,[271]
259,84,1,1,[271]
259,199,2,1,"[271, 269]"
260,24,1,1,[271]
260,197,1,1,[271]
260,202,1,1,[271]
260,253,1,1,[271]
261,114,2,1,"[271, 269]"
261,173,1,1,[271]
261,209,1,1,[271]
261,214,1,1,[271]
261,257,1,1,[271]
262,82,2,1,"[271, 281]"
262,173,1,1,[271]
262,209,1,1,[271]
262,214,1,1,[271]
262,257,1,1,[271]
263,26,1,1,[271]
263,137,1,1,[271]
263,146,1,1,[271]
263,190,1,1,[271]
264,11,2,1,"[271, 277]"
264,13,1,1,[271]
264,58,1,1,[271]
264,118,1,1,[271]
264,132,1,1,[271]
264,160,2,2,"[271, 277]"
265,52,1,1,[271]
265,152,1,1,[271]
266,13,1,1,[271]
266,65,1,1,[271]
266,133,1,1,[271]
266,184,1,1,[271]
267,19,1,1,[271]
267,47,1,1,[271]
267,189,1,1,[271]
267,235,1,1,[271]
268,107,1,1,[271]
268,146,1,1,[271]
268,176,2,1,"[271, 283]"
269,51,1,1,[271]
269,71,1,1,[271]
269,86,1,1,[271]
269,227,1,1,[271]
270,104,1,1,[271]
270,131,1,1,[271]
270,193,1,1,[271]
270,243,1,1,[271]
0,46,2,2,"[277, 283]"
0,65,2,2,"[277, 283]"
0,182,2,2,"[277, 283]"
0,184,2,2,"[277, 283]"
0,221,2,2,"[277, 283]"
0,234,2,2,"[277, 283]"
0,259,2,2,"[277, 283]"
0,260,2,2,"[277, 283]"
1,20,1,1,[277]
1,69,1,1,[277]
1,86,1,1,[277]
1,191,1,1,[277]
1,208,1,1,[277]
1,257,1,1,[277]
2,17,1,1,[277]
2,126,1,1,[277]
2,151,1,1,[277]
2,260,1,1,[277]
3,23,1,1,[277]
3,41,1,1,[277]
3,44,1,1,[277]
3,59,2,1,"[277, 271]"
3,116,2,2,"[277, 269]"
3,233,1,1,[277]
3,236,1,1,[277]
3,254,1,1,[277]
4,113,1,1,[277]
4,164,1,1,[277]
5,63,2,2,"[277, 283]"
5,78,1,1,[277]
5,87,1,1,[277]
5,190,1,1,[277]
5,199,1,1,[277]
5,237,2,2,"[277, 281]"
6,18,1,1,[277]
6,111,1,1,[277]
6,166,1,1,[277]
6,259,1,1,[277]
7,27,1,1,[277]
7,250,1,1,[277]
8,107,1,1,[277]
8,130,1,1,[277]
8,147,1,1,[277]
8,170,1,1,[277]
9,14,1,1,[277]
9,76,1,1,[277]
9,106,1,1,[277]
9,171,1,1,[277]
9,201,1,1,[277]
9,263,1,1,[277]
10,10,1,1,[277]
10,17,1,1,[277]
10,66,1,1,[277]
10,211,1,1,[277]
10,260,1,1,[277]
10,267,1,1,[277]
11,6,1,1,[277]
11,14,1,1,[277]
11,263,1,1,[277]
11,271,1,1,[277]
12,27,1,1,[277]
12,250,1,1,[277]
13,16,1,1,[277]
13,261,1,1,[277]
14,9,1,1,[277]
14,97,1,1,[277]
14,180,1,1,[277]
14,235,2,2,"[277, 281]"
14,268,1,1,[277]
15,50,1,1,[277]
15,136,1,1,[277]
15,141,1,1,[277]
15,149,2,2,"[277, 281]"
15,227,1,1,[277]
16,16,1,1,[277]
16,36,1,1,[277]
16,105,1,1,[277]
16,172,1,1,[277]
16,229,2,2,"[277, 281]"
16,241,1,1,[277]
16,261,1,1,[277]
17,80,1,1,[277]
17,124,1,1,[277]
17,153,1,1,[277]
17,197,1,1,[277]
18,78,1,1,[277]
18,95,1,1,[277]
18,96,2,1,"[277, 251]"
18,182,1,1,[277]
18,199,1,1,[277]
19,13,1,1,[277]
19,40,1,1,[277]
19,68,1,1,[277]
19,209,1,1,[277]
19,237,1,1,[277]
19,264,1,1,[277]
20,24,1,1,[277]
20,56,1,1,[277]
20,153,2,1,"[277, 251]"
20,221,1,1,[277]
20,253,1,1,[277]
21,4,1,1,[277]
21,273,1,1,[277]
22,21,1,1,[277]
22,256,1,1,[277]
23,4,1,1,[277]
23,9,1,1,[277]
23,43,1,1,[277]
23,234,1,1,[277]
23,268,1,1,[277]
23,273,1,1,[277]
24,9,1,1,[277]
24,97,1,1,[277]
24,180,1,1,[277]
24,268,1,1,[277]
25,69,1,1,[277]
25,208,1,1,[277]
26,59,3,2,"[277, 257, 251]"
26,78,1,1,[277]
26,87,1,1,[277]
26,190,1,1,[277]
26,199,1,1,[277]
27,1,1,1,[277]
27,67,1,1,[277]
27,80,1,1,[277]
27,197,1,1,[277]
27,210,1,1,[277]
27,276,1,1,[277]
28,46,1,1,[277]
28,87,1,1,[277]
28,131,1,1,[277]
28,146,1,1,[277]
28,190,1,1,[277]
28,231,1,1,[277]
28,264,2,2,"[277, 271]"
29,84,1,1,[277]
29,193,1,1,[277]
30,18,1,1,[277]
30,21,1,1,[277]
30,22,1,1,[277]
30,255,1,1,[277]
30,256,1,1,[277]
30,259,1,1,[277]
31,97,1,1,[277]
31,134,1,1,[277]
31,143,1,1,[277]
31,180,1,1,[277]
32,20,1,1,[277]
32,31,1,1,[277]
32,246,1,1,[277]
32,257,1,1,[277]
33,80,1,1,[277]
33,124,1,1,[277]
33,153,1,1,[277]
33,197,1,1,[277]
34,120,1,1,[277]
34,157,1,1,[277]
35,43,1,1,[277]
35,58,1,1,[277]
35,219,1,1,[277]
35,234,1,1,[277]
36,4,1,1,[277]
36,235,3,1,"[277, 283, 271]"
36,273,1,1,[277]
37,135,1,1,[277]
37,137,1,1,[277]
37,140,1,1,[277]
37,142,1,1,[277]
38,53,1,1,[277]
38,96,1,1,[277]
38,181,1,1,[277]
38,224,1,1,[277]
39,35,2,1,"[277, 251]"
39,131,1,1,[277]
39,146,1,1,[277]
40,84,1,1,[277]
40,193,1,1,[277]
41,108,1,1,[277]
41,169,1,1,[277]
42,91,1,1,[277]
42,119,1,1,[277]
42,158,1,1,[277]
42,186,1,1,[277]
42,216,2,2,"[277, 281]"
43,17,1,1,[277]
43,126,1,1,[277]
43,151,1,1,[277]
43,260,1,1,[277]
44,7,1,1,[277]
44,137,1,1,[277]
44,140,1,1,[277]
44,270,1,1,[277]
45,60,2,2,"[277, 281]"
45,110,1,1,[277]
45,133,1,1,[277]
45,144,1,1,[277]
45,167,1,1,[277]
46,5,1,1,[277]
46,77,1,1,[277]
46,200,1,1,[277]
46,272,1,1,[277]
47,108,1,1,[277]
47,169,1,1,[277]
47,196,2,1,"[277, 293]"
47,227,2,2,"[277, 251]"
47,251,2,1,"[277, 283]"
48,46,1,1,[277]
48,87,1,1,[277]
48,131,1,1,[277]
48,146,1,1,[277]
48,190,1,1,[277]
48,231,1,1,[277]
49,65,1,1,[277]
49,122,1,1,[277]
49,136,1,1,[277]
49,141,1,1,[277]
49,155,1,1,[277]
49,212,1,1,[277]
50,23,1,1,[277]
50,94,1,1,[277]
50,183,1,1,[277]
50,184,2,1,"[277, 293]"
50,254,1,1,[277]
51,101,1,1,[277]
51,115,1,1,[277]
51,162,1,1,[277]
51,176,1,1,[277]
52,10,1,1,[277]
52,17,1,1,[277]
52,66,1,1,[277]
52,211,1,1,[277]
52,260,1,1,[277]
52,267,1,1,[277]
53,50,1,1,[277]
53,68,1,1,[277]
53,209,1,1,[277]
53,227,1,1,[277]
54,50,1,1,[277]
54,68,1,1,[277]
54,209,1,1,[277]
54,227,1,1,[277]
55,14,1,1,[277]
55,76,1,1,[277]
55,106,1,1,[277]
55,171,1,1,[277]
55,201,1,1,[277]
55,263,1,1,[277]
56,44,1,1,[277]
56,98,1,1,[277]
56,179,1,1,[277]
56,233,1,1,[277]
57,72,1,1,[277]
57,84,1,1,[277]
57,88,1,1,[277]
57,189,1,1,[277]
57,193,1,1,[277]
57,201,2,2,"[277, 271]"
57,205,1,1,[277]
58,6,1,1,[277]
58,28,1,1,[277]
58,249,1,1,[277]
58,271,1,1,[277]
59,21,1,1,[277]
59,166,2,1,"[277, 257]"
59,256,1,1,[277]
60,43,1,1,[277]
60,58,1,1,[277]
60,219,1,1,[277]
60,234,1,1,[277]
61,46,1,1,[277]
61,99,1,1,[277]
61,178,1,1,[277]
61,231,1,1,[277]
62,76,1,1,[277]
62,201,1,1,[277]
63,102,1,1,[277]
63,175,1,1,[277]
64,30,1,1,[277]
64,247,1,1,[277]
65,46,1,1,[277]
65,99,1,1,[277]
65,178,1,1,[277]
65,231,1,1,[277]
66,90,2,2,"[277, 293]"
66,120,1,1,[277]
66,157,1,1,[277]
67,16,1,1,[277]
67,36,1,1,[277]
67,105,1,1,[277]
67,157,2,2,"[277, 271]"
67,172,1,1,[277]
67,229,2,1,"[277, 281]"
67,241,1,1,[277]
67,261,1,1,[277]
68,31,1,1,[277]
68,40,1,1,[277]
68,57,2,1,"[277, 283]"
68,237,1,1,[277]
68,246,1,1,[277]
69,91,1,1,[277]
69,102,1,1,[277]
69,127,1,1,[277]
69,150,1,1,[277]
69,175,1,1,[277]
69,186,1,1,[277]
70,74,1,1,[277]
70,203,1,1,[277]
71,23,1,1,[277]
71,41,1,1,[277]
71,44,1,1,[277]
71,233,1,1,[277]
71,236,1,1,[277]
71,254,1,1,[277]
72,91,1,1,[277]
72,119,1,1,[277]
72,158,1,1,[277]
72,186,1,1,[277]
73,5,1,1,[277]
73,77,1,1,[277]
73,180,2,1,"[277, 251]"
73,200,1,1,[277]
73,219,2,2,"[277, 257]"
73,272,1,1,[277]
74,64,1,1,[277]
74,97,2,1,"[277, 257]"
74,213,1,1,[277]
75,41,1,1,[277]
75,236,1,1,[277]
76,59,1,1,[277]
76,218,1,1,[277]
77,31,1,1,[277]
77,40,1,1,[277]
77,237,1,1,[277]
77,246,1,1,[277]
78,50,1,1,[277]
78,136,1,1,[277]
78,141,1,1,[277]
78,227,1,1,[277]
79,4,1,1,[277]
79,9,1,1,[277]
79,43,1,1,[277]
79,214,2,1,"[277, 269]"
79,234,1,1,[277]
79,268,1,1,[277]
79,273,1,1,[277]
80,6,1,1,[277]
80,28,1,1,[277]
80,249,1,1,[277]
80,271,1,1,[277]
81,92,1,1,[277]
81,94,2,2,"[277, 271]"
81,101,1,1,[277]
81,113,1,1,[277]
81,164,1,1,[277]
81,176,1,1,[277]
81,185,1,1,[277]
82,36,1,1,[277]
82,50,3,2,"[277, 271, 269]"
82,111,1,1,[277]
82,166,1,1,[277]
82,168,2,2,"[277, 281]"
82,241,1,1,[277]
83,39,3,3,"[277, 293, 271]"
83,52,1,1,[277]
83,225,1,1,[277]
84,65,1,1,[277]
84,122,1,1,[277]
84,136,1,1,[277]
84,141,1,1,[277]
84,155,1,1,[277]
84,212,1,1,[277]
85,1,1,1,[277]
85,3,2,2,"[277, 281]"
85,67,1,1,[277]
85,80,1,1,[277]
85,197,1,1,[277]
85,210,1,1,[277]
85,276,1,1,[277]
86,113,1,1,[277]
86,164,1,1,[277]
86,274,2,1,"[277, 283]"
87,25,2,2,"[277, 283]"
87,74,1,1,[277]
87,203,1,1,[277]
88,5,1,1,[277]
88,52,1,1,[277]
88,117,1,1,[277]
88,160,1,1,[277]
88,186,2,2,"[277, 269]"
88,225,1,1,[277]
88,272,1,1,[277]
89,41,1,1,[277]
89,236,1,1,[277]
90,7,1,1,[277]
90,95,1,1,[277]
90,120,1,1,[277]
90,157,1,1,[277]
90,170,2,1,"[277, 283]"
90,182,1,1,[277]
90,270,1,1,[277]
91,18,1,1,[277]
91,21,1,1,[277]
91,22,1,1,[277]
91,255,1,1,[277]
91,256,1,1,[277]
91,259,1,1,[277]
92,131,1,1,[277]
92,146,1,1,[277]
92,248,2,1,"[277, 293]"
93,93,1,1,[277]
93,119,1,1,[277]
93,158,1,1,[277]
93,184,1,1,[277]
94,36,1,1,[277]
94,111,1,1,[277]
94,166,1,1,[277]
94,241,1,1,[277]
95,92,1,1,[277]
95,99,1,1,[277]
95,178,1,1,[277]
95,185,1,1,[277]
96,44,1,1,[277]
96,98,1,1,[277]
96,140,2,1,"[277, 251]"
96,179,1,1,[277]
96,233,1,1,[277]
97,107,1,1,[277]
97,130,1,1,[277]
97,147,1,1,[277]
97,170,1,1,[277]
97,269,2,1,"[277, 281]"
98,6,1,1,[277]
98,14,1,1,[277]
98,263,1,1,[277]
98,271,1,1,[277]
99,101,1,1,[277]
99,115,1,1,[277]
99,162,1,1,[277]
99,176,1,1,[277]
100,27,1,1,[277]
100,31,2,2,"[277, 283]"
100,56,1,1,[277]
100,130,1,1,[277]
100,140,2,2,"[277, 263]"
100,147,1,1,[277]
100,221,1,1,[277]
100,250,1,1,[277]
101,36,1,1,[277]
101,111,1,1,[277]
101,166,1,1,[277]
101,241,1,1,[277]
102,13,1,1,[277]
102,264,1,1,[277]
103,13,2,1,"[277, 281]"
103,135,1,1,[277]
103,137,1,1,[277]
103,140,1,1,[277]
103,142,1,1,[277]
104,24,1,1,[277]
104,56,1,1,[277]
104,221,1,1,[277]
104,253,1,1,[277]
105,94,1,1,[277]
105,127,1,1,[277]
105,150,1,1,[277]
105,183,1,1,[277]
106,102,1,1,[277]
106,175,1,1,[277]
106,265,2,2,"[277, 283]"
107,22,1,1,[277]
107,114,1,1,[277]
107,163,1,1,[277]
107,255,1,1,[277]
108,102,1,1,[277]
108,175,1,1,[277]
109,58,1,1,[277]
109,86,1,1,[277]
109,191,1,1,[277]
109,219,1,1,[277]
110,78,1,1,[277]
110,95,1,1,[277]
110,182,1,1,[277]
110,199,1,1,[277]
111,20,1,1,[277]
111,31,1,1,[277]
111,246,1,1,[277]
111,257,1,1,[277]
112,66,1,1,[277]
112,211,1,1,[277]
113,41,1,1,[277]
113,236,1,1,[277]
114,45,1,1,[277]
114,105,1,1,[277]
114,172,1,1,[277]
114,232,1,1,[277]
115,7,1,1,[277]
115,137,1,1,[277]
115,140,1,1,[277]
115,191,2,2,"[277, 281]"
115,270,1,1,[277]
116,20,1,1,[277]
116,69,1,1,[277]
116,86,1,1,[277]
116,191,1,1,[277]
116,208,1,1,[277]
116,257,1,1,[277]
117,122,1,1,[277]
117,155,1,1,[277]
118,7,1,1,[277]
118,137,1,1,[277]
118,140,1,1,[277]
118,270,1,1,[277]
119,88,1,1,[277]
119,98,1,1,[277]
119,179,1,1,[277]
119,189,1,1,[277]
119,245,2,1,"[277, 263]"
120,25,2,1,"[277, 283]"
120,74,1,1,[277]
120,203,1,1,[277]
121,1,1,1,[277]
121,276,1,1,[277]
122,69,1,1,[277]
122,208,1,1,[277]
122,232,2,1,"[277, 251]"
123,16,1,1,[277]
123,261,1,1,[277]
124,26,3,3,"[277, 263, 269]"
124,45,1,1,[277]
124,67,1,1,[277]
124,210,1,1,[277]
124,232,1,1,[277]
125,44,1,1,[277]
125,98,1,1,[277]
125,179,1,1,[277]
125,233,1,1,[277]
126,28,2,2,"[277, 283]"
126,34,1,1,[277]
126,126,1,1,[277]
126,151,1,1,[277]
126,243,1,1,[277]
127,101,1,1,[277]
127,115,1,1,[277]
127,162,1,1,[277]
127,176,1,1,[277]
127,273,2,1,"[277, 293]"
128,10,1,1,[277]
128,77,1,1,[277]
128,200,1,1,[277]
128,267,1,1,[277]
129,18,1,1,[277]
129,111,1,1,[277]
129,166,1,1,[277]
129,259,1,1,[277]
130,69,1,1,[277]
130,208,1,1,[277]
131,19,1,1,[277]
131,112,1,1,[277]
131,135,1,1,[277]
131,142,1,1,[277]
131,165,1,1,[277]
131,258,1,1,[277]
132,31,1,1,[277]
132,40,1,1,[277]
132,237,1,1,[277]
132,246,1,1,[277]
133,19,1,1,[277]
133,106,2,1,"[277, 269]"
133,258,1,1,[277]
134,20,1,1,[277]
134,31,1,1,[277]
134,246,1,1,[277]
134,257,1,1,[277]
135,35,1,1,[277]
135,71,1,1,[277]
135,206,1,1,[277]
135,242,1,1,[277]
136,11,1,1,[277]
136,59,1,1,[277]
136,75,1,1,[277]
136,202,1,1,[277]
136,218,1,1,[277]
136,266,1,1,[277]
137,126,3,1,"[277, 251, 239]"
137,135,1,1,[277]
137,137,1,1,[277]
137,140,1,1,[277]
137,142,1,1,[277]
137,236,2,1,"[277, 293]"
138,11,1,1,[277]
138,94,2,2,"[277, 257]"
138,114,1,1,[277]
138,163,1,1,[277]
138,266,1,1,[277]
139,6,1,1,[277]
139,28,1,1,[277]
139,249,1,1,[277]
139,271,1,1,[277]
140,117,1,1,[277]
140,124,1,1,[277]
140,153,1,1,[277]
140,160,1,1,[277]
141,16,1,1,[277]
141,261,1,1,[277]
142,18,1,1,[277]
142,111,1,1,[277]
142,166,1,1,[277]
142,259,1,1,[277]
143,75,1,1,[277]
143,115,1,1,[277]
143,162,1,1,[277]
143,202,1,1,[277]
144,65,1,1,[277]
144,122,1,1,[277]
144,136,1,1,[277]
144,141,1,1,[277]
144,155,1,1,[277]
144,212,1,1,[277]
145,35,1,1,[277]
145,50,3,2,"[277, 251, 257]"
145,103,1,1,[277]
145,174,1,1,[277]
145,242,1,1,[277]
146,48,2,2,"[277, 283]"
146,131,1,1,[277]
146,146,1,1,[277]
147,64,1,1,[277]
147,133,1,1,[277]
147,134,1,1,[277]
147,143,1,1,[277]
147,144,1,1,[277]
147,213,1,1,[277]
148,35,1,1,[277]
148,71,1,1,[277]
148,206,1,1,[277]
148,242,1,1,[277]
149,78,1,1,[277]
149,95,1,1,[277]
149,182,1,1,[277]
149,199,1,1,[277]
150,96,1,1,[277]
150,106,1,1,[277]
150,171,1,1,[277]
150,181,1,1,[277]
151,27,2,2,"[277, 281]"
151,46,1,1,[277]
151,99,1,1,[277]
151,178,1,1,[277]
151,231,1,1,[277]
152,24,1,1,[277]
152,60,2,1,"[277, 263]"
152,112,1,1,[277]
152,165,1,1,[277]
152,253,1,1,[277]
153,24,1,1,[277]
153,56,1,1,[277]
153,221,1,1,[277]
153,253,1,1,[277]
154,11,1,1,[277]
154,59,1,1,[277]
154,75,1,1,[277]
154,100,2,2,"[277, 281]"
154,202,1,1,[277]
154,218,1,1,[277]
154,266,1,1,[277]
155,64,1,1,[277]
155,133,1,1,[277]
155,134,1,1,[277]
155,143,1,1,[277]
155,144,1,1,[277]
155,213,1,1,[277]
155,261,2,1,"[277, 271]"
156,18,1,1,[277]
156,21,1,1,[277]
156,22,1,1,[277]
156,255,1,1,[277]
156,256,1,1,[277]
156,259,1,1,[277]
157,34,1,1,[277]
157,53,1,1,[277]
157,108,1,1,[277]
157,169,1,1,[277]
157,224,1,1,[277]
157,243,1,1,[277]
158,5,1,1,[277]
158,77,1,1,[277]
158,200,1,1,[277]
158,272,1,1,[277]
159,72,1,1,[277]
159,110,1,1,[277]
159,128,2,1,"[277, 311]"
159,167,1,1,[277]
159,205,1,1,[277]
160,20,1,1,[277]
160,69,1,1,[277]
160,86,1,1,[277]
160,191,1,1,[277]
160,208,1,1,[277]
160,229,2,2,"[277, 269]"
160,257,1,1,[277]
161,122,1,1,[277]
161,155,1,1,[277]
162,72,1,1,[277]
162,110,1,1,[277]
162,167,1,1,[277]
162,205,1,1,[277]
163,91,1,1,[277]
163,119,1,1,[277]
163,158,1,1,[277]
163,186,1,1,[277]
164,30,1,1,[277]
164,71,1,1,[277]
164,93,1,1,[277]
164,184,1,1,[277]
164,206,1,1,[277]
164,247,1,1,[277]
165,1,1,1,[277]
165,67,1,1,[277]
165,80,1,1,[277]
165,197,1,1,[277]
165,210,1,1,[277]
165,276,1,1,[277]
166,75,1,1,[277]
166,115,1,1,[277]
166,130,2,2,"[277, 281]"
166,162,1,1,[277]
166,202,1,1,[277]
167,10,1,1,[277]
167,77,1,1,[277]
167,200,1,1,[277]
167,267,1,1,[277]
168,6,1,1,[277]
168,14,1,1,[277]
168,263,1,1,[277]
168,271,1,1,[277]
169,28,1,1,[277]
169,74,1,1,[277]
169,103,1,1,[277]
169,174,1,1,[277]
169,203,1,1,[277]
169,249,1,1,[277]
170,50,1,1,[277]
170,68,1,1,[277]
170,74,2,2,"[277, 293]"
170,209,1,1,[277]
170,227,1,1,[277]
171,28,1,1,[277]
171,74,1,1,[277]
171,103,1,1,[277]
171,174,1,1,[277]
171,203,1,1,[277]
171,249,1,1,[277]
172,107,1,1,[277]
172,130,1,1,[277]
172,147,1,1,[277]
172,170,1,1,[277]
173,45,1,1,[277]
173,67,1,1,[277]
173,210,1,1,[277]
173,232,1,1,[277]
174,117,1,1,[277]
174,124,1,1,[277]
174,153,1,1,[277]
174,160,1,1,[277]
175,4,1,1,[277]
175,9,1,1,[277]
175,43,1,1,[277]
175,98,2,1,"[277, 283]"
175,234,1,1,[277]
175,268,1,1,[277]
175,273,1,1,[277]
176,65,1,1,[277]
176,107,1,1,[277]
176,170,1,1,[277]
176,212,1,1,[277]
176,232,2,1,"[277, 251]"
177,120,1,1,[277]
177,157,1,1,[277]
178,96,1,1,[277]
178,106,1,1,[277]
178,171,1,1,[277]
178,181,1,1,[277]
179,58,1,1,[277]
179,86,1,1,[277]
179,141,3,3,"[277, 283, 271]"
179,191,1,1,[277]
179,219,1,1,[277]
180,94,1,1,[277]
180,127,1,1,[277]
180,150,1,1,[277]
180,183,1,1,[277]
181,24,1,1,[277]
181,112,1,1,[277]
181,165,1,1,[277]
181,253,1,1,[277]
182,43,1,1,[277]
182,58,1,1,[277]
182,219,1,1,[277]
182,234,1,1,[277]
183,65,1,1,[277]
183,107,1,1,[277]
183,170,1,1,[277]
183,212,1,1,[277]
184,50,1,1,[277]
184,136,1,1,[277]
184,141,1,1,[277]
184,165,2,1,"[277, 283]"
184,227,1,1,[277]
185,12,2,1,"[277, 283]"
185,19,1,1,[277]
185,112,1,1,[277]
185,135,1,1,[277]
185,142,1,1,[277]
185,165,1,1,[277]
185,258,1,1,[277]
186,1,1,1,[277]
186,276,1,1,[277]
187,113,1,1,[277]
187,164,1,1,[277]
188,30,1,1,[277]
188,71,1,1,[277]
188,93,1,1,[277]
188,184,1,1,[277]
188,191,3,2,"[277, 269, 257]"
188,206,1,1,[277]
188,247,1,1,[277]
189,108,1,1,[277]
189,136,2,1,"[277, 269]"
189,169,1,1,[277]
190,34,1,1,[277]
190,39,2,1,"[277, 269]"
190,53,1,1,[277]
190,107,2,1,"[277, 271]"
190,108,1,1,[277]
190,169,1,1,[277]
190,224,1,1,[277]
190,243,1,1,[277]
191,7,1,1,[277]
191,95,1,1,[277]
191,120,1,1,[277]
191,157,1,1,[277]
191,182,1,1,[277]
191,270,1,1,[277]
192,66,1,1,[277]
192,205,2,1,"[277, 269]"
192,211,1,1,[277]
193,19,1,1,[277]
193,258,1,1,[277]
194,16,1,1,[277]
194,36,1,1,[277]
194,105,1,1,[277]
194,172,1,1,[277]
194,241,1,1,[277]
194,261,1,1,[277]
195,65,1,1,[277]
195,107,1,1,[277]
195,170,1,1,[277]
195,200,2,2,"[277, 257]"
195,212,1,1,[277]
195,247,2,2,"[277, 293]"
196,21,1,1,[277]
196,256,1,1,[277]
197,11,1,1,[277]
197,114,1,1,[277]
197,163,1,1,[277]
197,266,1,1,[277]
198,13,1,1,[277]
198,165,2,2,"[277, 257]"
198,264,1,1,[277]
199,93,1,1,[277]
199,119,1,1,[277]
199,158,1,1,[277]
199,184,1,1,[277]
200,35,1,1,[277]
200,103,1,1,[277]
200,174,1,1,[277]
200,242,1,1,[277]
201,10,3,1,"[277, 307, 317]"
201,46,1,1,[277]
201,87,1,1,[277]
201,131,1,1,[277]
201,146,1,1,[277]
201,190,1,1,[277]
201,231,1,1,[277]
202,30,1,1,[277]
202,71,1,1,[277]
202,93,1,1,[277]
202,94,2,1,"[277, 263]"
202,184,1,1,[277]
202,206,1,1,[277]
202,247,1,1,[277]
203,23,1,1,[277]
203,41,1,1,[277]
203,44,1,1,[277]
203,233,1,1,[277]
203,236,1,1,[277]
203,254,1,1,[277]
204,88,1,1,[277]
204,98,1,1,[277]
204,148,2,1,"[277, 281]"
204,179,1,1,[277]
204,189,1,1,[277]
204,216,2,1,"[277, 271]"
205,45,1,1,[277]
205,105,1,1,[277]
205,172,1,1,[277]
205,232,1,1,[277]
206,64,1,1,[277]
206,213,1,1,[277]
207,27,2,1,"[277, 271]"
207,34,1,1,[277]
207,53,1,1,[277]
207,108,1,1,[277]
207,169,1,1,[277]
207,224,1,1,[277]
207,243,1,1,[277]
208,84,1,1,[277]
208,193,1,1,[277]
209,35,1,1,[277]
209,103,1,1,[277]
209,174,1,1,[277]
209,242,1,1,[277]
210,52,1,1,[277]
210,225,1,1,[277]
211,27,1,1,[277]
211,56,1,1,[277]
211,130,1,1,[277]
211,147,1,1,[277]
211,221,1,1,[277]
211,250,1,1,[277]
212,34,1,1,[277]
212,126,1,1,[277]
212,151,1,1,[277]
212,243,1,1,[277]
213,14,1,1,[277]
213,76,1,1,[277]
213,106,1,1,[277]
213,171,1,1,[277]
213,201,1,1,[277]
213,263,1,1,[277]
214,28,1,1,[277]
214,74,1,1,[277]
214,103,1,1,[277]
214,174,1,1,[277]
214,203,1,1,[277]
214,249,1,1,[277]
215,10,1,1,[277]
215,17,1,1,[277]
215,66,1,1,[277]
215,71,2,1,"[277, 271]"
215,211,1,1,[277]
215,227,2,1,"[277, 271]"
215,260,1,1,[277]
215,267,1,1,[277]
216,5,2,2,"[277, 293]"
216,32,2,2,"[277, 281]"
216,34,1,1,[277]
216,126,1,1,[277]
216,151,1,1,[277]
216,243,1,1,[277]
217,22,2,2,"[277, 283]"
217,92,1,1,[277]
217,99,1,1,[277]
217,178,1,1,[277]
217,185,1,1,[277]
218,92,1,1,[277]
218,101,1,1,[277]
218,113,1,1,[277]
218,164,1,1,[277]
218,176,1,1,[277]
218,185,1,1,[277]
219,11,1,1,[277]
219,114,1,1,[277]
219,163,1,1,[277]
219,208,2,1,"[277, 293]"
219,266,1,1,[277]
220,4,1,1,[277]
220,273,1,1,[277]
221,24,1,1,[277]
221,112,1,1,[277]
221,165,1,1,[277]
221,253,1,1,[277]
222,30,1,1,[277]
222,161,3,2,"[277, 293, 317]"
222,189,2,1,"[277, 257]"
222,247,1,1,[277]
223,22,1,1,[277]
223,114,1,1,[277]
223,163,1,1,[277]
223,210,2,2,"[277, 283]"
223,255,1,1,[277]
224,22,1,1,[277]
224,114,1,1,[277]
224,121,2,1,"[277, 283]"
224,163,1,1,[277]
224,255,1,1,[277]
225,76,1,1,[277]
225,201,1,1,[277]
225,220,2,1,"[277, 293]"
226,36,2,2,"[277, 281]"
226,96,1,1,[277]
226,106,1,1,[277]
226,171,1,1,[277]
226,181,1,1,[277]
227,40,2,2,"[277, 263]"
227,80,1,1,[277]
227,124,1,1,[277]
227,153,1,1,[277]
227,197,1,1,[277]
228,19,1,1,[277]
228,258,1,1,[277]
229,59,1,1,[277]
229,218,1,1,[277]
230,5,1,1,[277]
230,52,1,1,[277]
230,91,3,2,"[277, 269, 239]"
230,117,1,1,[277]
230,156,2,2,"[277, 281]"
230,160,1,1,[277]
230,225,1,1,[277]
230,272,1,1,[277]
231,88,1,1,[277]
231,98,1,1,[277]
231,179,1,1,[277]
231,189,1,1,[277]
232,17,1,1,[277]
232,126,1,1,[277]
232,151,1,1,[277]
232,260,1,1,[277]
233,72,1,1,[277]
233,110,1,1,[277]
233,167,1,1,[277]
233,205,1,1,[277]
234,110,1,1,[277]
234,133,1,1,[277]
234,144,1,1,[277]
234,167,1,1,[277]
235,45,1,1,[277]
235,105,1,1,[277]
235,172,1,1,[277]
235,232,1,1,[277]
236,5,1,1,[277]
236,52,1,1,[277]
236,117,1,1,[277]
236,160,1,1,[277]
236,225,1,1,[277]
236,272,1,1,[277]
237,91,1,1,[277]
237,102,1,1,[277]
237,127,1,1,[277]
237,150,1,1,[277]
237,164,3,2,"[277, 271, 269]"
237,175,1,1,[277]
237,186,1,1,[277]
238,19,1,1,[277]
238,112,1,1,[277]
238,135,1,1,[277]
238,142,1,1,[277]
238,165,1,1,[277]
238,258,1,1,[277]
239,9,1,1,[277]
239,73,2,2,"[277, 281]"
239,97,1,1,[277]
239,180,1,1,[277]
239,268,1,1,[277]
240,15,2,1,"[277, 271]"
240,117,1,1,[277]
240,124,1,1,[277]
240,153,1,1,[277]
240,160,1,1,[277]
241,72,1,1,[277]
241,84,1,1,[277]
241,88,1,1,[277]
241,189,1,1,[277]
241,193,1,1,[277]
241,201,2,2,"[277, 271]"
241,205,1,1,[277]
242,92,1,1,[277]
242,99,1,1,[277]
242,178,1,1,[277]
242,185,1,1,[277]
242,255,2,1,"[277, 283]"
243,27,1,1,[277]
243,31,2,2,"[277, 283]"
243,56,1,1,[277]
243,130,1,1,[277]
243,140,3,2,"[277, 263, 281]"
243,147,1,1,[277]
243,221,1,1,[277]
243,250,1,1,[277]
244,23,1,1,[277]
244,34,2,2,"[277, 281]"
244,94,1,1,[277]
244,183,1,1,[277]
244,254,1,1,[277]
245,75,1,1,[277]
245,115,1,1,[277]
245,162,1,1,[277]
245,202,1,1,[277]
246,78,1,1,[277]
246,87,1,1,[277]
246,110,2,2,"[277, 271]"
246,190,1,1,[277]
246,199,1,1,[277]
246,202,2,2,"[277, 283]"
247,1,1,1,[277]
247,70,2,2,"[277, 293]"
247,276,1,1,[277]
248,9,3,3,"[277, 271, 263]"
248,91,1,1,[277]
248,102,1,1,[277]
248,127,1,1,[277]
248,150,1,1,[277]
248,175,1,1,[277]
248,186,1,1,[277]
249,59,1,1,[277]
249,218,1,1,[277]
250,66,1,1,[277]
250,138,2,2,"[277, 283]"
250,211,1,1,[277]
251,97,1,1,[277]
251,134,1,1,[277]
251,143,1,1,[277]
251,180,1,1,[277]
252,64,1,1,[277]
252,133,1,1,[277]
252,134,1,1,[277]
252,143,1,1,[277]
252,144,1,1,[277]
252,213,1,1,[277]
253,53,1,1,[277]
253,96,1,1,[277]
253,181,1,1,[277]
253,224,1,1,[277]
254,13,1,1,[277]
254,264,1,1,[277]
255,92,1,1,[277]
255,101,1,1,[277]
255,113,1,1,[277]
255,164,1,1,[277]
255,176,1,1,[277]
255,185,1,1,[277]
256,72,1,1,[277]
256,84,1,1,[277]
256,88,1,1,[277]
256,189,1,1,[277]
256,193,1,1,[277]
256,205,1,1,[277]
257,45,1,1,[277]
257,67,1,1,[277]
257,210,1,1,[277]
257,232,1,1,[277]
258,27,1,1,[277]
258,145,2,2,"[277, 283]"
258,250,1,1,[277]
259,10,1,1,[277]
259,77,1,1,[277]
259,200,1,1,[277]
259,267,1,1,[277]
260,23,1,1,[277]
260,42,2,2,"[277, 263]"
260,94,1,1,[277]
260,183,1,1,[277]
260,254,1,1,[277]
261,52,1,1,[277]
261,225,1,1,[277]
262,93,1,1,[277]
262,119,1,1,[277]
262,158,1,1,[277]
262,184,1,1,[277]
262,185,2,1,"[277, 263]"
263,53,1,1,[277]
263,96,1,1,[277]
263,181,1,1,[277]
263,224,1,1,[277]
264,11,1,1,[277]
264,59,1,1,[277]
264,75,1,1,[277]
264,160,2,2,"[277, 271]"
264,202,1,1,[277]
264,218,1,1,[277]
264,266,1,1,[277]
265,13,1,1,[277]
265,40,1,1,[277]
265,68,1,1,[277]
265,209,1,1,[277]
265,237,1,1,[277]
265,264,1,1,[277]
266,58,1,1,[277]
266,86,1,1,[277]
266,191,1,1,[277]
266,219,1,1,[277]
267,76,1,1,[277]
267,201,1,1,[277]
268,30,1,1,[277]
268,38,3,1,"[277, 283, 313]"
268,247,1,1,[277]
269,94,1,1,[277]
269,127,1,1,[277]
269,150,1,1,[277]
269,183,1,1,[277]
270,13,1,1,[277]
270,40,1,1,[277]
270,68,1,1,[277]
270,202,3,1,"[277, 307, 313]"
270,209,1,1,[277]
270,237,1,1,[277]
270,264,1,1,[277]
271,35,1,1,[277]
271,71,1,1,[277]
271,206,1,1,[277]
271,242,1,1,[277]
272,97,1,1,[277]
272,134,1,1,[277]
272,143,1,1,[277]
272,180,1,1,[277]
273,7,1,1,[277]
273,95,1,1,[277]
273,120,1,1,[277]
273,157,1,1,[277]
273,182,1,1,[277]
273,270,1,1,[277]
274,64,1,1,[277]
274,213,1,1,[277]
275,110,1,1,[277]
275,133,1,1,[277]
275,144,1,1,[277]
275,167,1,1,[277]
275,233,2,2,"[277, 293]"
276,122,1,1,[277]
276,155,1,1,[277]
1,65,1,1,[281]
1,144,2,2,"[281, 269]"
1,216,1,1,[281]
2,19,1,1,[281]
2,262,1,1,[281]
3,42,1,1,[281]
3,137,1,1,[281]
3,144,1,1,[281]
3,239,1,1,[281]
4,42,1,1,[281]
4,239,1,1,[281]
5,47,1,1,[281]
5,234,1,1,[281]
5,237,2,2,"[281, 277]"
6,56,2,1,"[281, 269]"
6,81,1,1,[281]
6,129,1,1,[281]
6,152,1,1,[281]
6,200,1,1,[281]
7,76,1,1,[281]
7,205,1,1,[281]
8,129,1,1,[281]
8,152,1,1,[281]
9,127,1,1,[281]
9,154,1,1,[281]
10,44,1,1,[281]
10,237,1,1,[281]
11,6,1,1,[281]
11,140,1,1,[281]
11,141,1,1,[281]
11,275,1,1,[281]
12,28,1,1,[281]
12,55,1,1,[281]
12,226,1,1,[281]
12,253,1,1,[281]
13,36,1,1,[281]
13,130,1,1,[281]
13,151,1,1,[281]
13,245,1,1,[281]
14,113,1,1,[281]
14,168,1,1,[281]
14,235,2,2,"[281, 277]"
15,44,1,1,[281]
15,149,2,2,"[281, 277]"
15,237,1,1,[281]
16,55,1,1,[281]
16,226,1,1,[281]
16,229,2,2,"[281, 277]"
17,92,1,1,[281]
17,189,1,1,[281]
18,89,1,1,[281]
18,192,1,1,[281]
19,128,1,1,[281]
19,131,1,1,[281]
19,150,1,1,[281]
19,153,1,1,[281]
20,95,1,1,[281]
20,186,1,1,[281]
21,80,2,2,"[281, 307]"
21,106,2,1,"[281, 269]"
21,113,1,1,[281]
21,168,1,1,[281]
22,102,1,1,[281]
22,132,1,1,[281]
22,149,1,1,[281]
22,179,1,1,[281]
23,43,1,1,[281]
23,46,1,1,[281]
23,235,1,1,[281]
23,238,1,1,[281]
24,86,1,1,[281]
24,92,1,1,[281]
24,189,1,1,[281]
24,195,1,1,[281]
25,24,1,1,[281]
25,257,1,1,[281]
26,38,1,1,[281]
26,50,1,1,[281]
26,231,1,1,[281]
26,243,1,1,[281]
27,89,1,1,[281]
27,192,1,1,[281]
28,46,1,1,[281]
28,235,1,1,[281]
29,87,1,1,[281]
29,168,2,1,"[281, 263]"
29,194,1,1,[281]
30,95,1,1,[281]
30,186,1,1,[281]
30,216,2,2,"[281, 263]"
31,103,1,1,[281]
31,178,1,1,[281]
32,77,2,1,"[281, 293]"
32,92,1,1,[281]
32,189,1,1,[281]
33,22,1,1,[281]
33,259,1,1,[281]
34,122,1,1,[281]
34,159,1,1,[281]
35,15,1,1,[281]
35,266,1,1,[281]
36,108,1,1,[281]
36,173,1,1,[281]
37,41,1,1,[281]
37,153,2,1,"[281, 283]"
37,240,1,1,[281]
37,250,2,1,"[281, 269]"
38,21,1,1,[281]
38,72,1,1,[281]
38,209,1,1,[281]
38,260,1,1,[281]
39,102,1,1,[281]
39,179,1,1,[281]
40,71,1,1,[281]
40,210,1,1,[281]
41,37,1,1,[281]
41,164,3,2,"[281, 283, 271]"
41,244,1,1,[281]
42,46,1,1,[281]
42,148,2,1,"[281, 263]"
42,216,2,2,"[281, 277]"
42,235,1,1,[281]
43,11,1,1,[281]
43,270,1,1,[281]
44,4,1,1,[281]
44,48,1,1,[281]
44,233,1,1,[281]
44,277,1,1,[281]
45,23,1,1,[281]
45,60,2,2,"[281, 277]"
45,65,2,1,"[281, 271]"
45,258,1,1,[281]
46,61,1,1,[281]
46,112,1,1,[281]
46,169,1,1,[281]
46,220,1,1,[281]
47,26,1,1,[281]
47,255,1,1,[281]
48,57,1,1,[281]
48,122,1,1,[281]
48,159,1,1,[281]
48,224,1,1,[281]
49,96,1,1,[281]
49,185,1,1,[281]
50,23,2,1,"[281, 277]"
50,127,1,1,[281]
50,154,1,1,[281]
51,122,1,1,[281]
51,159,1,1,[281]
51,162,2,1,"[281, 277]"
52,7,1,1,[281]
52,84,1,1,[281]
52,197,1,1,[281]
52,274,1,1,[281]
53,30,1,1,[281]
53,251,1,1,[281]
54,108,1,1,[281]
54,173,1,1,[281]
55,74,1,1,[281]
55,207,1,1,[281]
56,61,1,1,[281]
56,220,1,1,[281]
57,12,1,1,[281]
57,269,1,1,[281]
58,74,1,1,[281]
58,166,2,2,"[281, 307]"
58,207,1,1,[281]
59,47,1,1,[281]
59,234,1,1,[281]
60,71,1,1,[281]
60,210,1,1,[281]
61,96,1,1,[281]
61,99,2,1,"[281, 277]"
61,185,1,1,[281]
62,65,1,1,[281]
62,216,1,1,[281]
63,91,1,1,[281]
63,190,1,1,[281]
64,122,1,1,[281]
64,159,1,1,[281]
65,11,1,1,[281]
65,70,2,2,"[281, 269]"
65,182,2,1,"[281, 263]"
65,270,1,1,[281]
66,32,2,1,"[281, 293]"
66,93,1,1,[281]
66,188,1,1,[281]
67,52,1,1,[281]
67,98,1,1,[281]
67,131,2,2,"[281, 269]"
67,183,1,1,[281]
67,229,1,1,[281]
68,107,1,1,[281]
68,174,1,1,[281]
69,75,1,1,[281]
69,206,1,1,[281]
70,26,1,1,[281]
70,255,1,1,[281]
70,270,2,2,"[281, 293]"
71,18,1,1,[281]
71,65,1,1,[281]
71,183,2,1,"[281, 257]"
71,216,1,1,[281]
71,263,1,1,[281]
72,131,1,1,[281]
72,150,1,1,[281]
73,71,1,1,[281]
73,123,1,1,[281]
73,158,1,1,[281]
73,210,1,1,[281]
74,135,1,1,[281]
74,146,1,1,[281]
75,2,2,1,"[281, 313]"
75,16,1,1,[281]
75,89,1,1,[281]
75,192,1,1,[281]
75,265,1,1,[281]
76,76,1,1,[281]
76,100,1,1,[281]
76,181,1,1,[281]
76,205,1,1,[281]
77,24,1,1,[281]
77,257,1,1,[281]
78,48,1,1,[281]
78,233,1,1,[281]
79,37,1,1,[281]
79,244,1,1,[281]
80,6,2,1,"[281, 277]"
80,83,1,1,[281]
80,198,1,1,[281]
81,104,1,1,[281]
81,177,1,1,[281]
81,224,2,1,"[281, 283]"
82,67,1,1,[281]
82,168,2,2,"[281, 277]"
82,214,1,1,[281]
83,55,1,1,[281]
83,226,1,1,[281]
84,5,2,2,"[281, 269]"
84,61,1,1,[281]
84,211,2,2,"[281, 283]"
84,220,1,1,[281]
85,3,2,2,"[281, 277]"
85,41,1,1,[281]
85,129,2,1,"[281, 293]"
85,240,1,1,[281]
86,83,2,1,"[281, 293]"
86,94,1,1,[281]
86,187,1,1,[281]
87,58,1,1,[281]
87,134,1,1,[281]
87,147,1,1,[281]
87,223,1,1,[281]
88,27,1,1,[281]
88,68,1,1,[281]
88,213,1,1,[281]
88,217,2,1,"[281, 269]"
88,254,1,1,[281]
89,2,1,1,[281]
89,24,1,1,[281]
89,257,1,1,[281]
89,279,1,1,[281]
90,110,1,1,[281]
90,133,2,1,"[281, 293]"
90,171,1,1,[281]
91,42,1,1,[281]
91,239,1,1,[281]
92,63,1,1,[281]
92,87,1,1,[281]
92,194,1,1,[281]
92,218,1,1,[281]
93,65,1,1,[281]
93,143,2,2,"[281, 307]"
93,216,1,1,[281]
94,120,1,1,[281]
94,161,1,1,[281]
95,117,1,1,[281]
95,164,1,1,[281]
96,107,1,1,[281]
96,126,1,1,[281]
96,155,1,1,[281]
96,174,1,1,[281]
97,1,1,1,[281]
97,12,1,1,[281]
97,269,1,1,[281]
97,280,1,1,[281]
98,54,1,1,[281]
98,227,1,1,[281]
99,93,1,1,[281]
99,188,1,1,[281]
100,89,1,1,[281]
100,192,1,1,[281]
101,83,1,1,[281]
101,198,1,1,[281]
101,268,2,1,"[281, 293]"
102,107,1,1,[281]
102,174,1,1,[281]
103,13,1,1,[281]
103,116,1,1,[281]
103,165,1,1,[281]
103,268,1,1,[281]
104,23,1,1,[281]
104,119,1,1,[281]
104,162,1,1,[281]
104,258,1,1,[281]
105,10,1,1,[281]
105,120,1,1,[281]
105,161,1,1,[281]
105,271,1,1,[281]
106,52,1,1,[281]
106,229,1,1,[281]
106,265,3,2,"[281, 283, 277]"
107,8,1,1,[281]
107,96,1,1,[281]
107,185,1,1,[281]
107,273,1,1,[281]
108,102,2,1,"[281, 277]"
108,131,1,1,[281]
108,134,2,2,"[281, 263]"
108,150,1,1,[281]
109,113,1,1,[281]
109,168,1,1,[281]
110,134,1,1,[281]
110,147,1,1,[281]
111,130,1,1,[281]
111,151,1,1,[281]
112,87,1,1,[281]
112,194,1,1,[281]
113,115,1,1,[281]
113,166,1,1,[281]
114,77,1,1,[281]
114,204,1,1,[281]
115,99,1,1,[281]
115,182,1,1,[281]
115,191,2,2,"[281, 277]"
116,61,2,1,"[281, 263]"
116,134,1,1,[281]
116,147,1,1,[281]
117,48,1,1,[281]
117,233,1,1,[281]
118,20,3,1,"[281, 311, 283]"
118,44,1,1,[281]
118,237,1,1,[281]
119,131,1,1,[281]
119,150,1,1,[281]
119,258,2,1,"[281, 293]"
120,83,1,1,[281]
120,198,1,1,[281]
120,216,2,1,"[281, 283]"
121,37,1,1,[281]
121,244,1,1,[281]
122,54,1,1,[281]
122,227,1,1,[281]
123,102,1,1,[281]
123,179,1,1,[281]
123,191,2,2,"[281, 283]"
124,19,1,1,[281]
124,262,1,1,[281]
125,26,1,1,[281]
125,255,1,1,[281]
126,139,1,1,[281]
126,142,1,1,[281]
127,13,1,1,[281]
127,213,2,1,"[281, 283]"
127,268,1,1,[281]
128,107,1,1,[281]
128,137,2,2,"[281, 283]"
128,174,1,1,[281]
129,88,1,1,[281]
129,101,1,1,[281]
129,180,1,1,[281]
129,193,1,1,[281]
129,260,2,1,"[281, 311]"
130,94,1,1,[281]
130,187,1,1,[281]
131,85,1,1,[281]
131,104,1,1,[281]
131,177,1,1,[281]
131,196,1,1,[281]
132,105,1,1,[281]
132,119,2,2,"[281, 283]"
132,176,1,1,[281]
133,38,1,1,[281]
133,243,1,1,[281]
134,20,1,1,[281]
134,21,2,1,"[281, 269]"
134,41,1,1,[281]
134,240,1,1,[281]
134,261,1,1,[281]
135,97,1,1,[281]
135,109,1,1,[281]
135,172,1,1,[281]
135,184,1,1,[281]
136,133,1,1,[281]
136,148,1,1,[281]
137,11,1,1,[281]
137,270,1,1,[281]
138,130,1,1,[281]
138,151,1,1,[281]
139,80,1,1,[281]
139,117,1,1,[281]
139,164,1,1,[281]
139,201,1,1,[281]
139,217,2,1,"[281, 257]"
140,120,1,1,[281]
140,161,1,1,[281]
141,103,1,1,[281]
141,178,1,1,[281]
142,19,1,1,[281]
142,25,1,1,[281]
142,256,1,1,[281]
142,262,1,1,[281]
143,135,1,1,[281]
143,146,1,1,[281]
144,21,1,1,[281]
144,260,1,1,[281]
145,24,1,1,[281]
145,257,1,1,[281]
146,83,1,1,[281]
146,124,1,1,[281]
146,157,1,1,[281]
146,198,1,1,[281]
147,64,1,1,[281]
147,75,1,1,[281]
147,206,1,1,[281]
147,217,1,1,[281]
148,47,1,1,[281]
148,234,1,1,[281]
149,55,1,1,[281]
149,226,1,1,[281]
150,9,1,1,[281]
150,108,1,1,[281]
150,173,1,1,[281]
150,272,1,1,[281]
151,27,2,2,"[281, 277]"
151,76,1,1,[281]
151,205,1,1,[281]
152,14,1,1,[281]
152,113,1,1,[281]
152,168,1,1,[281]
152,267,1,1,[281]
153,51,1,1,[281]
153,230,1,1,[281]
154,95,2,2,"[281, 311]"
154,100,2,2,"[281, 277]"
154,127,1,1,[281]
154,154,1,1,[281]
155,61,1,1,[281]
155,220,1,1,[281]
156,27,1,1,[281]
156,254,1,1,[281]
157,27,2,1,"[281, 293]"
157,117,1,1,[281]
157,164,1,1,[281]
158,56,2,2,"[281, 311]"
158,67,1,1,[281]
158,214,1,1,[281]
159,52,1,1,[281]
159,229,1,1,[281]
160,6,1,1,[281]
160,275,1,1,[281]
161,97,1,1,[281]
161,184,1,1,[281]
162,82,1,1,[281]
162,199,1,1,[281]
162,202,2,2,"[281, 271]"
163,84,1,1,[281]
163,197,1,1,[281]
164,15,1,1,[281]
164,266,1,1,[281]
165,77,1,1,[281]
165,204,1,1,[281]
166,92,1,1,[281]
166,130,2,2,"[281, 277]"
166,189,1,1,[281]
167,134,1,1,[281]
167,147,1,1,[281]
168,87,1,1,[281]
168,194,1,1,[281]
169,115,1,1,[281]
169,166,1,1,[281]
170,135,1,1,[281]
170,146,1,1,[281]
171,77,1,1,[281]
171,204,1,1,[281]
172,88,1,1,[281]
172,193,1,1,[281]
172,215,2,1,"[281, 271]"
173,67,2,1,"[281, 277]"
173,82,1,1,[281]
173,166,2,2,"[281, 283]"
173,199,1,1,[281]
173,232,2,1,"[281, 277]"
174,30,1,1,[281]
174,138,1,1,[281]
174,143,1,1,[281]
174,251,1,1,[281]
175,54,1,1,[281]
175,227,1,1,[281]
176,32,1,1,[281]
176,103,1,1,[281]
176,178,1,1,[281]
176,179,2,2,"[281, 257]"
176,249,1,1,[281]
177,95,1,1,[281]
177,125,1,1,[281]
177,156,1,1,[281]
177,186,1,1,[281]
178,34,1,1,[281]
178,127,1,1,[281]
178,154,1,1,[281]
178,247,1,1,[281]
179,51,1,1,[281]
179,230,1,1,[281]
180,97,1,1,[281]
180,154,2,1,"[281, 293]"
180,184,1,1,[281]
181,60,1,1,[281]
181,221,1,1,[281]
182,129,1,1,[281]
182,152,1,1,[281]
183,52,1,1,[281]
183,185,2,2,"[281, 307]"
183,229,1,1,[281]
184,53,1,1,[281]
184,74,1,1,[281]
184,154,2,1,"[281, 269]"
184,207,1,1,[281]
184,228,1,1,[281]
185,51,1,1,[281]
185,66,1,1,[281]
185,215,1,1,[281]
185,230,1,1,[281]
186,13,2,1,"[281, 263]"
186,19,1,1,[281]
186,262,1,1,[281]
187,103,1,1,[281]
187,178,1,1,[281]
187,186,2,2,"[281, 307]"
188,73,1,1,[281]
188,208,1,1,[281]
189,33,1,1,[281]
189,40,2,2,"[281, 283]"
189,115,1,1,[281]
189,133,2,1,"[281, 269]"
189,166,1,1,[281]
189,248,1,1,[281]
190,7,2,1,"[281, 283]"
190,22,1,1,[281]
190,259,1,1,[281]
191,71,1,1,[281]
191,210,1,1,[281]
192,106,1,1,[281]
192,133,1,1,[281]
192,148,1,1,[281]
192,175,1,1,[281]
193,26,1,1,[281]
193,49,1,1,[281]
193,232,1,1,[281]
193,244,2,2,"[281, 257]"
193,255,1,1,[281]
194,17,1,1,[281]
194,77,1,1,[281]
194,204,1,1,[281]
194,242,2,2,"[281, 283]"
194,264,1,1,[281]
195,43,2,1,"[281, 269]"
195,76,1,1,[281]
195,205,1,1,[281]
196,75,1,1,[281]
196,206,1,1,[281]
197,139,1,1,[281]
197,142,1,1,[281]
198,105,1,1,[281]
198,176,1,1,[281]
199,102,1,1,[281]
199,179,1,1,[281]
199,245,2,2,"[281, 269]"
200,108,1,1,[281]
200,173,1,1,[281]
201,97,1,1,[281]
201,184,1,1,[281]
202,6,1,1,[281]
202,93,2,2,"[281, 271]"
202,275,1,1,[281]
203,15,1,1,[281]
203,266,1,1,[281]
204,84,2,1,"[281, 311]"
204,133,1,1,[281]
204,148,1,1,[281]
205,39,1,1,[281]
205,79,2,2,"[281, 269]"
205,94,1,1,[281]
205,187,1,1,[281]
205,242,1,1,[281]
206,5,1,1,[281]
206,60,1,1,[281]
206,174,3,1,"[281, 257, 241]"
206,221,1,1,[281]
206,276,1,1,[281]
207,112,2,1,"[281, 269]"
207,130,1,1,[281]
207,151,1,1,[281]
208,56,1,1,[281]
208,110,1,1,[281]
208,171,1,1,[281]
208,225,1,1,[281]
209,10,2,1,"[281, 257]"
209,82,1,1,[281]
209,101,2,1,"[281, 271]"
209,199,1,1,[281]
210,73,1,1,[281]
210,111,1,1,[281]
210,170,1,1,[281]
210,208,1,1,[281]
211,27,1,1,[281]
211,254,1,1,[281]
212,41,1,1,[281]
212,240,1,1,[281]
213,51,1,1,[281]
213,230,1,1,[281]
214,54,1,1,[281]
214,136,1,1,[281]
214,145,1,1,[281]
214,227,1,1,[281]
215,129,1,1,[281]
215,152,1,1,[281]
216,21,1,1,[281]
216,32,2,2,"[281, 277]"
216,57,2,2,"[281, 269]"
216,260,1,1,[281]
217,3,1,1,[281]
217,278,1,1,[281]
218,46,1,1,[281]
218,235,1,1,[281]
219,73,1,1,[281]
219,208,1,1,[281]
220,30,1,1,[281]
220,251,1,1,[281]
221,110,1,1,[281]
221,171,1,1,[281]
222,38,1,1,[281]
222,243,1,1,[281]
223,9,3,1,"[281, 271, 257]"
223,12,1,1,[281]
223,269,1,1,[281]
224,74,1,1,[281]
224,207,1,1,[281]
225,86,3,1,"[281, 283, 271]"
225,139,1,1,[281]
225,142,1,1,[281]
225,264,3,2,"[281, 271, 283]"
226,12,1,1,[281]
226,36,2,2,"[281, 277]"
226,269,1,1,[281]
227,104,1,1,[281]
227,177,1,1,[281]
228,96,1,1,[281]
228,185,1,1,[281]
229,44,1,1,[281]
229,58,2,1,"[281, 283]"
229,90,1,1,[281]
229,191,1,1,[281]
229,237,1,1,[281]
230,3,1,1,[281]
230,156,2,2,"[281, 277]"
230,272,2,1,"[281, 277]"
230,278,1,1,[281]
231,13,1,1,[281]
231,268,1,1,[281]
232,30,1,1,[281]
232,251,1,1,[281]
233,3,1,1,[281]
233,70,1,1,[281]
233,211,1,1,[281]
233,278,1,1,[281]
234,27,1,1,[281]
234,254,1,1,[281]
235,35,1,1,[281]
235,139,1,1,[281]
235,142,1,1,[281]
235,246,1,1,[281]
236,95,1,1,[281]
236,186,1,1,[281]
237,15,1,1,[281]
237,69,1,1,[281]
237,212,1,1,[281]
237,266,1,1,[281]
238,21,1,1,[281]
238,260,1,1,[281]
239,73,2,2,"[281, 277]"
239,91,1,1,[281]
239,190,1,1,[281]
240,6,1,1,[281]
240,275,1,1,[281]
241,110,1,1,[281]
241,171,1,1,[281]
242,67,1,1,[281]
242,214,1,1,[281]
243,11,1,1,[281]
243,118,1,1,[281]
243,140,2,2,"[281, 263]"
243,155,2,1,"[281, 283]"
243,163,1,1,[281]
243,270,1,1,[281]
244,34,2,2,"[281, 277]"
244,75,1,1,[281]
244,206,1,1,[281]
245,104,1,1,[281]
245,177,1,1,[281]
245,249,2,1,"[281, 283]"
246,48,1,1,[281]
246,233,1,1,[281]
246,249,2,2,"[281, 269]"
247,3,1,1,[281]
247,278,1,1,[281]
248,42,1,1,[281]
248,239,1,1,[281]
249,99,1,1,[281]
249,182,1,1,[281]
249,270,2,1,"[281, 271]"
250,120,1,1,[281]
250,161,1,1,[281]
251,23,1,1,[281]
251,258,1,1,[281]
252,115,1,1,[281]
252,166,1,1,[281]
252,237,2,1,"[281, 271]"
253,91,1,1,[281]
253,190,1,1,[281]
254,60,1,1,[281]
254,221,1,1,[281]
255,47,1,1,[281]
255,121,1,1,[281]
255,160,1,1,[281]
255,234,1,1,[281]
256,133,1,1,[281]
256,148,1,1,[281]
256,200,2,1,"[281, 283]"
256,240,2,1,"[281, 293]"
257,62,1,1,[281]
257,99,1,1,[281]
257,182,1,1,[281]
257,219,1,1,[281]
258,31,1,1,[281]
258,91,1,1,[281]
258,190,1,1,[281]
258,250,1,1,[281]
259,29,1,1,[281]
259,67,1,1,[281]
259,214,1,1,[281]
259,252,1,1,[281]
260,88,1,1,[281]
260,193,1,1,[281]
261,23,1,1,[281]
261,114,3,1,"[281, 271, 269]"
261,146,2,2,"[281, 293]"
261,258,1,1,[281]
262,40,1,1,[281]
262,45,2,1,"[281, 269]"
262,82,1,1,[281]
262,199,1,1,[281]
262,241,1,1,[281]
263,60,1,1,[281]
263,221,1,1,[281]
264,99,1,1,[281]
264,182,1,1,[281]
265,105,1,1,[281]
265,176,1,1,[281]
266,84,1,1,[281]
266,197,1,1,[281]
267,88,1,1,[281]
267,193,1,1,[281]
268,59,1,1,[281]
268,135,1,1,[281]
268,146,1,1,[281]
268,222,1,1,[281]
269,79,1,1,[281]
269,105,1,1,[281]
269,176,1,1,[281]
269,202,1,1,[281]
269,236,2,1,"[281, 313]"
270,37,1,1,[281]
270,114,1,1,[281]
270,167,1,1,[281]
270,244,1,1,[281]
271,84,1,1,[281]
271,197,1,1,[281]
272,13,1,1,[281]
272,268,1,1,[281]
273,93,1,1,[281]
273,166,2,1,"[281, 293]"
273,188,1,1,[281]
274,94,1,1,[281]
274,108,2,1,"[281, 293]"
274,187,1,1,[281]
275,78,1,1,[281]
275,93,1,1,[281]
275,188,1,1,[281]
275,203,1,1,[281]
276,38,1,1,[281]
276,243,1,1,[281]
277,22,1,1,[281]
277,259,1,1,[281]
278,22,1,1,[281]
278,45,1,1,[281]
278,236,1,1,[281]
278,259,1,1,[281]
279,117,1,1,[281]
279,164,1,1,[281]
280,73,1,1,[281]
280,208,1,1,[281]
0,46,2,2,"[283, 277]"
0,65,2,2,"[283, 277]"
0,182,2,2,"[283, 277]"
0,184,2,2,"[283, 277]"
0,221,2,2,"[283, 277]"
0,234,2,2,"[283, 277]"
0,259,2,2,"[283, 277]"
0,260,2,2,"[283, 277]"
1,17,1,1,[283]
1,162,1,1,[283]
2,30,1,1,[283]
2,134,1,1,[283]
2,160,1,1,[283]
2,187,1,1,[283]
2,189,1,1,[283]
2,233,1,1,[283]
3,59,1,1,[283]
3,70,1,1,[283]
3,75,1,1,[283]
3,152,1,1,[283]
3,191,1,1,[283]
3,241,1,1,[283]
4,108,2,2,"[283, 293]"
4,119,1,1,[283]
4,147,1,1,[283]
4,220,2,1,"[283, 313]"
5,11,1,1,[283]
5,50,1,1,[283]
5,63,2,2,"[283, 277]"
5,85,1,1,[283]
5,225,1,1,[283]
5,232,1,1,[283]
5,273,1,1,[283]
6,100,2,1,"[283, 263]"
6,173,1,1,[283]
6,247,1,1,[283]
7,126,1,1,[283]
7,139,1,1,[283]
8,43,1,1,[283]
8,60,1,1,[283]
8,117,1,1,[283]
8,130,2,1,"[283, 277]"
8,135,1,1,[283]
8,186,1,1,[283]
8,202,1,1,[283]
9,107,1,1,[283]
9,154,1,1,[283]
10,109,1,1,[283]
10,118,1,1,[283]
11,104,1,1,[283]
11,192,1,1,[283]
12,6,1,1,[283]
12,53,1,1,[283]
12,94,1,1,[283]
12,170,1,1,[283]
12,199,1,1,[283]
12,249,1,1,[283]
13,29,2,1,"[283, 271]"
13,173,1,1,[283]
13,247,1,1,[283]
13,258,2,1,"[283, 313]"
14,24,1,1,[283]
14,93,1,1,[283]
14,114,1,1,[283]
14,147,1,1,[283]
14,212,1,1,[283]
14,230,1,1,[283]
15,187,1,1,[283]
15,231,1,1,[283]
16,168,3,1,"[283, 271, 257]"
16,180,1,1,[283]
16,239,1,1,[283]
17,5,1,1,[283]
17,29,1,1,[283]
17,99,1,1,[283]
17,136,1,1,[283]
17,167,1,1,[283]
17,258,1,1,[283]
18,39,1,1,[283]
18,45,1,1,[283]
18,61,1,1,[283]
18,182,2,1,"[283, 277]"
18,208,1,1,[283]
18,218,1,1,[283]
18,274,1,1,[283]
19,13,1,1,[283]
19,49,1,1,[283]
19,162,1,1,[283]
19,163,1,1,[283]
19,194,1,1,[283]
19,197,1,1,[283]
20,80,1,1,[283]
20,125,1,1,[283]
20,166,1,1,[283]
20,169,1,1,[283]
20,181,1,1,[283]
20,195,1,1,[283]
21,23,1,1,[283]
21,156,1,1,[283]
21,180,1,1,[283]
21,244,1,1,[283]
21,247,1,1,[283]
21,266,1,1,[283]
22,12,1,1,[283]
22,54,1,1,[283]
22,67,1,1,[283]
22,77,1,1,[283]
22,224,1,1,[283]
22,263,1,1,[283]
23,178,1,1,[283]
23,198,1,1,[283]
24,5,1,1,[283]
24,31,1,1,[283]
24,107,2,1,"[283, 313]"
24,161,2,1,"[283, 271]"
25,88,2,1,"[283, 313]"
25,126,1,1,[283]
25,139,1,1,[283]
25,155,2,2,"[283, 269]"
25,280,2,2,"[283, 307]"
26,6,1,1,[283]
26,53,1,1,[283]
26,94,1,1,[283]
26,132,3,1,"[283, 251, 229]"
26,170,1,1,[283]
26,199,1,1,[283]
26,249,1,1,[283]
27,2,1,1,[283]
27,91,1,1,[283]
27,105,1,1,[283]
27,141,1,1,[283]
27,220,1,1,[283]
27,239,1,1,[283]
28,20,1,1,[283]
28,124,1,1,[283]
29,56,1,1,[283]
29,234,1,1,[283]
30,10,1,1,[283]
30,103,1,1,[283]
30,108,1,1,[283]
30,171,1,1,[283]
30,256,1,1,[283]
30,277,1,1,[283]
31,80,1,1,[283]
31,125,1,1,[283]
31,166,1,1,[283]
31,169,1,1,[283]
31,181,1,1,[283]
31,195,1,1,[283]
32,52,1,1,[283]
32,82,1,1,[283]
32,86,1,1,[283]
32,196,1,1,[283]
32,210,1,1,[283]
32,222,1,1,[283]
33,26,1,1,[283]
33,28,1,1,[283]
33,62,1,1,[283]
33,76,1,1,[283]
33,153,1,1,[283]
33,264,1,1,[283]
34,87,1,1,[283]
34,224,1,1,[283]
34,251,2,2,"[283, 271]"
35,40,1,1,[283]
35,118,1,1,[283]
35,129,1,1,[283]
35,149,1,1,[283]
35,175,1,1,[283]
35,259,1,1,[283]
36,183,1,1,[283]
36,235,2,1,"[283, 271]"
36,276,1,1,[283]
37,26,1,1,[283]
37,28,1,1,[283]
37,62,1,1,[283]
37,76,1,1,[283]
37,153,1,1,[283]
37,264,1,1,[283]
38,88,1,1,[283]
38,206,1,1,[283]
39,39,1,1,[283]
39,45,1,1,[283]
39,61,1,1,[283]
39,208,1,1,[283]
39,218,1,1,[283]
39,274,1,1,[283]
40,188,1,1,[283]
40,260,1,1,[283]
41,71,2,2,"[283, 271]"
41,153,1,1,[283]
41,164,2,2,"[283, 271]"
41,189,1,1,[283]
42,166,1,1,[283]
42,255,1,1,[283]
42,262,2,1,"[283, 271]"
43,38,1,1,[283]
43,48,2,2,"[283, 263]"
43,131,1,1,[283]
43,159,1,1,[283]
43,227,1,1,[283]
43,231,1,1,[283]
43,260,1,1,[283]
44,17,1,1,[283]
44,162,1,1,[283]
45,12,2,2,"[283, 263]"
45,65,1,1,[283]
45,151,1,1,[283]
45,245,1,1,[283]
45,252,1,1,[283]
45,269,1,1,[283]
45,270,1,1,[283]
46,38,1,1,[283]
46,131,1,1,[283]
46,159,1,1,[283]
46,199,4,3,"[283, 307, 331, 313]"
46,227,1,1,[283]
46,231,1,1,[283]
46,260,1,1,[283]
47,14,1,1,[283]
47,128,1,1,[283]
47,164,1,1,[283]
47,211,1,1,[283]
47,213,1,1,[283]
47,227,3,2,"[283, 277, 251]"
47,251,1,1,[283]
48,55,1,1,[283]
48,97,1,1,[283]
48,106,1,1,[283]
48,142,1,1,[283]
48,235,1,1,[283]
48,272,1,1,[283]
49,98,1,1,[283]
49,171,1,1,[283]
50,24,1,1,[283]
50,93,1,1,[283]
50,114,1,1,[283]
50,147,1,1,[283]
50,154,2,1,"[283, 281]"
50,212,1,1,[283]
50,230,1,1,[283]
51,26,1,1,[283]
51,28,2,1,"[283, 293]"
51,48,1,1,[283]
51,166,2,1,"[283, 311]"
52,5,1,1,[283]
52,31,1,1,[283]
52,215,2,1,"[283, 293]"
53,44,1,1,[283]
53,51,1,1,[283]
53,57,1,1,[283]
53,79,1,1,[283]
53,127,2,2,"[283, 271]"
53,200,1,1,[283]
53,243,1,1,[283]
54,9,2,1,"[283, 313]"
54,82,2,2,"[283, 269]"
54,123,1,1,[283]
54,140,1,1,[283]
55,34,1,1,[283]
55,72,1,1,[283]
55,78,1,1,[283]
55,171,2,1,"[283, 277]"
55,206,1,1,[283]
55,237,1,1,[283]
55,254,1,1,[283]
56,2,1,1,[283]
56,22,2,2,"[283, 257]"
56,91,1,1,[283]
56,105,1,1,[283]
56,141,1,1,[283]
56,220,1,1,[283]
56,239,1,1,[283]
57,221,1,1,[283]
57,273,1,1,[283]
58,11,1,1,[283]
58,32,2,1,"[283, 263]"
58,50,1,1,[283]
58,85,1,1,[283]
58,225,1,1,[283]
58,232,1,1,[283]
58,273,1,1,[283]
59,98,1,1,[283]
59,166,3,1,"[283, 277, 257]"
59,171,1,1,[283]
60,133,1,1,[283]
60,168,2,1,"[283, 271]"
60,202,1,1,[283]
61,50,2,1,"[283, 313]"
61,72,1,1,[283]
61,220,1,1,[283]
62,188,1,1,[283]
62,260,1,1,[283]
63,209,1,1,[283]
63,277,1,1,[283]
64,5,2,1,"[283, 313]"
64,69,1,1,[283]
64,71,2,2,"[283, 271]"
64,120,2,2,"[283, 293]"
64,258,1,1,[283]
65,10,1,1,[283]
65,103,1,1,[283]
65,108,1,1,[283]
65,171,1,1,[283]
65,256,1,1,[283]
65,277,1,1,[283]
66,146,1,1,[283]
66,226,1,1,[283]
67,20,1,1,[283]
67,102,1,1,[283]
67,113,1,1,[283]
67,116,1,1,[283]
67,157,3,2,"[283, 277, 271]"
67,183,1,1,[283]
67,261,1,1,[283]
68,44,1,1,[283]
68,51,1,1,[283]
68,57,1,1,[283]
68,79,1,1,[283]
68,200,1,1,[283]
68,243,1,1,[283]
69,43,1,1,[283]
69,60,1,1,[283]
69,117,1,1,[283]
69,135,1,1,[283]
69,186,1,1,[283]
69,202,1,1,[283]
70,242,1,1,[283]
70,249,1,1,[283]
71,18,2,1,"[283, 281]"
71,44,2,1,"[283, 277]"
71,104,1,1,[283]
71,192,1,1,[283]
72,34,1,1,[283]
72,72,1,1,[283]
72,78,1,1,[283]
72,206,1,1,[283]
72,237,1,1,[283]
72,254,1,1,[283]
73,22,1,1,[283]
73,193,1,1,[283]
74,146,1,1,[283]
74,226,1,1,[283]
75,23,1,1,[283]
75,156,1,1,[283]
75,180,1,1,[283]
75,244,1,1,[283]
75,247,1,1,[283]
75,266,1,1,[283]
76,111,1,1,[283]
76,119,1,1,[283]
76,122,1,1,[283]
76,146,1,1,[283]
76,174,1,1,[283]
76,179,1,1,[283]
77,18,1,1,[283]
77,55,1,1,[283]
78,183,1,1,[283]
78,276,1,1,[283]
79,63,1,1,[283]
79,87,1,1,[283]
79,132,1,1,[283]
79,138,1,1,[283]
79,209,1,1,[283]
79,250,1,1,[283]
80,63,1,1,[283]
80,87,1,1,[283]
80,132,1,1,[283]
80,138,1,1,[283]
80,209,1,1,[283]
80,250,1,1,[283]
81,87,1,1,[283]
81,134,2,2,"[283, 271]"
81,224,1,1,[283]
82,37,1,1,[283]
82,98,1,1,[283]
82,110,1,1,[283]
82,158,1,1,[283]
82,214,1,1,[283]
82,217,1,1,[283]
83,14,1,1,[283]
83,200,1,1,[283]
84,5,1,1,[283]
84,29,1,1,[283]
84,99,1,1,[283]
84,136,1,1,[283]
84,167,1,1,[283]
84,211,2,2,"[283, 281]"
84,258,1,1,[283]
85,50,2,1,"[283, 313]"
85,72,1,1,[283]
85,143,2,2,"[283, 307]"
85,220,1,1,[283]
85,266,2,1,"[283, 293]"
86,114,1,1,[283]
86,274,1,1,[283]
87,14,1,1,[283]
87,25,2,2,"[283, 277]"
87,128,1,1,[283]
87,164,1,1,[283]
87,211,1,1,[283]
87,213,1,1,[283]
87,251,1,1,[283]
88,30,1,1,[283]
88,134,1,1,[283]
88,160,1,1,[283]
88,187,1,1,[283]
88,189,1,1,[283]
88,233,1,1,[283]
88,272,2,1,"[283, 277]"
89,68,1,1,[283]
89,82,1,1,[283]
90,170,1,1,[283]
90,210,1,1,[283]
90,253,2,2,"[283, 271]"
91,166,1,1,[283]
91,255,1,1,[283]
92,114,1,1,[283]
92,274,1,1,[283]
93,29,2,1,"[283, 271]"
93,133,1,1,[283]
93,202,1,1,[283]
94,187,1,1,[283]
94,231,1,1,[283]
95,46,1,1,[283]
95,104,2,1,"[283, 313]"
95,106,2,2,"[283, 269]"
95,190,1,1,[283]
96,35,1,1,[283]
96,179,2,1,"[283, 277]"
96,243,1,1,[283]
97,178,1,1,[283]
97,198,1,1,[283]
98,20,1,1,[283]
98,102,1,1,[283]
98,113,1,1,[283]
98,116,1,1,[283]
98,183,1,1,[283]
98,261,1,1,[283]
99,22,1,1,[283]
99,89,2,1,"[283, 293]"
99,193,1,1,[283]
100,20,1,1,[283]
100,31,2,2,"[283, 277]"
100,124,1,1,[283]
101,3,1,1,[283]
101,37,1,1,[283]
101,214,2,1,"[283, 293]"
102,3,1,1,[283]
102,56,1,1,[283]
102,90,1,1,[283]
102,155,1,1,[283]
102,229,1,1,[283]
102,278,1,1,[283]
103,119,1,1,[283]
103,147,1,1,[283]
104,42,2,1,"[283, 271]"
104,55,1,1,[283]
104,97,1,1,[283]
104,106,1,1,[283]
104,142,1,1,[283]
104,235,1,1,[283]
104,258,2,1,"[283, 281]"
104,272,1,1,[283]
105,114,1,1,[283]
105,274,1,1,[283]
106,153,1,1,[283]
106,189,1,1,[283]
106,265,2,2,"[283, 277]"
107,21,1,1,[283]
107,46,1,1,[283]
107,104,1,1,[283]
107,112,1,1,[283]
107,207,1,1,[283]
107,248,1,1,[283]
108,4,1,1,[283]
108,9,1,1,[283]
108,69,1,1,[283]
108,121,1,1,[283]
108,221,1,1,[283]
108,267,1,1,[283]
109,33,1,1,[283]
109,123,1,1,[283]
109,176,1,1,[283]
109,204,1,1,[283]
109,228,1,1,[283]
109,234,1,1,[283]
110,56,1,1,[283]
110,96,2,1,"[283, 263]"
110,234,1,1,[283]
111,22,1,1,[283]
111,193,1,1,[283]
112,66,2,2,"[283, 271]"
112,123,1,1,[283]
112,140,1,1,[283]
112,193,2,2,"[283, 271]"
112,225,2,2,"[283, 271]"
113,6,2,1,"[283, 271]"
113,107,1,1,[283]
113,154,1,1,[283]
114,22,1,1,[283]
114,71,1,1,[283]
114,89,1,1,[283]
114,96,1,1,[283]
114,173,1,1,[283]
114,282,1,1,[283]
115,32,1,1,[283]
115,41,1,1,[283]
115,124,1,1,[283]
115,145,1,1,[283]
115,265,1,1,[283]
115,275,1,1,[283]
116,109,1,1,[283]
116,118,1,1,[283]
117,123,1,1,[283]
117,140,1,1,[283]
117,237,2,1,"[283, 271]"
118,20,1,1,[283]
118,102,1,1,[283]
118,113,1,1,[283]
118,116,1,1,[283]
118,183,1,1,[283]
118,261,1,1,[283]
119,12,1,1,[283]
119,54,1,1,[283]
119,67,1,1,[283]
119,77,1,1,[283]
119,224,1,1,[283]
119,251,2,2,"[283, 271]"
119,263,1,1,[283]
120,25,1,1,[283]
120,47,1,1,[283]
120,48,1,1,[283]
120,203,1,1,[283]
120,216,1,1,[283]
120,268,1,1,[283]
121,259,1,1,[283]
121,270,1,1,[283]
122,68,1,1,[283]
122,95,1,1,[283]
122,168,1,1,[283]
122,177,1,1,[283]
122,226,1,1,[283]
122,242,2,1,"[283, 263]"
122,271,1,1,[283]
123,40,1,1,[283]
123,118,1,1,[283]
123,129,1,1,[283]
123,149,1,1,[283]
123,175,1,1,[283]
123,191,2,2,"[283, 281]"
123,259,1,1,[283]
124,51,2,2,"[283, 271]"
124,63,1,1,[283]
124,87,1,1,[283]
124,132,1,1,[283]
124,138,1,1,[283]
124,209,1,1,[283]
124,250,1,1,[283]
124,276,3,1,"[283, 293, 311]"
125,40,1,1,[283]
125,118,1,1,[283]
125,129,1,1,[283]
125,149,1,1,[283]
125,175,1,1,[283]
125,245,2,2,"[283, 263]"
125,259,1,1,[283]
126,16,1,1,[283]
126,28,2,2,"[283, 277]"
126,35,1,1,[283]
126,36,1,1,[283]
126,201,1,1,[283]
126,219,1,1,[283]
126,276,1,1,[283]
127,80,1,1,[283]
127,87,2,1,"[283, 313]"
127,213,1,1,[283]
128,18,1,1,[283]
128,130,1,1,[283]
128,137,2,2,"[283, 281]"
128,150,1,1,[283]
128,161,1,1,[283]
128,193,1,1,[283]
128,205,1,1,[283]
129,27,2,1,"[283, 271]"
129,180,1,1,[283]
129,239,1,1,[283]
130,133,1,1,[283]
130,202,1,1,[283]
131,55,1,1,[283]
131,97,1,1,[283]
131,106,1,1,[283]
131,131,2,2,"[283, 293]"
131,142,1,1,[283]
131,235,1,1,[283]
131,272,1,1,[283]
132,59,1,1,[283]
132,70,1,1,[283]
132,75,1,1,[283]
132,119,2,2,"[283, 281]"
132,152,1,1,[283]
132,191,1,1,[283]
132,241,1,1,[283]
133,1,1,1,[283]
133,73,1,1,[283]
133,88,1,1,[283]
133,101,1,1,[283]
133,126,1,1,[283]
133,230,2,1,"[283, 271]"
133,279,1,1,[283]
134,47,1,1,[283]
134,65,1,1,[283]
135,45,1,1,[283]
135,272,1,1,[283]
136,153,1,1,[283]
136,189,1,1,[283]
137,72,1,1,[283]
137,220,1,1,[283]
138,143,2,2,"[283, 271]"
138,180,1,1,[283]
138,239,1,1,[283]
139,8,1,1,[283]
139,31,1,1,[283]
139,81,1,1,[283]
139,107,1,1,[283]
139,137,1,1,[283]
139,281,1,1,[283]
140,15,1,1,[283]
140,100,1,1,[283]
140,188,1,1,[283]
140,192,1,1,[283]
140,223,1,1,[283]
140,246,1,1,[283]
141,186,1,1,[283]
141,191,1,1,[283]
142,12,1,1,[283]
142,54,1,1,[283]
142,67,1,1,[283]
142,77,1,1,[283]
142,224,1,1,[283]
142,263,1,1,[283]
143,146,1,1,[283]
143,226,1,1,[283]
144,56,1,1,[283]
144,234,1,1,[283]
144,259,2,1,"[283, 313]"
145,17,1,1,[283]
145,42,1,1,[283]
145,115,1,1,[283]
145,198,1,1,[283]
145,236,1,1,[283]
145,280,1,1,[283]
146,48,2,2,"[283, 277]"
146,172,1,1,[283]
146,178,1,1,[283]
146,185,1,1,[283]
146,240,1,1,[283]
146,242,1,1,[283]
146,257,1,1,[283]
147,4,2,2,"[283, 271]"
147,27,1,1,[283]
147,64,1,1,[283]
147,140,1,1,[283]
147,144,1,1,[283]
147,238,1,1,[283]
147,255,1,1,[283]
148,59,1,1,[283]
148,70,1,1,[283]
148,75,1,1,[283]
148,152,1,1,[283]
148,191,1,1,[283]
148,241,1,1,[283]
149,14,1,1,[283]
149,128,1,1,[283]
149,164,1,1,[283]
149,211,1,1,[283]
149,213,1,1,[283]
149,251,1,1,[283]
150,126,2,2,"[283, 311]"
150,166,1,1,[283]
150,255,1,1,[283]
150,272,2,1,"[283, 281]"
151,45,1,1,[283]
151,272,1,1,[283]
152,50,1,1,[283]
152,145,1,1,[283]
153,7,1,1,[283]
153,19,1,1,[283]
153,66,1,1,[283]
153,109,1,1,[283]
153,148,1,1,[283]
153,157,1,1,[283]
154,17,1,1,[283]
154,42,1,1,[283]
154,115,1,1,[283]
154,198,1,1,[283]
154,236,1,1,[283]
154,280,1,1,[283]
155,20,1,1,[283]
155,124,1,1,[283]
155,202,2,1,"[283, 269]"
156,34,1,1,[283]
156,72,1,1,[283]
156,78,1,1,[283]
156,206,1,1,[283]
156,237,1,1,[283]
156,254,1,1,[283]
157,109,1,1,[283]
157,118,1,1,[283]
158,56,3,2,"[283, 281, 311]"
158,184,1,1,[283]
158,194,1,1,[283]
159,40,2,1,"[283, 313]"
159,75,1,1,[283]
159,182,1,1,[283]
159,235,2,1,"[283, 271]"
160,184,1,1,[283]
160,194,1,1,[283]
160,254,2,1,"[283, 271]"
161,107,1,1,[283]
161,154,1,1,[283]
162,44,1,1,[283]
162,51,1,1,[283]
162,57,1,1,[283]
162,79,1,1,[283]
162,200,1,1,[283]
162,243,1,1,[283]
163,45,2,1,"[283, 313]"
163,178,1,1,[283]
163,198,1,1,[283]
164,186,1,1,[283]
164,191,1,1,[283]
165,12,1,1,[283]
165,148,1,1,[283]
166,8,2,1,"[283, 263]"
166,58,1,1,[283]
166,92,1,1,[283]
166,127,1,1,[283]
166,139,1,1,[283]
166,154,1,1,[283]
166,215,1,1,[283]
167,16,1,1,[283]
167,35,1,1,[283]
167,36,1,1,[283]
167,201,1,1,[283]
167,219,1,1,[283]
167,276,1,1,[283]
168,87,1,1,[283]
168,224,1,1,[283]
168,263,2,1,"[283, 293]"
169,183,1,1,[283]
169,235,2,2,"[283, 271]"
169,276,1,1,[283]
170,68,1,1,[283]
170,95,1,1,[283]
170,168,1,1,[283]
170,177,1,1,[283]
170,226,1,1,[283]
170,271,1,1,[283]
171,58,1,1,[283]
171,92,1,1,[283]
171,127,1,1,[283]
171,139,1,1,[283]
171,154,1,1,[283]
171,215,1,1,[283]
172,84,1,1,[283]
172,133,1,1,[283]
172,143,1,1,[283]
172,165,1,1,[283]
172,184,1,1,[283]
172,262,1,1,[283]
173,8,1,1,[283]
173,31,1,1,[283]
173,81,1,1,[283]
173,107,1,1,[283]
173,137,1,1,[283]
173,166,2,2,"[283, 281]"
173,281,1,1,[283]
174,183,2,2,"[283, 271]"
174,187,1,1,[283]
174,231,1,1,[283]
175,13,3,1,"[283, 269, 263]"
175,98,1,1,[283]
175,171,1,1,[283]
176,65,2,1,"[283, 271]"
176,119,1,1,[283]
176,147,1,1,[283]
177,27,1,1,[283]
177,64,1,1,[283]
177,140,1,1,[283]
177,144,1,1,[283]
177,238,1,1,[283]
177,255,1,1,[283]
178,74,1,1,[283]
178,83,1,1,[283]
178,120,1,1,[283]
178,182,1,1,[283]
178,190,1,1,[283]
178,253,1,1,[283]
179,50,1,1,[283]
179,141,3,3,"[283, 271, 277]"
179,145,1,1,[283]
180,21,1,1,[283]
180,46,1,1,[283]
180,104,1,1,[283]
180,112,1,1,[283]
180,150,2,1,"[283, 277]"
180,207,1,1,[283]
180,248,1,1,[283]
181,188,1,1,[283]
181,260,1,1,[283]
182,5,1,1,[283]
182,29,1,1,[283]
182,99,1,1,[283]
182,136,1,1,[283]
182,153,3,1,"[283, 263, 241]"
182,167,1,1,[283]
182,258,1,1,[283]
183,18,1,1,[283]
183,130,1,1,[283]
183,150,1,1,[283]
183,161,1,1,[283]
183,193,1,1,[283]
183,205,1,1,[283]
184,84,1,1,[283]
184,133,1,1,[283]
184,143,1,1,[283]
184,165,1,1,[283]
184,184,1,1,[283]
184,262,1,1,[283]
185,12,1,1,[283]
185,38,2,2,"[283, 271]"
185,148,1,1,[283]
185,229,2,2,"[283, 271]"
186,25,1,1,[283]
186,47,1,1,[283]
186,48,1,1,[283]
186,203,1,1,[283]
186,216,1,1,[283]
186,268,1,1,[283]
187,23,1,1,[283]
187,156,1,1,[283]
187,180,1,1,[283]
187,223,2,1,"[283, 251]"
187,244,1,1,[283]
187,247,1,1,[283]
187,266,1,1,[283]
188,10,1,1,[283]
188,103,1,1,[283]
188,108,1,1,[283]
188,171,1,1,[283]
188,256,1,1,[283]
188,277,1,1,[283]
189,33,1,1,[283]
189,40,2,2,"[283, 281]"
189,123,1,1,[283]
189,176,1,1,[283]
189,204,1,1,[283]
189,205,3,1,"[283, 251, 257]"
189,228,1,1,[283]
189,234,1,1,[283]
190,7,1,1,[283]
190,19,1,1,[283]
190,66,1,1,[283]
190,109,1,1,[283]
190,148,1,1,[283]
190,157,1,1,[283]
191,74,1,1,[283]
191,83,1,1,[283]
191,120,1,1,[283]
191,182,1,1,[283]
191,190,1,1,[283]
191,253,1,1,[283]
192,1,1,1,[283]
192,73,1,1,[283]
192,84,2,1,"[283, 293]"
192,88,1,1,[283]
192,101,1,1,[283]
192,126,1,1,[283]
192,279,1,1,[283]
193,30,1,1,[283]
193,134,1,1,[283]
193,160,1,1,[283]
193,187,1,1,[283]
193,189,1,1,[283]
193,233,1,1,[283]
194,38,1,1,[283]
194,131,1,1,[283]
194,159,1,1,[283]
194,227,1,1,[283]
194,231,1,1,[283]
194,242,2,2,"[283, 281]"
194,260,1,1,[283]
195,170,1,1,[283]
195,210,1,1,[283]
196,47,1,1,[283]
196,65,1,1,[283]
197,74,1,1,[283]
197,83,1,1,[283]
197,120,1,1,[283]
197,182,1,1,[283]
197,190,1,1,[283]
197,253,1,1,[283]
198,172,1,1,[283]
198,178,1,1,[283]
198,185,1,1,[283]
198,240,1,1,[283]
198,242,1,1,[283]
198,257,1,1,[283]
199,3,1,1,[283]
199,37,1,1,[283]
199,101,2,2,"[283, 307]"
199,151,2,2,"[283, 271]"
200,2,1,1,[283]
200,91,1,1,[283]
200,105,1,1,[283]
200,141,1,1,[283]
200,220,1,1,[283]
200,239,1,1,[283]
201,66,2,1,"[283, 271]"
201,104,1,1,[283]
201,192,1,1,[283]
202,32,1,1,[283]
202,41,1,1,[283]
202,54,2,1,"[283, 313]"
202,124,1,1,[283]
202,145,1,1,[283]
202,265,1,1,[283]
202,275,1,1,[283]
203,75,1,1,[283]
203,182,1,1,[283]
204,75,1,1,[283]
204,161,2,1,"[283, 269]"
204,182,1,1,[283]
205,22,1,1,[283]
205,71,1,1,[283]
205,89,1,1,[283]
205,96,1,1,[283]
205,173,1,1,[283]
205,282,1,1,[283]
206,43,1,1,[283]
206,60,1,1,[283]
206,117,1,1,[283]
206,135,1,1,[283]
206,161,2,1,"[283, 313]"
206,186,1,1,[283]
206,202,1,1,[283]
207,5,1,1,[283]
207,31,1,1,[283]
207,125,2,1,"[283, 307]"
207,132,2,1,"[283, 271]"
208,35,1,1,[283]
208,243,1,1,[283]
209,15,1,1,[283]
209,100,1,1,[283]
209,174,2,1,"[283, 277]"
209,188,1,1,[283]
209,192,1,1,[283]
209,223,1,1,[283]
209,246,1,1,[283]
210,84,1,1,[283]
210,133,1,1,[283]
210,143,1,1,[283]
210,165,1,1,[283]
210,184,1,1,[283]
210,262,1,1,[283]
211,80,1,1,[283]
211,213,1,1,[283]
212,37,1,1,[283]
212,98,1,1,[283]
212,110,1,1,[283]
212,158,1,1,[283]
212,214,1,1,[283]
212,217,1,1,[283]
213,26,1,1,[283]
213,28,1,1,[283]
213,62,1,1,[283]
213,76,1,1,[283]
213,153,1,1,[283]
213,264,1,1,[283]
214,18,1,1,[283]
214,55,1,1,[283]
215,259,1,1,[283]
215,270,1,1,[283]
216,12,1,1,[283]
216,148,1,1,[283]
217,15,1,1,[283]
217,22,2,2,"[283, 277]"
217,100,1,1,[283]
217,188,1,1,[283]
217,192,1,1,[283]
217,223,1,1,[283]
217,246,1,1,[283]
218,46,1,1,[283]
218,190,1,1,[283]
219,24,1,1,[283]
219,93,1,1,[283]
219,114,1,1,[283]
219,147,1,1,[283]
219,212,1,1,[283]
219,230,1,1,[283]
219,262,2,1,"[283, 271]"
220,11,1,1,[283]
220,50,1,1,[283]
220,85,1,1,[283]
220,225,1,1,[283]
220,232,1,1,[283]
220,250,2,2,"[283, 313]"
220,273,1,1,[283]
221,3,1,1,[283]
221,56,1,1,[283]
221,90,1,1,[283]
221,155,1,1,[283]
221,229,1,1,[283]
221,278,1,1,[283]
222,108,2,1,"[283, 251]"
222,172,1,1,[283]
222,178,1,1,[283]
222,185,1,1,[283]
222,240,1,1,[283]
222,242,1,1,[283]
222,257,1,1,[283]
223,7,1,1,[283]
223,19,1,1,[283]
223,66,1,1,[283]
223,109,1,1,[283]
223,148,1,1,[283]
223,157,1,1,[283]
223,210,2,2,"[283, 277]"
224,4,1,1,[283]
224,9,1,1,[283]
224,69,1,1,[283]
224,71,2,2,"[283, 271]"
224,114,2,1,"[283, 277]"
224,121,1,1,[283]
224,221,1,1,[283]
224,267,1,1,[283]
225,86,2,1,"[283, 271]"
225,209,1,1,[283]
225,264,2,2,"[283, 271]"
225,277,1,1,[283]
226,36,3,2,"[283, 277, 281]"
226,39,1,1,[283]
226,45,1,1,[283]
226,61,1,1,[283]
226,208,1,1,[283]
226,218,1,1,[283]
226,274,1,1,[283]
227,14,1,1,[283]
227,200,1,1,[283]
228,80,1,1,[283]
228,213,1,1,[283]
229,58,1,1,[283]
229,92,1,1,[283]
229,127,1,1,[283]
229,139,1,1,[283]
229,154,1,1,[283]
229,215,1,1,[283]
230,259,1,1,[283]
230,270,1,1,[283]
231,111,1,1,[283]
231,119,1,1,[283]
231,122,1,1,[283]
231,146,1,1,[283]
231,174,1,1,[283]
231,179,1,1,[283]
232,80,1,1,[283]
232,125,1,1,[283]
232,166,1,1,[283]
232,169,1,1,[283]
232,181,1,1,[283]
232,195,1,1,[283]
233,69,1,1,[283]
233,258,1,1,[283]
234,4,1,1,[283]
234,9,1,1,[283]
234,69,1,1,[283]
234,121,1,1,[283]
234,221,1,1,[283]
234,267,1,1,[283]
235,50,1,1,[283]
235,145,1,1,[283]
235,170,2,2,"[283, 271]"
236,47,1,1,[283]
236,65,1,1,[283]
236,270,2,1,"[283, 313]"
237,68,1,1,[283]
237,82,1,1,[283]
238,17,1,1,[283]
238,162,1,1,[283]
239,65,1,1,[283]
239,151,1,1,[283]
239,245,1,1,[283]
239,252,1,1,[283]
239,269,1,1,[283]
239,270,1,1,[283]
240,68,1,1,[283]
240,82,1,1,[283]
240,210,2,1,"[283, 313]"
241,1,1,1,[283]
241,73,1,1,[283]
241,88,1,1,[283]
241,101,1,1,[283]
241,126,1,1,[283]
241,279,1,1,[283]
242,27,1,1,[283]
242,64,1,1,[283]
242,140,1,1,[283]
242,144,1,1,[283]
242,238,1,1,[283]
242,255,1,1,[283]
243,3,1,1,[283]
243,31,2,2,"[283, 277]"
243,56,1,1,[283]
243,90,1,1,[283]
243,155,1,1,[283]
243,229,1,1,[283]
243,278,1,1,[283]
244,221,1,1,[283]
244,273,1,1,[283]
245,6,1,1,[283]
245,53,1,1,[283]
245,94,1,1,[283]
245,170,1,1,[283]
245,199,1,1,[283]
245,249,1,1,[283]
246,202,2,2,"[283, 277]"
246,242,1,1,[283]
246,249,1,1,[283]
247,22,1,1,[283]
247,71,1,1,[283]
247,89,1,1,[283]
247,96,1,1,[283]
247,173,1,1,[283]
247,282,1,1,[283]
248,35,2,1,"[283, 269]"
248,184,1,1,[283]
248,194,1,1,[283]
249,32,1,1,[283]
249,41,1,1,[283]
249,124,1,1,[283]
249,145,1,1,[283]
249,265,1,1,[283]
249,275,1,1,[283]
250,55,2,2,"[283, 313]"
250,138,2,2,"[283, 277]"
250,242,1,1,[283]
250,249,1,1,[283]
251,126,1,1,[283]
251,139,1,1,[283]
251,215,2,1,"[283, 293]"
252,26,1,1,[283]
252,48,1,1,[283]
253,46,1,1,[283]
253,190,1,1,[283]
254,8,1,1,[283]
254,31,1,1,[283]
254,81,1,1,[283]
254,107,1,1,[283]
254,137,1,1,[283]
254,281,1,1,[283]
255,18,1,1,[283]
255,113,2,1,"[283, 277]"
255,130,1,1,[283]
255,150,1,1,[283]
255,161,1,1,[283]
255,193,1,1,[283]
255,205,1,1,[283]
256,14,1,1,[283]
256,25,2,2,"[283, 271]"
256,200,1,1,[283]
257,88,1,1,[283]
257,206,1,1,[283]
258,52,1,1,[283]
258,82,1,1,[283]
258,86,1,1,[283]
258,145,2,2,"[283, 277]"
258,196,1,1,[283]
258,210,1,1,[283]
258,222,1,1,[283]
259,111,1,1,[283]
259,119,1,1,[283]
259,122,1,1,[283]
259,146,1,1,[283]
259,174,1,1,[283]
259,179,1,1,[283]
260,25,1,1,[283]
260,47,1,1,[283]
260,48,1,1,[283]
260,203,1,1,[283]
260,216,1,1,[283]
260,268,1,1,[283]
261,12,3,2,"[283, 311, 293]"
261,186,1,1,[283]
261,191,1,1,[283]
262,35,1,1,[283]
262,243,1,1,[283]
263,26,1,1,[283]
263,48,1,1,[283]
263,166,2,2,"[283, 311]"
263,206,2,1,"[283, 269]"
263,269,2,1,"[283, 293]"
264,173,1,1,[283]
264,247,1,1,[283]
265,221,1,1,[283]
265,273,1,1,[283]
266,3,1,1,[283]
266,37,1,1,[283]
266,237,2,1,"[283, 307]"
267,17,1,1,[283]
267,42,1,1,[283]
267,115,1,1,[283]
267,193,2,1,"[283, 281]"
267,198,1,1,[283]
267,236,1,1,[283]
267,280,1,1,[283]
268,33,1,1,[283]
268,38,2,1,"[283, 313]"
268,123,1,1,[283]
268,176,1,1,[283]
268,204,1,1,[283]
268,228,1,1,[283]
268,234,1,1,[283]
269,69,1,1,[283]
269,71,2,1,"[283, 271]"
269,258,1,1,[283]
270,13,1,1,[283]
270,49,1,1,[283]
270,117,3,1,"[283, 307, 293]"
270,162,1,1,[283]
270,163,1,1,[283]
270,194,1,1,[283]
270,197,1,1,[283]
271,88,1,1,[283]
271,206,1,1,[283]
272,37,1,1,[283]
272,98,1,1,[283]
272,110,1,1,[283]
272,158,1,1,[283]
272,214,1,1,[283]
272,217,1,1,[283]
273,16,1,1,[283]
273,35,1,1,[283]
273,36,1,1,[283]
273,201,1,1,[283]
273,219,1,1,[283]
273,276,1,1,[283]
274,68,1,1,[283]
274,95,1,1,[283]
274,168,1,1,[283]
274,177,1,1,[283]
274,226,1,1,[283]
274,271,1,1,[283]
275,18,1,1,[283]
275,55,1,1,[283]
276,52,1,1,[283]
276,82,1,1,[283]
276,86,1,1,[283]
276,196,1,1,[283]
276,210,1,1,[283]
276,222,1,1,[283]
277,13,1,1,[283]
277,49,1,1,[283]
277,162,1,1,[283]
277,163,1,1,[283]
277,194,1,1,[283]
277,197,1,1,[283]
278,209,1,1,[283]
278,277,1,1,[283]
279,21,1,1,[283]
279,46,1,1,[283]
279,104,1,1,[283]
279,112,1,1,[283]
279,207,1,1,[283]
279,248,1,1,[283]
280,13,2,1,"[283, 313]"
280,45,1,1,[283]
280,272,1,1,[283]
281,112,2,1,"[283, 313]"
281,170,1,1,[283]
281,210,1,1,[283]
282,65,1,1,[283]
282,151,1,1,[283]
282,245,1,1,[283]
282,252,1,1,[283]
282,269,1,1,[283]
282,270,1,1,[283]
1,40,1,1,[293]
1,220,2,2,"[293, 313]"
1,253,1,1,[293]
2,20,1,1,[293]
2,40,1,1,[293]
2,63,1,1,[293]
2,75,1,1,[293]
2,108,1,1,[293]
2,185,1,1,[293]
2,218,1,1,[293]
2,230,1,1,[293]
2,253,1,1,[293]
2,273,1,1,[293]
3,44,1,1,[293]
3,80,1,1,[293]
3,88,1,1,[293]
3,114,1,1,[293]
3,128,1,1,[293]
3,165,1,1,[293]
3,179,1,1,[293]
3,205,1,1,[293]
3,213,1,1,[293]
3,249,1,1,[293]
4,108,2,2,"[293, 283]"
4,119,2,1,"[293, 283]"
5,2,1,1,[293]
5,50,1,1,[293]
5,55,1,1,[293]
5,80,1,1,[293]
5,119,1,1,[293]
5,174,1,1,[293]
5,213,1,1,[293]
5,238,1,1,[293]
5,243,1,1,[293]
5,291,1,1,[293]
7,11,1,1,[293]
7,23,1,1,[293]
7,41,1,1,[293]
7,50,1,1,[293]
7,100,1,1,[293]
7,193,1,1,[293]
7,243,1,1,[293]
7,252,1,1,[293]
7,270,1,1,[293]
7,282,1,1,[293]
8,61,1,1,[293]
8,232,1,1,[293]
11,37,1,1,[293]
11,256,1,1,[293]
12,17,1,1,[293]
12,276,1,1,[293]
13,25,1,1,[293]
13,268,1,1,[293]
14,25,2,1,"[293, 313]"
16,77,1,1,[293]
16,216,1,1,[293]
17,14,1,1,[293]
17,279,1,1,[293]
18,96,1,1,[293]
18,197,1,1,[293]
18,217,2,1,"[293, 311]"
19,4,1,1,[293]
19,289,1,1,[293]
20,26,1,1,[293]
20,267,1,1,[293]
22,107,1,1,[293]
22,186,1,1,[293]
22,260,2,1,"[293, 317]"
23,1,1,1,[293]
23,292,1,1,[293]
24,65,1,1,[293]
24,228,1,1,[293]
25,155,3,2,"[293, 283, 269]"
26,73,2,1,"[293, 271]"
26,94,1,1,[293]
26,199,1,1,[293]
27,94,1,1,[293]
27,199,1,1,[293]
28,6,1,1,[293]
28,287,1,1,[293]
29,19,1,1,[293]
29,34,1,1,[293]
29,68,1,1,[293]
29,98,1,1,[293]
29,125,1,1,[293]
29,168,1,1,[293]
29,195,1,1,[293]
29,225,1,1,[293]
29,259,1,1,[293]
29,274,1,1,[293]
30,10,2,1,"[293, 283]"
30,60,1,1,[293]
30,233,1,1,[293]
31,190,3,1,"[293, 317, 311]"
32,62,2,1,"[293, 307]"
32,70,1,1,[293]
32,77,1,1,[293]
32,108,1,1,[293]
32,112,1,1,[293]
32,120,1,1,[293]
32,173,1,1,[293]
32,181,1,1,[293]
32,185,1,1,[293]
32,216,1,1,[293]
32,223,1,1,[293]
33,1,1,1,[293]
33,292,1,1,[293]
34,7,1,1,[293]
34,14,1,1,[293]
34,47,1,1,[293]
34,66,1,1,[293]
34,119,2,1,"[293, 313]"
34,138,1,1,[293]
34,155,1,1,[293]
34,227,1,1,[293]
34,246,1,1,[293]
34,279,1,1,[293]
34,286,1,1,[293]
35,71,2,1,"[293, 313]"
36,143,1,1,[293]
36,150,1,1,[293]
36,228,2,1,"[293, 313]"
37,74,2,1,"[293, 317]"
37,178,2,2,"[293, 313]"
38,67,1,1,[293]
38,226,1,1,[293]
39,31,1,1,[293]
39,262,1,1,[293]
40,4,1,1,[293]
40,152,2,1,"[293, 313]"
40,158,2,2,"[293, 313]"
40,289,1,1,[293]
41,88,1,1,[293]
41,205,1,1,[293]
42,104,1,1,[293]
42,189,1,1,[293]
44,44,1,1,[293]
44,92,1,1,[293]
44,93,1,1,[293]
44,107,1,1,[293]
44,129,1,1,[293]
44,164,1,1,[293]
44,186,1,1,[293]
44,200,1,1,[293]
44,201,1,1,[293]
44,249,1,1,[293]
45,60,3,2,"[293, 281, 277]"
45,132,1,1,[293]
45,161,1,1,[293]
46,88,2,1,"[293, 317]"
46,90,1,1,[293]
46,203,1,1,[293]
47,97,1,1,[293]
47,196,1,1,[293]
48,12,1,1,[293]
48,29,1,1,[293]
48,65,1,1,[293]
48,114,1,1,[293]
48,139,1,1,[293]
48,154,1,1,[293]
48,179,1,1,[293]
48,228,1,1,[293]
48,264,1,1,[293]
48,281,1,1,[293]
50,109,1,1,[293]
50,184,1,1,[293]
50,200,2,1,"[293, 263]"
51,28,1,1,[293]
51,48,1,1,[293]
51,74,1,1,[293]
51,131,1,1,[293]
51,145,1,1,[293]
51,148,1,1,[293]
51,162,1,1,[293]
51,205,2,1,"[293, 307]"
51,219,1,1,[293]
51,245,1,1,[293]
51,265,1,1,[293]
52,47,1,1,[293]
52,78,1,1,[293]
52,94,1,1,[293]
52,101,1,1,[293]
52,103,1,1,[293]
52,190,1,1,[293]
52,192,1,1,[293]
52,199,1,1,[293]
52,215,1,1,[293]
52,246,1,1,[293]
53,71,1,1,[293]
53,222,1,1,[293]
54,37,1,1,[293]
54,256,1,1,[293]
55,36,1,1,[293]
55,257,1,1,[293]
56,46,1,1,[293]
56,247,1,1,[293]
57,83,2,2,"[293, 313]"
57,87,1,1,[293]
57,206,1,1,[293]
59,109,1,1,[293]
59,184,1,1,[293]
60,126,1,1,[293]
60,167,1,1,[293]
62,67,1,1,[293]
62,226,1,1,[293]
63,53,1,1,[293]
63,240,1,1,[293]
64,120,2,2,"[293, 283]"
65,56,1,1,[293]
65,237,1,1,[293]
66,1,1,1,[293]
66,32,1,1,[293]
66,79,1,1,[293]
66,90,2,2,"[293, 277]"
66,108,1,1,[293]
66,146,1,1,[293]
66,147,1,1,[293]
66,185,1,1,[293]
66,214,1,1,[293]
66,261,1,1,[293]
66,292,1,1,[293]
67,183,2,1,"[293, 283]"
69,95,1,1,[293]
69,198,1,1,[293]
70,65,1,1,[293]
70,228,1,1,[293]
70,270,2,2,"[293, 281]"
72,75,1,1,[293]
72,85,1,1,[293]
72,112,1,1,[293]
72,130,1,1,[293]
72,143,1,1,[293]
72,150,1,1,[293]
72,163,1,1,[293]
72,181,1,1,[293]
72,208,1,1,[293]
72,218,1,1,[293]
73,104,1,1,[293]
73,189,1,1,[293]
74,14,1,1,[293]
74,279,1,1,[293]
75,64,1,1,[293]
75,229,1,1,[293]
76,19,1,1,[293]
76,67,1,1,[293]
76,89,1,1,[293]
76,93,1,1,[293]
76,113,1,1,[293]
76,180,1,1,[293]
76,191,2,1,"[293, 263]"
76,200,1,1,[293]
76,204,1,1,[293]
76,226,1,1,[293]
76,274,1,1,[293]
77,121,1,1,[293]
77,172,1,1,[293]
78,31,1,1,[293]
78,105,1,1,[293]
78,113,1,1,[293]
78,125,1,1,[293]
78,131,1,1,[293]
78,162,1,1,[293]
78,168,1,1,[293]
78,180,1,1,[293]
78,188,1,1,[293]
78,262,1,1,[293]
79,42,1,1,[293]
79,45,1,1,[293]
79,47,1,1,[293]
79,81,1,1,[293]
79,106,1,1,[293]
79,187,1,1,[293]
79,212,1,1,[293]
79,246,1,1,[293]
79,248,1,1,[293]
79,251,1,1,[293]
80,2,1,1,[293]
80,4,1,1,[293]
80,23,1,1,[293]
80,128,1,1,[293]
80,139,1,1,[293]
80,154,1,1,[293]
80,165,1,1,[293]
80,270,1,1,[293]
80,289,1,1,[293]
80,291,1,1,[293]
81,109,2,2,"[293, 313]"
81,140,1,1,[293]
81,153,1,1,[293]
81,247,2,1,"[293, 313]"
82,9,1,1,[293]
82,97,2,1,"[293, 313]"
82,284,1,1,[293]
83,39,3,3,"[293, 271, 277]"
83,197,2,1,"[293, 313]"
84,16,1,1,[293]
84,88,2,1,"[293, 313]"
84,277,1,1,[293]
85,27,1,1,[293]
85,28,1,1,[293]
85,30,1,1,[293]
85,54,1,1,[293]
85,129,1,1,[293]
85,164,1,1,[293]
85,239,1,1,[293]
85,263,1,1,[293]
85,265,1,1,[293]
85,266,1,1,[293]
86,83,1,1,[293]
86,187,2,1,"[293, 281]"
86,210,1,1,[293]
86,279,2,1,"[293, 313]"
89,41,1,1,[293]
89,51,1,1,[293]
89,102,1,1,[293]
89,118,1,1,[293]
89,146,1,1,[293]
89,147,1,1,[293]
89,175,1,1,[293]
89,191,1,1,[293]
89,242,1,1,[293]
89,252,1,1,[293]
90,133,1,1,[293]
90,160,1,1,[293]
91,58,1,1,[293]
91,235,1,1,[293]
92,45,1,1,[293]
92,50,1,1,[293]
92,51,1,1,[293]
92,78,1,1,[293]
92,90,1,1,[293]
92,203,1,1,[293]
92,215,1,1,[293]
92,242,1,1,[293]
92,243,1,1,[293]
92,248,1,1,[293]
93,87,1,1,[293]
93,206,1,1,[293]
94,60,1,1,[293]
94,233,1,1,[293]
95,91,1,1,[293]
95,202,1,1,[293]
97,201,2,1,"[293, 263]"
97,207,2,1,"[293, 271]"
98,15,1,1,[293]
98,278,1,1,[293]
99,2,1,1,[293]
99,89,1,1,[293]
99,114,1,1,[293]
99,115,1,1,[293]
99,129,1,1,[293]
99,164,1,1,[293]
99,178,1,1,[293]
99,179,1,1,[293]
99,204,1,1,[293]
99,291,1,1,[293]
100,141,1,1,[293]
100,152,1,1,[293]
101,25,1,1,[293]
101,63,1,1,[293]
101,76,1,1,[293]
101,79,1,1,[293]
101,134,1,1,[293]
101,159,1,1,[293]
101,214,1,1,[293]
101,217,1,1,[293]
101,230,1,1,[293]
101,268,1,1,[293]
103,81,1,1,[293]
103,212,1,1,[293]
105,143,1,1,[293]
105,150,1,1,[293]
105,214,2,2,"[293, 263]"
106,42,1,1,[293]
106,50,1,1,[293]
106,71,1,1,[293]
106,72,1,1,[293]
106,111,1,1,[293]
106,182,1,1,[293]
106,221,1,1,[293]
106,222,1,1,[293]
106,243,1,1,[293]
106,251,1,1,[293]
107,111,2,1,"[293, 263]"
107,216,2,1,"[293, 271]"
108,7,1,1,[293]
108,12,1,1,[293]
108,37,1,1,[293]
108,106,1,1,[293]
108,128,1,1,[293]
108,165,1,1,[293]
108,187,1,1,[293]
108,256,1,1,[293]
108,281,1,1,[293]
108,286,1,1,[293]
109,33,1,1,[293]
109,260,1,1,[293]
110,18,1,1,[293]
110,20,1,1,[293]
110,36,1,1,[293]
110,79,1,1,[293]
110,86,1,1,[293]
110,207,1,1,[293]
110,214,1,1,[293]
110,257,1,1,[293]
110,273,1,1,[293]
110,275,1,1,[293]
111,145,1,1,[293]
111,148,1,1,[293]
112,7,1,1,[293]
112,13,1,1,[293]
112,23,1,1,[293]
112,46,1,1,[293]
112,118,1,1,[293]
112,175,1,1,[293]
112,247,1,1,[293]
112,270,1,1,[293]
112,280,1,1,[293]
112,286,1,1,[293]
113,107,1,1,[293]
113,186,1,1,[293]
114,20,1,1,[293]
114,87,1,1,[293]
114,103,1,1,[293]
114,134,1,1,[293]
114,146,1,1,[293]
114,147,1,1,[293]
114,159,1,1,[293]
114,190,1,1,[293]
114,206,1,1,[293]
114,273,1,1,[293]
115,96,1,1,[293]
115,197,1,1,[293]
116,133,1,1,[293]
116,160,1,1,[293]
117,18,1,1,[293]
117,49,1,1,[293]
117,62,1,1,[293]
117,103,1,1,[293]
117,122,1,1,[293]
117,171,1,1,[293]
117,190,1,1,[293]
117,231,1,1,[293]
117,244,1,1,[293]
117,275,1,1,[293]
118,28,1,1,[293]
118,52,1,1,[293]
118,92,1,1,[293]
118,109,1,1,[293]
118,114,1,1,[293]
118,179,1,1,[293]
118,184,1,1,[293]
118,201,1,1,[293]
118,241,1,1,[293]
118,265,1,1,[293]
119,29,1,1,[293]
119,35,1,1,[293]
119,52,1,1,[293]
119,128,1,1,[293]
119,129,1,1,[293]
119,164,1,1,[293]
119,165,1,1,[293]
119,241,1,1,[293]
119,258,1,1,[293]
119,264,1,1,[293]
120,8,1,1,[293]
120,63,1,1,[293]
120,70,1,1,[293]
120,126,1,1,[293]
120,130,1,1,[293]
120,163,1,1,[293]
120,167,1,1,[293]
120,223,1,1,[293]
120,230,1,1,[293]
120,285,1,1,[293]
121,193,2,2,"[293, 313]"
122,39,1,1,[293]
122,254,1,1,[293]
123,137,1,1,[293]
123,156,1,1,[293]
124,56,2,2,"[293, 313]"
124,123,1,1,[293]
124,170,1,1,[293]
124,276,2,1,"[293, 311]"
125,40,1,1,[293]
125,253,1,1,[293]
126,82,1,1,[293]
126,211,1,1,[293]
127,11,1,1,[293]
127,20,1,1,[293]
127,22,1,1,[293]
127,32,1,1,[293]
127,118,1,1,[293]
127,175,1,1,[293]
127,261,1,1,[293]
127,271,1,1,[293]
127,273,1,1,[293]
127,282,1,1,[293]
128,95,1,1,[293]
128,198,1,1,[293]
129,124,1,1,[293]
129,169,1,1,[293]
130,28,1,1,[293]
130,29,1,1,[293]
130,34,1,1,[293]
130,56,1,1,[293]
130,105,1,1,[293]
130,183,2,1,"[293, 313]"
130,188,1,1,[293]
130,199,2,1,"[293, 263]"
130,237,1,1,[293]
130,259,1,1,[293]
130,264,1,1,[293]
130,265,1,1,[293]
131,57,1,1,[293]
131,131,2,2,"[293, 283]"
131,177,2,1,"[293, 281]"
131,236,1,1,[293]
133,21,1,1,[293]
133,272,1,1,[293]
134,49,1,1,[293]
134,244,1,1,[293]
135,59,1,1,[293]
135,173,2,1,"[293, 269]"
135,234,1,1,[293]
136,36,1,1,[293]
136,257,1,1,[293]
137,57,1,1,[293]
137,81,2,1,"[293, 317]"
137,236,1,1,[293]
138,5,1,1,[293]
138,95,1,1,[293]
138,99,1,1,[293]
138,110,1,1,[293]
138,113,1,1,[293]
138,180,1,1,[293]
138,183,1,1,[293]
138,194,1,1,[293]
138,198,1,1,[293]
138,288,1,1,[293]
139,117,2,1,"[293, 281]"
139,137,1,1,[293]
139,156,1,1,[293]
140,10,1,1,[293]
140,283,1,1,[293]
141,132,1,1,[293]
141,161,1,1,[293]
142,102,1,1,[293]
142,191,1,1,[293]
143,18,2,1,"[293, 317]"
143,65,2,1,"[293, 313]"
143,275,2,1,"[293, 317]"
146,12,1,1,[293]
146,52,1,1,[293]
146,98,1,1,[293]
146,104,1,1,[293]
146,105,1,1,[293]
146,188,1,1,[293]
146,189,1,1,[293]
146,195,1,1,[293]
146,241,1,1,[293]
146,281,1,1,[293]
147,33,1,1,[293]
147,64,2,1,"[293, 281]"
147,260,1,1,[293]
148,88,1,1,[293]
148,172,2,2,"[293, 313]"
148,205,1,1,[293]
149,23,2,2,"[293, 317]"
149,55,1,1,[293]
149,216,2,1,"[293, 271]"
149,238,1,1,[293]
150,100,1,1,[293]
150,193,1,1,[293]
151,11,2,1,"[293, 269]"
151,70,1,1,[293]
151,75,1,1,[293]
151,79,1,1,[293]
151,117,1,1,[293]
151,135,1,1,[293]
151,158,1,1,[293]
151,171,2,2,"[293, 313]"
151,176,1,1,[293]
151,214,1,1,[293]
151,218,1,1,[293]
151,223,1,1,[293]
152,112,2,1,"[293, 277]"
154,63,1,1,[293]
154,86,1,1,[293]
154,110,1,1,[293]
154,117,1,1,[293]
154,121,1,1,[293]
154,172,1,1,[293]
154,176,1,1,[293]
154,183,1,1,[293]
154,207,1,1,[293]
154,230,1,1,[293]
155,91,1,1,[293]
155,202,1,1,[293]
157,8,1,1,[293]
157,27,1,1,[293]
157,73,1,1,[293]
157,93,1,1,[293]
157,110,1,1,[293]
157,169,2,1,"[293, 277]"
157,183,1,1,[293]
157,200,1,1,[293]
157,210,2,1,"[293, 307]"
157,220,1,1,[293]
157,266,1,1,[293]
157,285,1,1,[293]
159,39,1,1,[293]
159,76,1,1,[293]
159,110,1,1,[293]
159,127,1,1,[293]
159,142,1,1,[293]
159,151,1,1,[293]
159,166,1,1,[293]
159,183,1,1,[293]
159,217,1,1,[293]
159,254,1,1,[293]
161,68,1,1,[293]
161,211,3,1,"[293, 311, 307]"
161,225,1,1,[293]
162,70,1,1,[293]
162,74,1,1,[293]
162,85,1,1,[293]
162,116,1,1,[293]
162,140,1,1,[293]
162,153,1,1,[293]
162,177,1,1,[293]
162,208,1,1,[293]
162,219,1,1,[293]
162,223,1,1,[293]
163,140,1,1,[293]
163,153,1,1,[293]
164,5,1,1,[293]
164,9,1,1,[293]
164,93,1,1,[293]
164,125,1,1,[293]
164,142,1,1,[293]
164,151,1,1,[293]
164,168,1,1,[293]
164,200,1,1,[293]
164,284,1,1,[293]
164,288,1,1,[293]
165,2,1,1,[293]
165,19,1,1,[293]
165,38,1,1,[293]
165,44,1,1,[293]
165,72,1,1,[293]
165,197,2,1,"[293, 277]"
165,221,1,1,[293]
165,249,1,1,[293]
165,255,1,1,[293]
165,274,1,1,[293]
165,291,1,1,[293]
166,55,1,1,[293]
166,58,2,1,"[293, 283]"
166,238,1,1,[293]
168,8,1,1,[293]
168,16,1,1,[293]
168,30,1,1,[293]
168,74,1,1,[293]
168,79,2,1,"[293, 269]"
168,92,1,1,[293]
168,201,1,1,[293]
168,219,1,1,[293]
168,263,1,1,[293]
168,277,1,1,[293]
168,285,1,1,[293]
170,74,2,2,"[293, 277]"
171,43,1,1,[293]
171,44,1,1,[293]
171,89,1,1,[293]
171,119,1,1,[293]
171,125,1,1,[293]
171,168,1,1,[293]
171,174,1,1,[293]
171,204,1,1,[293]
171,249,1,1,[293]
171,250,1,1,[293]
172,145,1,1,[293]
172,148,1,1,[293]
173,22,1,1,[293]
173,271,1,1,[293]
174,59,1,1,[293]
174,187,2,1,"[293, 283]"
174,234,1,1,[293]
175,126,1,1,[293]
175,167,1,1,[293]
176,24,1,1,[293]
176,269,1,1,[293]
177,3,1,1,[293]
177,32,1,1,[293]
177,64,1,1,[293]
177,75,1,1,[293]
177,120,1,1,[293]
177,173,1,1,[293]
177,218,1,1,[293]
177,229,1,1,[293]
177,261,1,1,[293]
177,290,1,1,[293]
179,71,1,1,[293]
179,222,1,1,[293]
180,7,1,1,[293]
180,41,1,1,[293]
180,80,1,1,[293]
180,133,1,1,[293]
180,139,1,1,[293]
180,154,1,1,[293]
180,160,1,1,[293]
180,213,1,1,[293]
180,252,1,1,[293]
180,286,1,1,[293]
181,115,1,1,[293]
181,178,1,1,[293]
181,221,2,1,"[293, 281]"
182,29,1,1,[293]
182,58,1,1,[293]
182,98,1,1,[293]
182,106,1,1,[293]
182,111,1,1,[293]
182,182,1,1,[293]
182,187,1,1,[293]
182,195,1,1,[293]
182,235,1,1,[293]
182,264,1,1,[293]
183,90,1,1,[293]
183,203,1,1,[293]
183,263,2,1,"[293, 269]"
185,54,1,1,[293]
185,239,1,1,[293]
186,81,1,1,[293]
186,212,1,1,[293]
187,31,1,1,[293]
187,262,1,1,[293]
188,30,1,1,[293]
188,34,1,1,[293]
188,52,1,1,[293]
188,60,1,1,[293]
188,131,1,1,[293]
188,162,1,1,[293]
188,233,1,1,[293]
188,241,1,1,[293]
188,259,1,1,[293]
188,263,1,1,[293]
189,54,1,1,[293]
189,239,1,1,[293]
190,18,1,1,[293]
190,91,1,1,[293]
190,101,1,1,[293]
190,134,1,1,[293]
190,136,1,1,[293]
190,157,1,1,[293]
190,159,1,1,[293]
190,192,1,1,[293]
190,202,1,1,[293]
190,275,1,1,[293]
191,102,1,1,[293]
191,165,2,1,"[293, 269]"
191,191,1,1,[293]
192,84,1,1,[293]
192,209,1,1,[293]
192,279,2,1,"[293, 283]"
193,187,2,1,"[293, 283]"
193,215,2,2,"[293, 271]"
194,47,2,1,"[293, 269]"
194,141,1,1,[293]
194,152,1,1,[293]
195,3,1,1,[293]
195,6,1,1,[293]
195,62,1,1,[293]
195,101,1,1,[293]
195,112,1,1,[293]
195,181,1,1,[293]
195,192,1,1,[293]
195,231,1,1,[293]
195,242,2,1,"[293, 313]"
195,247,2,2,"[293, 277]"
195,287,1,1,[293]
195,290,1,1,[293]
196,115,1,1,[293]
196,178,1,1,[293]
197,25,1,1,[293]
197,268,1,1,[293]
200,5,1,1,[293]
200,8,1,1,[293]
200,76,1,1,[293]
200,117,1,1,[293]
200,141,1,1,[293]
200,152,1,1,[293]
200,176,1,1,[293]
200,217,1,1,[293]
200,285,1,1,[293]
200,288,1,1,[293]
201,28,2,1,"[293, 263]"
201,68,1,1,[293]
201,225,1,1,[293]
202,226,3,1,"[293, 313, 307]"
204,38,1,1,[293]
204,255,1,1,[293]
205,49,1,1,[293]
205,244,1,1,[293]
206,35,1,1,[293]
206,258,1,1,[293]
207,11,1,1,[293]
207,42,1,1,[293]
207,51,1,1,[293]
207,84,1,1,[293]
207,103,1,1,[293]
207,190,1,1,[293]
207,209,1,1,[293]
207,242,1,1,[293]
207,251,1,1,[293]
207,282,1,1,[293]
208,9,2,2,"[293, 313]"
208,110,2,1,"[293, 281]"
208,135,1,1,[293]
208,158,1,1,[293]
210,22,1,1,[293]
210,271,1,1,[293]
213,10,1,1,[293]
213,283,1,1,[293]
214,56,1,1,[293]
214,160,2,2,"[293, 313]"
214,237,1,1,[293]
215,69,1,1,[293]
215,224,1,1,[293]
216,5,2,2,"[293, 277]"
216,12,2,1,"[293, 283]"
216,229,2,1,"[293, 313]"
217,7,2,2,"[293, 269]"
217,21,1,1,[293]
217,272,1,1,[293]
218,30,1,1,[293]
218,33,1,1,[293]
218,48,1,1,[293]
218,116,1,1,[293]
218,130,1,1,[293]
218,163,1,1,[293]
218,177,1,1,[293]
218,245,1,1,[293]
218,260,1,1,[293]
218,263,1,1,[293]
219,53,1,1,[293]
219,62,1,1,[293]
219,85,1,1,[293]
219,120,1,1,[293]
219,136,1,1,[293]
219,157,1,1,[293]
219,173,1,1,[293]
219,208,1,1,[293]
219,231,1,1,[293]
219,240,1,1,[293]
220,273,2,1,"[293, 283]"
221,82,1,1,[293]
221,211,1,1,[293]
222,135,1,1,[293]
222,158,1,1,[293]
222,161,2,2,"[293, 317]"
223,3,1,1,[293]
223,13,1,1,[293]
223,26,1,1,[293]
223,47,1,1,[293]
223,122,1,1,[293]
223,171,1,1,[293]
223,246,1,1,[293]
223,267,1,1,[293]
223,280,1,1,[293]
223,290,1,1,[293]
224,278,2,1,"[293, 313]"
225,73,1,1,[293]
225,220,1,1,[293]
225,255,2,1,"[293, 313]"
226,39,1,1,[293]
226,254,1,1,[293]
227,144,1,1,[293]
227,149,1,1,[293]
229,38,1,1,[293]
229,239,2,1,"[293, 317]"
229,255,1,1,[293]
229,266,2,1,"[293, 269]"
230,34,1,1,[293]
230,48,1,1,[293]
230,96,1,1,[293]
230,113,1,1,[293]
230,142,1,1,[293]
230,151,1,1,[293]
230,180,1,1,[293]
230,197,1,1,[293]
230,230,2,1,"[293, 313]"
230,245,1,1,[293]
230,259,1,1,[293]
231,23,1,1,[293]
231,51,1,1,[293]
231,72,1,1,[293]
231,80,1,1,[293]
231,144,1,1,[293]
231,149,1,1,[293]
231,213,1,1,[293]
231,221,1,1,[293]
231,242,1,1,[293]
231,270,1,1,[293]
232,43,1,1,[293]
232,250,1,1,[293]
233,6,2,1,"[293, 313]"
233,51,2,1,"[293, 271]"
235,64,1,1,[293]
235,65,2,1,"[293, 311]"
235,184,2,2,"[293, 313]"
235,229,1,1,[293]
237,127,2,1,"[293, 277]"
239,118,2,1,"[293, 317]"
241,58,1,1,[293]
241,88,2,1,"[293, 283]"
241,235,1,1,[293]
242,77,1,1,[293]
242,216,1,1,[293]
243,13,1,1,[293]
243,15,1,1,[293]
243,106,1,1,[293]
243,138,1,1,[293]
243,139,1,1,[293]
243,154,1,1,[293]
243,155,1,1,[293]
243,187,1,1,[293]
243,278,1,1,[293]
243,280,1,1,[293]
244,6,1,1,[293]
244,56,2,2,"[293, 313]"
244,287,1,1,[293]
245,16,1,1,[293]
245,277,1,1,[293]
246,11,1,1,[293]
246,18,1,1,[293]
246,78,1,1,[293]
246,111,2,1,"[293, 269]"
246,137,1,1,[293]
246,146,1,1,[293]
246,147,1,1,[293]
246,154,2,1,"[293, 313]"
246,156,1,1,[293]
246,215,1,1,[293]
246,275,1,1,[293]
246,282,1,1,[293]
247,70,2,2,"[293, 277]"
247,88,2,2,"[293, 313]"
248,48,1,1,[293]
248,85,1,1,[293]
248,99,1,1,[293]
248,123,1,1,[293]
248,127,1,1,[293]
248,166,1,1,[293]
248,170,1,1,[293]
248,194,1,1,[293]
248,208,1,1,[293]
248,245,1,1,[293]
249,121,1,1,[293]
249,172,1,1,[293]
250,84,1,1,[293]
250,209,1,1,[293]
251,17,1,1,[293]
251,42,1,1,[293]
251,78,1,1,[293]
251,122,1,1,[293]
251,138,1,1,[293]
251,155,1,1,[293]
251,171,1,1,[293]
251,215,1,1,[293]
251,251,1,1,[293]
251,276,1,1,[293]
252,13,1,1,[293]
252,32,1,1,[293]
252,41,1,1,[293]
252,66,1,1,[293]
252,82,1,1,[293]
252,182,3,1,"[293, 313, 317]"
252,211,1,1,[293]
252,227,1,1,[293]
252,252,1,1,[293]
252,261,1,1,[293]
252,280,1,1,[293]
254,82,2,2,"[293, 313]"
256,53,1,1,[293]
256,240,1,1,[293]
258,26,1,1,[293]
258,95,2,1,"[293, 271]"
258,267,1,1,[293]
259,35,1,1,[293]
259,258,1,1,[293]
261,12,2,2,"[293, 311]"
261,46,1,1,[293]
261,146,2,2,"[293, 281]"
261,247,1,1,[293]
262,41,2,1,"[293, 317]"
262,144,1,1,[293]
262,149,1,1,[293]
262,258,2,1,"[293, 317]"
263,12,1,1,[293]
263,24,1,1,[293]
263,45,1,1,[293]
263,111,1,1,[293]
263,138,1,1,[293]
263,155,1,1,[293]
263,182,1,1,[293]
263,248,1,1,[293]
263,269,1,1,[293]
263,281,1,1,[293]
264,123,1,1,[293]
264,170,1,1,[293]
265,61,1,1,[293]
265,99,1,1,[293]
265,116,1,1,[293]
265,131,1,1,[293]
265,142,1,1,[293]
265,151,1,1,[293]
265,162,1,1,[293]
265,177,1,1,[293]
265,194,1,1,[293]
265,232,1,1,[293]
266,21,1,1,[293]
266,76,1,1,[293]
266,86,1,1,[293]
266,99,1,1,[293]
266,136,1,1,[293]
266,157,1,1,[293]
266,194,1,1,[293]
266,207,1,1,[293]
266,217,1,1,[293]
266,272,1,1,[293]
268,15,1,1,[293]
268,278,1,1,[293]
270,27,1,1,[293]
270,59,1,1,[293]
270,74,1,1,[293]
270,117,1,1,[293]
270,130,1,1,[293]
270,163,1,1,[293]
270,176,1,1,[293]
270,177,2,1,"[293, 307]"
270,219,1,1,[293]
270,234,1,1,[293]
270,266,1,1,[293]
272,17,1,1,[293]
272,276,1,1,[293]
273,69,1,1,[293]
273,112,1,1,[293]
273,116,1,1,[293]
273,127,1,1,[293]
273,136,1,1,[293]
273,157,1,1,[293]
273,166,1,1,[293]
273,177,1,1,[293]
273,181,1,1,[293]
273,224,1,1,[293]
274,3,1,1,[293]
274,57,1,1,[293]
274,66,1,1,[293]
274,108,1,1,[293]
274,118,1,1,[293]
274,175,1,1,[293]
274,185,1,1,[293]
274,227,1,1,[293]
274,236,1,1,[293]
274,290,1,1,[293]
275,45,1,1,[293]
275,72,1,1,[293]
275,97,1,1,[293]
275,98,1,1,[293]
275,119,1,1,[293]
275,174,1,1,[293]
275,195,1,1,[293]
275,196,1,1,[293]
275,221,1,1,[293]
275,233,2,2,"[293, 277]"
275,248,1,1,[293]
278,24,1,1,[293]
278,269,1,1,[293]
279,61,1,1,[293]
279,189,2,2,"[293, 313]"
279,232,1,1,[293]
280,5,1,1,[293]
280,10,1,1,[293]
280,27,1,1,[293]
280,89,1,1,[293]
280,92,1,1,[293]
280,201,1,1,[293]
280,204,1,1,[293]
280,266,1,1,[293]
280,283,1,1,[293]
280,288,1,1,[293]
281,62,1,1,[293]
281,86,1,1,[293]
281,124,1,1,[293]
281,127,1,1,[293]
281,134,1,1,[293]
281,159,1,1,[293]
281,166,1,1,[293]
281,169,1,1,[293]
281,207,1,1,[293]
281,231,1,1,[293]
282,66,1,1,[293]
282,101,1,1,[293]
282,120,1,1,[293]
282,122,1,1,[293]
282,132,1,1,[293]
282,161,1,1,[293]
282,171,1,1,[293]
282,173,1,1,[293]
282,192,1,1,[293]
282,227,1,1,[293]
283,69,1,1,[293]
283,81,2,2,"[293, 311]"
283,224,1,1,[293]
284,97,1,1,[293]
284,196,1,1,[293]
285,19,1,1,[293]
285,83,1,1,[293]
285,105,1,1,[293]
285,111,1,1,[293]
285,119,1,1,[293]
285,174,1,1,[293]
285,182,1,1,[293]
285,188,1,1,[293]
285,210,1,1,[293]
285,274,1,1,[293]
286,43,1,1,[293]
286,250,1,1,[293]
287,124,1,1,[293]
287,169,1,1,[293]
288,9,1,1,[293]
288,284,1,1,[293]
289,83,1,1,[293]
289,210,1,1,[293]
290,73,1,1,[293]
290,220,1,1,[293]
291,100,1,1,[293]
291,193,1,1,[293]
2,27,1,1,[307]
2,110,1,1,[307]
2,260,1,1,[307]
2,303,1,1,[307]
3,7,1,1,[307]
3,62,1,1,[307]
3,205,1,1,[307]
3,288,1,1,[307]
4,34,3,1,"[307, 317, 331]"
4,303,2,2,"[307, 331]"
5,28,1,1,[307]
5,88,2,2,"[307, 337]"
5,206,1,1,[307]
5,231,1,1,[307]
5,248,1,1,[307]
7,128,2,1,"[307, 317]"
8,32,1,1,[307]
8,41,1,1,[307]
8,69,1,1,[307]
8,75,2,2,"[307, 331]"
8,91,1,1,[307]
12,118,1,1,[307]
12,152,1,1,[307]
12,202,1,1,[307]
12,251,1,1,[307]
13,93,1,1,[307]
13,122,1,1,[307]
13,136,1,1,[307]
13,230,1,1,[307]
14,25,1,1,[307]
14,46,1,1,[307]
14,162,1,1,[307]
14,283,1,1,[307]
16,180,2,1,"[307, 283]"
17,167,2,1,"[307, 283]"
18,41,1,1,[307]
18,100,1,1,[307]
18,108,1,1,[307]
18,192,1,1,[307]
19,263,2,1,"[307, 313]"
20,83,1,1,[307]
20,165,1,1,[307]
20,194,1,1,[307]
20,301,1,1,[307]
21,2,1,1,[307]
21,42,1,1,[307]
21,65,1,1,[307]
21,80,2,2,"[307, 281]"
21,193,1,1,[307]
22,57,1,1,[307]
22,128,1,1,[307]
22,164,1,1,[307]
22,276,1,1,[307]
23,94,1,1,[307]
23,278,1,1,[307]
23,291,1,1,[307]
23,298,1,1,[307]
25,171,2,2,"[307, 331]"
25,280,2,2,"[307, 283]"
27,118,1,1,[307]
27,168,1,1,[307]
27,206,1,1,[307]
27,298,1,1,[307]
29,70,2,2,"[307, 331]"
29,72,1,1,[307]
29,128,1,1,[307]
29,169,1,1,[307]
29,232,1,1,[307]
29,301,2,1,"[307, 317]"
30,93,1,1,[307]
30,125,1,1,[307]
30,154,1,1,[307]
30,164,1,1,[307]
31,107,1,1,[307]
31,192,1,1,[307]
31,239,1,1,[307]
31,246,1,1,[307]
32,51,1,1,[307]
32,62,1,1,[307]
32,193,1,1,[307]
32,286,1,1,[307]
33,83,1,1,[307]
33,165,1,1,[307]
33,194,1,1,[307]
33,301,1,1,[307]
34,27,1,1,[307]
34,110,1,1,[307]
34,159,2,1,"[307, 281]"
34,260,1,1,[307]
34,303,1,1,[307]
35,8,1,1,[307]
35,158,1,1,[307]
35,168,1,1,[307]
35,260,1,1,[307]
38,51,1,1,[307]
38,62,1,1,[307]
38,67,2,1,"[307, 293]"
38,193,1,1,[307]
38,286,1,1,[307]
39,85,2,2,"[307, 331]"
39,154,2,2,"[307, 317]"
41,176,3,3,"[307, 331, 337]"
41,208,2,1,"[307, 317]"
41,231,2,1,"[307, 317]"
41,294,2,1,"[307, 313]"
43,12,1,1,[307]
43,15,2,1,"[307, 337]"
43,83,1,1,[307]
43,237,1,1,[307]
43,252,1,1,[307]
45,58,1,1,[307]
45,165,1,1,[307]
45,210,1,1,[307]
45,271,1,1,[307]
46,199,3,3,"[307, 331, 313]"
47,46,1,1,[307]
47,108,2,2,"[307, 313]"
47,163,1,1,[307]
47,213,2,1,"[307, 283]"
47,226,1,1,[307]
47,232,1,1,[307]
48,12,1,1,[307]
48,141,1,1,[307]
48,226,1,1,[307]
48,284,1,1,[307]
50,2,1,1,[307]
50,42,1,1,[307]
50,65,1,1,[307]
50,193,1,1,[307]
51,7,1,1,[307]
51,62,1,1,[307]
51,205,1,1,[307]
51,288,1,1,[307]
52,2,1,1,[307]
52,140,1,1,[307]
52,177,1,1,[307]
52,252,1,1,[307]
53,158,2,2,"[307, 317]"
54,16,2,2,"[307, 331]"
55,25,1,1,[307]
55,46,1,1,[307]
55,162,1,1,[307]
55,283,1,1,[307]
56,107,1,1,[307]
56,192,1,1,[307]
56,239,1,1,[307]
56,246,1,1,[307]
57,12,1,1,[307]
57,141,1,1,[307]
57,226,1,1,[307]
57,284,1,1,[307]
58,72,2,1,"[307, 331]"
58,166,2,2,"[307, 281]"
59,91,1,1,[307]
59,107,1,1,[307]
59,225,1,1,[307]
59,230,1,1,[307]
61,38,1,1,[307]
61,183,1,1,[307]
61,204,1,1,[307]
61,293,1,1,[307]
64,16,2,1,"[307, 313]"
64,194,2,2,"[307, 331]"
65,178,2,1,"[307, 277]"
67,57,1,1,[307]
67,128,1,1,[307]
67,131,3,2,"[307, 281, 269]"
67,164,1,1,[307]
67,276,1,1,[307]
68,109,2,2,"[307, 317]"
70,203,2,1,"[307, 277]"
72,57,1,1,[307]
72,121,1,1,[307]
72,221,2,2,"[307, 311]"
72,286,1,1,[307]
72,306,1,1,[307]
73,93,1,1,[307]
73,122,1,1,[307]
73,136,1,1,[307]
73,230,1,1,[307]
74,93,1,1,[307]
74,125,1,1,[307]
74,154,1,1,[307]
74,164,1,1,[307]
75,46,1,1,[307]
75,163,1,1,[307]
75,226,1,1,[307]
75,232,1,1,[307]
78,51,1,1,[307]
78,150,1,1,[307]
78,163,1,1,[307]
78,276,1,1,[307]
79,268,2,1,"[307, 277]"
80,48,1,1,[307]
80,183,2,2,"[307, 311]"
80,215,1,1,[307]
80,257,1,1,[307]
80,290,1,1,[307]
82,91,1,1,[307]
82,107,1,1,[307]
82,225,1,1,[307]
82,230,1,1,[307]
84,94,1,1,[307]
84,278,1,1,[307]
84,291,1,1,[307]
84,298,1,1,[307]
85,28,1,1,[307]
85,143,2,2,"[307, 283]"
85,206,1,1,[307]
85,231,1,1,[307]
85,248,1,1,[307]
85,306,2,1,"[307, 313]"
88,158,1,1,[307]
88,204,1,1,[307]
88,223,1,1,[307]
88,248,1,1,[307]
90,210,2,1,"[307, 331]"
91,118,1,1,[307]
91,152,1,1,[307]
91,202,1,1,[307]
91,251,1,1,[307]
92,24,2,1,"[307, 331]"
92,72,1,1,[307]
92,128,1,1,[307]
92,169,1,1,[307]
92,232,1,1,[307]
93,143,2,2,"[307, 281]"
95,48,1,1,[307]
95,215,1,1,[307]
95,257,1,1,[307]
95,290,1,1,[307]
98,51,1,1,[307]
98,65,2,2,"[307, 311]"
98,150,1,1,[307]
98,163,1,1,[307]
98,276,1,1,[307]
101,289,2,1,"[307, 331]"
102,66,2,2,"[307, 313]"
106,28,1,1,[307]
106,122,1,1,[307]
106,152,1,1,[307]
106,190,2,2,"[307, 337]"
106,239,1,1,[307]
108,60,2,2,"[307, 331]"
108,72,1,1,[307]
108,128,2,1,"[307, 293]"
108,191,1,1,[307]
108,194,1,1,[307]
108,284,1,1,[307]
110,287,2,2,"[307, 331]"
111,58,1,1,[307]
111,165,1,1,[307]
111,210,1,1,[307]
111,271,1,1,[307]
113,136,2,1,"[307, 331]"
114,137,2,2,"[307, 313]"
116,38,1,1,[307]
116,183,1,1,[307]
116,204,1,1,[307]
116,255,2,2,"[307, 337]"
116,293,1,1,[307]
117,12,1,1,[307]
117,83,1,1,[307]
117,237,1,1,[307]
117,252,1,1,[307]
118,291,2,2,"[307, 313]"
120,177,1,1,[307]
120,223,1,1,[307]
120,228,1,1,[307]
120,303,1,1,[307]
121,217,2,2,"[307, 313]"
122,43,2,2,"[307, 331]"
123,18,1,1,[307]
123,71,1,1,[307]
123,202,1,1,[307]
123,278,1,1,[307]
124,65,1,1,[307]
124,128,2,2,"[307, 317]"
124,181,1,1,[307]
124,237,1,1,[307]
124,306,1,1,[307]
125,7,1,1,[307]
125,38,1,1,[307]
125,184,1,1,[307]
125,290,1,1,[307]
126,34,1,1,[307]
126,231,1,1,[307]
126,246,1,1,[307]
126,293,1,1,[307]
127,271,2,1,"[307, 293]"
128,118,1,1,[307]
128,168,1,1,[307]
128,206,1,1,[307]
128,237,2,2,"[307, 313]"
128,298,1,1,[307]
130,38,1,1,[307]
130,183,1,1,[307]
130,204,1,1,[307]
130,293,1,1,[307]
131,51,1,1,[307]
131,150,1,1,[307]
131,163,1,1,[307]
131,276,1,1,[307]
132,48,1,1,[307]
132,215,1,1,[307]
132,257,1,1,[307]
132,290,1,1,[307]
134,261,2,1,"[307, 281]"
135,194,2,2,"[307, 317]"
136,32,1,1,[307]
136,41,1,1,[307]
136,69,1,1,[307]
136,91,1,1,[307]
137,150,1,1,[307]
137,162,1,1,[307]
137,215,1,1,[307]
137,288,1,1,[307]
138,35,1,1,[307]
138,112,1,1,[307]
138,181,1,1,[307]
138,194,2,1,"[307, 293]"
138,301,1,1,[307]
139,42,1,1,[307]
139,162,3,1,"[307, 317, 331]"
139,183,1,1,[307]
139,205,1,1,[307]
139,217,3,1,"[307, 281, 257]"
139,228,1,1,[307]
140,69,1,1,[307]
140,191,1,1,[307]
140,243,1,1,[307]
140,271,1,1,[307]
140,295,2,1,"[307, 331]"
141,262,2,1,"[307, 313]"
142,125,1,1,[307]
142,169,1,1,[307]
142,225,1,1,[307]
142,243,1,1,[307]
143,8,1,1,[307]
143,87,1,1,[307]
143,94,1,1,[307]
143,229,2,2,"[307, 331]"
143,253,1,1,[307]
144,54,2,1,"[307, 313]"
144,187,2,1,"[307, 311]"
145,219,2,1,"[307, 331]"
146,12,2,1,"[307, 293]"
147,12,1,1,[307]
147,83,1,1,[307]
147,237,1,1,[307]
147,252,1,1,[307]
151,58,1,1,[307]
151,165,1,1,[307]
151,210,1,1,[307]
151,271,1,1,[307]
152,118,1,1,[307]
152,147,2,1,"[307, 311]"
152,168,1,1,[307]
152,206,1,1,[307]
152,298,1,1,[307]
153,68,2,1,"[307, 313]"
154,35,1,1,[307]
154,63,1,1,[307]
154,121,1,1,[307]
154,154,1,1,[307]
155,271,2,2,"[307, 331]"
157,3,1,1,[307]
157,71,1,1,[307]
157,112,1,1,[307]
157,210,1,1,[307]
158,110,1,1,[307]
158,140,1,1,[307]
158,141,1,1,[307]
158,283,1,1,[307]
159,108,1,1,[307]
159,119,1,1,[307]
159,133,1,1,[307]
159,205,2,1,"[307, 277]"
159,291,1,1,[307]
161,133,1,1,[307]
161,211,1,1,[307]
161,253,1,1,[307]
161,257,1,1,[307]
162,35,1,1,[307]
162,63,1,1,[307]
162,121,1,1,[307]
162,154,1,1,[307]
163,32,1,1,[307]
163,41,1,1,[307]
163,69,1,1,[307]
163,91,1,1,[307]
166,91,1,1,[307]
166,107,1,1,[307]
166,225,1,1,[307]
166,230,1,1,[307]
166,288,2,1,"[307, 313]"
169,148,2,1,"[307, 313]"
169,254,2,2,"[307, 337]"
171,215,2,1,"[307, 283]"
171,271,2,2,"[307, 331]"
172,133,1,1,[307]
172,211,1,1,[307]
172,253,1,1,[307]
172,257,1,1,[307]
173,18,1,1,[307]
173,32,1,1,[307]
173,58,1,1,[307]
173,119,1,1,[307]
174,25,1,1,[307]
174,27,1,1,[307]
174,48,1,1,[307]
174,87,1,1,[307]
176,173,2,2,"[307, 317]"
178,18,1,1,[307]
178,32,1,1,[307]
178,58,1,1,[307]
178,119,1,1,[307]
180,150,1,1,[307]
180,162,1,1,[307]
180,215,1,1,[307]
180,288,1,1,[307]
183,78,2,2,"[307, 313]"
183,185,2,2,"[307, 281]"
184,3,2,1,"[307, 331]"
184,208,2,2,"[307, 313]"
185,46,1,1,[307]
185,127,2,2,"[307, 337]"
185,163,1,1,[307]
185,226,1,1,[307]
185,232,1,1,[307]
186,72,1,1,[307]
186,128,1,1,[307]
186,169,1,1,[307]
186,232,1,1,[307]
187,186,2,2,"[307, 281]"
188,34,1,1,[307]
188,231,1,1,[307]
188,246,1,1,[307]
188,293,1,1,[307]
189,8,1,1,[307]
189,87,1,1,[307]
189,94,1,1,[307]
189,253,1,1,[307]
190,22,2,2,"[307, 331]"
190,48,2,2,"[307, 331]"
192,34,1,1,[307]
192,100,1,1,[307]
192,184,1,1,[307]
192,211,1,1,[307]
193,3,1,1,[307]
193,63,1,1,[307]
193,136,1,1,[307]
193,251,1,1,[307]
194,34,1,1,[307]
194,100,1,1,[307]
194,184,1,1,[307]
194,211,1,1,[307]
195,25,1,1,[307]
195,27,1,1,[307]
195,48,1,1,[307]
195,70,2,1,"[307, 313]"
195,87,1,1,[307]
195,290,2,1,"[307, 293]"
196,194,2,1,"[307, 313]"
196,274,2,1,"[307, 313]"
197,35,1,1,[307]
197,112,1,1,[307]
197,181,1,1,[307]
197,301,1,1,[307]
198,177,1,1,[307]
198,185,2,1,"[307, 283]"
198,223,1,1,[307]
198,228,1,1,[307]
198,303,1,1,[307]
199,101,2,2,"[307, 283]"
200,12,2,1,"[307, 313]"
200,89,2,1,"[307, 331]"
200,94,1,1,[307]
200,278,1,1,[307]
200,291,1,1,[307]
200,298,1,1,[307]
201,10,2,1,"[307, 317]"
201,235,2,1,"[307, 331]"
202,12,1,1,[307]
202,141,1,1,[307]
202,226,1,1,[307]
202,284,1,1,[307]
203,93,1,1,[307]
203,125,1,1,[307]
203,154,1,1,[307]
203,164,1,1,[307]
204,118,1,1,[307]
204,152,1,1,[307]
204,202,1,1,[307]
204,251,1,1,[307]
204,269,2,1,"[307, 313]"
205,72,1,1,[307]
205,147,2,2,"[307, 337]"
205,191,1,1,[307]
205,194,1,1,[307]
205,284,1,1,[307]
206,7,1,1,[307]
206,38,1,1,[307]
206,184,1,1,[307]
206,290,1,1,[307]
207,81,2,1,"[307, 331]"
207,125,1,1,[307]
207,169,1,1,[307]
207,225,1,1,[307]
207,243,1,1,[307]
208,108,1,1,[307]
208,119,1,1,[307]
208,133,1,1,[307]
208,291,1,1,[307]
210,3,1,1,[307]
210,63,1,1,[307]
210,136,1,1,[307]
210,251,1,1,[307]
211,3,1,1,[307]
211,63,1,1,[307]
211,136,1,1,[307]
211,228,2,2,"[307, 313]"
211,251,1,1,[307]
212,239,2,1,"[307, 331]"
213,3,1,1,[307]
213,71,1,1,[307]
213,112,1,1,[307]
213,210,1,1,[307]
214,42,1,1,[307]
214,183,1,1,[307]
214,205,1,1,[307]
214,228,1,1,[307]
215,30,2,2,"[307, 331]"
215,222,2,2,"[307, 331]"
217,28,1,1,[307]
217,199,2,2,"[307, 331]"
217,206,1,1,[307]
217,231,1,1,[307]
217,248,1,1,[307]
218,57,1,1,[307]
218,128,1,1,[307]
218,164,1,1,[307]
218,276,1,1,[307]
219,240,2,1,"[307, 293]"
220,107,1,1,[307]
220,192,1,1,[307]
220,239,1,1,[307]
220,246,1,1,[307]
221,93,1,1,[307]
221,122,1,1,[307]
221,136,1,1,[307]
221,230,1,1,[307]
222,161,4,2,"[307, 277, 293, 317]"
224,65,1,1,[307]
224,181,1,1,[307]
224,237,1,1,[307]
224,306,1,1,[307]
226,110,1,1,[307]
226,140,1,1,[307]
226,141,1,1,[307]
226,283,1,1,[307]
228,34,1,1,[307]
228,100,1,1,[307]
228,184,1,1,[307]
228,211,1,1,[307]
230,110,1,1,[307]
230,140,1,1,[307]
230,141,1,1,[307]
230,283,1,1,[307]
231,69,1,1,[307]
231,191,1,1,[307]
231,243,1,1,[307]
231,271,1,1,[307]
233,90,2,1,"[307, 313]"
233,104,2,2,"[307, 331]"
235,247,2,1,"[307, 337]"
236,2,1,1,[307]
236,42,1,1,[307]
236,65,1,1,[307]
236,193,1,1,[307]
237,51,1,1,[307]
237,62,1,1,[307]
237,193,1,1,[307]
237,286,1,1,[307]
238,25,1,1,[307]
238,46,1,1,[307]
238,162,1,1,[307]
238,283,1,1,[307]
239,57,1,1,[307]
239,121,1,1,[307]
239,286,1,1,[307]
239,306,1,1,[307]
241,28,1,1,[307]
241,49,2,2,"[307, 331]"
241,122,1,1,[307]
241,152,1,1,[307]
241,239,1,1,[307]
242,18,1,1,[307]
242,71,1,1,[307]
242,202,1,1,[307]
242,278,1,1,[307]
243,69,1,1,[307]
243,191,1,1,[307]
243,243,1,1,[307]
243,261,2,1,"[307, 331]"
243,271,1,1,[307]
244,3,1,1,[307]
244,71,1,1,[307]
244,112,1,1,[307]
244,210,1,1,[307]
245,25,1,1,[307]
245,27,1,1,[307]
245,48,1,1,[307]
245,87,1,1,[307]
247,108,1,1,[307]
247,119,1,1,[307]
247,133,1,1,[307]
247,291,1,1,[307]
248,48,2,1,"[307, 293]"
249,18,1,1,[307]
249,26,2,1,"[307, 331]"
249,71,1,1,[307]
249,202,1,1,[307]
249,278,1,1,[307]
250,37,2,2,"[307, 331]"
251,91,2,1,"[307, 331]"
253,7,1,1,[307]
253,62,1,1,[307]
253,205,1,1,[307]
253,230,2,1,"[307, 313]"
253,288,1,1,[307]
254,83,1,1,[307]
254,165,1,1,[307]
254,194,1,1,[307]
254,301,1,1,[307]
256,290,2,2,"[307, 331]"
258,158,1,1,[307]
258,201,2,1,"[307, 311]"
258,204,1,1,[307]
258,223,1,1,[307]
258,248,1,1,[307]
259,119,2,1,"[307, 283]"
261,42,1,1,[307]
261,183,1,1,[307]
261,205,1,1,[307]
261,228,1,1,[307]
262,159,2,2,"[307, 317]"
263,6,3,3,"[307, 331, 317]"
263,18,1,1,[307]
263,32,1,1,[307]
263,58,1,1,[307]
263,119,1,1,[307]
265,70,2,2,"[307, 311]"
265,125,1,1,[307]
265,169,1,1,[307]
265,225,1,1,[307]
265,243,1,1,[307]
266,65,1,1,[307]
266,181,1,1,[307]
266,237,1,1,[307]
266,306,1,1,[307]
267,28,1,1,[307]
267,122,1,1,[307]
267,152,1,1,[307]
267,208,2,2,"[307, 337]"
267,239,1,1,[307]
267,299,2,1,"[307, 311]"
268,158,1,1,[307]
268,204,1,1,[307]
268,223,1,1,[307]
268,248,1,1,[307]
270,2,1,1,[307]
270,117,2,1,"[307, 293]"
270,140,1,1,[307]
270,177,1,1,[307]
270,196,2,2,"[307, 337]"
270,202,2,1,"[307, 313]"
270,252,1,1,[307]
271,27,1,1,[307]
271,110,1,1,[307]
271,260,1,1,[307]
271,303,1,1,[307]
274,102,2,2,"[307, 331]"
279,35,1,1,[307]
279,112,1,1,[307]
279,114,2,2,"[307, 331]"
279,158,2,1,"[307, 313]"
279,181,1,1,[307]
279,301,1,1,[307]
280,271,3,1,"[307, 331, 313]"
281,133,1,1,[307]
281,211,1,1,[307]
281,253,1,1,[307]
281,257,1,1,[307]
282,8,1,1,[307]
282,87,1,1,[307]
282,94,1,1,[307]
282,161,2,1,"[307, 293]"
282,249,2,2,"[307, 331]"
282,253,1,1,[307]
283,7,1,1,[307]
283,38,1,1,[307]
283,81,4,2,"[307, 313, 311, 293]"
283,184,1,1,[307]
283,290,1,1,[307]
283,299,2,2,"[307, 331]"
286,109,2,1,"[307, 331]"
286,239,2,2,"[307, 317]"
288,8,1,1,[307]
288,158,1,1,[307]
288,168,1,1,[307]
288,260,1,1,[307]
290,41,1,1,[307]
290,100,1,1,[307]
290,105,2,2,"[307, 331]"
290,108,1,1,[307]
290,192,1,1,[307]
291,8,1,1,[307]
291,158,1,1,[307]
291,168,1,1,[307]
291,260,1,1,[307]
292,2,1,1,[307]
292,140,1,1,[307]
292,177,1,1,[307]
292,252,1,1,[307]
293,27,2,2,"[307, 331]"
296,177,1,1,[307]
296,223,1,1,[307]
296,224,2,1,"[307, 317]"
296,228,1,1,[307]
296,303,1,1,[307]
297,150,1,1,[307]
297,162,1,1,[307]
297,215,1,1,[307]
297,288,1,1,[307]
298,35,1,1,[307]
298,63,1,1,[307]
298,121,1,1,[307]
298,154,1,1,[307]
298,265,2,1,"[307, 331]"
300,34,1,1,[307]
300,129,2,2,"[307, 331]"
300,231,1,1,[307]
300,246,1,1,[307]
300,293,1,1,[307]
301,72,1,1,[307]
301,104,2,1,"[307, 331]"
301,191,1,1,[307]
301,194,1,1,[307]
301,284,1,1,[307]
303,57,1,1,[307]
303,97,2,1,"[307, 311]"
303,121,1,1,[307]
303,286,1,1,[307]
303,306,1,1,[307]
304,60,2,1,"[307, 313]"
305,108,2,2,"[307, 331]"
306,41,1,1,[307]
306,100,1,1,[307]
306,108,1,1,[307]
306,192,1,1,[307]
1,64,1,1,[311]
1,92,1,1,[311]
2,260,1,1,[311]
2,296,1,1,[311]
3,58,1,1,[311]
3,135,1,1,[311]
4,114,1,1,[311]
4,201,1,1,[311]
5,17,1,1,[311]
5,120,1,1,[311]
6,119,1,1,[311]
6,218,1,1,[311]
7,209,1,1,[311]
7,216,2,2,"[311, 317]"
7,281,1,1,[311]
8,69,2,1,"[311, 307]"
8,191,1,1,[311]
8,214,1,1,[311]
9,173,1,1,[311]
9,307,1,1,[311]
10,21,1,1,[311]
10,244,1,1,[311]
11,25,1,1,[311]
11,189,2,1,"[311, 337]"
11,285,1,1,[311]
12,147,1,1,[311]
12,153,1,1,[311]
12,169,2,2,"[311, 337]"
13,48,1,1,[311]
13,69,1,1,[311]
14,91,1,1,[311]
14,228,1,1,[311]
15,31,1,1,[311]
15,292,1,1,[311]
16,53,1,1,[311]
16,290,1,1,[311]
17,81,1,1,[311]
17,177,1,1,[311]
18,178,1,1,[311]
18,217,1,1,[311]
19,105,1,1,[311]
19,264,1,1,[311]
20,27,1,1,[311]
20,136,1,1,[311]
21,125,1,1,[311]
21,238,1,1,[311]
22,11,1,1,[311]
22,121,1,1,[311]
23,21,1,1,[311]
23,115,1,1,[311]
24,19,1,1,[311]
24,189,1,1,[311]
24,240,2,2,"[311, 317]"
25,225,1,1,[311]
25,304,1,1,[311]
26,195,1,1,[311]
26,222,1,1,[311]
27,11,1,1,[311]
27,87,2,1,"[311, 313]"
27,224,1,1,[311]
28,71,1,1,[311]
28,108,2,2,"[311, 337]"
28,117,1,1,[311]
29,167,1,1,[311]
29,276,2,1,"[311, 331]"
29,282,1,1,[311]
30,20,1,1,[311]
30,262,1,1,[311]
31,87,2,1,"[311, 313]"
31,190,1,1,[311]
31,224,1,1,[311]
32,157,1,1,[311]
32,284,1,1,[311]
33,9,1,1,[311]
33,227,1,1,[311]
34,193,1,1,[311]
34,272,1,1,[311]
35,42,1,1,[311]
35,177,1,1,[311]
36,140,1,1,[311]
36,279,1,1,[311]
37,16,1,1,[311]
37,58,1,1,[311]
38,135,1,1,[311]
38,295,1,1,[311]
39,179,1,1,[311]
39,199,1,1,[311]
40,84,2,1,"[311, 317]"
40,86,1,1,[311]
40,168,1,1,[311]
41,82,1,1,[311]
41,280,1,1,[311]
42,294,1,1,[311]
42,306,1,1,[311]
43,251,1,1,[311]
43,273,1,1,[311]
44,103,1,1,[311]
44,200,1,1,[311]
45,130,1,1,[311]
45,148,1,1,[311]
46,27,1,1,[311]
46,59,1,1,[311]
47,242,1,1,[311]
47,309,1,1,[311]
48,243,1,1,[311]
48,291,1,1,[311]
49,145,1,1,[311]
49,182,1,1,[311]
50,155,2,1,"[311, 313]"
50,156,1,1,[311]
50,302,1,1,[311]
51,98,2,1,"[311, 313]"
51,166,1,1,[311]
51,213,1,1,[311]
52,70,2,1,"[311, 313]"
52,73,1,1,[311]
52,241,1,1,[311]
53,10,1,1,[311]
53,131,1,1,[311]
54,103,1,1,[311]
54,288,1,1,[311]
55,8,1,1,[311]
55,29,1,1,[311]
56,106,1,1,[311]
56,178,2,1,"[311, 317]"
56,269,1,1,[311]
57,100,1,1,[311]
57,134,2,1,"[311, 337]"
57,207,1,1,[311]
58,37,1,1,[311]
58,96,1,1,[311]
59,83,1,1,[311]
59,262,1,1,[311]
60,159,1,1,[311]
60,248,1,1,[311]
60,259,2,2,"[311, 337]"
61,48,1,1,[311]
61,174,1,1,[311]
61,263,2,1,"[311, 313]"
62,111,1,1,[311]
62,288,1,1,[311]
63,20,2,1,"[311, 337]"
63,45,1,1,[311]
63,123,1,1,[311]
63,266,2,1,"[311, 313]"
64,113,1,1,[311]
64,143,1,1,[311]
65,90,1,1,[311]
65,246,1,1,[311]
66,56,1,1,[311]
66,203,1,1,[311]
67,163,1,1,[311]
67,176,1,1,[311]
68,26,1,1,[311]
68,172,1,1,[311]
69,20,1,1,[311]
69,228,1,1,[311]
70,54,1,1,[311]
70,272,1,1,[311]
71,3,1,1,[311]
71,283,1,1,[311]
72,180,1,1,[311]
72,181,1,1,[311]
72,221,2,2,"[311, 307]"
73,278,1,1,[311]
73,283,1,1,[311]
74,65,1,1,[311]
74,119,1,1,[311]
75,81,1,1,[311]
75,97,1,1,[311]
76,218,1,1,[311]
76,246,1,1,[311]
77,22,1,1,[311]
77,242,1,1,[311]
78,8,1,1,[311]
78,167,1,1,[311]
78,227,2,1,"[311, 277]"
79,15,1,1,[311]
79,41,1,1,[311]
80,155,1,1,[311]
80,183,2,2,"[311, 307]"
80,216,1,1,[311]
81,6,1,1,[311]
81,203,1,1,[311]
82,49,1,1,[311]
82,61,1,1,[311]
83,210,1,1,[311]
83,263,1,1,[311]
84,38,1,1,[311]
84,67,1,1,[311]
85,113,1,1,[311]
85,293,1,1,[311]
86,40,1,1,[311]
86,145,1,1,[311]
86,220,2,1,"[311, 331]"
87,2,1,1,[311]
87,85,1,1,[311]
88,35,1,1,[311]
88,88,1,1,[311]
89,94,1,1,[311]
89,174,1,1,[311]
90,57,1,1,[311]
90,256,1,1,[311]
91,79,1,1,[311]
91,133,1,1,[311]
91,259,2,1,"[311, 277]"
92,168,1,1,[311]
92,298,1,1,[311]
93,6,1,1,[311]
93,255,1,1,[311]
93,305,2,1,"[311, 313]"
94,89,1,1,[311]
94,264,1,1,[311]
95,158,1,1,[311]
95,184,1,1,[311]
96,152,1,1,[311]
96,268,1,1,[311]
97,108,1,1,[311]
97,236,1,1,[311]
98,65,2,2,"[311, 307]"
98,142,1,1,[311]
98,234,1,1,[311]
98,276,2,1,"[311, 307]"
99,53,1,1,[311]
99,231,1,1,[311]
100,245,1,1,[311]
100,255,1,1,[311]
101,234,1,1,[311]
101,268,2,1,"[311, 293]"
101,304,1,1,[311]
102,169,1,1,[311]
102,185,1,1,[311]
103,38,1,1,[311]
103,107,1,1,[311]
104,5,1,1,[311]
104,221,1,1,[311]
105,40,1,1,[311]
105,58,2,1,"[311, 317]"
105,213,1,1,[311]
106,124,1,1,[311]
106,235,1,1,[311]
107,162,1,1,[311]
107,194,1,1,[311]
108,88,1,1,[311]
108,237,1,1,[311]
109,9,1,1,[311]
109,149,1,1,[311]
110,188,1,1,[311]
110,215,1,1,[311]
111,267,1,1,[311]
111,307,1,1,[311]
112,3,1,1,[311]
112,257,1,1,[311]
113,14,1,1,[311]
113,59,1,1,[311]
114,44,1,1,[311]
114,173,1,1,[311]
115,99,1,1,[311]
115,156,1,1,[311]
116,38,2,1,"[311, 307]"
116,79,1,1,[311]
116,92,1,1,[311]
117,52,1,1,[311]
117,308,1,1,[311]
118,20,2,1,"[311, 283]"
118,240,1,1,[311]
118,248,1,1,[311]
119,75,1,1,[311]
119,233,1,1,[311]
120,160,1,1,[311]
120,230,1,1,[311]
121,30,1,1,[311]
121,82,1,1,[311]
122,46,1,1,[311]
122,195,1,1,[311]
123,163,1,1,[311]
123,241,1,1,[311]
124,93,2,2,"[311, 331]"
124,237,1,1,[311]
124,276,1,1,[311]
125,72,1,1,[311]
125,259,1,1,[311]
126,247,1,1,[311]
126,280,1,1,[311]
127,99,1,1,[311]
127,150,1,1,[311]
128,12,1,1,[311]
128,95,1,1,[311]
128,249,2,1,"[311, 317]"
129,165,1,1,[311]
129,260,1,1,[311]
130,128,2,1,"[311, 313]"
130,183,1,1,[311]
130,249,1,1,[311]
131,67,1,1,[311]
131,204,1,1,[311]
132,72,1,1,[311]
132,261,1,1,[311]
133,270,1,1,[311]
133,279,1,1,[311]
134,93,1,1,[311]
134,254,1,1,[311]
135,56,2,1,"[311, 347]"
135,109,1,1,[311]
135,215,1,1,[311]
136,287,2,1,"[311, 331]"
136,300,1,1,[311]
136,310,1,1,[311]
137,24,1,1,[311]
137,190,1,1,[311]
138,71,1,1,[311]
138,159,1,1,[311]
139,68,1,1,[311]
139,74,2,1,"[311, 317]"
139,169,1,1,[311]
139,205,2,1,"[311, 307]"
140,25,1,1,[311]
140,47,2,1,"[311, 337]"
140,172,1,1,[311]
141,112,1,1,[311]
141,161,1,1,[311]
142,166,2,1,"[311, 337]"
142,226,1,1,[311]
142,275,1,1,[311]
143,136,1,1,[311]
143,252,1,1,[311]
144,55,1,1,[311]
144,187,1,1,[311]
145,41,1,1,[311]
145,122,2,2,"[311, 337]"
145,140,1,1,[311]
146,2,1,1,[311]
146,275,1,1,[311]
147,277,1,1,[311]
147,301,1,1,[311]
148,128,1,1,[311]
148,153,1,1,[311]
149,4,1,1,[311]
149,170,1,1,[311]
150,126,2,2,"[311, 283]"
150,193,1,1,[311]
150,258,1,1,[311]
151,144,1,1,[311]
151,211,1,1,[311]
151,223,2,1,"[311, 293]"
152,147,1,1,[311]
152,183,1,1,[311]
153,10,1,1,[311]
153,114,1,1,[311]
153,301,2,1,"[311, 313]"
154,89,1,1,[311]
154,95,2,2,"[311, 281]"
154,206,1,1,[311]
155,109,1,1,[311]
155,123,1,1,[311]
156,37,1,1,[311]
156,188,1,1,[311]
157,105,1,1,[311]
157,287,1,1,[311]
158,53,2,1,"[311, 337]"
158,56,2,2,"[311, 281]"
158,186,1,1,[311]
158,197,1,1,[311]
159,128,1,1,[311]
159,184,1,1,[311]
160,66,1,1,[311]
160,100,1,1,[311]
161,54,1,1,[311]
161,118,1,1,[311]
161,211,2,1,"[311, 307]"
162,50,2,1,"[311, 313]"
162,141,1,1,[311]
162,261,1,1,[311]
163,45,2,1,"[311, 313]"
163,158,1,1,[311]
163,198,2,1,"[311, 317]"
163,266,1,1,[311]
164,34,1,1,[311]
164,63,1,1,[311]
165,289,1,1,[311]
165,309,1,1,[311]
166,116,1,1,[311]
166,270,1,1,[311]
167,120,1,1,[311]
167,124,1,1,[311]
168,175,1,1,[311]
168,271,1,1,[311]
169,36,1,1,[311]
169,285,1,1,[311]
170,12,1,1,[311]
170,199,1,1,[311]
171,36,1,1,[311]
171,77,2,1,"[311, 281]"
171,286,1,1,[311]
172,7,1,1,[311]
172,142,1,1,[311]
173,4,2,2,"[311, 317]"
173,34,1,1,[311]
173,240,1,1,[311]
174,47,1,1,[311]
174,287,1,1,[311]
175,1,1,1,[311]
175,293,1,1,[311]
176,45,1,1,[311]
176,92,2,1,"[311, 331]"
176,202,1,1,[311]
177,5,1,1,[311]
177,57,1,1,[311]
178,32,1,1,[311]
178,46,1,1,[311]
179,33,1,1,[311]
179,50,1,1,[311]
180,107,1,1,[311]
180,251,1,1,[311]
181,60,1,1,[311]
181,62,1,1,[311]
182,146,1,1,[311]
182,171,1,1,[311]
183,179,1,1,[311]
183,299,1,1,[311]
184,95,2,1,"[311, 313]"
184,161,1,1,[311]
184,216,1,1,[311]
185,30,1,1,[311]
185,31,1,1,[311]
186,141,1,1,[311]
186,239,1,1,[311]
187,35,1,1,[311]
187,303,1,1,[311]
188,70,1,1,[311]
188,295,1,1,[311]
189,206,1,1,[311]
189,265,1,1,[311]
190,281,1,1,[311]
190,292,1,1,[311]
191,106,1,1,[311]
191,151,1,1,[311]
192,78,1,1,[311]
192,151,1,1,[311]
193,63,1,1,[311]
193,110,1,1,[311]
194,50,1,1,[311]
194,259,1,1,[311]
195,101,1,1,[311]
195,219,1,1,[311]
196,212,1,1,[311]
196,227,1,1,[311]
197,170,1,1,[311]
197,267,1,1,[311]
198,157,1,1,[311]
198,297,1,1,[311]
199,278,1,1,[311]
199,308,1,1,[311]
200,4,1,1,[311]
200,239,1,1,[311]
201,96,1,1,[311]
201,138,1,1,[311]
202,212,1,1,[311]
202,302,1,1,[311]
203,74,1,1,[311]
203,123,2,2,"[311, 331]"
203,192,1,1,[311]
204,84,1,1,[311]
204,149,1,1,[311]
205,76,1,1,[311]
205,214,1,1,[311]
206,182,1,1,[311]
206,271,1,1,[311]
207,125,3,1,"[311, 283, 307]"
207,256,1,1,[311]
207,306,1,1,[311]
208,62,1,1,[311]
208,273,1,1,[311]
209,126,1,1,[311]
209,220,1,1,[311]
210,7,1,1,[311]
210,185,1,1,[311]
211,66,1,1,[311]
211,104,1,1,[311]
212,80,1,1,[311]
212,115,1,1,[311]
212,231,3,2,"[311, 313, 317]"
213,77,1,1,[311]
213,225,1,1,[311]
214,75,1,1,[311]
214,205,1,1,[311]
215,43,1,1,[311]
215,162,1,1,[311]
216,127,1,1,[311]
216,202,1,1,[311]
217,222,1,1,[311]
217,265,1,1,[311]
218,56,1,1,[311]
218,236,1,1,[311]
219,13,1,1,[311]
219,77,1,1,[311]
220,64,1,1,[311]
220,232,1,1,[311]
221,55,1,1,[311]
221,294,1,1,[311]
222,210,1,1,[311]
222,217,1,1,[311]
223,29,1,1,[311]
223,223,1,1,[311]
224,226,1,1,[311]
224,286,1,1,[311]
225,122,1,1,[311]
225,166,1,1,[311]
226,18,1,1,[311]
226,298,1,1,[311]
227,196,1,1,[311]
227,244,1,1,[311]
228,101,1,1,[311]
228,178,1,1,[311]
229,165,1,1,[311]
229,250,1,1,[311]
230,167,2,1,"[311, 331]"
230,245,1,1,[311]
230,272,3,1,"[311, 281, 277]"
230,305,1,1,[311]
231,95,1,1,[311]
231,112,1,1,[311]
232,146,1,1,[311]
232,296,1,1,[311]
233,223,1,1,[311]
233,303,1,1,[311]
234,85,1,1,[311]
234,289,1,1,[311]
235,65,1,1,[311]
235,74,1,1,[311]
236,42,1,1,[311]
236,230,1,1,[311]
237,192,1,1,[311]
237,276,1,1,[311]
238,33,1,1,[311]
238,52,1,1,[311]
239,131,1,1,[311]
239,180,2,1,"[311, 313]"
239,197,1,1,[311]
240,28,1,1,[311]
240,118,1,1,[311]
241,28,1,1,[311]
241,257,1,1,[311]
242,61,1,1,[311]
242,83,1,1,[311]
243,139,1,1,[311]
243,270,2,1,"[311, 281]"
243,297,1,1,[311]
244,73,1,1,[311]
244,148,1,1,[311]
245,108,1,1,[311]
245,233,1,1,[311]
246,17,2,1,"[311, 331]"
246,221,1,1,[311]
246,254,1,1,[311]
247,1,1,1,[311]
247,198,1,1,[311]
248,127,1,1,[311]
248,266,1,1,[311]
249,132,1,1,[311]
249,200,1,1,[311]
250,22,1,1,[311]
250,137,1,1,[311]
251,117,1,1,[311]
251,152,1,1,[311]
252,49,1,1,[311]
252,51,1,1,[311]
252,117,2,2,"[311, 337]"
252,160,2,1,"[311, 337]"
253,7,2,1,"[311, 307]"
253,44,1,1,[311]
253,274,1,1,[311]
254,104,1,1,[311]
254,305,1,1,[311]
255,78,1,1,[311]
255,205,1,1,[311]
256,211,1,1,[311]
256,282,1,1,[311]
257,23,1,1,[311]
257,253,1,1,[311]
258,201,1,1,[311]
258,301,1,1,[311]
259,130,1,1,[311]
259,238,1,1,[311]
259,305,2,2,"[311, 317]"
260,98,1,1,[311]
260,102,1,1,[311]
261,12,2,2,"[311, 293]"
261,150,1,1,[311]
261,155,1,1,[311]
262,129,1,1,[311]
262,175,1,1,[311]
263,68,1,1,[311]
263,126,1,1,[311]
263,166,2,2,"[311, 283]"
263,243,2,1,"[311, 313]"
264,69,1,1,[311]
264,101,2,1,"[311, 331]"
264,137,1,1,[311]
265,70,2,2,"[311, 307]"
265,129,1,1,[311]
265,252,1,1,[311]
266,66,2,1,"[311, 317]"
266,125,1,1,[311]
266,181,1,1,[311]
267,208,1,1,[311]
267,299,1,1,[311]
268,60,1,1,[311]
268,164,1,1,[311]
269,17,1,1,[311]
269,97,2,1,"[311, 331]"
269,187,1,1,[311]
270,229,1,1,[311]
270,232,1,1,[311]
271,18,1,1,[311]
271,143,1,1,[311]
272,132,1,1,[311]
272,208,1,1,[311]
273,16,1,1,[311]
273,23,1,1,[311]
274,111,1,1,[311]
274,253,1,1,[311]
275,15,1,1,[311]
275,171,1,1,[311]
275,196,2,1,"[311, 293]"
275,238,2,1,"[311, 331]"
275,296,2,1,"[311, 313]"
276,38,2,1,"[311, 281]"
276,160,1,1,[311]
276,269,1,1,[311]
277,39,1,1,[311]
277,231,1,1,[311]
278,43,1,1,[311]
278,84,1,1,[311]
279,139,1,1,[311]
279,154,1,1,[311]
280,121,1,1,[311]
280,310,1,1,[311]
281,91,1,1,[311]
281,169,2,1,"[311, 293]"
281,253,2,1,"[311, 307]"
281,291,1,1,[311]
282,144,1,1,[311]
282,207,1,1,[311]
283,81,2,2,"[311, 293]"
283,194,1,1,[311]
283,268,1,1,[311]
284,24,1,1,[311]
284,87,1,1,[311]
285,32,1,1,[311]
285,116,1,1,[311]
286,13,1,1,[311]
286,86,1,1,[311]
286,289,2,2,"[311, 317]"
287,98,1,1,[311]
287,122,1,1,[311]
288,196,1,1,[311]
288,204,1,1,[311]
289,198,1,1,[311]
289,300,1,1,[311]
290,68,2,1,"[311, 337]"
290,180,1,1,[311]
290,186,1,1,[311]
291,14,1,1,[311]
291,100,2,1,"[311, 293]"
291,284,1,1,[311]
291,297,2,1,"[311, 313]"
292,47,1,1,[311]
292,87,1,1,[311]
293,133,1,1,[311]
293,219,1,1,[311]
294,76,1,1,[311]
294,134,1,1,[311]
295,39,1,1,[311]
295,258,1,1,[311]
296,19,1,1,[311]
296,209,1,1,[311]
297,220,1,1,[311]
297,243,1,1,[311]
297,308,3,2,"[311, 331, 353]"
298,94,1,1,[311]
298,263,1,1,[311]
299,164,1,1,[311]
299,249,1,1,[311]
300,26,1,1,[311]
300,154,1,1,[311]
301,80,1,1,[311]
301,290,1,1,[311]
302,138,1,1,[311]
302,274,1,1,[311]
303,97,1,1,[311]
303,134,1,1,[311]
304,102,1,1,[311]
304,189,1,1,[311]
305,90,1,1,[311]
305,93,1,1,[311]
306,191,1,1,[311]
306,235,1,1,[311]
307,110,1,1,[311]
307,201,2,1,"[311, 313]"
307,277,1,1,[311]
308,70,1,1,[311]
308,176,1,1,[311]
309,51,1,1,[311]
309,250,1,1,[311]
310,229,1,1,[311]
310,247,1,1,[311]
0,149,2,2,"[313, 349]"
0,177,2,2,"[313, 349]"
0,211,2,2,"[313, 349]"
0,229,2,2,"[313, 349]"
0,236,2,2,"[313, 349]"
0,250,2,2,"[313, 349]"
0,253,2,2,"[313, 349]"
0,267,2,2,"[313, 349]"
1,14,1,1,[313]
1,88,1,1,[313]
1,107,1,1,[313]
1,129,1,1,[313]
1,184,1,1,[313]
1,206,1,1,[313]
1,220,2,2,"[313, 293]"
1,225,1,1,[313]
1,299,1,1,[313]
2,39,1,1,[313]
2,119,1,1,[313]
2,122,1,1,[313]
2,191,1,1,[313]
2,194,1,1,[313]
2,225,2,2,"[313, 331]"
2,262,2,1,"[313, 281]"
2,274,1,1,[313]
3,2,1,1,[313]
3,38,1,1,[313]
3,43,1,1,[313]
3,118,1,1,[313]
3,195,1,1,[313]
3,270,1,1,[313]
3,275,1,1,[313]
3,311,1,1,[313]
4,78,1,1,[313]
4,83,1,1,[313]
4,93,1,1,[313]
4,112,1,1,[313]
4,201,1,1,[313]
4,220,1,1,[313]
4,230,1,1,[313]
4,235,1,1,[313]
5,12,1,1,[313]
5,27,1,1,[313]
5,31,1,1,[313]
5,92,1,1,[313]
5,155,1,1,[313]
5,158,1,1,[313]
5,221,1,1,[313]
5,282,1,1,[313]
5,286,1,1,[313]
5,301,1,1,[313]
6,8,1,1,[313]
6,17,1,1,[313]
6,104,1,1,[313]
6,162,2,1,"[313, 331]"
6,209,1,1,[313]
6,296,1,1,[313]
6,305,1,1,[313]
7,52,1,1,[313]
7,91,1,1,[313]
7,116,1,1,[313]
7,142,1,1,[313]
7,154,1,1,[313]
7,159,1,1,[313]
7,171,1,1,[313]
7,197,1,1,[313]
7,222,1,1,[313]
7,261,1,1,[313]
8,1,1,1,[313]
8,13,1,1,[313]
8,37,1,1,[313]
8,78,2,2,"[313, 331]"
8,276,1,1,[313]
8,300,1,1,[313]
8,312,1,1,[313]
9,40,1,1,[313]
9,65,1,1,[313]
9,72,1,1,[313]
9,98,2,2,"[313, 331]"
9,128,1,1,[313]
9,185,1,1,[313]
9,241,1,1,[313]
9,248,1,1,[313]
9,273,1,1,[313]
10,7,1,1,[313]
10,19,1,1,[313]
10,54,1,1,[313]
10,259,1,1,[313]
10,294,1,1,[313]
10,306,1,1,[313]
11,45,1,1,[313]
11,98,1,1,[313]
11,104,1,1,[313]
11,124,1,1,[313]
11,189,1,1,[313]
11,209,1,1,[313]
11,215,1,1,[313]
11,268,1,1,[313]
12,5,1,1,[313]
12,9,1,1,[313]
12,16,1,1,[313]
12,31,1,1,[313]
12,282,1,1,[313]
12,297,1,1,[313]
12,304,1,1,[313]
12,308,1,1,[313]
13,55,1,1,[313]
13,87,1,1,[313]
13,103,1,1,[313]
13,210,1,1,[313]
13,226,1,1,[313]
13,258,1,1,[313]
14,25,1,1,[313]
14,104,1,1,[313]
14,141,1,1,[313]
14,172,1,1,[313]
14,209,1,1,[313]
14,288,1,1,[313]
15,59,1,1,[313]
15,96,1,1,[313]
15,106,1,1,[313]
15,142,1,1,[313]
15,150,1,1,[313]
15,163,1,1,[313]
15,171,1,1,[313]
15,207,1,1,[313]
15,217,1,1,[313]
15,254,1,1,[313]
16,2,1,1,[313]
16,38,1,1,[313]
16,43,1,1,[313]
16,118,1,1,[313]
16,195,1,1,[313]
16,270,1,1,[313]
16,275,1,1,[313]
16,311,1,1,[313]
17,70,1,1,[313]
17,71,1,1,[313]
17,125,1,1,[313]
17,188,1,1,[313]
17,242,1,1,[313]
17,243,1,1,[313]
18,83,1,1,[313]
18,114,1,1,[313]
18,149,1,1,[313]
18,164,1,1,[313]
18,199,1,1,[313]
18,230,1,1,[313]
19,11,1,1,[313]
19,50,1,1,[313]
19,133,1,1,[313]
19,136,1,1,[313]
19,177,1,1,[313]
19,180,1,1,[313]
19,185,2,1,"[313, 331]"
19,263,1,1,[313]
19,302,1,1,[313]
20,12,1,1,[313]
20,65,1,1,[313]
20,96,1,1,[313]
20,97,1,1,[313]
20,110,1,1,[313]
20,203,1,1,[313]
20,216,1,1,[313]
20,217,1,1,[313]
20,248,1,1,[313]
20,301,1,1,[313]
21,11,1,1,[313]
21,88,1,1,[313]
21,115,1,1,[313]
21,123,1,1,[313]
21,153,1,1,[313]
21,160,1,1,[313]
21,190,1,1,[313]
21,198,1,1,[313]
21,225,1,1,[313]
21,302,1,1,[313]
22,55,1,1,[313]
22,87,1,1,[313]
22,103,1,1,[313]
22,210,1,1,[313]
22,226,1,1,[313]
22,258,1,1,[313]
23,2,1,1,[313]
23,47,1,1,[313]
23,78,1,1,[313]
23,89,1,1,[313]
23,152,1,1,[313]
23,161,1,1,[313]
23,224,1,1,[313]
23,235,1,1,[313]
23,266,1,1,[313]
23,311,1,1,[313]
24,64,1,1,[313]
24,107,1,1,[313]
24,136,1,1,[313]
24,177,1,1,[313]
24,206,1,1,[313]
24,228,2,1,"[313, 293]"
24,249,1,1,[313]
25,79,1,1,[313]
25,88,1,1,[313]
25,105,2,1,"[313, 337]"
25,106,1,1,[313]
25,207,1,1,[313]
25,225,1,1,[313]
25,234,1,1,[313]
26,47,1,1,[313]
26,53,1,1,[313]
26,107,1,1,[313]
26,155,1,1,[313]
26,158,1,1,[313]
26,206,1,1,[313]
26,260,1,1,[313]
26,266,1,1,[313]
27,54,1,1,[313]
27,56,1,1,[313]
27,87,1,1,[313]
27,91,1,1,[313]
27,206,2,1,"[313, 307]"
27,222,1,1,[313]
27,226,1,1,[313]
27,257,1,1,[313]
27,259,1,1,[313]
28,11,1,1,[313]
28,20,1,1,[313]
28,102,1,1,[313]
28,103,1,1,[313]
28,116,1,1,[313]
28,197,1,1,[313]
28,210,1,1,[313]
28,211,1,1,[313]
28,293,1,1,[313]
28,302,1,1,[313]
29,79,1,1,[313]
29,88,1,1,[313]
29,106,1,1,[313]
29,207,1,1,[313]
29,225,1,1,[313]
29,234,1,1,[313]
30,13,1,1,[313]
30,36,1,1,[313]
30,135,1,1,[313]
30,178,1,1,[313]
30,277,1,1,[313]
30,300,1,1,[313]
31,10,1,1,[313]
31,39,1,1,[313]
31,41,1,1,[313]
31,50,1,1,[313]
31,87,1,1,[313]
31,226,1,1,[313]
31,263,1,1,[313]
31,272,1,1,[313]
31,274,1,1,[313]
31,303,1,1,[313]
32,8,1,1,[313]
32,17,1,1,[313]
32,104,1,1,[313]
32,162,2,2,"[313, 331]"
32,185,2,1,"[313, 293]"
32,209,1,1,[313]
32,296,1,1,[313]
32,305,1,1,[313]
32,311,2,1,"[313, 331]"
33,12,1,1,[313]
33,63,1,1,[313]
33,83,1,1,[313]
33,111,1,1,[313]
33,202,1,1,[313]
33,230,1,1,[313]
33,250,1,1,[313]
33,301,1,1,[313]
34,33,1,1,[313]
34,54,1,1,[313]
34,119,1,1,[313]
34,131,1,1,[313]
34,136,1,1,[313]
34,177,1,1,[313]
34,182,1,1,[313]
34,194,1,1,[313]
34,259,1,1,[313]
34,280,1,1,[313]
35,16,1,1,[313]
35,71,1,1,[313]
35,123,1,1,[313]
35,190,1,1,[313]
35,242,1,1,[313]
35,297,1,1,[313]
36,7,1,1,[313]
36,50,1,1,[313]
36,85,1,1,[313]
36,106,1,1,[313]
36,207,1,1,[313]
36,228,1,1,[313]
36,263,1,1,[313]
36,306,1,1,[313]
37,8,1,1,[313]
37,14,1,1,[313]
37,66,1,1,[313]
37,70,1,1,[313]
37,120,1,1,[313]
37,178,2,2,"[313, 293]"
37,193,1,1,[313]
37,243,1,1,[313]
37,247,1,1,[313]
37,299,1,1,[313]
37,305,1,1,[313]
38,96,1,1,[313]
38,112,1,1,[313]
38,113,1,1,[313]
38,200,1,1,[313]
38,201,1,1,[313]
38,217,1,1,[313]
39,19,1,1,[313]
39,45,2,1,"[313, 283]"
39,66,1,1,[313]
39,77,1,1,[313]
39,236,1,1,[313]
39,247,1,1,[313]
39,294,1,1,[313]
40,56,1,1,[313]
40,84,3,1,"[313, 311, 317]"
40,119,1,1,[313]
40,123,3,1,"[313, 331, 317]"
40,152,1,1,[313]
40,158,2,2,"[313, 293]"
40,161,1,1,[313]
40,194,1,1,[313]
40,257,1,1,[313]
41,7,1,1,[313]
41,19,1,1,[313]
41,54,1,1,[313]
41,259,1,1,[313]
41,294,1,1,[313]
41,306,1,1,[313]
42,35,1,1,[313]
42,53,1,1,[313]
42,83,1,1,[313]
42,230,1,1,[313]
42,260,1,1,[313]
42,278,1,1,[313]
43,11,1,1,[313]
43,42,1,1,[313]
43,114,1,1,[313]
43,199,1,1,[313]
43,271,1,1,[313]
43,302,1,1,[313]
44,47,1,1,[313]
44,53,1,1,[313]
44,107,1,1,[313]
44,155,1,1,[313]
44,158,1,1,[313]
44,206,1,1,[313]
44,260,1,1,[313]
44,266,1,1,[313]
45,11,1,1,[313]
45,20,1,1,[313]
45,82,2,2,"[313, 331]"
45,102,1,1,[313]
45,103,1,1,[313]
45,116,1,1,[313]
45,197,1,1,[313]
45,210,1,1,[313]
45,211,1,1,[313]
45,293,1,1,[313]
45,302,1,1,[313]
46,9,1,1,[313]
46,49,1,1,[313]
46,51,1,1,[313]
46,88,3,1,"[313, 293, 317]"
46,199,3,3,"[313, 307, 331]"
46,262,1,1,[313]
46,264,1,1,[313]
46,304,1,1,[313]
47,35,1,1,[313]
47,53,1,1,[313]
47,83,1,1,[313]
47,108,2,2,"[313, 307]"
47,230,1,1,[313]
47,260,1,1,[313]
47,278,1,1,[313]
48,40,1,1,[313]
48,65,1,1,[313]
48,72,1,1,[313]
48,128,1,1,[313]
48,185,1,1,[313]
48,241,1,1,[313]
48,248,1,1,[313]
48,273,1,1,[313]
49,44,1,1,[313]
49,54,1,1,[313]
49,63,1,1,[313]
49,213,2,1,"[313, 337]"
49,250,1,1,[313]
49,259,1,1,[313]
49,269,1,1,[313]
50,46,1,1,[313]
50,68,1,1,[313]
50,128,1,1,[313]
50,147,2,1,"[313, 283]"
50,155,1,1,[313]
50,158,1,1,[313]
50,185,1,1,[313]
50,245,1,1,[313]
50,267,1,1,[313]
51,98,1,1,[313]
51,138,1,1,[313]
51,151,1,1,[313]
51,162,1,1,[313]
51,175,1,1,[313]
51,215,1,1,[313]
52,70,1,1,[313]
52,115,1,1,[313]
52,127,1,1,[313]
52,186,1,1,[313]
52,198,1,1,[313]
52,243,1,1,[313]
53,16,1,1,[313]
53,52,1,1,[313]
53,118,1,1,[313]
53,195,1,1,[313]
53,261,1,1,[313]
53,297,1,1,[313]
54,9,1,1,[313]
54,97,1,1,[313]
54,146,1,1,[313]
54,167,1,1,[313]
54,216,1,1,[313]
54,304,1,1,[313]
55,16,1,1,[313]
55,25,1,1,[313]
55,62,1,1,[313]
55,122,1,1,[313]
55,128,1,1,[313]
55,185,1,1,[313]
55,191,1,1,[313]
55,251,1,1,[313]
55,288,1,1,[313]
55,297,1,1,[313]
56,107,1,1,[313]
56,113,1,1,[313]
56,124,1,1,[313]
56,189,1,1,[313]
56,200,1,1,[313]
56,206,1,1,[313]
57,12,2,1,"[313, 307]"
57,60,1,1,[313]
57,61,1,1,[313]
57,70,1,1,[313]
57,78,1,1,[313]
57,83,2,2,"[313, 293]"
57,235,1,1,[313]
57,243,1,1,[313]
57,252,1,1,[313]
57,253,1,1,[313]
58,46,1,1,[313]
58,68,1,1,[313]
58,128,1,1,[313]
58,155,1,1,[313]
58,158,1,1,[313]
58,185,1,1,[313]
58,245,1,1,[313]
58,267,1,1,[313]
59,21,1,1,[313]
59,64,1,1,[313]
59,66,1,1,[313]
59,98,1,1,[313]
59,112,1,1,[313]
59,201,1,1,[313]
59,215,1,1,[313]
59,247,1,1,[313]
59,249,1,1,[313]
59,292,1,1,[313]
60,52,1,1,[313]
60,91,1,1,[313]
60,116,1,1,[313]
60,142,1,1,[313]
60,154,1,1,[313]
60,159,1,1,[313]
60,171,1,1,[313]
60,197,1,1,[313]
60,222,1,1,[313]
60,261,1,1,[313]
61,10,1,1,[313]
61,39,1,1,[313]
61,41,1,1,[313]
61,50,1,1,[313]
61,87,1,1,[313]
61,226,1,1,[313]
61,263,1,1,[313]
61,272,1,1,[313]
61,274,1,1,[313]
61,303,1,1,[313]
62,78,1,1,[313]
62,97,1,1,[313]
62,129,1,1,[313]
62,184,1,1,[313]
62,216,1,1,[313]
62,235,1,1,[313]
63,2,1,1,[313]
63,47,1,1,[313]
63,78,1,1,[313]
63,89,1,1,[313]
63,152,1,1,[313]
63,161,1,1,[313]
63,224,1,1,[313]
63,235,1,1,[313]
63,266,1,1,[313]
63,311,1,1,[313]
64,5,1,1,[313]
64,9,1,1,[313]
64,16,1,1,[313]
64,31,1,1,[313]
64,194,3,2,"[313, 307, 331]"
64,282,1,1,[313]
64,297,1,1,[313]
64,304,1,1,[313]
64,308,1,1,[313]
65,6,1,1,[313]
65,50,1,1,[313]
65,134,1,1,[313]
65,179,1,1,[313]
65,263,1,1,[313]
65,307,1,1,[313]
65,308,2,1,"[313, 331]"
66,19,1,1,[313]
66,66,1,1,[313]
66,77,1,1,[313]
66,236,1,1,[313]
66,247,1,1,[313]
66,294,1,1,[313]
67,48,1,1,[313]
67,83,1,1,[313]
67,84,1,1,[313]
67,94,1,1,[313]
67,107,1,1,[313]
67,206,1,1,[313]
67,219,1,1,[313]
67,229,1,1,[313]
67,230,1,1,[313]
67,265,1,1,[313]
68,58,1,1,[313]
68,61,1,1,[313]
68,66,1,1,[313]
68,247,1,1,[313]
68,252,1,1,[313]
68,255,1,1,[313]
69,16,1,1,[313]
69,25,1,1,[313]
69,62,1,1,[313]
69,122,1,1,[313]
69,128,1,1,[313]
69,185,1,1,[313]
69,191,1,1,[313]
69,251,1,1,[313]
69,288,1,1,[313]
69,297,1,1,[313]
70,73,1,1,[313]
70,77,1,1,[313]
70,119,1,1,[313]
70,142,1,1,[313]
70,171,1,1,[313]
70,194,1,1,[313]
70,236,1,1,[313]
70,240,1,1,[313]
71,27,1,1,[313]
71,38,1,1,[313]
71,60,1,1,[313]
71,253,1,1,[313]
71,275,1,1,[313]
71,286,1,1,[313]
72,27,1,1,[313]
72,38,1,1,[313]
72,60,1,1,[313]
72,253,1,1,[313]
72,275,1,1,[313]
72,286,1,1,[313]
73,38,1,1,[313]
73,46,1,1,[313]
73,71,1,1,[313]
73,83,1,1,[313]
73,126,1,1,[313]
73,187,1,1,[313]
73,230,1,1,[313]
73,242,1,1,[313]
73,267,1,1,[313]
73,275,1,1,[313]
74,16,1,1,[313]
74,52,1,1,[313]
74,118,1,1,[313]
74,195,1,1,[313]
74,261,1,1,[313]
74,297,1,1,[313]
75,2,1,1,[313]
75,48,1,1,[313]
75,102,1,1,[313]
75,211,1,1,[313]
75,265,1,1,[313]
75,311,1,1,[313]
76,87,1,1,[313]
76,88,1,1,[313]
76,125,1,1,[313]
76,149,1,1,[313]
76,164,1,1,[313]
76,188,1,1,[313]
76,225,1,1,[313]
76,226,1,1,[313]
77,33,1,1,[313]
77,54,1,1,[313]
77,119,1,1,[313]
77,131,1,1,[313]
77,136,1,1,[313]
77,177,1,1,[313]
77,182,1,1,[313]
77,194,1,1,[313]
77,259,1,1,[313]
77,280,1,1,[313]
78,38,1,1,[313]
78,51,1,1,[313]
78,96,1,1,[313]
78,122,1,1,[313]
78,191,1,1,[313]
78,217,1,1,[313]
78,262,1,1,[313]
78,275,1,1,[313]
79,78,1,1,[313]
79,83,1,1,[313]
79,93,1,1,[313]
79,112,1,1,[313]
79,124,2,1,"[313, 331]"
79,132,2,1,"[313, 283]"
79,201,1,1,[313]
79,220,1,1,[313]
79,230,1,1,[313]
79,235,1,1,[313]
80,59,1,1,[313]
80,96,1,1,[313]
80,106,1,1,[313]
80,142,1,1,[313]
80,150,1,1,[313]
80,163,1,1,[313]
80,165,2,2,"[313, 331]"
80,171,1,1,[313]
80,207,1,1,[313]
80,217,1,1,[313]
80,254,1,1,[313]
81,13,1,1,[313]
81,66,1,1,[313]
81,109,2,2,"[313, 293]"
81,123,1,1,[313]
81,141,1,1,[313]
81,151,2,1,"[313, 347]"
81,172,1,1,[313]
81,190,1,1,[313]
81,247,1,1,[313]
81,300,1,1,[313]
82,12,1,1,[313]
82,65,1,1,[313]
82,96,1,1,[313]
82,97,1,1,[313]
82,110,1,1,[313]
82,203,1,1,[313]
82,216,1,1,[313]
82,217,1,1,[313]
82,248,1,1,[313]
82,301,1,1,[313]
83,17,1,1,[313]
83,72,1,1,[313]
83,116,1,1,[313]
83,134,1,1,[313]
83,179,1,1,[313]
83,197,1,1,[313]
83,241,1,1,[313]
83,296,1,1,[313]
84,19,1,1,[313]
84,28,1,1,[313]
84,45,1,1,[313]
84,78,1,1,[313]
84,88,1,1,[313]
84,211,3,2,"[313, 283, 281]"
84,225,1,1,[313]
84,235,1,1,[313]
84,268,1,1,[313]
84,285,1,1,[313]
84,294,1,1,[313]
85,7,1,1,[313]
85,50,1,1,[313]
85,85,1,1,[313]
85,106,1,1,[313]
85,207,1,1,[313]
85,228,1,1,[313]
85,263,1,1,[313]
85,306,1,1,[313]
86,34,1,1,[313]
86,44,1,1,[313]
86,50,1,1,[313]
86,72,1,1,[313]
86,77,1,1,[313]
86,236,1,1,[313]
86,241,1,1,[313]
86,263,1,1,[313]
86,269,1,1,[313]
86,279,1,1,[313]
87,2,1,1,[313]
87,48,1,1,[313]
87,102,1,1,[313]
87,211,1,1,[313]
87,265,1,1,[313]
87,301,2,2,"[313, 331]"
87,311,1,1,[313]
88,70,1,1,[313]
88,115,1,1,[313]
88,127,1,1,[313]
88,186,1,1,[313]
88,198,1,1,[313]
88,243,1,1,[313]
89,64,1,1,[313]
89,73,1,1,[313]
89,116,1,1,[313]
89,197,1,1,[313]
89,240,1,1,[313]
89,249,1,1,[313]
90,107,1,1,[313]
90,113,1,1,[313]
90,124,1,1,[313]
90,189,1,1,[313]
90,200,1,1,[313]
90,206,1,1,[313]
91,58,1,1,[313]
91,61,1,1,[313]
91,66,1,1,[313]
91,247,1,1,[313]
91,252,1,1,[313]
91,255,1,1,[313]
92,2,1,1,[313]
92,16,1,1,[313]
92,36,1,1,[313]
92,63,1,1,[313]
92,86,1,1,[313]
92,227,1,1,[313]
92,250,1,1,[313]
92,277,1,1,[313]
92,297,1,1,[313]
92,311,1,1,[313]
93,8,1,1,[313]
93,14,1,1,[313]
93,66,1,1,[313]
93,70,1,1,[313]
93,120,1,1,[313]
93,193,1,1,[313]
93,243,1,1,[313]
93,247,1,1,[313]
93,299,1,1,[313]
93,305,1,1,[313]
94,19,1,1,[313]
94,28,1,1,[313]
94,45,1,1,[313]
94,78,1,1,[313]
94,88,1,1,[313]
94,130,2,1,"[313, 317]"
94,225,1,1,[313]
94,235,1,1,[313]
94,268,1,1,[313]
94,285,1,1,[313]
94,294,1,1,[313]
95,6,1,1,[313]
95,90,1,1,[313]
95,104,1,1,[313]
95,107,1,1,[313]
95,146,1,1,[313]
95,167,1,1,[313]
95,206,1,1,[313]
95,209,1,1,[313]
95,215,2,1,"[313, 307]"
95,223,1,1,[313]
95,307,1,1,[313]
96,39,2,2,"[313, 331]"
96,83,1,1,[313]
96,114,1,1,[313]
96,149,1,1,[313]
96,164,1,1,[313]
96,199,1,1,[313]
96,230,1,1,[313]
97,6,1,1,[313]
97,78,1,1,[313]
97,91,1,1,[313]
97,222,1,1,[313]
97,235,1,1,[313]
97,301,2,1,"[313, 337]"
97,307,1,1,[313]
98,14,1,1,[313]
98,88,1,1,[313]
98,107,1,1,[313]
98,129,1,1,[313]
98,184,1,1,[313]
98,206,1,1,[313]
98,225,1,1,[313]
98,299,1,1,[313]
99,9,1,1,[313]
99,37,1,1,[313]
99,95,1,1,[313]
99,142,1,1,[313]
99,171,1,1,[313]
99,179,2,1,"[313, 293]"
99,218,1,1,[313]
99,276,1,1,[313]
99,304,1,1,[313]
100,6,1,1,[313]
100,78,1,1,[313]
100,91,1,1,[313]
100,222,1,1,[313]
100,235,1,1,[313]
100,278,2,1,"[313, 331]"
100,307,1,1,[313]
101,70,1,1,[313]
101,71,1,1,[313]
101,125,1,1,[313]
101,188,1,1,[313]
101,242,1,1,[313]
101,243,1,1,[313]
102,13,1,1,[313]
102,60,1,1,[313]
102,66,2,2,"[313, 307]"
102,67,1,1,[313]
102,79,1,1,[313]
102,104,1,1,[313]
102,209,1,1,[313]
102,234,1,1,[313]
102,246,1,1,[313]
102,253,1,1,[313]
102,300,1,1,[313]
103,38,1,1,[313]
103,51,1,1,[313]
103,96,1,1,[313]
103,122,1,1,[313]
103,191,1,1,[313]
103,217,1,1,[313]
103,262,1,1,[313]
103,275,1,1,[313]
104,12,1,1,[313]
104,63,1,1,[313]
104,83,1,1,[313]
104,111,1,1,[313]
104,202,1,1,[313]
104,230,1,1,[313]
104,250,1,1,[313]
104,301,1,1,[313]
105,47,1,1,[313]
105,85,1,1,[313]
105,151,1,1,[313]
105,162,1,1,[313]
105,228,1,1,[313]
105,266,1,1,[313]
106,21,1,1,[313]
106,64,1,1,[313]
106,66,1,1,[313]
106,98,1,1,[313]
106,112,1,1,[313]
106,201,1,1,[313]
106,215,1,1,[313]
106,247,1,1,[313]
106,249,1,1,[313]
106,292,1,1,[313]
107,44,1,1,[313]
107,54,1,1,[313]
107,63,1,1,[313]
107,250,1,1,[313]
107,259,1,1,[313]
107,269,1,1,[313]
108,70,1,1,[313]
108,102,1,1,[313]
108,119,1,1,[313]
108,135,1,1,[313]
108,178,1,1,[313]
108,194,1,1,[313]
108,211,1,1,[313]
108,243,1,1,[313]
109,56,1,1,[313]
109,119,1,1,[313]
109,152,1,1,[313]
109,161,1,1,[313]
109,194,1,1,[313]
109,257,1,1,[313]
110,6,1,1,[313]
110,50,1,1,[313]
110,134,1,1,[313]
110,179,1,1,[313]
110,263,1,1,[313]
110,307,1,1,[313]
111,43,1,1,[313]
111,98,1,1,[313]
111,114,1,1,[313]
111,145,1,1,[313]
111,155,1,1,[313]
111,158,1,1,[313]
111,168,1,1,[313]
111,199,1,1,[313]
111,215,1,1,[313]
111,270,1,1,[313]
112,11,1,1,[313]
112,88,1,1,[313]
112,115,1,1,[313]
112,123,1,1,[313]
112,153,1,1,[313]
112,160,1,1,[313]
112,190,1,1,[313]
112,198,1,1,[313]
112,225,1,1,[313]
112,283,2,1,"[313, 331]"
112,302,1,1,[313]
113,13,1,1,[313]
113,66,1,1,[313]
113,123,1,1,[313]
113,141,1,1,[313]
113,172,1,1,[313]
113,190,1,1,[313]
113,247,1,1,[313]
113,300,1,1,[313]
114,31,1,1,[313]
114,33,1,1,[313]
114,116,1,1,[313]
114,137,2,2,"[313, 307]"
114,197,1,1,[313]
114,280,1,1,[313]
114,282,1,1,[313]
115,39,1,1,[313]
115,117,2,2,"[313, 317]"
115,119,1,1,[313]
115,122,1,1,[313]
115,191,1,1,[313]
115,194,1,1,[313]
115,274,1,1,[313]
116,6,1,1,[313]
116,35,2,2,"[313, 331]"
116,78,1,1,[313]
116,91,1,1,[313]
116,222,1,1,[313]
116,235,1,1,[313]
116,307,1,1,[313]
117,36,1,1,[313]
117,80,1,1,[313]
117,155,1,1,[313]
117,158,1,1,[313]
117,233,1,1,[313]
117,277,1,1,[313]
118,5,1,1,[313]
118,103,1,1,[313]
118,128,1,1,[313]
118,185,1,1,[313]
118,210,1,1,[313]
118,291,2,2,"[313, 307]"
118,308,1,1,[313]
119,13,1,1,[313]
119,66,1,1,[313]
119,123,1,1,[313]
119,141,1,1,[313]
119,172,1,1,[313]
119,190,1,1,[313]
119,247,1,1,[313]
119,300,1,1,[313]
120,25,1,1,[313]
120,104,1,1,[313]
120,141,1,1,[313]
120,144,2,2,"[313, 331]"
120,172,1,1,[313]
120,209,1,1,[313]
120,288,1,1,[313]
121,2,1,1,[313]
121,66,1,1,[313]
121,138,1,1,[313]
121,146,1,1,[313]
121,167,1,1,[313]
121,175,1,1,[313]
121,193,2,2,"[313, 293]"
121,217,2,2,"[313, 307]"
121,247,1,1,[313]
121,311,1,1,[313]
122,39,2,1,"[313, 293]"
122,43,3,2,"[313, 331, 307]"
122,78,1,1,[313]
122,97,1,1,[313]
122,129,1,1,[313]
122,184,1,1,[313]
122,216,1,1,[313]
122,235,1,1,[313]
123,13,1,1,[313]
123,36,1,1,[313]
123,135,1,1,[313]
123,178,1,1,[313]
123,277,1,1,[313]
123,283,2,2,"[313, 331]"
123,300,1,1,[313]
124,1,1,1,[313]
124,15,1,1,[313]
124,56,2,2,"[313, 293]"
124,70,1,1,[313]
124,80,1,1,[313]
124,87,1,1,[313]
124,226,1,1,[313]
124,233,1,1,[313]
124,243,1,1,[313]
124,298,1,1,[313]
124,312,1,1,[313]
125,11,1,1,[313]
125,42,1,1,[313]
125,114,1,1,[313]
125,199,1,1,[313]
125,271,1,1,[313]
125,302,1,1,[313]
126,9,1,1,[313]
126,49,1,1,[313]
126,51,1,1,[313]
126,262,1,1,[313]
126,264,1,1,[313]
126,304,1,1,[313]
127,48,1,1,[313]
127,60,2,2,"[313, 331]"
127,87,1,1,[313]
127,133,1,1,[313]
127,180,1,1,[313]
127,226,1,1,[313]
127,265,1,1,[313]
128,64,1,1,[313]
128,107,1,1,[313]
128,136,1,1,[313]
128,177,1,1,[313]
128,206,1,1,[313]
128,237,2,2,"[313, 307]"
128,249,1,1,[313]
129,78,1,1,[313]
129,97,1,1,[313]
129,129,1,1,[313]
129,184,1,1,[313]
129,216,1,1,[313]
129,235,1,1,[313]
129,270,3,1,"[313, 331, 337]"
130,37,1,1,[313]
130,85,1,1,[313]
130,113,1,1,[313]
130,128,1,1,[313]
130,130,1,1,[313]
130,183,1,1,[313]
130,185,1,1,[313]
130,200,1,1,[313]
130,228,1,1,[313]
130,276,1,1,[313]
131,12,1,1,[313]
131,27,1,1,[313]
131,31,1,1,[313]
131,92,1,1,[313]
131,155,1,1,[313]
131,158,1,1,[313]
131,221,1,1,[313]
131,282,1,1,[313]
131,286,1,1,[313]
131,301,1,1,[313]
132,38,1,1,[313]
132,51,1,1,[313]
132,96,1,1,[313]
132,122,1,1,[313]
132,191,1,1,[313]
132,217,1,1,[313]
132,262,1,1,[313]
132,275,1,1,[313]
133,9,1,1,[313]
133,38,1,1,[313]
133,55,1,1,[313]
133,58,1,1,[313]
133,69,1,1,[313]
133,244,1,1,[313]
133,255,1,1,[313]
133,258,1,1,[313]
133,275,1,1,[313]
133,304,1,1,[313]
134,1,1,1,[313]
134,82,1,1,[313]
134,96,1,1,[313]
134,217,1,1,[313]
134,231,1,1,[313]
134,312,1,1,[313]
135,19,1,1,[313]
135,28,1,1,[313]
135,45,1,1,[313]
135,78,1,1,[313]
135,88,1,1,[313]
135,225,1,1,[313]
135,235,1,1,[313]
135,268,1,1,[313]
135,285,1,1,[313]
135,294,1,1,[313]
136,13,1,1,[313]
136,49,1,1,[313]
136,109,1,1,[313]
136,119,1,1,[313]
136,149,1,1,[313]
136,164,1,1,[313]
136,194,1,1,[313]
136,204,1,1,[313]
136,264,1,1,[313]
136,300,1,1,[313]
137,10,1,1,[313]
137,13,1,1,[313]
137,42,1,1,[313]
137,116,1,1,[313]
137,197,1,1,[313]
137,271,1,1,[313]
137,300,1,1,[313]
137,303,1,1,[313]
138,6,1,1,[313]
138,50,1,1,[313]
138,134,1,1,[313]
138,179,1,1,[313]
138,263,1,1,[313]
138,288,2,1,"[313, 293]"
138,307,1,1,[313]
139,45,1,1,[313]
139,98,1,1,[313]
139,104,1,1,[313]
139,124,1,1,[313]
139,137,2,1,"[313, 283]"
139,189,1,1,[313]
139,209,1,1,[313]
139,215,1,1,[313]
139,268,1,1,[313]
140,45,1,1,[313]
140,58,1,1,[313]
140,128,1,1,[313]
140,174,2,2,"[313, 317]"
140,185,1,1,[313]
140,255,1,1,[313]
140,268,1,1,[313]
141,9,1,1,[313]
141,49,1,1,[313]
141,51,1,1,[313]
141,161,2,1,"[313, 293]"
141,262,1,1,[313]
141,264,1,1,[313]
141,304,1,1,[313]
142,54,1,1,[313]
142,56,1,1,[313]
142,87,1,1,[313]
142,91,1,1,[313]
142,222,1,1,[313]
142,226,1,1,[313]
142,257,1,1,[313]
142,259,1,1,[313]
143,11,1,1,[313]
143,49,1,1,[313]
143,65,1,1,[313]
143,248,1,1,[313]
143,264,1,1,[313]
143,302,1,1,[313]
144,54,1,1,[313]
144,56,1,1,[313]
144,87,1,1,[313]
144,91,1,1,[313]
144,222,1,1,[313]
144,226,1,1,[313]
144,257,1,1,[313]
144,259,1,1,[313]
145,11,1,1,[313]
145,42,1,1,[313]
145,114,1,1,[313]
145,199,1,1,[313]
145,271,1,1,[313]
145,302,1,1,[313]
146,8,1,1,[313]
146,30,1,1,[313]
146,142,1,1,[313]
146,171,1,1,[313]
146,283,1,1,[313]
146,305,1,1,[313]
147,1,1,1,[313]
147,3,2,1,"[313, 317]"
147,13,1,1,[313]
147,37,1,1,[313]
147,276,1,1,[313]
147,300,1,1,[313]
147,312,1,1,[313]
148,21,1,1,[313]
148,64,1,1,[313]
148,66,1,1,[313]
148,98,1,1,[313]
148,112,1,1,[313]
148,172,2,2,"[313, 293]"
148,201,1,1,[313]
148,215,1,1,[313]
148,247,1,1,[313]
148,249,1,1,[313]
148,292,1,1,[313]
149,44,1,1,[313]
149,148,1,1,[313]
149,155,1,1,[313]
149,158,1,1,[313]
149,165,1,1,[313]
149,172,2,2,"[313, 331]"
149,269,1,1,[313]
150,30,1,1,[313]
150,54,1,1,[313]
150,96,1,1,[313]
150,127,1,1,[313]
150,186,1,1,[313]
150,217,1,1,[313]
150,259,1,1,[313]
150,283,1,1,[313]
151,2,1,1,[313]
151,12,2,1,"[313, 331]"
151,48,1,1,[313]
151,102,1,1,[313]
151,171,2,2,"[313, 293]"
151,211,1,1,[313]
151,265,1,1,[313]
151,311,1,1,[313]
152,35,1,1,[313]
152,43,1,1,[313]
152,87,3,1,"[313, 331, 349]"
152,142,1,1,[313]
152,171,1,1,[313]
152,270,1,1,[313]
152,278,1,1,[313]
153,12,1,1,[313]
153,39,1,1,[313]
153,68,1,1,[313]
153,245,1,1,[313]
153,274,1,1,[313]
153,301,1,1,[313]
154,58,1,1,[313]
154,61,1,1,[313]
154,66,1,1,[313]
154,247,1,1,[313]
154,252,1,1,[313]
154,255,1,1,[313]
155,12,1,1,[313]
155,14,1,1,[313]
155,25,1,1,[313]
155,288,1,1,[313]
155,299,1,1,[313]
155,301,1,1,[313]
156,10,1,1,[313]
156,98,1,1,[313]
156,152,1,1,[313]
156,161,1,1,[313]
156,215,1,1,[313]
156,303,1,1,[313]
157,44,1,1,[313]
157,54,1,1,[313]
157,63,1,1,[313]
157,250,1,1,[313]
157,259,1,1,[313]
157,269,1,1,[313]
158,1,1,1,[313]
158,13,1,1,[313]
158,37,1,1,[313]
158,276,1,1,[313]
158,300,1,1,[313]
158,311,2,2,"[313, 337]"
158,312,1,1,[313]
159,40,1,1,[313]
159,85,1,1,[313]
159,115,1,1,[313]
159,198,1,1,[313]
159,228,1,1,[313]
159,273,1,1,[313]
160,13,1,1,[313]
160,36,1,1,[313]
160,45,2,1,"[313, 331]"
160,135,1,1,[313]
160,178,1,1,[313]
160,277,1,1,[313]
160,300,1,1,[313]
161,64,1,1,[313]
161,107,1,1,[313]
161,136,1,1,[313]
161,177,1,1,[313]
161,206,1,1,[313]
161,249,1,1,[313]
162,46,1,1,[313]
162,50,1,1,[313]
162,52,1,1,[313]
162,261,1,1,[313]
162,263,1,1,[313]
162,267,1,1,[313]
163,45,1,1,[313]
163,98,1,1,[313]
163,104,1,1,[313]
163,124,1,1,[313]
163,189,1,1,[313]
163,209,1,1,[313]
163,215,1,1,[313]
163,268,1,1,[313]
164,56,1,1,[313]
164,119,1,1,[313]
164,152,1,1,[313]
164,161,1,1,[313]
164,194,1,1,[313]
164,257,1,1,[313]
165,17,1,1,[313]
165,35,1,1,[313]
165,54,1,1,[313]
165,85,1,1,[313]
165,101,1,1,[313]
165,212,1,1,[313]
165,228,1,1,[313]
165,259,1,1,[313]
165,278,1,1,[313]
165,296,1,1,[313]
166,12,1,1,[313]
166,14,1,1,[313]
166,25,1,1,[313]
166,115,2,2,"[313, 331]"
166,288,1,1,[313]
166,299,1,1,[313]
166,301,1,1,[313]
167,107,1,1,[313]
167,113,1,1,[313]
167,124,1,1,[313]
167,189,1,1,[313]
167,200,1,1,[313]
167,206,1,1,[313]
168,33,1,1,[313]
168,38,1,1,[313]
168,111,1,1,[313]
168,202,1,1,[313]
168,275,1,1,[313]
168,280,1,1,[313]
169,16,1,1,[313]
169,84,1,1,[313]
169,98,1,1,[313]
169,148,1,1,[313]
169,165,1,1,[313]
169,215,1,1,[313]
169,229,1,1,[313]
169,297,1,1,[313]
169,300,2,2,"[313, 331]"
170,27,1,1,[313]
170,38,1,1,[313]
170,60,1,1,[313]
170,253,1,1,[313]
170,275,1,1,[313]
170,286,1,1,[313]
171,16,1,1,[313]
171,84,1,1,[313]
171,98,1,1,[313]
171,148,1,1,[313]
171,165,1,1,[313]
171,215,1,1,[313]
171,229,1,1,[313]
171,297,1,1,[313]
172,23,1,1,[313]
172,27,1,1,[313]
172,88,1,1,[313]
172,143,2,2,"[313, 331]"
172,225,1,1,[313]
172,286,1,1,[313]
172,290,1,1,[313]
173,70,1,1,[313]
173,115,1,1,[313]
173,127,1,1,[313]
173,133,2,2,"[313, 331]"
173,186,1,1,[313]
173,198,1,1,[313]
173,230,2,2,"[313, 337]"
173,243,1,1,[313]
174,30,1,1,[313]
174,54,1,1,[313]
174,96,1,1,[313]
174,127,1,1,[313]
174,186,1,1,[313]
174,217,1,1,[313]
174,259,1,1,[313]
174,283,1,1,[313]
175,2,1,1,[313]
175,93,1,1,[313]
175,150,1,1,[313]
175,163,1,1,[313]
175,220,1,1,[313]
175,311,1,1,[313]
176,12,1,1,[313]
176,63,1,1,[313]
176,83,1,1,[313]
176,111,1,1,[313]
176,202,1,1,[313]
176,230,1,1,[313]
176,250,1,1,[313]
176,301,1,1,[313]
177,12,1,1,[313]
177,27,1,1,[313]
177,31,1,1,[313]
177,92,1,1,[313]
177,155,1,1,[313]
177,158,1,1,[313]
177,221,1,1,[313]
177,282,1,1,[313]
177,286,1,1,[313]
177,301,1,1,[313]
178,9,1,1,[313]
178,72,1,1,[313]
178,74,1,1,[313]
178,127,1,1,[313]
178,151,1,1,[313]
178,162,1,1,[313]
178,186,1,1,[313]
178,239,1,1,[313]
178,241,1,1,[313]
178,304,1,1,[313]
179,25,1,1,[313]
179,104,1,1,[313]
179,141,1,1,[313]
179,172,1,1,[313]
179,209,1,1,[313]
179,288,1,1,[313]
180,11,1,1,[313]
180,88,1,1,[313]
180,115,1,1,[313]
180,123,1,1,[313]
180,133,2,1,"[313, 293]"
180,153,1,1,[313]
180,160,1,1,[313]
180,190,1,1,[313]
180,198,1,1,[313]
180,225,1,1,[313]
180,302,1,1,[313]
181,11,1,1,[313]
181,23,1,1,[313]
181,80,1,1,[313]
181,104,1,1,[313]
181,209,1,1,[313]
181,233,1,1,[313]
181,290,1,1,[313]
181,302,1,1,[313]
182,13,1,1,[313]
182,49,1,1,[313]
182,109,1,1,[313]
182,119,1,1,[313]
182,149,1,1,[313]
182,164,1,1,[313]
182,194,1,1,[313]
182,204,1,1,[313]
182,264,1,1,[313]
182,300,1,1,[313]
183,8,1,1,[313]
183,14,1,1,[313]
183,66,1,1,[313]
183,70,1,1,[313]
183,78,2,2,"[313, 307]"
183,120,1,1,[313]
183,193,1,1,[313]
183,243,1,1,[313]
183,247,1,1,[313]
183,299,1,1,[313]
183,305,1,1,[313]
184,72,1,1,[313]
184,79,1,1,[313]
184,95,1,1,[313]
184,208,2,2,"[313, 307]"
184,218,1,1,[313]
184,234,1,1,[313]
184,241,1,1,[313]
185,35,1,1,[313]
185,43,1,1,[313]
185,142,1,1,[313]
185,171,1,1,[313]
185,270,1,1,[313]
185,278,1,1,[313]
186,16,1,1,[313]
186,52,1,1,[313]
186,118,1,1,[313]
186,195,1,1,[313]
186,232,2,1,"[313, 307]"
186,261,1,1,[313]
186,297,1,1,[313]
187,23,1,1,[313]
187,27,1,1,[313]
187,88,1,1,[313]
187,225,1,1,[313]
187,286,1,1,[313]
187,290,1,1,[313]
188,5,2,1,"[313, 317]"
188,33,1,1,[313]
188,38,1,1,[313]
188,111,1,1,[313]
188,202,1,1,[313]
188,275,1,1,[313]
188,280,1,1,[313]
189,16,1,1,[313]
189,25,1,1,[313]
189,62,1,1,[313]
189,122,1,1,[313]
189,128,1,1,[313]
189,185,1,1,[313]
189,191,1,1,[313]
189,251,1,1,[313]
189,288,1,1,[313]
189,297,1,1,[313]
190,12,1,1,[313]
190,39,1,1,[313]
190,68,1,1,[313]
190,245,1,1,[313]
190,274,1,1,[313]
190,301,1,1,[313]
191,72,1,1,[313]
191,79,1,1,[313]
191,95,1,1,[313]
191,218,1,1,[313]
191,234,1,1,[313]
191,241,1,1,[313]
192,7,1,1,[313]
192,50,1,1,[313]
192,85,1,1,[313]
192,106,1,1,[313]
192,207,1,1,[313]
192,228,1,1,[313]
192,263,1,1,[313]
192,306,1,1,[313]
193,1,1,1,[313]
193,82,1,1,[313]
193,96,1,1,[313]
193,217,1,1,[313]
193,231,1,1,[313]
193,312,1,1,[313]
194,12,1,1,[313]
194,55,1,1,[313]
194,82,1,1,[313]
194,85,1,1,[313]
194,228,1,1,[313]
194,231,1,1,[313]
194,258,1,1,[313]
194,301,1,1,[313]
195,70,1,1,[313]
195,71,1,1,[313]
195,125,1,1,[313]
195,146,2,2,"[313, 331]"
195,188,1,1,[313]
195,242,1,1,[313]
195,243,1,1,[313]
196,39,1,1,[313]
196,119,1,1,[313]
196,122,1,1,[313]
196,191,1,1,[313]
196,194,1,1,[313]
196,274,1,1,[313]
196,306,3,1,"[313, 331, 349]"
197,72,1,1,[313]
197,84,1,1,[313]
197,150,1,1,[313]
197,163,1,1,[313]
197,229,1,1,[313]
197,241,1,1,[313]
198,36,1,1,[313]
198,80,1,1,[313]
198,155,1,1,[313]
198,158,1,1,[313]
198,233,1,1,[313]
198,277,1,1,[313]
199,83,1,1,[313]
199,114,1,1,[313]
199,149,1,1,[313]
199,164,1,1,[313]
199,199,1,1,[313]
199,230,1,1,[313]
200,12,1,1,[313]
200,55,1,1,[313]
200,82,1,1,[313]
200,85,1,1,[313]
200,228,1,1,[313]
200,231,1,1,[313]
200,258,1,1,[313]
200,301,1,1,[313]
201,9,1,1,[313]
201,38,1,1,[313]
201,55,1,1,[313]
201,58,1,1,[313]
201,69,1,1,[313]
201,244,1,1,[313]
201,255,1,1,[313]
201,258,1,1,[313]
201,275,1,1,[313]
201,304,1,1,[313]
202,33,1,1,[313]
202,54,1,1,[313]
202,119,1,1,[313]
202,131,1,1,[313]
202,136,1,1,[313]
202,177,1,1,[313]
202,182,1,1,[313]
202,194,1,1,[313]
202,219,2,1,"[313, 317]"
202,226,2,1,"[313, 307]"
202,259,1,1,[313]
202,280,1,1,[313]
203,2,1,1,[313]
203,93,1,1,[313]
203,150,1,1,[313]
203,163,1,1,[313]
203,220,1,1,[313]
203,311,1,1,[313]
204,44,1,1,[313]
204,111,2,1,"[313, 317]"
204,148,1,1,[313]
204,155,1,1,[313]
204,158,1,1,[313]
204,165,1,1,[313]
204,269,1,1,[313]
205,46,1,1,[313]
205,68,1,1,[313]
205,128,1,1,[313]
205,155,1,1,[313]
205,158,1,1,[313]
205,185,1,1,[313]
205,245,1,1,[313]
205,267,1,1,[313]
206,10,1,1,[313]
206,98,1,1,[313]
206,152,1,1,[313]
206,161,1,1,[313]
206,215,1,1,[313]
206,303,1,1,[313]
207,17,1,1,[313]
207,35,1,1,[313]
207,54,1,1,[313]
207,85,1,1,[313]
207,101,1,1,[313]
207,212,1,1,[313]
207,228,1,1,[313]
207,259,1,1,[313]
207,278,1,1,[313]
207,296,1,1,[313]
208,9,2,2,"[313, 293]"
208,19,1,1,[313]
208,66,1,1,[313]
208,77,1,1,[313]
208,83,2,1,"[313, 331]"
208,236,1,1,[313]
208,247,1,1,[313]
208,294,1,1,[313]
209,10,1,1,[313]
209,13,1,1,[313]
209,42,1,1,[313]
209,100,2,1,"[313, 283]"
209,116,1,1,[313]
209,197,1,1,[313]
209,271,1,1,[313]
209,300,1,1,[313]
209,303,1,1,[313]
210,11,1,1,[313]
210,23,1,1,[313]
210,80,1,1,[313]
210,104,1,1,[313]
210,209,1,1,[313]
210,233,1,1,[313]
210,290,1,1,[313]
210,302,1,1,[313]
211,12,1,1,[313]
211,65,1,1,[313]
211,96,1,1,[313]
211,97,1,1,[313]
211,110,1,1,[313]
211,175,2,1,"[313, 331]"
211,203,1,1,[313]
211,216,1,1,[313]
211,217,1,1,[313]
211,228,2,2,"[313, 307]"
211,248,1,1,[313]
211,301,1,1,[313]
212,5,1,1,[313]
212,103,1,1,[313]
212,128,1,1,[313]
212,185,1,1,[313]
212,210,1,1,[313]
212,231,2,2,"[313, 317]"
212,308,1,1,[313]
213,72,1,1,[313]
213,84,1,1,[313]
213,150,1,1,[313]
213,163,1,1,[313]
213,229,1,1,[313]
213,241,1,1,[313]
214,14,1,1,[313]
214,88,1,1,[313]
214,107,1,1,[313]
214,129,1,1,[313]
214,160,2,2,"[313, 293]"
214,184,1,1,[313]
214,206,1,1,[313]
214,225,1,1,[313]
214,299,1,1,[313]
215,9,1,1,[313]
215,37,1,1,[313]
215,69,2,1,"[313, 293]"
215,82,2,2,"[313, 331]"
215,95,1,1,[313]
215,142,1,1,[313]
215,171,1,1,[313]
215,218,1,1,[313]
215,276,1,1,[313]
215,304,1,1,[313]
216,72,1,1,[313]
216,84,1,1,[313]
216,150,1,1,[313]
216,163,1,1,[313]
216,229,1,1,[313]
216,241,1,1,[313]
217,31,1,1,[313]
217,33,1,1,[313]
217,116,1,1,[313]
217,197,1,1,[313]
217,280,1,1,[313]
217,282,1,1,[313]
218,59,1,1,[313]
218,96,1,1,[313]
218,106,1,1,[313]
218,142,1,1,[313]
218,148,2,1,"[313, 331]"
218,150,1,1,[313]
218,163,1,1,[313]
218,171,1,1,[313]
218,207,1,1,[313]
218,217,1,1,[313]
218,254,1,1,[313]
218,285,2,2,"[313, 317]"
219,9,1,1,[313]
219,72,1,1,[313]
219,74,1,1,[313]
219,127,1,1,[313]
219,151,1,1,[313]
219,162,1,1,[313]
219,186,1,1,[313]
219,239,1,1,[313]
219,241,1,1,[313]
219,304,1,1,[313]
220,37,1,1,[313]
220,85,1,1,[313]
220,113,1,1,[313]
220,128,1,1,[313]
220,130,1,1,[313]
220,183,1,1,[313]
220,185,1,1,[313]
220,200,1,1,[313]
220,228,1,1,[313]
220,250,2,2,"[313, 283]"
220,276,1,1,[313]
221,10,1,1,[313]
221,39,1,1,[313]
221,41,1,1,[313]
221,50,1,1,[313]
221,87,1,1,[313]
221,226,1,1,[313]
221,263,1,1,[313]
221,272,1,1,[313]
221,274,1,1,[313]
221,303,1,1,[313]
222,40,1,1,[313]
222,85,1,1,[313]
222,115,1,1,[313]
222,198,1,1,[313]
222,228,1,1,[313]
222,273,1,1,[313]
223,8,1,1,[313]
223,19,2,1,"[313, 283]"
223,30,1,1,[313]
223,142,1,1,[313]
223,171,1,1,[313]
223,283,1,1,[313]
223,305,1,1,[313]
224,35,1,1,[313]
224,53,1,1,[313]
224,83,1,1,[313]
224,122,2,2,"[313, 331]"
224,230,1,1,[313]
224,260,1,1,[313]
224,278,1,1,[313]
225,45,1,1,[313]
225,58,1,1,[313]
225,128,1,1,[313]
225,185,1,1,[313]
225,255,1,1,[313]
225,268,1,1,[313]
226,46,1,1,[313]
226,50,1,1,[313]
226,52,1,1,[313]
226,140,2,1,"[313, 307]"
226,261,1,1,[313]
226,263,1,1,[313]
226,267,1,1,[313]
227,2,1,1,[313]
227,47,1,1,[313]
227,78,1,1,[313]
227,89,1,1,[313]
227,152,1,1,[313]
227,161,1,1,[313]
227,224,1,1,[313]
227,235,1,1,[313]
227,266,1,1,[313]
227,311,1,1,[313]
228,2,1,1,[313]
228,66,1,1,[313]
228,138,1,1,[313]
228,146,1,1,[313]
228,167,1,1,[313]
228,175,1,1,[313]
228,247,1,1,[313]
228,311,1,1,[313]
229,9,1,1,[313]
229,72,1,1,[313]
229,74,1,1,[313]
229,127,1,1,[313]
229,151,1,1,[313]
229,162,1,1,[313]
229,186,1,1,[313]
229,239,1,1,[313]
229,241,1,1,[313]
229,304,1,1,[313]
230,78,1,1,[313]
230,83,1,1,[313]
230,87,2,2,"[313, 331]"
230,93,1,1,[313]
230,112,1,1,[313]
230,201,1,1,[313]
230,220,1,1,[313]
230,230,1,1,[313]
230,235,1,1,[313]
231,13,1,1,[313]
231,60,1,1,[313]
231,67,1,1,[313]
231,79,1,1,[313]
231,104,1,1,[313]
231,209,1,1,[313]
231,234,1,1,[313]
231,246,1,1,[313]
231,253,1,1,[313]
231,300,1,1,[313]
232,12,1,1,[313]
232,55,1,1,[313]
232,82,1,1,[313]
232,85,1,1,[313]
232,228,1,1,[313]
232,231,1,1,[313]
232,258,1,1,[313]
232,301,1,1,[313]
233,6,1,1,[313]
233,90,1,1,[313]
233,104,1,1,[313]
233,107,1,1,[313]
233,146,1,1,[313]
233,167,1,1,[313]
233,206,1,1,[313]
233,209,1,1,[313]
233,223,1,1,[313]
233,307,1,1,[313]
234,17,1,1,[313]
234,72,1,1,[313]
234,116,1,1,[313]
234,134,1,1,[313]
234,179,1,1,[313]
234,197,1,1,[313]
234,241,1,1,[313]
234,296,1,1,[313]
235,11,1,1,[313]
235,23,1,1,[313]
235,80,1,1,[313]
235,104,1,1,[313]
235,184,2,2,"[313, 293]"
235,209,1,1,[313]
235,233,1,1,[313]
235,290,1,1,[313]
235,302,1,1,[313]
236,43,1,1,[313]
236,78,2,1,"[313, 317]"
236,98,1,1,[313]
236,114,1,1,[313]
236,145,1,1,[313]
236,155,1,1,[313]
236,158,1,1,[313]
236,168,1,1,[313]
236,199,1,1,[313]
236,215,1,1,[313]
236,270,1,1,[313]
237,5,1,1,[313]
237,9,1,1,[313]
237,16,1,1,[313]
237,31,1,1,[313]
237,282,1,1,[313]
237,297,1,1,[313]
237,304,1,1,[313]
237,308,1,1,[313]
238,46,1,1,[313]
238,50,1,1,[313]
238,52,1,1,[313]
238,261,1,1,[313]
238,263,1,1,[313]
238,267,1,1,[313]
239,48,1,1,[313]
239,60,2,2,"[313, 331]"
239,87,1,1,[313]
239,133,1,1,[313]
239,180,1,1,[313]
239,226,1,1,[313]
239,265,1,1,[313]
240,11,1,1,[313]
240,20,1,1,[313]
240,54,2,2,"[313, 317]"
240,102,1,1,[313]
240,103,1,1,[313]
240,116,1,1,[313]
240,197,1,1,[313]
240,210,1,1,[313]
240,211,1,1,[313]
240,293,1,1,[313]
240,302,1,1,[313]
241,11,1,1,[313]
241,49,1,1,[313]
241,65,1,1,[313]
241,248,1,1,[313]
241,264,1,1,[313]
241,302,1,1,[313]
242,11,1,1,[313]
242,49,1,1,[313]
242,65,1,1,[313]
242,248,1,1,[313]
242,264,1,1,[313]
242,302,1,1,[313]
243,47,1,1,[313]
243,53,1,1,[313]
243,107,1,1,[313]
243,155,1,1,[313]
243,158,1,1,[313]
243,206,1,1,[313]
243,260,1,1,[313]
243,266,1,1,[313]
244,1,1,1,[313]
244,15,1,1,[313]
244,56,2,2,"[313, 293]"
244,70,1,1,[313]
244,80,1,1,[313]
244,87,1,1,[313]
244,226,1,1,[313]
244,233,1,1,[313]
244,243,1,1,[313]
244,298,1,1,[313]
244,312,1,1,[313]
245,40,1,1,[313]
245,85,1,1,[313]
245,115,1,1,[313]
245,198,1,1,[313]
245,228,1,1,[313]
245,273,1,1,[313]
246,52,1,1,[313]
246,91,1,1,[313]
246,116,1,1,[313]
246,142,1,1,[313]
246,154,1,1,[313]
246,159,1,1,[313]
246,171,1,1,[313]
246,197,1,1,[313]
246,222,1,1,[313]
246,261,1,1,[313]
247,47,1,1,[313]
247,85,1,1,[313]
247,88,2,2,"[313, 293]"
247,151,1,1,[313]
247,162,1,1,[313]
247,197,2,1,"[313, 331]"
247,228,1,1,[313]
247,266,1,1,[313]
248,2,1,1,[313]
248,35,3,1,"[313, 283, 269]"
248,93,1,1,[313]
248,150,1,1,[313]
248,163,1,1,[313]
248,220,1,1,[313]
248,311,1,1,[313]
249,87,1,1,[313]
249,88,1,1,[313]
249,125,1,1,[313]
249,149,1,1,[313]
249,164,1,1,[313]
249,188,1,1,[313]
249,225,1,1,[313]
249,226,1,1,[313]
250,34,1,1,[313]
250,44,1,1,[313]
250,50,1,1,[313]
250,55,2,2,"[313, 283]"
250,72,1,1,[313]
250,77,1,1,[313]
250,236,1,1,[313]
250,241,1,1,[313]
250,263,1,1,[313]
250,269,1,1,[313]
250,279,1,1,[313]
251,72,1,1,[313]
251,78,2,1,"[313, 293]"
251,79,1,1,[313]
251,95,1,1,[313]
251,218,1,1,[313]
251,234,1,1,[313]
251,241,1,1,[313]
252,2,1,1,[313]
252,16,1,1,[313]
252,36,1,1,[313]
252,63,1,1,[313]
252,86,1,1,[313]
252,182,2,1,"[313, 317]"
252,227,1,1,[313]
252,250,1,1,[313]
252,277,1,1,[313]
252,297,1,1,[313]
252,311,1,1,[313]
253,48,1,1,[313]
253,83,1,1,[313]
253,84,1,1,[313]
253,94,1,1,[313]
253,107,1,1,[313]
253,135,2,2,"[313, 331]"
253,206,1,1,[313]
253,219,1,1,[313]
253,229,1,1,[313]
253,230,1,1,[313]
253,265,1,1,[313]
254,17,1,1,[313]
254,35,1,1,[313]
254,54,1,1,[313]
254,82,2,2,"[313, 293]"
254,85,1,1,[313]
254,101,1,1,[313]
254,212,1,1,[313]
254,228,1,1,[313]
254,259,1,1,[313]
254,278,1,1,[313]
254,296,1,1,[313]
255,70,1,1,[313]
255,102,1,1,[313]
255,119,1,1,[313]
255,135,1,1,[313]
255,178,1,1,[313]
255,194,1,1,[313]
255,211,1,1,[313]
255,243,1,1,[313]
256,40,1,1,[313]
256,65,1,1,[313]
256,72,1,1,[313]
256,128,1,1,[313]
256,185,1,1,[313]
256,241,1,1,[313]
256,248,1,1,[313]
256,273,1,1,[313]
257,8,1,1,[313]
257,30,1,1,[313]
257,142,1,1,[313]
257,171,1,1,[313]
257,283,1,1,[313]
257,305,1,1,[313]
258,1,1,1,[313]
258,15,1,1,[313]
258,70,1,1,[313]
258,80,1,1,[313]
258,87,1,1,[313]
258,226,1,1,[313]
258,233,1,1,[313]
258,243,1,1,[313]
258,298,1,1,[313]
258,312,1,1,[313]
259,79,1,1,[313]
259,88,1,1,[313]
259,106,1,1,[313]
259,113,2,2,"[313, 331]"
259,207,1,1,[313]
259,225,1,1,[313]
259,234,1,1,[313]
260,48,1,1,[313]
260,87,1,1,[313]
260,133,1,1,[313]
260,180,1,1,[313]
260,226,1,1,[313]
260,265,1,1,[313]
261,45,1,1,[313]
261,58,1,1,[313]
261,128,1,1,[313]
261,185,1,1,[313]
261,205,2,1,"[313, 307]"
261,255,1,1,[313]
261,268,1,1,[313]
262,7,1,1,[313]
262,19,1,1,[313]
262,54,1,1,[313]
262,259,1,1,[313]
262,294,1,1,[313]
262,306,1,1,[313]
263,70,1,1,[313]
263,102,1,1,[313]
263,119,1,1,[313]
263,135,1,1,[313]
263,178,1,1,[313]
263,182,2,1,"[313, 293]"
263,194,1,1,[313]
263,211,1,1,[313]
263,243,1,1,[313]
264,10,1,1,[313]
264,98,1,1,[313]
264,152,1,1,[313]
264,161,1,1,[313]
264,215,1,1,[313]
264,303,1,1,[313]
265,60,1,1,[313]
265,61,1,1,[313]
265,70,1,1,[313]
265,78,1,1,[313]
265,235,1,1,[313]
265,243,1,1,[313]
265,252,1,1,[313]
265,253,1,1,[313]
266,64,1,1,[313]
266,73,1,1,[313]
266,116,1,1,[313]
266,197,1,1,[313]
266,240,1,1,[313]
266,249,1,1,[313]
267,23,1,1,[313]
267,27,1,1,[313]
267,88,1,1,[313]
267,225,1,1,[313]
267,286,1,1,[313]
267,290,1,1,[313]
268,38,1,1,[313]
268,46,1,1,[313]
268,71,1,1,[313]
268,83,1,1,[313]
268,126,1,1,[313]
268,187,1,1,[313]
268,230,1,1,[313]
268,242,1,1,[313]
268,267,1,1,[313]
268,275,1,1,[313]
269,73,1,1,[313]
269,77,1,1,[313]
269,119,1,1,[313]
269,142,1,1,[313]
269,171,1,1,[313]
269,194,1,1,[313]
269,236,1,1,[313]
269,240,1,1,[313]
270,33,1,1,[313]
270,38,1,1,[313]
270,111,1,1,[313]
270,202,1,1,[313]
270,275,1,1,[313]
270,280,1,1,[313]
271,64,1,1,[313]
271,73,1,1,[313]
271,116,1,1,[313]
271,197,1,1,[313]
271,240,1,1,[313]
271,249,1,1,[313]
272,98,1,1,[313]
272,138,1,1,[313]
272,151,1,1,[313]
272,162,1,1,[313]
272,175,1,1,[313]
272,215,1,1,[313]
273,44,1,1,[313]
273,148,1,1,[313]
273,155,1,1,[313]
273,158,1,1,[313]
273,165,1,1,[313]
273,269,1,1,[313]
274,47,1,1,[313]
274,85,1,1,[313]
274,151,1,1,[313]
274,162,1,1,[313]
274,228,1,1,[313]
274,266,1,1,[313]
275,8,1,1,[313]
275,17,1,1,[313]
275,104,1,1,[313]
275,209,1,1,[313]
275,296,1,1,[313]
275,305,1,1,[313]
276,37,1,1,[313]
276,85,1,1,[313]
276,113,1,1,[313]
276,128,1,1,[313]
276,130,1,1,[313]
276,183,1,1,[313]
276,185,1,1,[313]
276,200,1,1,[313]
276,228,1,1,[313]
276,276,1,1,[313]
277,2,1,1,[313]
277,66,1,1,[313]
277,138,1,1,[313]
277,146,1,1,[313]
277,167,1,1,[313]
277,175,1,1,[313]
277,247,1,1,[313]
277,311,1,1,[313]
278,55,1,1,[313]
278,87,1,1,[313]
278,103,1,1,[313]
278,210,1,1,[313]
278,226,1,1,[313]
278,258,1,1,[313]
279,43,1,1,[313]
279,98,1,1,[313]
279,114,1,1,[313]
279,145,1,1,[313]
279,155,1,1,[313]
279,158,1,1,[313]
279,168,1,1,[313]
279,189,2,2,"[313, 293]"
279,199,1,1,[313]
279,215,1,1,[313]
279,270,1,1,[313]
280,10,1,1,[313]
280,13,1,1,[313]
280,42,1,1,[313]
280,116,1,1,[313]
280,197,1,1,[313]
280,271,1,1,[313]
280,300,1,1,[313]
280,303,1,1,[313]
281,96,1,1,[313]
281,112,1,1,[313]
281,113,1,1,[313]
281,200,1,1,[313]
281,201,1,1,[313]
281,217,1,1,[313]
282,2,1,1,[313]
282,16,1,1,[313]
282,36,1,1,[313]
282,63,1,1,[313]
282,86,1,1,[313]
282,227,1,1,[313]
282,250,1,1,[313]
282,277,1,1,[313]
282,297,1,1,[313]
282,311,1,1,[313]
283,12,1,1,[313]
283,39,1,1,[313]
283,68,1,1,[313]
283,81,3,2,"[313, 311, 293]"
283,127,2,2,"[313, 331]"
283,245,1,1,[313]
283,274,1,1,[313]
283,301,1,1,[313]
284,9,1,1,[313]
284,97,1,1,[313]
284,146,1,1,[313]
284,167,1,1,[313]
284,216,1,1,[313]
284,304,1,1,[313]
285,38,1,1,[313]
285,46,1,1,[313]
285,71,1,1,[313]
285,83,1,1,[313]
285,126,1,1,[313]
285,187,1,1,[313]
285,230,1,1,[313]
285,242,1,1,[313]
285,267,1,1,[313]
285,275,1,1,[313]
286,16,1,1,[313]
286,84,1,1,[313]
286,98,1,1,[313]
286,148,1,1,[313]
286,165,1,1,[313]
286,215,1,1,[313]
286,229,1,1,[313]
286,297,1,1,[313]
287,73,1,1,[313]
287,77,1,1,[313]
287,119,1,1,[313]
287,142,1,1,[313]
287,171,1,1,[313]
287,194,1,1,[313]
287,236,1,1,[313]
287,240,1,1,[313]
288,9,1,1,[313]
288,97,1,1,[313]
288,146,1,1,[313]
288,167,1,1,[313]
288,216,1,1,[313]
288,304,1,1,[313]
289,35,1,1,[313]
289,43,1,1,[313]
289,142,1,1,[313]
289,171,1,1,[313]
289,270,1,1,[313]
289,278,1,1,[313]
290,34,1,1,[313]
290,44,1,1,[313]
290,50,1,1,[313]
290,72,1,1,[313]
290,77,1,1,[313]
290,236,1,1,[313]
290,241,1,1,[313]
290,263,1,1,[313]
290,269,1,1,[313]
290,279,1,1,[313]
291,16,1,1,[313]
291,71,1,1,[313]
291,123,1,1,[313]
291,190,1,1,[313]
291,242,1,1,[313]
291,297,1,1,[313]
292,9,1,1,[313]
292,38,1,1,[313]
292,55,1,1,[313]
292,58,1,1,[313]
292,69,1,1,[313]
292,124,3,2,"[313, 331, 347]"
292,244,1,1,[313]
292,255,1,1,[313]
292,258,1,1,[313]
292,275,1,1,[313]
292,304,1,1,[313]
293,13,1,1,[313]
293,60,1,1,[313]
293,67,1,1,[313]
293,79,1,1,[313]
293,104,1,1,[313]
293,209,1,1,[313]
293,234,1,1,[313]
293,246,1,1,[313]
293,253,1,1,[313]
293,300,1,1,[313]
294,2,1,1,[313]
294,38,1,1,[313]
294,43,1,1,[313]
294,118,1,1,[313]
294,195,1,1,[313]
294,270,1,1,[313]
294,275,1,1,[313]
294,311,1,1,[313]
295,31,1,1,[313]
295,33,1,1,[313]
295,116,1,1,[313]
295,197,1,1,[313]
295,280,1,1,[313]
295,282,1,1,[313]
296,5,1,1,[313]
296,103,1,1,[313]
296,128,1,1,[313]
296,185,1,1,[313]
296,210,1,1,[313]
296,308,1,1,[313]
297,11,1,1,[313]
297,50,1,1,[313]
297,133,1,1,[313]
297,136,1,1,[313]
297,177,1,1,[313]
297,180,1,1,[313]
297,215,2,1,"[313, 307]"
297,263,1,1,[313]
297,302,1,1,[313]
298,6,1,1,[313]
298,90,1,1,[313]
298,104,1,1,[313]
298,107,1,1,[313]
298,146,1,1,[313]
298,167,1,1,[313]
298,206,1,1,[313]
298,209,1,1,[313]
298,223,1,1,[313]
298,307,1,1,[313]
299,1,1,1,[313]
299,82,1,1,[313]
299,96,1,1,[313]
299,217,1,1,[313]
299,231,1,1,[313]
299,312,1,1,[313]
300,16,1,1,[313]
300,71,1,1,[313]
300,123,1,1,[313]
300,190,1,1,[313]
300,242,1,1,[313]
300,297,1,1,[313]
301,87,1,1,[313]
301,88,1,1,[313]
301,125,1,1,[313]
301,149,1,1,[313]
301,164,1,1,[313]
301,188,1,1,[313]
301,225,1,1,[313]
301,226,1,1,[313]
302,30,1,1,[313]
302,54,1,1,[313]
302,96,1,1,[313]
302,127,1,1,[313]
302,186,1,1,[313]
302,217,1,1,[313]
302,259,1,1,[313]
302,283,1,1,[313]
303,98,1,1,[313]
303,138,1,1,[313]
303,151,1,1,[313]
303,162,1,1,[313]
303,175,1,1,[313]
303,215,1,1,[313]
304,60,1,1,[313]
304,61,1,1,[313]
304,70,1,1,[313]
304,78,1,1,[313]
304,235,1,1,[313]
304,243,1,1,[313]
304,252,1,1,[313]
304,253,1,1,[313]
305,12,1,1,[313]
305,14,1,1,[313]
305,25,1,1,[313]
305,288,1,1,[313]
305,299,1,1,[313]
305,301,1,1,[313]
306,48,1,1,[313]
306,83,1,1,[313]
306,84,1,1,[313]
306,94,1,1,[313]
306,107,1,1,[313]
306,206,1,1,[313]
306,219,1,1,[313]
306,229,1,1,[313]
306,230,1,1,[313]
306,265,1,1,[313]
307,68,2,2,"[313, 331]"
307,96,1,1,[313]
307,112,1,1,[313]
307,113,1,1,[313]
307,200,1,1,[313]
307,201,1,1,[313]
307,217,1,1,[313]
307,226,2,2,"[313, 337]"
308,13,1,1,[313]
308,49,1,1,[313]
308,109,1,1,[313]
308,119,1,1,[313]
308,149,1,1,[313]
308,164,1,1,[313]
308,194,1,1,[313]
308,204,1,1,[313]
308,264,1,1,[313]
308,300,1,1,[313]
309,17,1,1,[313]
309,30,2,1,"[313, 331]"
309,72,1,1,[313]
309,116,1,1,[313]
309,134,1,1,[313]
309,179,1,1,[313]
309,197,1,1,[313]
309,241,1,1,[313]
309,296,1,1,[313]
310,11,1,1,[313]
310,50,1,1,[313]
310,133,1,1,[313]
310,136,1,1,[313]
310,177,1,1,[313]
310,180,1,1,[313]
310,263,1,1,[313]
310,302,1,1,[313]
311,36,1,1,[313]
311,80,1,1,[313]
311,155,1,1,[313]
311,158,1,1,[313]
311,233,1,1,[313]
311,277,1,1,[313]
312,9,1,1,[313]
312,37,1,1,[313]
312,95,1,1,[313]
312,142,1,1,[313]
312,171,1,1,[313]
312,218,1,1,[313]
312,276,1,1,[313]
312,304,1,1,[313]
2,8,1,1,[317]
2,47,1,1,[317]
2,87,1,1,[317]
2,230,1,1,[317]
2,260,3,1,"[317, 331, 307]"
2,270,1,1,[317]
2,309,1,1,[317]
3,15,1,1,[317]
3,97,1,1,[317]
3,134,1,1,[317]
3,183,1,1,[317]
3,220,1,1,[317]
3,302,1,1,[317]
4,12,1,1,[317]
4,34,2,1,"[317, 331]"
4,73,1,1,[317]
4,244,1,1,[317]
4,305,1,1,[317]
5,19,1,1,[317]
5,298,1,1,[317]
6,13,1,1,[317]
6,53,1,1,[317]
6,264,1,1,[317]
6,304,1,1,[317]
7,39,1,1,[317]
7,128,1,1,[317]
7,189,1,1,[317]
7,216,2,2,"[317, 311]"
7,278,1,1,[317]
8,98,1,1,[317]
8,171,2,1,"[317, 331]"
8,219,1,1,[317]
9,31,1,1,[317]
9,118,1,1,[317]
9,199,1,1,[317]
9,286,1,1,[317]
10,244,2,1,"[317, 311]"
11,29,2,1,"[317, 331]"
12,158,1,1,[317]
12,159,1,1,[317]
13,36,1,1,[317]
13,68,1,1,[317]
13,106,1,1,[317]
13,211,1,1,[317]
13,249,1,1,[317]
13,281,1,1,[317]
14,117,1,1,[317]
14,200,1,1,[317]
16,43,2,2,"[317, 349]"
17,151,1,1,[317]
17,166,1,1,[317]
18,93,1,1,[317]
18,122,2,1,"[317, 331]"
18,224,1,1,[317]
19,130,1,1,[317]
19,187,1,1,[317]
20,12,1,1,[317]
20,25,1,1,[317]
20,56,1,1,[317]
20,261,1,1,[317]
20,292,1,1,[317]
20,305,1,1,[317]
21,111,1,1,[317]
21,206,1,1,[317]
22,2,1,1,[317]
22,57,1,1,[317]
22,115,1,1,[317]
22,202,1,1,[317]
22,260,1,1,[317]
22,315,1,1,[317]
24,240,2,2,"[317, 311]"
25,29,1,1,[317]
25,150,1,1,[317]
25,167,1,1,[317]
25,288,1,1,[317]
26,63,1,1,[317]
26,158,1,1,[317]
26,159,1,1,[317]
26,254,1,1,[317]
27,137,1,1,[317]
27,180,1,1,[317]
29,5,1,1,[317]
29,16,1,1,[317]
29,129,1,1,[317]
29,188,1,1,[317]
29,276,3,1,"[317, 311, 331]"
29,301,1,1,[317]
29,312,1,1,[317]
30,13,1,1,[317]
30,45,1,1,[317]
30,105,1,1,[317]
30,212,1,1,[317]
30,272,1,1,[317]
30,304,1,1,[317]
31,190,2,1,"[317, 311]"
32,122,1,1,[317]
32,138,1,1,[317]
32,155,1,1,[317]
32,162,1,1,[317]
32,179,1,1,[317]
32,195,1,1,[317]
32,222,2,1,"[317, 283]"
33,55,1,1,[317]
33,141,1,1,[317]
33,151,1,1,[317]
33,166,1,1,[317]
33,176,1,1,[317]
33,262,1,1,[317]
34,265,2,1,"[317, 331]"
35,69,1,1,[317]
35,128,1,1,[317]
35,156,1,1,[317]
35,161,1,1,[317]
35,189,1,1,[317]
35,248,1,1,[317]
35,259,2,1,"[317, 283]"
37,74,1,1,[317]
37,131,1,1,[317]
37,186,1,1,[317]
37,243,1,1,[317]
39,11,1,1,[317]
39,93,1,1,[317]
39,154,2,2,"[317, 307]"
39,224,1,1,[317]
39,306,1,1,[317]
40,84,1,1,[317]
40,123,1,1,[317]
40,194,1,1,[317]
40,233,1,1,[317]
41,86,1,1,[317]
41,95,1,1,[317]
41,109,1,1,[317]
41,208,1,1,[317]
41,222,1,1,[317]
41,231,1,1,[317]
42,168,2,2,"[317, 347]"
43,257,3,2,"[317, 347, 353]"
44,14,1,1,[317]
44,66,3,1,"[317, 331, 347]"
44,138,1,1,[317]
44,179,1,1,[317]
44,303,1,1,[317]
45,118,1,1,[317]
45,124,1,1,[317]
45,128,1,1,[317]
45,189,1,1,[317]
45,193,1,1,[317]
45,199,1,1,[317]
46,6,1,1,[317]
46,88,1,1,[317]
46,117,1,1,[317]
46,200,1,1,[317]
46,229,1,1,[317]
46,311,1,1,[317]
47,19,1,1,[317]
47,72,1,1,[317]
47,150,1,1,[317]
47,167,1,1,[317]
47,245,1,1,[317]
47,298,1,1,[317]
48,9,1,1,[317]
48,17,1,1,[317]
48,120,2,2,"[317, 337]"
48,132,1,1,[317]
48,185,1,1,[317]
48,197,2,2,"[317, 337]"
48,235,2,1,"[317, 283]"
48,300,1,1,[317]
48,308,1,1,[317]
50,133,1,1,[317]
50,184,1,1,[317]
52,128,1,1,[317]
52,189,1,1,[317]
53,34,1,1,[317]
53,116,1,1,[317]
53,158,2,2,"[317, 307]"
53,201,1,1,[317]
53,283,1,1,[317]
55,75,1,1,[317]
55,242,1,1,[317]
55,267,2,2,"[317, 331]"
56,113,1,1,[317]
56,139,1,1,[317]
56,143,1,1,[317]
56,174,1,1,[317]
56,178,1,1,[317]
56,204,1,1,[317]
58,28,1,1,[317]
58,35,1,1,[317]
58,282,1,1,[317]
58,289,1,1,[317]
59,246,2,2,"[317, 331]"
60,46,2,1,"[317, 337]"
60,54,1,1,[317]
60,91,1,1,[317]
60,226,1,1,[317]
60,263,1,1,[317]
61,67,1,1,[317]
61,87,2,1,"[317, 313]"
61,154,1,1,[317]
61,163,1,1,[317]
61,250,1,1,[317]
62,53,1,1,[317]
62,68,1,1,[317]
62,76,1,1,[317]
62,241,1,1,[317]
62,249,1,1,[317]
62,264,1,1,[317]
63,47,2,1,"[317, 313]"
64,83,1,1,[317]
64,134,1,1,[317]
64,183,1,1,[317]
64,234,1,1,[317]
65,193,2,1,"[317, 347]"
66,9,1,1,[317]
66,68,1,1,[317]
66,249,1,1,[317]
66,308,1,1,[317]
68,62,1,1,[317]
68,78,1,1,[317]
68,109,2,2,"[317, 307]"
68,135,1,1,[317]
68,182,1,1,[317]
68,239,1,1,[317]
68,255,1,1,[317]
69,111,1,1,[317]
69,116,1,1,[317]
69,152,1,1,[317]
69,165,1,1,[317]
69,201,1,1,[317]
69,206,1,1,[317]
70,44,1,1,[317]
70,55,1,1,[317]
70,217,2,1,"[317, 337]"
70,262,1,1,[317]
70,273,1,1,[317]
71,12,1,1,[317]
71,28,1,1,[317]
71,88,1,1,[317]
71,229,1,1,[317]
71,289,1,1,[317]
71,305,1,1,[317]
72,8,1,1,[317]
72,89,1,1,[317]
72,112,2,1,"[317, 293]"
72,143,1,1,[317]
72,174,1,1,[317]
72,228,1,1,[317]
72,309,1,1,[317]
73,17,1,1,[317]
73,77,1,1,[317]
73,240,1,1,[317]
73,300,1,1,[317]
74,76,1,1,[317]
74,241,1,1,[317]
74,262,3,2,"[317, 331, 353]"
75,12,1,1,[317]
75,71,2,1,"[317, 353]"
75,305,1,1,[317]
75,309,2,2,"[317, 331]"
76,18,1,1,[317]
76,84,1,1,[317]
76,121,1,1,[317]
76,196,1,1,[317]
76,233,1,1,[317]
76,299,1,1,[317]
77,62,1,1,[317]
77,113,1,1,[317]
77,204,1,1,[317]
77,255,1,1,[317]
78,33,1,1,[317]
78,284,1,1,[317]
80,52,1,1,[317]
80,265,1,1,[317]
82,87,1,1,[317]
82,129,1,1,[317]
82,188,1,1,[317]
82,230,1,1,[317]
83,46,1,1,[317]
83,90,1,1,[317]
83,227,1,1,[317]
83,271,1,1,[317]
84,30,1,1,[317]
84,96,1,1,[317]
84,140,1,1,[317]
84,177,1,1,[317]
84,221,1,1,[317]
84,287,1,1,[317]
85,97,1,1,[317]
85,141,1,1,[317]
85,176,1,1,[317]
85,220,1,1,[317]
86,11,1,1,[317]
86,50,1,1,[317]
86,56,1,1,[317]
86,261,1,1,[317]
86,267,1,1,[317]
86,306,1,1,[317]
87,136,1,1,[317]
87,147,1,1,[317]
87,170,1,1,[317]
87,181,1,1,[317]
88,97,1,1,[317]
88,220,1,1,[317]
89,170,3,2,"[317, 331, 349]"
90,100,1,1,[317]
90,125,1,1,[317]
90,192,1,1,[317]
90,217,1,1,[317]
91,114,1,1,[317]
91,203,1,1,[317]
92,16,2,1,"[317, 313]"
92,132,1,1,[317]
92,148,1,1,[317]
92,169,1,1,[317]
92,185,1,1,[317]
93,31,1,1,[317]
93,32,1,1,[317]
93,129,1,1,[317]
93,188,1,1,[317]
93,285,1,1,[317]
93,286,1,1,[317]
94,104,1,1,[317]
94,130,1,1,[317]
94,187,1,1,[317]
94,213,1,1,[317]
95,44,2,1,"[317, 331]"
95,92,1,1,[317]
95,115,1,1,[317]
95,202,1,1,[317]
95,225,1,1,[317]
96,95,1,1,[317]
96,119,1,1,[317]
96,198,1,1,[317]
96,222,1,1,[317]
97,72,1,1,[317]
97,78,2,1,"[317, 313]"
97,245,1,1,[317]
98,43,1,1,[317]
98,45,2,1,"[317, 337]"
98,46,1,1,[317]
98,109,1,1,[317]
98,208,1,1,[317]
98,271,1,1,[317]
98,274,1,1,[317]
99,32,1,1,[317]
99,89,1,1,[317]
99,228,1,1,[317]
99,285,1,1,[317]
101,63,2,1,"[317, 293]"
102,67,1,1,[317]
102,74,1,1,[317]
102,120,1,1,[317]
102,197,1,1,[317]
102,243,1,1,[317]
102,250,1,1,[317]
104,63,2,1,"[317, 313]"
105,58,1,1,[317]
105,86,1,1,[317]
105,231,1,1,[317]
105,259,1,1,[317]
106,102,1,1,[317]
106,215,1,1,[317]
107,17,1,1,[317]
107,19,1,1,[317]
107,66,1,1,[317]
107,251,1,1,[317]
107,298,1,1,[317]
107,300,1,1,[317]
108,30,1,1,[317]
108,70,1,1,[317]
108,97,1,1,[317]
108,220,1,1,[317]
108,247,1,1,[317]
108,287,1,1,[317]
109,80,1,1,[317]
109,237,1,1,[317]
110,275,2,1,"[317, 293]"
111,98,2,1,"[317, 313]"
111,129,1,1,[317]
111,188,1,1,[317]
112,40,1,1,[317]
112,50,1,1,[317]
112,267,1,1,[317]
112,277,1,1,[317]
113,66,2,1,"[317, 313]"
114,1,1,1,[317]
114,91,1,1,[317]
114,137,3,2,"[317, 307, 313]"
114,139,1,1,[317]
114,178,1,1,[317]
114,226,1,1,[317]
114,273,2,1,"[317, 293]"
114,316,1,1,[317]
115,108,1,1,[317]
115,117,2,2,"[317, 313]"
115,209,1,1,[317]
116,84,1,1,[317]
116,91,2,1,"[317, 313]"
116,233,1,1,[317]
117,115,1,1,[317]
117,202,1,1,[317]
118,52,1,1,[317]
118,90,1,1,[317]
118,147,1,1,[317]
118,170,1,1,[317]
118,227,1,1,[317]
118,265,1,1,[317]
119,119,1,1,[317]
119,133,1,1,[317]
119,137,2,1,"[317, 337]"
119,145,1,1,[317]
119,172,1,1,[317]
119,184,1,1,[317]
119,198,1,1,[317]
120,155,1,1,[317]
120,162,1,1,[317]
122,116,1,1,[317]
122,201,1,1,[317]
123,15,1,1,[317]
123,98,1,1,[317]
123,219,1,1,[317]
123,302,1,1,[317]
124,70,2,1,"[317, 313]"
124,102,1,1,[317]
124,128,2,2,"[317, 307]"
124,145,1,1,[317]
124,172,1,1,[317]
124,215,1,1,[317]
125,29,1,1,[317]
125,34,1,1,[317]
125,76,1,1,[317]
125,241,1,1,[317]
125,283,1,1,[317]
125,288,1,1,[317]
126,46,1,1,[317]
126,104,1,1,[317]
126,126,1,1,[317]
126,191,1,1,[317]
126,213,1,1,[317]
126,271,1,1,[317]
127,52,1,1,[317]
127,103,1,1,[317]
127,137,1,1,[317]
127,180,1,1,[317]
127,214,1,1,[317]
127,265,1,1,[317]
128,68,1,1,[317]
128,249,1,1,[317]
129,45,1,1,[317]
129,107,1,1,[317]
129,144,1,1,[317]
129,173,1,1,[317]
129,210,1,1,[317]
129,272,1,1,[317]
130,65,1,1,[317]
130,108,1,1,[317]
130,158,1,1,[317]
130,159,1,1,[317]
130,209,1,1,[317]
130,252,1,1,[317]
132,27,1,1,[317]
132,290,1,1,[317]
133,55,1,1,[317]
133,83,1,1,[317]
133,125,1,1,[317]
133,192,1,1,[317]
133,230,3,1,"[317, 283, 271]"
133,234,1,1,[317]
133,262,1,1,[317]
134,58,1,1,[317]
134,111,1,1,[317]
134,137,1,1,[317]
134,180,1,1,[317]
134,206,1,1,[317]
134,259,1,1,[317]
135,61,2,2,"[317, 331]"
135,103,1,1,[317]
135,109,1,1,[317]
135,194,2,2,"[317, 307]"
135,208,1,1,[317]
135,214,1,1,[317]
136,109,3,1,"[317, 349, 313]"
136,117,1,1,[317]
136,157,1,1,[317]
136,160,1,1,[317]
136,200,1,1,[317]
137,80,1,1,[317]
137,81,1,1,[317]
137,153,1,1,[317]
137,164,1,1,[317]
137,236,1,1,[317]
137,237,1,1,[317]
138,51,1,1,[317]
138,143,1,1,[317]
138,174,1,1,[317]
138,176,2,2,"[317, 331]"
138,212,2,1,"[317, 331]"
138,266,1,1,[317]
138,290,2,1,"[317, 337]"
139,74,1,1,[317]
139,162,2,1,"[317, 331]"
139,243,1,1,[317]
140,132,1,1,[317]
140,174,2,2,"[317, 313]"
140,185,1,1,[317]
141,7,1,1,[317]
141,88,1,1,[317]
141,229,1,1,[317]
141,310,1,1,[317]
142,18,1,1,[317]
142,49,1,1,[317]
142,268,1,1,[317]
142,299,1,1,[317]
143,18,1,1,[317]
143,42,1,1,[317]
143,132,1,1,[317]
143,185,1,1,[317]
143,275,1,1,[317]
143,299,1,1,[317]
144,56,1,1,[317]
144,82,1,1,[317]
144,235,1,1,[317]
144,261,1,1,[317]
146,86,1,1,[317]
146,171,2,1,"[317, 313]"
146,231,1,1,[317]
147,3,1,1,[317]
147,14,1,1,[317]
147,73,1,1,[317]
147,179,2,1,"[317, 331]"
147,244,1,1,[317]
147,303,1,1,[317]
147,314,1,1,[317]
149,23,2,2,"[317, 293]"
149,212,2,2,"[317, 347]"
151,72,1,1,[317]
151,106,1,1,[317]
151,121,2,1,"[317, 331]"
151,149,1,1,[317]
151,168,1,1,[317]
151,211,1,1,[317]
151,245,1,1,[317]
152,26,1,1,[317]
152,126,1,1,[317]
152,191,1,1,[317]
152,291,1,1,[317]
153,68,3,1,"[317, 307, 313]"
153,99,1,1,[317]
153,130,1,1,[317]
153,133,1,1,[317]
153,184,1,1,[317]
153,187,1,1,[317]
153,218,1,1,[317]
154,22,1,1,[317]
154,295,1,1,[317]
155,3,1,1,[317]
155,314,1,1,[317]
157,42,1,1,[317]
157,106,1,1,[317]
157,211,1,1,[317]
157,275,1,1,[317]
158,51,1,1,[317]
158,114,1,1,[317]
158,115,1,1,[317]
158,202,1,1,[317]
158,203,1,1,[317]
158,266,1,1,[317]
159,48,1,1,[317]
159,269,1,1,[317]
161,112,1,1,[317]
161,140,1,1,[317]
161,177,1,1,[317]
161,205,1,1,[317]
162,23,1,1,[317]
162,27,1,1,[317]
162,126,1,1,[317]
162,191,1,1,[317]
162,290,1,1,[317]
162,294,1,1,[317]
163,27,1,1,[317]
163,63,1,1,[317]
163,119,1,1,[317]
163,198,1,1,[317]
163,254,1,1,[317]
163,290,1,1,[317]
164,56,1,1,[317]
164,174,2,2,"[317, 331]"
164,261,1,1,[317]
165,35,3,1,"[317, 331, 313]"
165,212,2,1,"[317, 313]"
166,47,1,1,[317]
166,270,1,1,[317]
167,122,1,1,[317]
167,156,1,1,[317]
167,161,1,1,[317]
167,195,1,1,[317]
168,107,1,1,[317]
168,149,1,1,[317]
168,168,1,1,[317]
168,210,1,1,[317]
169,33,1,1,[317]
169,37,1,1,[317]
169,280,1,1,[317]
169,284,1,1,[317]
170,106,1,1,[317]
170,211,1,1,[317]
171,125,1,1,[317]
171,131,1,1,[317]
171,140,1,1,[317]
171,177,1,1,[317]
171,186,1,1,[317]
171,192,1,1,[317]
172,60,1,1,[317]
172,75,1,1,[317]
172,242,1,1,[317]
172,257,1,1,[317]
173,4,2,2,"[317, 311]"
174,91,1,1,[317]
174,226,1,1,[317]
176,173,2,2,"[317, 307]"
177,61,1,1,[317]
177,80,1,1,[317]
177,155,1,1,[317]
177,162,1,1,[317]
177,237,1,1,[317]
177,256,1,1,[317]
178,32,1,1,[317]
178,39,1,1,[317]
178,62,1,1,[317]
178,204,2,1,"[317, 331]"
178,255,1,1,[317]
178,278,1,1,[317]
178,285,1,1,[317]
179,172,2,1,"[317, 313]"
179,230,2,1,"[317, 347]"
180,17,1,1,[317]
180,300,1,1,[317]
182,109,2,1,"[317, 313]"
183,20,1,1,[317]
183,297,1,1,[317]
184,127,1,1,[317]
184,190,1,1,[317]
185,74,1,1,[317]
185,110,1,1,[317]
185,134,1,1,[317]
185,183,1,1,[317]
185,207,1,1,[317]
185,243,1,1,[317]
186,25,1,1,[317]
186,48,1,1,[317]
186,191,2,1,"[317, 349]"
186,269,1,1,[317]
186,292,1,1,[317]
187,88,1,1,[317]
187,229,1,1,[317]
188,5,1,1,[317]
188,312,1,1,[317]
189,3,1,1,[317]
189,7,1,1,[317]
189,8,2,1,"[317, 307]"
189,22,1,1,[317]
189,295,1,1,[317]
189,310,1,1,[317]
189,314,1,1,[317]
190,41,1,1,[317]
190,276,1,1,[317]
191,14,1,1,[317]
191,303,1,1,[317]
192,32,1,1,[317]
192,285,1,1,[317]
195,44,1,1,[317]
195,93,1,1,[317]
195,117,1,1,[317]
195,200,1,1,[317]
195,224,1,1,[317]
195,273,1,1,[317]
196,4,1,1,[317]
196,5,1,1,[317]
196,312,1,1,[317]
196,313,1,1,[317]
197,26,1,1,[317]
197,127,1,1,[317]
197,147,1,1,[317]
197,170,1,1,[317]
197,190,1,1,[317]
197,291,1,1,[317]
198,50,1,1,[317]
198,267,1,1,[317]
199,122,1,1,[317]
199,195,1,1,[317]
200,75,1,1,[317]
200,84,1,1,[317]
200,142,1,1,[317]
200,175,1,1,[317]
200,233,1,1,[317]
200,242,1,1,[317]
201,10,1,1,[317]
201,41,1,1,[317]
201,122,1,1,[317]
201,195,1,1,[317]
201,276,1,1,[317]
201,307,1,1,[317]
202,21,1,1,[317]
202,98,1,1,[317]
202,123,1,1,[317]
202,194,1,1,[317]
202,219,1,1,[317]
202,296,1,1,[317]
203,55,1,1,[317]
203,262,1,1,[317]
204,38,1,1,[317]
204,111,1,1,[317]
204,206,1,1,[317]
204,279,1,1,[317]
205,267,2,1,"[317, 313]"
206,29,1,1,[317]
206,38,1,1,[317]
206,107,1,1,[317]
206,210,1,1,[317]
206,279,1,1,[317]
206,288,1,1,[317]
207,24,1,1,[317]
207,30,1,1,[317]
207,54,2,1,"[317, 313]"
207,287,1,1,[317]
207,293,1,1,[317]
207,306,2,1,"[317, 311]"
208,85,1,1,[317]
208,86,1,1,[317]
208,127,1,1,[317]
208,190,1,1,[317]
208,231,1,1,[317]
208,232,1,1,[317]
209,46,1,1,[317]
209,241,2,1,"[317, 331]"
209,271,1,1,[317]
210,143,1,1,[317]
210,174,1,1,[317]
211,33,1,1,[317]
211,140,2,2,"[317, 337]"
211,148,1,1,[317]
211,154,1,1,[317]
211,163,1,1,[317]
211,169,1,1,[317]
211,284,1,1,[317]
212,231,2,2,"[317, 313]"
213,79,1,1,[317]
213,139,1,1,[317]
213,178,1,1,[317]
213,238,1,1,[317]
214,43,1,1,[317]
214,133,1,1,[317]
214,184,1,1,[317]
214,274,1,1,[317]
215,119,1,1,[317]
215,198,1,1,[317]
216,36,1,1,[317]
216,45,1,1,[317]
216,272,1,1,[317]
216,281,1,1,[317]
217,52,3,1,"[317, 347, 337]"
217,137,1,1,[317]
217,144,1,1,[317]
217,173,1,1,[317]
217,180,1,1,[317]
217,272,2,1,"[317, 293]"
218,285,2,2,"[317, 313]"
219,146,1,1,[317]
219,171,1,1,[317]
220,14,1,1,[317]
220,82,1,1,[317]
220,146,1,1,[317]
220,171,1,1,[317]
220,235,1,1,[317]
220,303,1,1,[317]
222,115,2,1,"[317, 313]"
222,161,2,2,"[317, 293]"
224,120,1,1,[317]
224,197,1,1,[317]
225,185,2,1,"[317, 313]"
226,33,1,1,[317]
226,75,1,1,[317]
226,77,1,1,[317]
226,240,1,1,[317]
226,242,1,1,[317]
226,284,1,1,[317]
226,298,2,1,"[317, 311]"
228,22,1,1,[317]
228,81,1,1,[317]
228,236,1,1,[317]
228,295,1,1,[317]
229,4,1,1,[317]
229,47,1,1,[317]
229,78,1,1,[317]
229,239,1,1,[317]
229,270,1,1,[317]
229,313,1,1,[317]
231,29,1,1,[317]
231,288,1,1,[317]
233,109,1,1,[317]
233,208,1,1,[317]
236,1,1,1,[317]
236,78,1,1,[317]
236,239,1,1,[317]
236,316,1,1,[317]
237,24,1,1,[317]
237,35,1,1,[317]
237,151,1,1,[317]
237,166,1,1,[317]
237,282,1,1,[317]
237,293,1,1,[317]
238,16,1,1,[317]
238,20,1,1,[317]
238,297,1,1,[317]
238,301,1,1,[317]
239,20,1,1,[317]
239,64,1,1,[317]
239,118,1,1,[317]
239,199,1,1,[317]
239,253,1,1,[317]
239,297,1,1,[317]
240,54,2,2,"[317, 313]"
241,2,1,1,[317]
241,86,2,1,"[317, 331]"
241,315,1,1,[317]
242,92,1,1,[317]
242,108,1,1,[317]
242,130,1,1,[317]
242,187,1,1,[317]
242,209,1,1,[317]
242,225,1,1,[317]
243,22,1,1,[317]
243,50,1,1,[317]
243,157,1,1,[317]
243,160,1,1,[317]
243,267,1,1,[317]
243,295,1,1,[317]
245,140,1,1,[317]
245,177,1,1,[317]
246,45,1,1,[317]
246,272,1,1,[317]
247,131,2,1,"[317, 347]"
248,118,1,1,[317]
248,199,1,1,[317]
249,134,1,1,[317]
249,183,1,1,[317]
250,99,1,1,[317]
250,114,1,1,[317]
250,203,1,1,[317]
250,218,1,1,[317]
252,69,1,1,[317]
252,135,1,1,[317]
252,182,1,1,[317]
252,248,1,1,[317]
254,47,1,1,[317]
254,101,1,1,[317]
254,216,1,1,[317]
254,270,1,1,[317]
255,62,1,1,[317]
255,255,1,1,[317]
256,240,3,2,"[317, 347, 353]"
258,2,1,1,[317]
258,65,1,1,[317]
258,252,1,1,[317]
258,315,1,1,[317]
259,305,2,2,"[317, 311]"
260,124,1,1,[317]
260,155,1,1,[317]
260,162,1,1,[317]
260,193,1,1,[317]
261,125,1,1,[317]
261,192,1,1,[317]
262,20,1,1,[317]
262,41,1,1,[317]
262,59,1,1,[317]
262,159,2,2,"[317, 307]"
262,258,1,1,[317]
262,276,1,1,[317]
262,297,1,1,[317]
263,6,3,3,"[317, 307, 331]"
263,72,1,1,[317]
263,121,1,1,[317]
263,128,2,1,"[317, 349]"
263,196,1,1,[317]
263,245,1,1,[317]
265,13,1,1,[317]
265,116,1,1,[317]
265,136,1,1,[317]
265,181,1,1,[317]
265,201,1,1,[317]
265,304,1,1,[317]
266,66,1,1,[317]
266,76,1,1,[317]
266,241,1,1,[317]
266,251,1,1,[317]
266,276,2,1,"[317, 349]"
267,37,1,1,[317]
267,71,1,1,[317]
267,120,1,1,[317]
267,197,1,1,[317]
267,246,1,1,[317]
267,280,1,1,[317]
268,8,1,1,[317]
268,57,1,1,[317]
268,101,2,1,"[317, 337]"
268,260,1,1,[317]
268,309,1,1,[317]
269,139,1,1,[317]
269,178,1,1,[317]
270,8,1,1,[317]
270,309,1,1,[317]
271,13,1,1,[317]
271,304,1,1,[317]
272,154,1,1,[317]
272,163,1,1,[317]
273,7,2,1,"[317, 347]"
274,96,1,1,[317]
274,120,1,1,[317]
274,197,1,1,[317]
274,221,1,1,[317]
274,315,2,1,"[317, 349]"
275,19,1,1,[317]
275,142,1,1,[317]
275,175,1,1,[317]
275,233,3,2,"[317, 293, 277]"
275,298,1,1,[317]
276,153,1,1,[317]
276,164,1,1,[317]
277,247,2,1,"[317, 313]"
279,52,1,1,[317]
279,105,1,1,[317]
279,212,1,1,[317]
279,265,1,1,[317]
279,298,2,2,"[317, 337]"
281,59,1,1,[317]
281,153,1,1,[317]
281,164,1,1,[317]
281,258,1,1,[317]
282,21,1,1,[317]
282,296,1,1,[317]
283,3,1,1,[317]
283,61,1,1,[317]
283,236,2,1,"[317, 337]"
283,256,1,1,[317]
283,314,1,1,[317]
284,147,1,1,[317]
284,170,1,1,[317]
284,292,2,1,"[317, 349]"
285,18,1,1,[317]
285,299,1,1,[317]
286,27,1,1,[317]
286,85,1,1,[317]
286,232,1,1,[317]
286,235,2,2,"[317, 331]"
286,239,2,2,"[317, 307]"
286,289,2,2,"[317, 311]"
286,290,1,1,[317]
287,69,1,1,[317]
287,248,1,1,[317]
288,71,1,1,[317]
288,246,1,1,[317]
289,64,1,1,[317]
289,80,1,1,[317]
289,237,1,1,[317]
289,253,1,1,[317]
290,35,1,1,[317]
290,48,1,1,[317]
290,112,1,1,[317]
290,205,1,1,[317]
290,269,1,1,[317]
290,282,1,1,[317]
292,173,2,2,"[317, 347]"
293,127,1,1,[317]
293,152,1,1,[317]
293,165,1,1,[317]
293,190,1,1,[317]
294,21,1,1,[317]
294,110,1,1,[317]
294,207,1,1,[317]
294,296,1,1,[317]
295,35,1,1,[317]
295,282,1,1,[317]
296,48,1,1,[317]
296,93,1,1,[317]
296,100,1,1,[317]
296,217,1,1,[317]
296,224,1,1,[317]
296,269,1,1,[317]
297,107,1,1,[317]
297,210,1,1,[317]
298,60,1,1,[317]
298,71,1,1,[317]
298,98,1,1,[317]
298,151,2,2,"[317, 337]"
298,219,1,1,[317]
298,246,1,1,[317]
298,257,1,1,[317]
299,79,1,1,[317]
299,102,1,1,[317]
299,114,1,1,[317]
299,203,1,1,[317]
299,215,1,1,[317]
299,238,1,1,[317]
300,2,1,1,[317]
300,91,1,1,[317]
300,101,1,1,[317]
300,216,1,1,[317]
300,226,1,1,[317]
300,315,1,1,[317]
301,6,1,1,[317]
301,151,1,1,[317]
301,166,1,1,[317]
301,311,1,1,[317]
302,23,1,1,[317]
302,108,1,1,[317]
302,186,2,1,"[317, 313]"
302,209,1,1,[317]
302,294,1,1,[317]
303,54,1,1,[317]
303,102,1,1,[317]
303,158,1,1,[317]
303,159,1,1,[317]
303,215,1,1,[317]
303,263,1,1,[317]
304,78,1,1,[317]
304,239,1,1,[317]
304,243,2,1,"[317, 313]"
305,21,1,1,[317]
305,49,1,1,[317]
305,154,1,1,[317]
305,163,1,1,[317]
305,268,1,1,[317]
305,296,1,1,[317]
306,41,1,1,[317]
306,94,1,1,[317]
306,148,2,1,"[317, 331]"
306,223,1,1,[317]
306,276,1,1,[317]
307,70,1,1,[317]
307,71,1,1,[317]
307,246,1,1,[317]
307,247,1,1,[317]
308,204,2,1,"[317, 313]"
309,5,1,1,[317]
309,69,1,1,[317]
309,94,1,1,[317]
309,223,1,1,[317]
309,248,1,1,[317]
309,312,1,1,[317]
312,40,1,1,[317]
312,146,1,1,[317]
312,153,1,1,[317]
312,164,1,1,[317]
312,171,1,1,[317]
312,277,1,1,[317]
314,126,1,1,[317]
314,191,1,1,[317]
315,30,1,1,[317]
315,287,1,1,[317]
315,295,2,2,"[317, 331]"
316,10,1,1,[317]
316,146,1,1,[317]
316,171,1,1,[317]
316,307,1,1,[317]
0,3,1,1,[331]
0,13,1,1,[331]
0,23,1,1,[331]
0,29,1,1,[331]
0,41,1,1,[331]
0,44,1,1,[331]
0,47,1,1,[331]
0,55,1,1,[331]
0,66,1,1,[331]
0,97,1,1,[331]
0,98,1,1,[331]
0,99,1,1,[331]
0,101,1,1,[331]
0,112,1,1,[331]
0,119,1,1,[331]
0,128,1,1,[331]
0,134,1,1,[331]
0,136,1,1,[331]
0,140,1,1,[331]
0,147,1,1,[331]
0,148,1,1,[331]
0,160,1,1,[331]
0,168,1,1,[331]
0,170,1,1,[331]
0,175,1,1,[331]
0,185,1,1,[331]
0,192,1,1,[331]
0,200,1,1,[331]
0,201,1,1,[331]
0,204,1,1,[331]
0,209,1,1,[331]
0,210,1,1,[331]
0,217,1,1,[331]
0,222,1,1,[331]
0,227,1,1,[331]
0,236,1,1,[331]
0,240,1,1,[331]
0,248,1,1,[331]
0,250,1,1,[331]
0,252,1,1,[331]
0,255,1,1,[331]
0,277,1,1,[331]
0,286,1,1,[331]
0,288,1,1,[331]
0,295,1,1,[331]
0,300,1,1,[331]
0,301,1,1,[331]
0,306,1,1,[331]
0,307,1,1,[331]
0,310,1,1,[331]
0,311,1,1,[331]
0,314,1,1,[331]
0,315,1,1,[331]
0,317,1,1,[331]
1,213,2,2,"[331, 349]"
1,244,1,1,[331]
1,250,1,1,[331]
1,279,1,1,[331]
2,20,1,1,[331]
2,122,1,1,[331]
2,188,1,1,[331]
2,219,1,1,[331]
2,225,2,2,"[331, 313]"
2,260,2,1,"[331, 307]"
2,271,1,1,[331]
2,310,1,1,[331]
3,31,1,1,[331]
3,78,1,1,[331]
3,114,1,1,[331]
3,118,2,1,"[331, 313]"
3,123,1,1,[331]
3,192,1,1,[331]
3,290,1,1,[331]
4,34,1,1,[331]
4,85,1,1,[331]
4,303,2,2,"[331, 307]"
4,317,1,1,[331]
5,262,1,1,[331]
5,301,1,1,[331]
5,324,1,1,[331]
6,74,1,1,[331]
6,128,1,1,[331]
6,162,1,1,[331]
7,52,1,1,[331]
7,76,1,1,[331]
7,82,1,1,[331]
7,83,1,1,[331]
7,128,1,1,[331]
7,131,1,1,[331]
7,154,2,1,"[331, 313]"
8,17,1,1,[331]
8,75,2,2,"[331, 307]"
8,78,2,2,"[331, 313]"
8,149,1,1,[331]
8,151,1,1,[331]
8,168,1,1,[331]
8,171,1,1,[331]
8,219,2,1,"[331, 317]"
8,234,1,1,[331]
9,32,1,1,[331]
9,80,1,1,[331]
9,98,2,2,"[331, 313]"
9,172,2,1,"[331, 349]"
9,201,1,1,[331]
10,29,1,1,[331]
10,130,1,1,[331]
10,131,1,1,[331]
10,218,2,2,"[331, 349]"
10,229,1,1,[331]
10,265,1,1,[331]
10,272,1,1,[331]
11,29,1,1,[331]
11,130,1,1,[331]
11,131,1,1,[331]
11,229,1,1,[331]
11,265,1,1,[331]
11,272,1,1,[331]
12,9,1,1,[331]
12,38,1,1,[331]
12,81,1,1,[331]
12,83,1,1,[331]
12,119,1,1,[331]
12,328,1,1,[331]
13,17,1,1,[331]
13,98,1,1,[331]
13,203,1,1,[331]
13,226,1,1,[331]
13,280,1,1,[331]
13,302,1,1,[331]
14,108,1,1,[331]
14,270,1,1,[331]
14,306,1,1,[331]
14,310,2,2,"[331, 337]"
15,36,1,1,[331]
15,79,1,1,[331]
15,176,1,1,[331]
15,230,1,1,[331]
15,255,1,1,[331]
15,303,1,1,[331]
16,59,1,1,[331]
16,112,1,1,[331]
16,313,1,1,[331]
17,168,1,1,[331]
17,254,1,1,[331]
17,304,1,1,[331]
18,16,1,1,[331]
18,45,1,1,[331]
18,122,1,1,[331]
18,220,1,1,[331]
18,236,1,1,[331]
18,296,1,1,[331]
19,185,1,1,[331]
19,260,1,1,[331]
19,319,1,1,[331]
20,56,1,1,[331]
20,148,2,1,"[331, 349]"
20,221,1,1,[331]
20,240,1,1,[331]
21,134,1,1,[331]
21,242,1,1,[331]
21,274,1,1,[331]
21,276,2,1,"[331, 353]"
22,56,1,1,[331]
22,221,1,1,[331]
22,240,1,1,[331]
22,319,2,2,"[331, 349]"
23,21,1,1,[331]
23,36,1,1,[331]
23,206,1,1,[331]
23,223,1,1,[331]
23,227,1,1,[331]
23,328,1,1,[331]
24,28,1,1,[331]
24,70,1,1,[331]
24,300,1,1,[331]
25,48,1,1,[331]
25,79,2,1,"[331, 313]"
25,120,1,1,[331]
25,136,1,1,[331]
25,171,2,2,"[331, 307]"
26,53,2,1,"[331, 313]"
26,62,1,1,[331]
26,85,2,2,"[331, 349]"
26,155,1,1,[331]
26,286,1,1,[331]
27,112,1,1,[331]
27,114,1,1,[331]
27,156,1,1,[331]
27,211,1,1,[331]
27,232,1,1,[331]
27,237,2,1,"[331, 349]"
27,320,1,1,[331]
28,6,1,1,[331]
28,54,1,1,[331]
28,246,1,1,[331]
28,276,1,1,[331]
28,300,1,1,[331]
28,329,1,1,[331]
29,70,2,2,"[331, 307]"
29,145,1,1,[331]
29,161,1,1,[331]
29,165,1,1,[331]
29,276,1,1,[331]
29,306,1,1,[331]
29,308,1,1,[331]
30,60,1,1,[331]
30,150,1,1,[331]
30,170,1,1,[331]
31,244,1,1,[331]
31,250,1,1,[331]
31,279,1,1,[331]
32,62,2,1,"[331, 307]"
32,114,1,1,[331]
32,116,1,1,[331]
32,132,1,1,[331]
32,162,2,2,"[331, 313]"
32,195,1,1,[331]
32,287,1,1,[331]
32,311,1,1,[331]
33,60,1,1,[331]
33,150,1,1,[331]
33,170,1,1,[331]
34,110,2,2,"[331, 349]"
34,127,1,1,[331]
34,171,1,1,[331]
34,174,1,1,[331]
34,198,1,1,[331]
34,265,1,1,[331]
34,301,1,1,[331]
35,7,1,1,[331]
35,24,1,1,[331]
35,43,1,1,[331]
35,163,1,1,[331]
35,170,1,1,[331]
35,202,1,1,[331]
36,22,1,1,[331]
36,47,1,1,[331]
36,75,1,1,[331]
37,20,1,1,[331]
37,39,1,1,[331]
37,139,1,1,[331]
37,274,2,1,"[331, 347]"
37,275,1,1,[331]
37,295,1,1,[331]
37,318,1,1,[331]
38,67,2,2,"[331, 337]"
38,76,1,1,[331]
38,81,1,1,[331]
38,88,1,1,[331]
38,97,1,1,[331]
38,130,1,1,[331]
38,298,1,1,[331]
39,85,2,2,"[331, 307]"
39,96,1,1,[331]
39,175,1,1,[331]
39,237,1,1,[331]
40,99,1,1,[331]
40,123,2,1,"[331, 317]"
40,141,1,1,[331]
40,154,1,1,[331]
40,158,3,2,"[331, 313, 293]"
40,197,1,1,[331]
40,276,1,1,[331]
40,284,1,1,[331]
41,9,1,1,[331]
41,38,1,1,[331]
41,81,1,1,[331]
41,83,1,1,[331]
41,119,1,1,[331]
41,176,3,3,"[331, 337, 307]"
41,328,1,1,[331]
42,30,1,1,[331]
42,47,1,1,[331]
42,70,2,1,"[331, 337]"
42,87,1,1,[331]
42,121,1,1,[331]
42,257,1,1,[331]
42,267,2,1,"[331, 337]"
42,302,1,1,[331]
43,32,1,1,[331]
43,40,2,2,"[331, 353]"
43,80,1,1,[331]
43,201,1,1,[331]
44,66,2,1,"[331, 347]"
44,99,1,1,[331]
44,141,1,1,[331]
44,154,1,1,[331]
44,158,2,1,"[331, 313]"
44,197,1,1,[331]
44,276,1,1,[331]
44,284,1,1,[331]
44,318,2,2,"[331, 349]"
45,82,2,2,"[331, 313]"
45,148,1,1,[331]
45,189,1,1,[331]
45,208,1,1,[331]
46,41,1,1,[331]
46,153,1,1,[331]
46,199,3,3,"[331, 313, 307]"
46,326,1,1,[331]
47,12,1,1,[331]
47,43,1,1,[331]
47,55,1,1,[331]
47,121,1,1,[331]
47,183,1,1,[331]
47,298,2,1,"[331, 317]"
47,299,1,1,[331]
48,14,1,1,[331]
48,24,1,1,[331]
48,27,1,1,[331]
48,41,1,1,[331]
48,235,3,1,"[331, 317, 283]"
48,259,1,1,[331]
48,329,1,1,[331]
49,51,1,1,[331]
49,293,1,1,[331]
49,310,1,1,[331]
50,23,1,1,[331]
50,24,1,1,[331]
50,113,1,1,[331]
50,183,1,1,[331]
50,233,1,1,[331]
50,330,1,1,[331]
51,21,1,1,[331]
51,36,1,1,[331]
51,206,1,1,[331]
51,223,1,1,[331]
51,227,1,1,[331]
51,273,2,1,"[331, 337]"
51,328,1,1,[331]
52,31,1,1,[331]
52,77,1,1,[331]
52,178,1,1,[331]
52,195,1,1,[331]
52,209,1,1,[331]
52,232,1,1,[331]
53,2,1,1,[331]
53,137,1,1,[331]
53,177,1,1,[331]
54,16,2,2,"[331, 307]"
54,185,1,1,[331]
54,260,1,1,[331]
54,319,1,1,[331]
55,23,1,1,[331]
55,24,1,1,[331]
55,113,1,1,[331]
55,183,1,1,[331]
55,233,1,1,[331]
55,267,2,2,"[331, 317]"
55,330,1,1,[331]
56,105,2,1,"[331, 349]"
56,129,1,1,[331]
56,157,1,1,[331]
56,200,1,1,[331]
56,239,2,1,"[331, 307]"
57,16,1,1,[331]
57,18,1,1,[331]
57,109,1,1,[331]
57,230,1,1,[331]
57,248,1,1,[331]
57,283,1,1,[331]
58,72,1,1,[331]
58,180,1,1,[331]
58,204,1,1,[331]
59,20,1,1,[331]
59,58,1,1,[331]
59,61,1,1,[331]
59,91,1,1,[331]
59,191,1,1,[331]
59,246,2,2,"[331, 317]"
59,252,1,1,[331]
60,30,1,1,[331]
60,43,1,1,[331]
60,146,1,1,[331]
60,189,2,1,"[331, 337]"
60,224,1,1,[331]
60,247,1,1,[331]
60,277,1,1,[331]
61,111,3,1,"[331, 349, 337]"
61,127,1,1,[331]
61,171,1,1,[331]
61,174,1,1,[331]
61,198,1,1,[331]
61,265,1,1,[331]
61,301,1,1,[331]
62,20,1,1,[331]
62,122,1,1,[331]
62,188,1,1,[331]
62,219,1,1,[331]
62,271,1,1,[331]
62,310,1,1,[331]
63,76,1,1,[331]
63,103,1,1,[331]
63,104,1,1,[331]
63,185,1,1,[331]
63,251,1,1,[331]
63,265,1,1,[331]
64,97,1,1,[331]
64,144,1,1,[331]
64,190,1,1,[331]
64,194,2,2,"[331, 307]"
65,145,1,1,[331]
65,161,1,1,[331]
65,165,1,1,[331]
65,253,2,2,"[331, 337]"
65,276,1,1,[331]
65,306,1,1,[331]
65,308,1,1,[331]
66,30,1,1,[331]
66,43,1,1,[331]
66,146,1,1,[331]
66,198,2,1,"[331, 349]"
66,199,2,1,"[331, 349]"
66,224,1,1,[331]
66,247,1,1,[331]
66,277,1,1,[331]
67,64,1,1,[331]
67,131,4,2,"[331, 307, 281, 269]"
67,144,2,2,"[331, 349]"
67,158,1,1,[331]
67,227,1,1,[331]
68,66,2,1,"[331, 313]"
68,216,1,1,[331]
68,285,1,1,[331]
68,311,1,1,[331]
69,67,1,1,[331]
69,93,1,1,[331]
69,98,1,1,[331]
70,3,1,1,[331]
70,40,1,1,[331]
70,100,1,1,[331]
70,194,2,1,"[331, 313]"
71,148,1,1,[331]
71,189,1,1,[331]
71,208,1,1,[331]
72,17,1,1,[331]
72,98,1,1,[331]
72,203,1,1,[331]
72,221,3,2,"[331, 307, 311]"
72,226,1,1,[331]
72,280,1,1,[331]
72,302,1,1,[331]
73,5,1,1,[331]
73,45,1,1,[331]
73,133,2,2,"[331, 349]"
73,187,2,1,"[331, 313]"
73,205,1,1,[331]
73,219,1,1,[331]
73,230,1,1,[331]
73,250,1,1,[331]
74,11,1,1,[331]
74,193,1,1,[331]
74,262,2,2,"[331, 353]"
74,307,1,1,[331]
75,17,1,1,[331]
75,149,1,1,[331]
75,151,1,1,[331]
75,168,1,1,[331]
75,171,1,1,[331]
75,234,1,1,[331]
75,309,2,2,"[331, 317]"
76,96,1,1,[331]
76,175,1,1,[331]
76,237,1,1,[331]
76,243,2,2,"[331, 337]"
77,3,1,1,[331]
77,40,1,1,[331]
77,100,1,1,[331]
77,194,2,1,"[331, 313]"
78,14,1,1,[331]
78,54,1,1,[331]
78,217,1,1,[331]
78,264,1,1,[331]
78,284,1,1,[331]
78,289,1,1,[331]
79,124,1,1,[331]
79,182,1,1,[331]
79,295,1,1,[331]
80,66,1,1,[331]
80,165,2,2,"[331, 313]"
80,214,1,1,[331]
80,218,1,1,[331]
81,129,1,1,[331]
81,157,1,1,[331]
81,200,1,1,[331]
81,321,2,2,"[331, 349]"
82,28,1,1,[331]
82,70,1,1,[331]
82,300,1,1,[331]
82,310,2,1,"[331, 349]"
83,135,1,1,[331]
83,172,1,1,[331]
83,217,1,1,[331]
83,241,2,1,"[331, 313]"
84,50,1,1,[331]
84,125,1,1,[331]
84,252,1,1,[331]
85,99,1,1,[331]
85,143,2,2,"[331, 349]"
85,321,1,1,[331]
85,327,1,1,[331]
86,16,1,1,[331]
86,45,1,1,[331]
86,122,1,1,[331]
86,220,1,1,[331]
86,236,1,1,[331]
86,296,1,1,[331]
87,51,1,1,[331]
87,90,2,1,"[331, 337]"
87,293,1,1,[331]
87,301,2,2,"[331, 313]"
87,310,1,1,[331]
88,66,1,1,[331]
88,214,1,1,[331]
88,218,1,1,[331]
89,170,2,2,"[331, 349]"
89,197,2,1,"[331, 313]"
89,314,1,1,[331]
89,316,1,1,[331]
89,325,1,1,[331]
90,104,1,1,[331]
90,106,1,1,[331]
90,127,1,1,[331]
90,131,1,1,[331]
90,210,1,1,[331]
90,232,2,1,"[331, 347]"
90,269,1,1,[331]
91,64,1,1,[331]
91,158,1,1,[331]
91,227,1,1,[331]
92,7,1,1,[331]
92,24,1,1,[331]
92,43,1,1,[331]
92,163,1,1,[331]
92,170,1,1,[331]
92,202,1,1,[331]
93,31,1,1,[331]
93,78,1,1,[331]
93,114,1,1,[331]
93,123,1,1,[331]
93,192,1,1,[331]
93,290,1,1,[331]
94,147,1,1,[331]
94,266,1,1,[331]
94,305,1,1,[331]
95,35,1,1,[331]
95,44,1,1,[331]
95,253,1,1,[331]
96,39,2,2,"[331, 313]"
96,102,1,1,[331]
96,107,1,1,[331]
96,248,1,1,[331]
97,6,1,1,[331]
97,54,1,1,[331]
97,246,1,1,[331]
97,276,1,1,[331]
97,292,2,1,"[331, 349]"
97,300,1,1,[331]
97,329,1,1,[331]
98,20,1,1,[331]
98,58,1,1,[331]
98,61,1,1,[331]
98,91,1,1,[331]
98,191,1,1,[331]
98,252,1,1,[331]
99,104,1,1,[331]
99,106,1,1,[331]
99,127,1,1,[331]
99,131,1,1,[331]
99,163,2,1,"[331, 349]"
99,210,1,1,[331]
99,269,1,1,[331]
100,33,1,1,[331]
100,236,1,1,[331]
100,278,1,1,[331]
101,14,1,1,[331]
101,54,1,1,[331]
101,217,1,1,[331]
101,264,1,1,[331]
101,284,1,1,[331]
101,289,1,1,[331]
102,41,1,1,[331]
102,153,1,1,[331]
102,326,1,1,[331]
103,108,1,1,[331]
103,270,1,1,[331]
103,306,1,1,[331]
104,29,1,1,[331]
104,84,1,1,[331]
104,166,1,1,[331]
105,126,1,1,[331]
105,209,1,1,[331]
105,249,1,1,[331]
106,26,1,1,[331]
106,73,1,1,[331]
106,203,1,1,[331]
106,212,1,1,[331]
106,234,1,1,[331]
106,307,1,1,[331]
107,52,1,1,[331]
107,76,1,1,[331]
107,82,1,1,[331]
107,83,1,1,[331]
107,128,1,1,[331]
107,131,1,1,[331]
108,60,2,2,"[331, 307]"
108,76,1,1,[331]
108,81,1,1,[331]
108,88,1,1,[331]
108,97,1,1,[331]
108,130,1,1,[331]
108,298,1,1,[331]
109,67,1,1,[331]
109,93,1,1,[331]
109,98,1,1,[331]
110,33,1,1,[331]
110,185,2,1,"[331, 337]"
110,236,1,1,[331]
110,278,1,1,[331]
110,287,2,2,"[331, 307]"
111,314,1,1,[331]
111,316,1,1,[331]
111,325,1,1,[331]
112,16,1,1,[331]
112,18,1,1,[331]
112,27,2,2,"[331, 337]"
112,109,1,1,[331]
112,172,2,1,"[331, 347]"
112,230,1,1,[331]
112,248,1,1,[331]
112,267,2,1,"[331, 317]"
112,283,1,1,[331]
113,48,1,1,[331]
113,120,1,1,[331]
113,136,1,1,[331]
113,270,2,2,"[331, 349]"
114,55,1,1,[331]
114,68,1,1,[331]
114,292,1,1,[331]
115,15,1,1,[331]
115,146,1,1,[331]
115,234,1,1,[331]
115,291,1,1,[331]
115,302,1,1,[331]
115,317,1,1,[331]
116,4,1,1,[331]
116,35,2,2,"[331, 313]"
116,36,1,1,[331]
116,98,2,2,"[331, 349]"
116,109,1,1,[331]
116,164,1,1,[331]
116,184,1,1,[331]
116,200,1,1,[331]
117,2,1,1,[331]
117,53,1,1,[331]
117,121,1,1,[331]
117,146,1,1,[331]
117,187,1,1,[331]
117,203,1,1,[331]
118,168,1,1,[331]
118,254,1,1,[331]
118,304,1,1,[331]
119,14,1,1,[331]
119,24,1,1,[331]
119,27,1,1,[331]
119,41,1,1,[331]
119,259,1,1,[331]
119,329,1,1,[331]
120,29,3,3,"[331, 349, 337]"
120,124,1,1,[331]
120,144,2,2,"[331, 313]"
120,182,1,1,[331]
120,295,1,1,[331]
121,33,1,1,[331]
121,236,1,1,[331]
121,278,1,1,[331]
122,43,2,2,"[331, 307]"
122,98,2,2,"[331, 349]"
122,216,1,1,[331]
122,285,1,1,[331]
122,311,1,1,[331]
123,22,1,1,[331]
123,47,1,1,[331]
123,75,1,1,[331]
123,283,2,2,"[331, 313]"
124,34,1,1,[331]
124,56,3,2,"[331, 313, 293]"
124,85,1,1,[331]
124,93,2,2,"[331, 311]"
124,317,1,1,[331]
125,118,1,1,[331]
125,222,1,1,[331]
125,312,1,1,[331]
126,13,1,1,[331]
126,63,1,1,[331]
126,323,1,1,[331]
127,60,2,2,"[331, 313]"
127,111,1,1,[331]
127,192,1,1,[331]
127,243,1,1,[331]
128,21,1,1,[331]
128,65,1,1,[331]
128,81,1,1,[331]
128,95,1,1,[331]
128,160,1,1,[331]
128,268,1,1,[331]
129,112,1,1,[331]
129,114,1,1,[331]
129,156,1,1,[331]
129,211,1,1,[331]
129,232,1,1,[331]
129,270,2,1,"[331, 337]"
129,320,1,1,[331]
130,72,1,1,[331]
130,180,1,1,[331]
130,204,1,1,[331]
131,314,1,1,[331]
131,316,1,1,[331]
131,325,1,1,[331]
132,124,1,1,[331]
132,182,1,1,[331]
132,295,1,1,[331]
133,12,1,1,[331]
133,43,1,1,[331]
133,55,1,1,[331]
133,121,1,1,[331]
133,183,1,1,[331]
133,299,1,1,[331]
134,36,1,1,[331]
134,79,1,1,[331]
134,176,1,1,[331]
134,230,1,1,[331]
134,255,1,1,[331]
134,303,1,1,[331]
135,21,1,1,[331]
135,61,2,2,"[331, 317]"
135,66,1,1,[331]
135,79,1,1,[331]
135,94,1,1,[331]
135,184,1,1,[331]
135,213,1,1,[331]
136,71,1,1,[331]
136,197,1,1,[331]
136,240,1,1,[331]
136,263,1,1,[331]
136,287,1,1,[331]
136,308,1,1,[331]
137,25,1,1,[331]
137,31,1,1,[331]
137,156,1,1,[331]
137,159,1,1,[331]
137,238,1,1,[331]
137,315,1,1,[331]
138,17,1,1,[331]
138,127,1,1,[331]
138,148,1,1,[331]
138,176,2,2,"[331, 317]"
138,212,1,1,[331]
138,267,1,1,[331]
138,281,1,1,[331]
139,37,2,2,"[331, 353]"
139,74,1,1,[331]
139,128,1,1,[331]
139,162,1,1,[331]
140,20,1,1,[331]
140,39,1,1,[331]
140,139,1,1,[331]
140,275,1,1,[331]
140,295,1,1,[331]
140,318,1,1,[331]
141,216,1,1,[331]
141,285,1,1,[331]
141,311,1,1,[331]
142,104,1,1,[331]
142,106,1,1,[331]
142,127,1,1,[331]
142,131,1,1,[331]
142,210,1,1,[331]
142,269,1,1,[331]
143,56,2,1,"[331, 349]"
143,72,1,1,[331]
143,180,1,1,[331]
143,204,1,1,[331]
143,229,2,2,"[331, 307]"
144,62,1,1,[331]
144,155,1,1,[331]
144,286,1,1,[331]
145,3,1,1,[331]
145,16,1,1,[331]
145,115,1,1,[331]
145,139,1,1,[331]
145,219,1,1,[331]
145,245,1,1,[331]
146,186,1,1,[331]
146,273,1,1,[331]
146,277,1,1,[331]
147,13,1,1,[331]
147,57,1,1,[331]
147,161,1,1,[331]
147,179,1,1,[331]
147,287,1,1,[331]
147,290,1,1,[331]
148,19,1,1,[331]
148,104,1,1,[331]
148,117,1,1,[331]
148,171,1,1,[331]
148,212,1,1,[331]
148,233,2,2,"[331, 349]"
148,249,2,1,"[331, 313]"
148,288,1,1,[331]
149,1,1,1,[331]
149,15,2,1,"[331, 349]"
149,172,2,2,"[331, 313]"
149,199,1,1,[331]
149,288,1,1,[331]
150,59,1,1,[331]
150,112,1,1,[331]
150,313,1,1,[331]
151,12,1,1,[331]
151,19,2,2,"[331, 349]"
151,43,1,1,[331]
151,55,1,1,[331]
151,106,2,1,"[331, 317]"
151,121,1,1,[331]
151,183,1,1,[331]
151,299,1,1,[331]
152,14,1,1,[331]
152,54,1,1,[331]
152,87,2,1,"[331, 349]"
152,217,1,1,[331]
152,264,1,1,[331]
152,284,1,1,[331]
152,289,1,1,[331]
153,67,1,1,[331]
153,93,1,1,[331]
153,98,1,1,[331]
153,245,2,1,"[331, 313]"
154,20,1,1,[331]
154,39,1,1,[331]
154,139,1,1,[331]
154,275,1,1,[331]
154,295,1,1,[331]
154,318,1,1,[331]
155,262,1,1,[331]
155,271,2,2,"[331, 307]"
155,301,1,1,[331]
155,324,1,1,[331]
156,90,1,1,[331]
156,225,1,1,[331]
156,255,1,1,[331]
157,37,1,1,[331]
157,54,2,1,"[331, 313]"
157,84,2,2,"[331, 349]"
157,160,1,1,[331]
157,258,1,1,[331]
158,10,1,1,[331]
158,91,1,1,[331]
158,101,1,1,[331]
158,156,1,1,[331]
158,194,1,1,[331]
158,318,1,1,[331]
159,46,1,1,[331]
159,83,1,1,[331]
159,95,1,1,[331]
159,130,1,1,[331]
159,231,1,1,[331]
159,314,1,1,[331]
160,45,1,1,[331]
160,79,1,1,[331]
160,92,1,1,[331]
160,109,1,1,[331]
160,196,1,1,[331]
160,201,1,1,[331]
161,62,1,1,[331]
161,155,1,1,[331]
161,286,1,1,[331]
162,16,1,1,[331]
162,18,1,1,[331]
162,109,1,1,[331]
162,230,1,1,[331]
162,248,1,1,[331]
162,283,1,1,[331]
163,66,1,1,[331]
163,214,1,1,[331]
163,218,1,1,[331]
164,14,1,1,[331]
164,24,1,1,[331]
164,27,1,1,[331]
164,41,1,1,[331]
164,174,2,2,"[331, 317]"
164,259,1,1,[331]
164,329,1,1,[331]
165,35,2,1,"[331, 313]"
165,59,1,1,[331]
165,112,1,1,[331]
165,313,1,1,[331]
166,14,1,1,[331]
166,44,1,1,[331]
166,115,2,2,"[331, 313]"
166,142,1,1,[331]
166,163,1,1,[331]
166,173,1,1,[331]
166,233,1,1,[331]
167,228,1,1,[331]
167,239,1,1,[331]
167,315,1,1,[331]
168,25,1,1,[331]
168,91,1,1,[331]
168,232,1,1,[331]
168,261,1,1,[331]
168,286,1,1,[331]
168,297,1,1,[331]
169,49,1,1,[331]
169,152,1,1,[331]
169,210,1,1,[331]
169,300,2,2,"[331, 313]"
170,136,1,1,[331]
170,138,1,1,[331]
170,233,1,1,[331]
170,284,1,1,[331]
170,294,1,1,[331]
170,329,1,1,[331]
171,262,1,1,[331]
171,271,2,2,"[331, 307]"
171,301,1,1,[331]
171,324,1,1,[331]
172,22,1,1,[331]
172,47,1,1,[331]
172,75,1,1,[331]
172,143,2,2,"[331, 313]"
173,64,1,1,[331]
173,133,2,2,"[331, 313]"
173,158,1,1,[331]
173,227,1,1,[331]
174,20,1,1,[331]
174,58,1,1,[331]
174,61,1,1,[331]
174,91,1,1,[331]
174,191,1,1,[331]
174,252,1,1,[331]
175,112,1,1,[331]
175,114,1,1,[331]
175,156,1,1,[331]
175,211,1,1,[331]
175,227,2,1,"[331, 349]"
175,232,1,1,[331]
175,320,1,1,[331]
176,45,1,1,[331]
176,79,1,1,[331]
176,92,1,1,[331]
176,109,1,1,[331]
176,196,1,1,[331]
176,201,1,1,[331]
177,42,1,1,[331]
177,105,1,1,[331]
177,119,1,1,[331]
178,95,1,1,[331]
178,110,1,1,[331]
178,184,1,1,[331]
178,204,1,1,[331]
178,207,1,1,[331]
178,328,1,1,[331]
179,101,1,1,[331]
179,133,1,1,[331]
179,167,1,1,[331]
180,140,1,1,[331]
180,143,1,1,[331]
180,322,1,1,[331]
181,14,1,1,[331]
181,44,1,1,[331]
181,142,1,1,[331]
181,163,1,1,[331]
181,173,1,1,[331]
181,177,2,1,"[331, 337]"
181,233,1,1,[331]
182,36,1,1,[331]
182,79,1,1,[331]
182,176,1,1,[331]
182,215,2,1,"[331, 349]"
182,230,1,1,[331]
182,255,1,1,[331]
182,303,1,1,[331]
183,41,1,1,[331]
183,153,1,1,[331]
183,326,1,1,[331]
184,3,1,1,[331]
184,40,1,1,[331]
184,100,1,1,[331]
184,217,2,1,"[331, 349]"
185,76,1,1,[331]
185,81,1,1,[331]
185,88,1,1,[331]
185,97,1,1,[331]
185,130,1,1,[331]
185,170,2,2,"[331, 349]"
185,298,1,1,[331]
186,74,1,1,[331]
186,128,1,1,[331]
186,162,1,1,[331]
187,105,2,2,"[331, 347]"
187,136,1,1,[331]
187,138,1,1,[331]
187,233,1,1,[331]
187,284,1,1,[331]
187,294,1,1,[331]
187,329,1,1,[331]
188,5,2,1,"[331, 317]"
188,25,1,1,[331]
188,33,2,1,"[331, 313]"
188,162,2,2,"[331, 337]"
188,191,1,1,[331]
188,222,1,1,[331]
188,235,1,1,[331]
188,256,1,1,[331]
188,318,1,1,[331]
189,23,1,1,[331]
189,86,1,1,[331]
189,215,1,1,[331]
189,246,2,1,"[331, 349]"
190,22,2,2,"[331, 307]"
190,30,1,1,[331]
190,48,2,2,"[331, 307]"
190,134,1,1,[331]
190,163,1,1,[331]
190,183,1,1,[331]
190,241,1,1,[331]
190,282,1,1,[331]
191,42,1,1,[331]
191,105,1,1,[331]
191,119,1,1,[331]
192,3,1,1,[331]
192,16,1,1,[331]
192,115,1,1,[331]
192,139,1,1,[331]
192,219,1,1,[331]
192,245,1,1,[331]
192,258,2,2,"[331, 337]"
193,48,1,1,[331]
193,120,1,1,[331]
193,136,1,1,[331]
194,129,1,1,[331]
194,157,1,1,[331]
194,200,1,1,[331]
194,228,2,1,"[331, 313]"
195,51,1,1,[331]
195,146,2,2,"[331, 313]"
195,293,1,1,[331]
195,310,1,1,[331]
196,168,1,1,[331]
196,254,1,1,[331]
196,304,1,1,[331]
196,306,2,1,"[331, 349]"
197,1,1,1,[331]
197,199,1,1,[331]
197,288,1,1,[331]
198,140,1,1,[331]
198,143,1,1,[331]
198,322,1,1,[331]
199,54,1,1,[331]
199,161,1,1,[331]
199,164,2,1,"[331, 313]"
199,169,1,1,[331]
199,175,1,1,[331]
199,197,1,1,[331]
199,298,2,1,"[331, 337]"
199,309,1,1,[331]
200,8,1,1,[331]
200,89,1,1,[331]
200,122,1,1,[331]
200,139,1,1,[331]
200,147,1,1,[331]
200,191,1,1,[331]
200,233,2,1,"[331, 317]"
201,25,1,1,[331]
201,191,1,1,[331]
201,222,1,1,[331]
201,235,1,1,[331]
201,256,1,1,[331]
201,318,1,1,[331]
202,90,1,1,[331]
202,225,1,1,[331]
202,255,1,1,[331]
203,34,1,1,[331]
203,85,1,1,[331]
203,123,2,2,"[331, 311]"
203,311,2,1,"[331, 313]"
203,317,1,1,[331]
204,7,1,1,[331]
204,24,1,1,[331]
204,43,1,1,[331]
204,163,1,1,[331]
204,170,1,1,[331]
204,202,1,1,[331]
205,30,1,1,[331]
205,43,1,1,[331]
205,146,1,1,[331]
205,224,1,1,[331]
205,247,1,1,[331]
205,277,1,1,[331]
206,6,1,1,[331]
206,54,1,1,[331]
206,246,1,1,[331]
206,276,1,1,[331]
206,300,1,1,[331]
206,329,1,1,[331]
207,21,1,1,[331]
207,65,1,1,[331]
207,81,1,1,[331]
207,84,2,2,"[331, 347]"
207,95,1,1,[331]
207,160,1,1,[331]
207,268,1,1,[331]
208,46,1,1,[331]
208,83,1,1,[331]
208,95,1,1,[331]
208,130,1,1,[331]
208,231,1,1,[331]
208,232,2,1,"[331, 317]"
208,314,1,1,[331]
209,30,1,1,[331]
209,134,1,1,[331]
209,163,1,1,[331]
209,183,1,1,[331]
209,241,1,1,[331]
209,270,2,1,"[331, 337]"
209,282,1,1,[331]
210,69,1,1,[331]
210,140,1,1,[331]
210,181,1,1,[331]
210,195,1,1,[331]
210,290,1,1,[331]
210,308,1,1,[331]
211,54,1,1,[331]
211,161,1,1,[331]
211,169,1,1,[331]
211,175,1,1,[331]
211,197,1,1,[331]
211,309,1,1,[331]
212,228,1,1,[331]
212,239,1,1,[331]
212,315,1,1,[331]
213,21,1,1,[331]
213,66,1,1,[331]
213,79,1,1,[331]
213,94,1,1,[331]
213,184,1,1,[331]
213,213,1,1,[331]
214,108,1,1,[331]
214,270,1,1,[331]
214,306,1,1,[331]
215,30,2,2,"[331, 307]"
215,82,2,2,"[331, 313]"
215,148,1,1,[331]
215,189,1,1,[331]
215,208,1,1,[331]
215,222,2,2,"[331, 307]"
216,96,1,1,[331]
216,175,1,1,[331]
216,237,1,1,[331]
217,52,1,1,[331]
217,76,1,1,[331]
217,82,1,1,[331]
217,83,1,1,[331]
217,128,1,1,[331]
217,131,1,1,[331]
217,199,2,2,"[331, 307]"
217,313,2,2,"[331, 347]"
218,17,1,1,[331]
218,59,2,1,"[331, 313]"
218,127,1,1,[331]
218,148,1,1,[331]
218,212,1,1,[331]
218,267,1,1,[331]
218,281,1,1,[331]
219,9,2,1,"[331, 313]"
219,49,1,1,[331]
219,152,1,1,[331]
219,210,1,1,[331]
220,8,1,1,[331]
220,89,1,1,[331]
220,107,2,1,"[331, 307]"
220,122,1,1,[331]
220,139,1,1,[331]
220,147,1,1,[331]
220,191,1,1,[331]
220,303,2,1,"[331, 317]"
221,69,1,1,[331]
221,140,1,1,[331]
221,181,1,1,[331]
221,195,1,1,[331]
221,290,1,1,[331]
221,308,1,1,[331]
222,95,1,1,[331]
222,110,1,1,[331]
222,184,1,1,[331]
222,204,1,1,[331]
222,207,1,1,[331]
222,328,1,1,[331]
223,186,1,1,[331]
223,273,1,1,[331]
223,277,1,1,[331]
224,55,1,1,[331]
224,68,1,1,[331]
224,122,2,2,"[331, 313]"
224,292,1,1,[331]
225,28,1,1,[331]
225,70,1,1,[331]
225,114,2,1,"[331, 353]"
225,252,2,2,"[331, 337]"
225,300,1,1,[331]
226,23,1,1,[331]
226,24,1,1,[331]
226,113,1,1,[331]
226,183,1,1,[331]
226,233,1,1,[331]
226,323,2,2,"[331, 337]"
226,330,1,1,[331]
227,16,1,1,[331]
227,45,1,1,[331]
227,122,1,1,[331]
227,220,1,1,[331]
227,236,1,1,[331]
227,296,1,1,[331]
228,2,1,1,[331]
228,53,1,1,[331]
228,121,1,1,[331]
228,146,1,1,[331]
228,187,1,1,[331]
228,203,1,1,[331]
229,19,1,1,[331]
229,104,1,1,[331]
229,117,1,1,[331]
229,171,1,1,[331]
229,212,1,1,[331]
229,288,1,1,[331]
230,87,2,2,"[331, 313]"
230,101,1,1,[331]
230,133,1,1,[331]
230,134,3,1,"[331, 349, 337]"
230,167,1,1,[331]
231,69,1,1,[331]
231,140,1,1,[331]
231,181,1,1,[331]
231,195,1,1,[331]
231,290,1,1,[331]
231,308,1,1,[331]
232,23,1,1,[331]
232,86,1,1,[331]
232,215,1,1,[331]
233,37,1,1,[331]
233,84,2,2,"[331, 349]"
233,104,2,2,"[331, 307]"
233,160,1,1,[331]
233,258,1,1,[331]
234,17,2,1,"[331, 313]"
234,118,1,1,[331]
234,170,2,2,"[331, 349]"
234,222,1,1,[331]
234,312,1,1,[331]
235,31,1,1,[331]
235,78,1,1,[331]
235,114,1,1,[331]
235,123,1,1,[331]
235,192,1,1,[331]
235,290,1,1,[331]
236,127,1,1,[331]
236,171,1,1,[331]
236,174,1,1,[331]
236,198,1,1,[331]
236,265,1,1,[331]
236,301,1,1,[331]
237,145,1,1,[331]
237,161,1,1,[331]
237,165,1,1,[331]
237,276,1,1,[331]
237,306,1,1,[331]
237,308,1,1,[331]
238,102,1,1,[331]
238,107,1,1,[331]
238,248,1,1,[331]
239,60,2,2,"[331, 313]"
239,111,1,1,[331]
239,192,1,1,[331]
239,243,1,1,[331]
240,10,1,1,[331]
240,91,1,1,[331]
240,101,1,1,[331]
240,156,1,1,[331]
240,194,1,1,[331]
240,318,1,1,[331]
241,23,1,1,[331]
241,49,2,2,"[331, 307]"
241,86,1,1,[331]
241,215,1,1,[331]
241,327,2,2,"[331, 337]"
242,8,1,1,[331]
242,89,1,1,[331]
242,122,1,1,[331]
242,139,1,1,[331]
242,147,1,1,[331]
242,191,1,1,[331]
243,25,1,1,[331]
243,91,1,1,[331]
243,232,1,1,[331]
243,261,1,1,[331]
243,286,1,1,[331]
243,297,1,1,[331]
244,71,1,1,[331]
244,197,1,1,[331]
244,240,1,1,[331]
244,263,1,1,[331]
244,287,1,1,[331]
244,308,1,1,[331]
245,29,1,1,[331]
245,84,1,1,[331]
245,166,1,1,[331]
246,17,1,1,[331]
246,45,2,1,"[331, 317]"
246,98,1,1,[331]
246,203,1,1,[331]
246,226,1,1,[331]
246,280,1,1,[331]
246,302,1,1,[331]
247,66,2,2,"[331, 347]"
247,99,1,1,[331]
247,141,1,1,[331]
247,154,1,1,[331]
247,197,1,1,[331]
247,276,1,1,[331]
247,284,1,1,[331]
248,17,1,1,[331]
248,149,1,1,[331]
248,151,1,1,[331]
248,168,1,1,[331]
248,171,1,1,[331]
248,234,1,1,[331]
249,26,1,1,[331]
249,73,1,1,[331]
249,203,1,1,[331]
249,212,1,1,[331]
249,234,1,1,[331]
249,307,1,1,[331]
250,25,1,1,[331]
250,31,1,1,[331]
250,37,2,2,"[331, 307]"
250,42,2,1,"[331, 337]"
250,156,1,1,[331]
250,159,1,1,[331]
250,238,1,1,[331]
250,315,1,1,[331]
251,25,1,1,[331]
251,91,1,1,[331]
251,232,1,1,[331]
251,261,1,1,[331]
251,286,1,1,[331]
251,297,1,1,[331]
252,54,1,1,[331]
252,161,1,1,[331]
252,169,1,1,[331]
252,175,1,1,[331]
252,197,1,1,[331]
252,248,2,1,"[331, 317]"
252,309,1,1,[331]
253,101,1,1,[331]
253,133,1,1,[331]
253,135,2,2,"[331, 313]"
253,167,1,1,[331]
253,314,2,1,"[331, 349]"
254,13,1,1,[331]
254,57,1,1,[331]
254,161,1,1,[331]
254,179,1,1,[331]
254,287,1,1,[331]
254,290,1,1,[331]
255,15,1,1,[331]
255,146,1,1,[331]
255,234,1,1,[331]
255,291,1,1,[331]
255,302,1,1,[331]
255,317,1,1,[331]
256,135,1,1,[331]
256,172,1,1,[331]
256,217,1,1,[331]
256,241,2,1,"[331, 313]"
256,290,2,2,"[331, 307]"
257,21,1,1,[331]
257,36,1,1,[331]
257,206,1,1,[331]
257,223,1,1,[331]
257,227,1,1,[331]
257,328,1,1,[331]
258,151,2,1,"[331, 349]"
258,185,1,1,[331]
258,260,1,1,[331]
258,319,1,1,[331]
259,99,1,1,[331]
259,113,2,2,"[331, 313]"
259,143,2,1,"[331, 349]"
259,321,1,1,[331]
259,327,1,1,[331]
260,4,1,1,[331]
260,36,1,1,[331]
260,109,1,1,[331]
260,164,1,1,[331]
260,184,1,1,[331]
260,200,1,1,[331]
261,13,1,1,[331]
261,57,1,1,[331]
261,161,1,1,[331]
261,179,1,1,[331]
261,287,1,1,[331]
261,290,1,1,[331]
262,95,1,1,[331]
262,110,1,1,[331]
262,184,1,1,[331]
262,204,1,1,[331]
262,207,1,1,[331]
262,328,1,1,[331]
263,6,3,3,"[331, 317, 307]"
263,30,1,1,[331]
263,134,1,1,[331]
263,163,1,1,[331]
263,183,1,1,[331]
263,241,1,1,[331]
263,282,1,1,[331]
264,10,1,1,[331]
264,91,1,1,[331]
264,101,1,1,[331]
264,156,1,1,[331]
264,194,1,1,[331]
264,318,1,1,[331]
265,13,1,1,[331]
265,63,1,1,[331]
265,323,1,1,[331]
266,147,1,1,[331]
266,266,1,1,[331]
266,305,1,1,[331]
267,20,1,1,[331]
267,83,2,1,"[331, 349]"
267,122,1,1,[331]
267,152,2,1,"[331, 307]"
267,188,1,1,[331]
267,219,1,1,[331]
267,225,2,1,"[331, 313]"
267,271,1,1,[331]
267,310,1,1,[331]
268,60,1,1,[331]
268,150,1,1,[331]
268,170,1,1,[331]
269,77,2,1,"[331, 313]"
269,97,1,1,[331]
269,144,1,1,[331]
269,190,1,1,[331]
270,35,1,1,[331]
270,44,1,1,[331]
270,253,1,1,[331]
271,13,1,1,[331]
271,63,1,1,[331]
271,323,1,1,[331]
272,37,1,1,[331]
272,160,1,1,[331]
272,258,1,1,[331]
273,25,1,1,[331]
273,191,1,1,[331]
273,222,1,1,[331]
273,235,1,1,[331]
273,256,1,1,[331]
273,318,1,1,[331]
274,49,1,1,[331]
274,102,2,2,"[331, 307]"
274,152,1,1,[331]
274,210,1,1,[331]
275,25,1,1,[331]
275,31,1,1,[331]
275,142,2,1,"[331, 317]"
275,156,1,1,[331]
275,159,1,1,[331]
275,238,1,1,[331]
275,315,1,1,[331]
275,324,2,1,"[331, 349]"
276,126,1,1,[331]
276,209,1,1,[331]
276,249,1,1,[331]
277,5,1,1,[331]
277,45,1,1,[331]
277,205,1,1,[331]
277,219,1,1,[331]
277,230,1,1,[331]
277,250,1,1,[331]
278,9,1,1,[331]
278,38,1,1,[331]
278,81,1,1,[331]
278,83,1,1,[331]
278,119,1,1,[331]
278,328,1,1,[331]
279,32,1,1,[331]
279,80,1,1,[331]
279,98,2,1,"[331, 313]"
279,114,2,2,"[331, 307]"
279,189,3,2,"[331, 313, 293]"
279,201,1,1,[331]
279,307,2,2,"[331, 349]"
280,11,1,1,[331]
280,13,2,1,"[331, 313]"
280,193,1,1,[331]
280,247,2,2,"[331, 349]"
280,271,2,1,"[331, 313]"
280,307,1,1,[331]
281,126,1,1,[331]
281,209,1,1,[331]
281,249,1,1,[331]
282,71,1,1,[331]
282,197,1,1,[331]
282,240,1,1,[331]
282,249,2,2,"[331, 307]"
282,263,1,1,[331]
282,287,1,1,[331]
282,308,1,1,[331]
283,127,2,2,"[331, 313]"
283,228,1,1,[331]
283,239,1,1,[331]
283,299,2,2,"[331, 307]"
283,315,1,1,[331]
284,140,1,1,[331]
284,143,1,1,[331]
284,322,1,1,[331]
285,19,1,1,[331]
285,104,1,1,[331]
285,117,1,1,[331]
285,171,1,1,[331]
285,212,1,1,[331]
285,288,1,1,[331]
286,4,1,1,[331]
286,36,1,1,[331]
286,109,1,1,[331]
286,164,1,1,[331]
286,184,1,1,[331]
286,200,1,1,[331]
286,235,2,2,"[331, 317]"
287,50,1,1,[331]
287,77,2,1,"[331, 313]"
287,125,1,1,[331]
287,252,1,1,[331]
288,31,1,1,[331]
288,77,1,1,[331]
288,158,2,1,"[331, 307]"
288,178,1,1,[331]
288,195,1,1,[331]
288,209,1,1,[331]
288,232,1,1,[331]
289,56,1,1,[331]
289,221,1,1,[331]
289,240,1,1,[331]
290,2,1,1,[331]
290,105,2,2,"[331, 307]"
290,137,1,1,[331]
290,177,1,1,[331]
291,50,1,1,[331]
291,125,1,1,[331]
291,252,1,1,[331]
292,15,1,1,[331]
292,124,2,2,"[331, 347]"
292,146,1,1,[331]
292,234,1,1,[331]
292,291,1,1,[331]
292,302,1,1,[331]
292,317,1,1,[331]
293,27,2,2,"[331, 307]"
293,186,1,1,[331]
293,273,1,1,[331]
293,277,1,1,[331]
294,42,1,1,[331]
294,105,1,1,[331]
294,119,1,1,[331]
295,46,1,1,[331]
295,83,1,1,[331]
295,95,1,1,[331]
295,130,1,1,[331]
295,231,1,1,[331]
295,282,2,1,"[331, 317]"
295,314,1,1,[331]
296,111,1,1,[331]
296,192,1,1,[331]
296,243,1,1,[331]
297,35,1,1,[331]
297,44,1,1,[331]
297,253,1,1,[331]
297,308,2,2,"[331, 353]"
298,76,1,1,[331]
298,103,1,1,[331]
298,104,1,1,[331]
298,185,1,1,[331]
298,251,1,1,[331]
298,265,1,1,[331]
299,95,2,2,"[331, 353]"
299,244,1,1,[331]
299,250,1,1,[331]
299,279,1,1,[331]
300,114,1,1,[331]
300,116,1,1,[331]
300,129,2,2,"[331, 307]"
300,132,1,1,[331]
300,195,1,1,[331]
300,287,1,1,[331]
300,311,1,1,[331]
301,65,3,2,"[331, 337, 349]"
301,76,1,1,[331]
301,103,1,1,[331]
301,104,1,1,[331]
301,185,1,1,[331]
301,251,1,1,[331]
301,265,1,1,[331]
302,147,1,1,[331]
302,266,1,1,[331]
302,305,1,1,[331]
303,118,1,1,[331]
303,222,1,1,[331]
303,312,1,1,[331]
304,70,2,1,"[331, 349]"
304,90,1,1,[331]
304,225,1,1,[331]
304,255,1,1,[331]
305,108,2,2,"[331, 307]"
305,136,1,1,[331]
305,138,1,1,[331]
305,233,1,1,[331]
305,284,1,1,[331]
305,294,1,1,[331]
305,329,1,1,[331]
306,17,1,1,[331]
306,127,1,1,[331]
306,148,1,1,[331]
306,212,1,1,[331]
306,267,1,1,[331]
306,281,1,1,[331]
307,26,1,1,[331]
307,68,2,2,"[331, 313]"
307,73,1,1,[331]
307,203,1,1,[331]
307,212,1,1,[331]
307,234,1,1,[331]
307,307,1,1,[331]
308,11,1,1,[331]
308,13,2,1,"[331, 313]"
308,193,1,1,[331]
308,307,1,1,[331]
309,30,1,1,[331]
309,47,1,1,[331]
309,70,2,2,"[331, 337]"
309,87,1,1,[331]
309,121,1,1,[331]
309,257,1,1,[331]
309,267,2,2,"[331, 337]"
309,302,1,1,[331]
310,29,1,1,[331]
310,130,1,1,[331]
310,131,1,1,[331]
310,229,1,1,[331]
310,265,1,1,[331]
310,272,1,1,[331]
311,30,1,1,[331]
311,47,1,1,[331]
311,70,2,1,"[331, 337]"
311,87,1,1,[331]
311,102,2,1,"[331, 347]"
311,121,1,1,[331]
311,257,1,1,[331]
311,267,2,1,"[331, 337]"
311,269,2,2,"[331, 349]"
311,302,1,1,[331]
312,5,1,1,[331]
312,45,1,1,[331]
312,205,1,1,[331]
312,219,1,1,[331]
312,230,1,1,[331]
312,250,1,1,[331]
313,29,1,1,[331]
313,84,1,1,[331]
313,166,1,1,[331]
313,254,2,2,"[331, 337]"
314,21,1,1,[331]
314,66,1,1,[331]
314,79,1,1,[331]
314,94,1,1,[331]
314,184,1,1,[331]
314,213,1,1,[331]
314,316,2,2,"[331, 347]"
315,14,1,1,[331]
315,44,1,1,[331]
315,142,1,1,[331]
315,163,1,1,[331]
315,173,1,1,[331]
315,233,1,1,[331]
315,295,2,2,"[331, 317]"
316,1,1,1,[331]
316,199,1,1,[331]
316,288,1,1,[331]
317,2,1,1,[331]
317,53,1,1,[331]
317,121,1,1,[331]
317,146,1,1,[331]
317,187,1,1,[331]
317,203,1,1,[331]
318,99,1,1,[331]
318,321,1,1,[331]
318,327,1,1,[331]
319,2,1,1,[331]
319,137,1,1,[331]
319,177,1,1,[331]
320,134,1,1,[331]
320,204,2,1,"[331, 349]"
320,242,1,1,[331]
320,274,1,1,[331]
321,134,1,1,[331]
321,242,1,1,[331]
321,274,1,1,[331]
322,31,1,1,[331]
322,77,1,1,[331]
322,178,1,1,[331]
322,195,1,1,[331]
322,209,1,1,[331]
322,232,1,1,[331]
323,135,1,1,[331]
323,172,1,1,[331]
323,217,1,1,[331]
324,55,1,1,[331]
324,68,1,1,[331]
324,292,1,1,[331]
325,3,1,1,[331]
325,16,1,1,[331]
325,115,1,1,[331]
325,139,1,1,[331]
325,219,1,1,[331]
325,245,1,1,[331]
326,45,1,1,[331]
326,79,1,1,[331]
326,92,1,1,[331]
326,109,1,1,[331]
326,196,1,1,[331]
326,201,1,1,[331]
327,21,1,1,[331]
327,65,1,1,[331]
327,81,1,1,[331]
327,95,1,1,[331]
327,160,1,1,[331]
327,268,1,1,[331]
328,102,1,1,[331]
328,107,1,1,[331]
328,120,2,1,"[331, 349]"
328,248,1,1,[331]
329,97,1,1,[331]
329,144,1,1,[331]
329,174,2,2,"[331, 349]"
329,190,1,1,[331]
330,114,1,1,[331]
330,116,1,1,[331]
330,132,1,1,[331]
330,195,1,1,[331]
330,287,1,1,[331]
330,311,1,1,[331]
1,14,2,1,"[337, 313]"
1,133,1,1,[337]
1,143,1,1,[337]
1,194,1,1,[337]
1,204,1,1,[337]
2,22,1,1,[337]
2,161,1,1,[337]
2,176,1,1,[337]
2,315,1,1,[337]
3,46,1,1,[337]
3,291,1,1,[337]
4,53,1,1,[337]
4,112,2,1,"[337, 313]"
4,133,1,1,[337]
4,204,1,1,[337]
4,284,1,1,[337]
5,88,2,2,"[337, 307]"
6,33,1,1,[337]
6,304,1,1,[337]
7,154,2,1,"[337, 313]"
7,163,1,1,[337]
7,174,1,1,[337]
8,60,1,1,[337]
8,161,1,1,[337]
8,176,1,1,[337]
8,277,1,1,[337]
9,116,1,1,[337]
9,154,1,1,[337]
9,183,1,1,[337]
9,221,1,1,[337]
11,8,1,1,[337]
11,46,1,1,[337]
11,148,1,1,[337]
11,189,1,1,[337]
11,291,1,1,[337]
11,329,1,1,[337]
12,31,1,1,[337]
12,169,2,2,"[337, 311]"
12,306,1,1,[337]
13,60,1,1,[337]
13,161,1,1,[337]
13,176,1,1,[337]
13,277,1,1,[337]
14,51,1,1,[337]
14,286,1,1,[337]
14,310,2,2,"[337, 331]"
15,1,1,1,[337]
15,90,1,1,[337]
15,150,1,1,[337]
15,187,1,1,[337]
15,247,1,1,[337]
15,336,1,1,[337]
16,53,1,1,[337]
16,87,1,1,[337]
16,250,1,1,[337]
16,284,1,1,[337]
18,34,1,1,[337]
18,80,1,1,[337]
18,257,1,1,[337]
18,303,1,1,[337]
21,99,1,1,[337]
21,118,1,1,[337]
21,219,1,1,[337]
21,238,1,1,[337]
22,33,1,1,[337]
22,55,1,1,[337]
22,79,1,1,[337]
22,258,1,1,[337]
22,282,1,1,[337]
22,304,1,1,[337]
24,73,1,1,[337]
24,264,1,1,[337]
25,105,1,1,[337]
25,232,1,1,[337]
26,53,1,1,[337]
26,87,1,1,[337]
26,175,2,2,"[337, 349]"
26,250,1,1,[337]
26,284,1,1,[337]
27,106,1,1,[337]
27,231,1,1,[337]
27,236,2,1,"[337, 353]"
28,44,1,1,[337]
28,108,2,2,"[337, 311]"
28,116,2,1,"[337, 313]"
28,293,1,1,[337]
30,38,1,1,[337]
30,49,1,1,[337]
30,52,1,1,[337]
30,285,1,1,[337]
30,288,1,1,[337]
30,299,1,1,[337]
32,60,1,1,[337]
32,143,1,1,[337]
32,194,1,1,[337]
32,277,1,1,[337]
32,305,2,1,"[337, 313]"
34,145,2,2,"[337, 347]"
35,48,1,1,[337]
35,106,1,1,[337]
35,121,1,1,[337]
35,216,1,1,[337]
35,231,1,1,[337]
35,289,1,1,[337]
36,83,1,1,[337]
36,116,1,1,[337]
36,221,1,1,[337]
36,254,1,1,[337]
37,34,1,1,[337]
37,80,1,1,[337]
37,257,1,1,[337]
37,303,1,1,[337]
38,67,2,2,"[337, 331]"
39,73,1,1,[337]
39,264,1,1,[337]
41,132,1,1,[337]
41,152,1,1,[337]
41,176,3,3,"[337, 307, 331]"
41,185,1,1,[337]
41,205,1,1,[337]
42,70,1,1,[337]
42,93,1,1,[337]
42,244,1,1,[337]
42,267,1,1,[337]
43,15,1,1,[337]
43,96,2,2,"[337, 347]"
43,322,1,1,[337]
44,31,1,1,[337]
44,64,1,1,[337]
44,164,1,1,[337]
44,173,1,1,[337]
44,273,1,1,[337]
44,306,1,1,[337]
47,46,1,1,[337]
47,291,1,1,[337]
48,89,1,1,[337]
48,120,2,2,"[337, 317]"
48,197,2,2,"[337, 317]"
48,248,1,1,[337]
49,124,1,1,[337]
49,153,1,1,[337]
49,184,1,1,[337]
49,213,1,1,[337]
50,68,1,1,[337]
50,269,1,1,[337]
51,29,1,1,[337]
51,49,1,1,[337]
51,64,1,1,[337]
51,273,1,1,[337]
51,288,1,1,[337]
51,308,1,1,[337]
52,60,1,1,[337]
52,143,1,1,[337]
52,194,1,1,[337]
52,277,1,1,[337]
53,31,1,1,[337]
53,64,1,1,[337]
53,164,1,1,[337]
53,173,1,1,[337]
53,177,2,1,"[337, 331]"
53,273,1,1,[337]
53,306,1,1,[337]
54,120,1,1,[337]
54,217,1,1,[337]
55,23,1,1,[337]
55,45,1,1,[337]
55,292,1,1,[337]
55,314,1,1,[337]
56,71,1,1,[337]
56,266,1,1,[337]
57,6,1,1,[337]
57,111,1,1,[337]
57,134,1,1,[337]
57,203,1,1,[337]
57,226,1,1,[337]
57,331,1,1,[337]
59,43,1,1,[337]
59,47,1,1,[337]
59,61,2,1,"[337, 331]"
59,163,1,1,[337]
59,174,1,1,[337]
59,290,1,1,[337]
59,294,1,1,[337]
60,8,1,1,[337]
60,46,1,1,[337]
60,148,1,1,[337]
60,189,1,1,[337]
60,259,2,2,"[337, 311]"
60,291,1,1,[337]
60,329,1,1,[337]
61,6,1,1,[337]
61,111,1,1,[337]
61,134,1,1,[337]
61,203,1,1,[337]
61,226,1,1,[337]
61,331,1,1,[337]
63,20,1,1,[337]
63,104,2,1,"[337, 331]"
63,317,1,1,[337]
64,22,1,1,[337]
64,87,1,1,[337]
64,250,1,1,[337]
64,315,1,1,[337]
65,253,2,2,"[337, 331]"
67,7,1,1,[337]
67,137,1,1,[337]
67,139,1,1,[337]
67,198,1,1,[337]
67,200,1,1,[337]
67,330,1,1,[337]
68,327,2,1,"[337, 349]"
69,111,1,1,[337]
69,120,1,1,[337]
69,137,1,1,[337]
69,200,1,1,[337]
69,217,1,1,[337]
69,226,1,1,[337]
70,111,1,1,[337]
70,120,1,1,[337]
70,137,1,1,[337]
70,200,1,1,[337]
70,217,1,1,[337]
70,226,1,1,[337]
71,1,1,1,[337]
71,68,1,1,[337]
71,164,1,1,[337]
71,173,1,1,[337]
71,269,1,1,[337]
71,336,1,1,[337]
72,34,1,1,[337]
72,65,1,1,[337]
72,272,1,1,[337]
72,303,1,1,[337]
73,230,2,1,"[337, 307]"
74,83,1,1,[337]
74,116,1,1,[337]
74,153,2,1,"[337, 349]"
74,221,1,1,[337]
74,254,1,1,[337]
75,45,1,1,[337]
75,132,1,1,[337]
75,205,1,1,[337]
75,292,1,1,[337]
76,243,2,2,"[337, 331]"
78,89,1,1,[337]
78,248,1,1,[337]
79,22,1,1,[337]
79,161,1,1,[337]
79,176,1,1,[337]
79,315,1,1,[337]
81,99,1,1,[337]
81,114,1,1,[337]
81,223,1,1,[337]
81,238,1,1,[337]
81,315,2,1,"[337, 353]"
82,124,1,1,[337]
82,153,1,1,[337]
82,184,1,1,[337]
82,213,1,1,[337]
84,67,1,1,[337]
84,78,2,1,"[337, 313]"
84,118,1,1,[337]
84,219,1,1,[337]
84,270,1,1,[337]
84,315,2,1,"[337, 349]"
85,90,1,1,[337]
85,247,1,1,[337]
86,106,1,1,[337]
86,231,1,1,[337]
87,1,1,1,[337]
87,3,2,2,"[337, 347]"
87,90,1,1,[337]
87,150,1,1,[337]
87,187,1,1,[337]
87,247,1,1,[337]
87,336,1,1,[337]
88,42,1,1,[337]
88,73,1,1,[337]
88,103,1,1,[337]
88,234,1,1,[337]
88,264,1,1,[337]
88,295,1,1,[337]
89,81,2,2,"[337, 347]"
89,325,2,1,"[337, 331]"
90,210,3,1,"[337, 307, 331]"
91,71,1,1,[337]
91,266,1,1,[337]
93,6,1,1,[337]
93,27,1,1,[337]
93,71,1,1,[337]
93,266,1,1,[337]
93,310,1,1,[337]
93,331,1,1,[337]
94,33,1,1,[337]
94,304,1,1,[337]
95,44,1,1,[337]
95,293,1,1,[337]
96,90,1,1,[337]
96,247,1,1,[337]
97,8,1,1,[337]
97,36,1,1,[337]
97,130,1,1,[337]
97,207,1,1,[337]
97,301,1,1,[337]
97,329,1,1,[337]
98,45,1,1,[337]
98,116,2,1,"[337, 349]"
98,132,1,1,[337]
98,205,1,1,[337]
98,292,1,1,[337]
99,48,1,1,[337]
99,106,1,1,[337]
99,121,1,1,[337]
99,216,1,1,[337]
99,231,1,1,[337]
99,289,1,1,[337]
100,166,1,1,[337]
100,171,1,1,[337]
101,25,1,1,[337]
101,43,1,1,[337]
101,109,1,1,[337]
101,228,1,1,[337]
101,294,1,1,[337]
101,312,1,1,[337]
102,42,1,1,[337]
102,148,1,1,[337]
102,160,1,1,[337]
102,177,1,1,[337]
102,189,1,1,[337]
102,295,1,1,[337]
103,132,1,1,[337]
103,152,1,1,[337]
103,185,1,1,[337]
103,205,1,1,[337]
104,22,1,1,[337]
104,87,1,1,[337]
104,250,1,1,[337]
104,315,1,1,[337]
106,42,1,1,[337]
106,73,1,1,[337]
106,103,1,1,[337]
106,190,2,2,"[337, 307]"
106,234,1,1,[337]
106,264,1,1,[337]
106,295,1,1,[337]
107,51,1,1,[337]
107,286,1,1,[337]
108,163,1,1,[337]
108,174,1,1,[337]
108,221,2,1,"[337, 349]"
109,6,1,1,[337]
109,27,1,1,[337]
109,71,1,1,[337]
109,266,1,1,[337]
109,310,1,1,[337]
109,331,1,1,[337]
110,19,1,1,[337]
110,152,1,1,[337]
110,185,1,1,[337]
110,221,2,2,"[337, 353]"
110,318,1,1,[337]
111,120,1,1,[337]
111,217,1,1,[337]
112,15,1,1,[337]
112,27,2,2,"[337, 331]"
112,322,1,1,[337]
113,151,1,1,[337]
113,186,1,1,[337]
114,25,1,1,[337]
114,43,1,1,[337]
114,109,1,1,[337]
114,228,1,1,[337]
114,294,1,1,[337]
114,312,1,1,[337]
115,140,1,1,[337]
115,197,1,1,[337]
116,255,2,2,"[337, 307]"
117,34,1,1,[337]
117,65,1,1,[337]
117,123,2,2,"[337, 349]"
117,272,1,1,[337]
117,303,1,1,[337]
118,51,1,1,[337]
118,85,1,1,[337]
118,123,1,1,[337]
118,214,1,1,[337]
118,252,1,1,[337]
118,286,1,1,[337]
119,7,1,1,[337]
119,122,2,1,"[337, 353]"
119,137,1,1,[337]
119,139,1,1,[337]
119,198,1,1,[337]
119,200,1,1,[337]
119,330,1,1,[337]
120,29,3,3,"[337, 331, 349]"
120,33,1,1,[337]
120,55,1,1,[337]
120,79,1,1,[337]
120,258,1,1,[337]
120,282,1,1,[337]
120,304,1,1,[337]
121,111,2,1,"[337, 347]"
121,134,1,1,[337]
121,203,1,1,[337]
122,25,1,1,[337]
122,43,1,1,[337]
122,109,1,1,[337]
122,228,1,1,[337]
122,294,1,1,[337]
122,312,1,1,[337]
123,109,1,1,[337]
123,228,1,1,[337]
125,29,1,1,[337]
125,49,1,1,[337]
125,64,1,1,[337]
125,273,1,1,[337]
125,288,1,1,[337]
125,308,1,1,[337]
126,29,1,1,[337]
126,93,2,1,"[337, 349]"
126,308,1,1,[337]
128,133,1,1,[337]
128,143,1,1,[337]
128,194,1,1,[337]
128,204,1,1,[337]
129,67,1,1,[337]
129,138,1,1,[337]
129,199,1,1,[337]
129,270,1,1,[337]
131,65,1,1,[337]
131,154,1,1,[337]
131,183,1,1,[337]
131,272,1,1,[337]
133,38,1,1,[337]
133,49,1,1,[337]
133,52,1,1,[337]
133,285,1,1,[337]
133,288,1,1,[337]
133,299,1,1,[337]
134,27,1,1,[337]
134,47,1,1,[337]
134,151,1,1,[337]
134,186,1,1,[337]
134,290,1,1,[337]
134,310,1,1,[337]
135,6,1,1,[337]
135,27,1,1,[337]
135,71,1,1,[337]
135,249,2,1,"[337, 353]"
135,266,1,1,[337]
135,310,1,1,[337]
135,331,1,1,[337]
136,149,2,2,"[337, 347]"
137,20,2,1,"[337, 353]"
137,31,1,1,[337]
137,306,1,1,[337]
138,43,1,1,[337]
138,47,1,1,[337]
138,163,1,1,[337]
138,174,1,1,[337]
138,290,1,1,[337]
138,294,1,1,[337]
138,328,2,2,"[337, 347]"
139,56,1,1,[337]
139,85,1,1,[337]
139,101,1,1,[337]
139,236,1,1,[337]
139,252,1,1,[337]
139,281,1,1,[337]
140,43,1,1,[337]
140,47,1,1,[337]
140,163,1,1,[337]
140,174,1,1,[337]
140,290,1,1,[337]
140,294,1,1,[337]
141,116,1,1,[337]
141,154,1,1,[337]
141,183,1,1,[337]
141,221,1,1,[337]
142,52,1,1,[337]
142,103,1,1,[337]
142,166,1,1,[337]
142,171,1,1,[337]
142,234,1,1,[337]
142,285,1,1,[337]
143,42,1,1,[337]
143,73,1,1,[337]
143,103,1,1,[337]
143,234,1,1,[337]
143,264,1,1,[337]
143,295,1,1,[337]
144,10,1,1,[337]
144,83,1,1,[337]
144,254,1,1,[337]
144,327,1,1,[337]
145,105,1,1,[337]
145,122,2,2,"[337, 311]"
145,232,1,1,[337]
147,61,1,1,[337]
147,73,2,1,"[337, 317]"
147,276,1,1,[337]
147,290,2,1,"[337, 331]"
148,34,1,1,[337]
148,65,1,1,[337]
148,272,1,1,[337]
148,303,1,1,[337]
149,130,1,1,[337]
149,207,1,1,[337]
149,288,2,1,"[337, 331]"
150,19,1,1,[337]
150,124,1,1,[337]
150,213,1,1,[337]
150,318,1,1,[337]
151,7,1,1,[337]
151,137,1,1,[337]
151,139,1,1,[337]
151,198,1,1,[337]
151,200,1,1,[337]
151,330,1,1,[337]
153,4,2,1,"[337, 347]"
153,67,2,1,"[337, 331]"
155,139,1,1,[337]
155,198,1,1,[337]
155,205,2,1,"[337, 349]"
156,90,1,1,[337]
156,161,2,1,"[337, 313]"
156,247,1,1,[337]
158,53,1,1,[337]
158,56,3,2,"[337, 311, 281]"
158,133,1,1,[337]
158,204,1,1,[337]
158,284,1,1,[337]
158,311,2,2,"[337, 313]"
161,29,1,1,[337]
161,49,1,1,[337]
161,64,1,1,[337]
161,273,1,1,[337]
161,288,1,1,[337]
161,308,1,1,[337]
162,93,1,1,[337]
162,138,1,1,[337]
162,199,1,1,[337]
162,244,1,1,[337]
163,55,1,1,[337]
163,105,1,1,[337]
163,162,1,1,[337]
163,175,1,1,[337]
163,232,1,1,[337]
163,282,1,1,[337]
164,45,1,1,[337]
164,132,1,1,[337]
164,205,1,1,[337]
164,292,1,1,[337]
165,101,1,1,[337]
165,236,1,1,[337]
166,47,2,1,"[337, 317]"
167,105,1,1,[337]
167,232,1,1,[337]
168,70,1,1,[337]
168,114,1,1,[337]
168,223,1,1,[337]
168,267,1,1,[337]
169,22,1,1,[337]
169,87,1,1,[337]
169,250,1,1,[337]
169,254,2,2,"[337, 307]"
169,315,1,1,[337]
170,38,1,1,[337]
170,299,1,1,[337]
172,120,1,1,[337]
172,217,1,1,[337]
173,10,1,1,[337]
173,56,2,1,"[337, 349]"
173,80,1,1,[337]
173,230,2,2,"[337, 313]"
173,257,1,1,[337]
173,327,1,1,[337]
174,38,1,1,[337]
174,49,1,1,[337]
174,52,1,1,[337]
174,285,1,1,[337]
174,288,1,1,[337]
174,299,1,1,[337]
175,53,1,1,[337]
175,133,1,1,[337]
175,204,1,1,[337]
175,284,1,1,[337]
175,311,2,1,"[337, 313]"
176,36,1,1,[337]
176,89,1,1,[337]
176,162,1,1,[337]
176,175,1,1,[337]
176,248,1,1,[337]
176,301,1,1,[337]
178,285,2,1,"[337, 317]"
179,93,1,1,[337]
179,138,1,1,[337]
179,141,2,1,"[337, 313]"
179,199,1,1,[337]
179,244,1,1,[337]
181,160,1,1,[337]
181,173,2,1,"[337, 331]"
181,177,1,1,[337]
182,15,1,1,[337]
182,322,1,1,[337]
184,255,2,2,"[337, 347]"
185,127,2,2,"[337, 307]"
185,143,2,1,"[337, 349]"
186,15,1,1,[337]
186,25,1,1,[337]
186,56,1,1,[337]
186,281,1,1,[337]
186,312,1,1,[337]
186,322,1,1,[337]
187,116,1,1,[337]
187,154,1,1,[337]
187,183,1,1,[337]
187,221,1,1,[337]
188,31,1,1,[337]
188,162,2,2,"[337, 331]"
188,306,1,1,[337]
188,317,2,2,"[337, 353]"
189,23,1,1,[337]
189,77,2,1,"[337, 347]"
189,153,1,1,[337]
189,184,1,1,[337]
189,314,1,1,[337]
190,71,1,1,[337]
190,266,1,1,[337]
192,38,1,1,[337]
192,258,2,2,"[337, 331]"
192,299,1,1,[337]
193,132,1,1,[337]
193,152,1,1,[337]
193,185,1,1,[337]
193,205,1,1,[337]
194,20,1,1,[337]
194,79,1,1,[337]
194,150,1,1,[337]
194,187,1,1,[337]
194,258,1,1,[337]
194,317,1,1,[337]
195,33,1,1,[337]
195,55,1,1,[337]
195,79,1,1,[337]
195,258,1,1,[337]
195,282,1,1,[337]
195,304,1,1,[337]
196,19,1,1,[337]
196,124,1,1,[337]
196,213,1,1,[337]
196,318,1,1,[337]
197,39,1,1,[337]
197,121,1,1,[337]
197,140,1,1,[337]
197,197,1,1,[337]
197,216,1,1,[337]
197,298,1,1,[337]
198,111,1,1,[337]
198,120,1,1,[337]
198,137,1,1,[337]
198,200,1,1,[337]
198,217,1,1,[337]
198,223,2,1,"[337, 307]"
198,226,1,1,[337]
199,39,1,1,[337]
199,121,1,1,[337]
199,140,1,1,[337]
199,197,1,1,[337]
199,216,1,1,[337]
199,298,1,1,[337]
200,130,1,1,[337]
200,207,1,1,[337]
201,318,2,1,"[337, 331]"
202,48,1,1,[337]
202,61,1,1,[337]
202,123,1,1,[337]
202,214,1,1,[337]
202,276,1,1,[337]
202,289,1,1,[337]
203,48,1,1,[337]
203,106,1,1,[337]
203,121,1,1,[337]
203,216,1,1,[337]
203,231,1,1,[337]
203,289,1,1,[337]
204,55,1,1,[337]
204,105,1,1,[337]
204,111,3,1,"[337, 313, 317]"
204,162,1,1,[337]
204,175,1,1,[337]
204,232,1,1,[337]
204,282,1,1,[337]
205,147,2,2,"[337, 307]"
206,124,1,1,[337]
206,153,1,1,[337]
206,184,1,1,[337]
206,213,1,1,[337]
208,133,1,1,[337]
208,143,1,1,[337]
208,147,2,2,"[337, 353]"
208,194,1,1,[337]
208,204,1,1,[337]
209,67,1,1,[337]
209,138,1,1,[337]
209,199,1,1,[337]
209,270,1,1,[337]
211,53,2,1,"[337, 349]"
211,89,1,1,[337]
211,140,2,2,"[337, 317]"
211,248,1,1,[337]
212,36,1,1,[337]
212,89,1,1,[337]
212,162,1,1,[337]
212,175,1,1,[337]
212,248,1,1,[337]
212,301,1,1,[337]
214,44,1,1,[337]
214,293,1,1,[337]
215,7,1,1,[337]
215,39,1,1,[337]
215,44,1,1,[337]
215,293,1,1,[337]
215,298,1,1,[337]
215,330,1,1,[337]
216,51,1,1,[337]
216,286,1,1,[337]
217,52,1,1,[337]
217,103,1,1,[337]
217,166,1,1,[337]
217,171,1,1,[337]
217,234,1,1,[337]
217,285,1,1,[337]
218,15,1,1,[337]
218,25,1,1,[337]
218,56,1,1,[337]
218,281,1,1,[337]
218,312,1,1,[337]
218,322,1,1,[337]
219,6,1,1,[337]
219,111,1,1,[337]
219,134,1,1,[337]
219,203,1,1,[337]
219,226,1,1,[337]
219,331,1,1,[337]
220,23,1,1,[337]
220,153,1,1,[337]
220,184,1,1,[337]
220,314,1,1,[337]
222,163,1,1,[337]
222,174,1,1,[337]
223,7,1,1,[337]
223,8,2,1,"[337, 313]"
223,39,1,1,[337]
223,44,1,1,[337]
223,186,2,1,"[337, 331]"
223,293,1,1,[337]
223,298,1,1,[337]
223,330,1,1,[337]
224,106,1,1,[337]
224,231,1,1,[337]
225,114,3,1,"[337, 331, 353]"
225,139,1,1,[337]
225,185,2,1,"[337, 313]"
225,198,1,1,[337]
225,252,2,2,"[337, 331]"
226,101,1,1,[337]
226,236,1,1,[337]
226,323,2,2,"[337, 331]"
227,83,1,1,[337]
227,116,1,1,[337]
227,221,1,1,[337]
227,254,1,1,[337]
228,48,1,1,[337]
228,61,1,1,[337]
228,123,1,1,[337]
228,214,1,1,[337]
228,276,1,1,[337]
228,289,1,1,[337]
229,140,1,1,[337]
229,197,1,1,[337]
230,44,2,1,"[337, 353]"
230,134,1,1,[337]
230,203,1,1,[337]
231,20,1,1,[337]
231,79,1,1,[337]
231,150,1,1,[337]
231,187,1,1,[337]
231,258,1,1,[337]
231,317,1,1,[337]
232,23,2,1,"[337, 331]"
232,290,2,1,"[337, 353]"
233,70,1,1,[337]
233,114,1,1,[337]
233,223,1,1,[337]
233,267,1,1,[337]
234,10,1,1,[337]
234,72,2,1,"[337, 313]"
234,83,1,1,[337]
234,254,1,1,[337]
234,327,1,1,[337]
235,1,1,1,[337]
235,90,1,1,[337]
235,150,1,1,[337]
235,187,1,1,[337]
235,247,1,1,[337]
235,290,2,1,"[337, 313]"
235,336,1,1,[337]
236,7,1,1,[337]
236,39,1,1,[337]
236,44,1,1,[337]
236,193,2,1,"[337, 307]"
236,293,1,1,[337]
236,298,1,1,[337]
236,316,2,2,"[337, 347]"
236,330,1,1,[337]
237,22,2,1,"[337, 349]"
237,33,1,1,[337]
237,304,1,1,[337]
238,27,1,1,[337]
238,47,1,1,[337]
238,151,1,1,[337]
238,186,1,1,[337]
238,290,1,1,[337]
238,310,1,1,[337]
239,10,1,1,[337]
239,80,1,1,[337]
239,257,1,1,[337]
239,327,1,1,[337]
240,31,1,1,[337]
240,64,1,1,[337]
240,145,2,2,"[337, 347]"
240,164,1,1,[337]
240,173,1,1,[337]
240,273,1,1,[337]
240,306,1,1,[337]
241,49,3,2,"[337, 331, 307]"
241,160,1,1,[337]
241,177,1,1,[337]
241,327,2,2,"[337, 331]"
242,109,1,1,[337]
242,228,1,1,[337]
243,166,1,1,[337]
243,171,1,1,[337]
244,48,1,1,[337]
244,61,1,1,[337]
244,123,1,1,[337]
244,214,1,1,[337]
244,276,1,1,[337]
244,289,1,1,[337]
246,61,1,1,[337]
246,276,1,1,[337]
249,20,1,1,[337]
249,79,1,1,[337]
249,150,1,1,[337]
249,187,1,1,[337]
249,258,1,1,[337]
249,317,1,1,[337]
250,42,1,1,[337]
250,148,1,1,[337]
250,160,1,1,[337]
250,177,1,1,[337]
250,189,1,1,[337]
250,295,1,1,[337]
251,91,2,1,"[337, 331]"
251,151,1,1,[337]
251,186,1,1,[337]
252,117,2,2,"[337, 311]"
252,160,1,1,[337]
252,177,1,1,[337]
253,60,1,1,[337]
253,143,1,1,[337]
253,194,1,1,[337]
253,277,1,1,[337]
255,65,1,1,[337]
255,154,1,1,[337]
255,183,1,1,[337]
255,272,1,1,[337]
256,22,1,1,[337]
256,161,1,1,[337]
256,176,1,1,[337]
256,315,1,1,[337]
258,99,1,1,[337]
258,114,1,1,[337]
258,223,1,1,[337]
258,238,1,1,[337]
259,29,1,1,[337]
259,308,1,1,[337]
259,321,2,1,"[337, 331]"
260,184,2,1,"[337, 331]"
262,10,1,1,[337]
262,80,1,1,[337]
262,257,1,1,[337]
262,327,1,1,[337]
263,19,1,1,[337]
263,152,1,1,[337]
263,185,1,1,[337]
263,318,1,1,[337]
265,23,1,1,[337]
265,153,1,1,[337]
265,184,1,1,[337]
265,311,2,1,"[337, 353]"
265,314,1,1,[337]
266,8,1,1,[337]
266,46,1,1,[337]
266,148,1,1,[337]
266,189,1,1,[337]
266,291,1,1,[337]
266,329,1,1,[337]
267,56,1,1,[337]
267,85,1,1,[337]
267,101,1,1,[337]
267,208,2,2,"[337, 307]"
267,236,1,1,[337]
267,252,1,1,[337]
267,281,1,1,[337]
268,56,1,1,[337]
268,85,1,1,[337]
268,101,1,1,[337]
268,236,1,1,[337]
268,252,1,1,[337]
268,281,1,1,[337]
270,15,1,1,[337]
270,25,1,1,[337]
270,56,1,1,[337]
270,142,2,1,"[337, 353]"
270,196,2,2,"[337, 307]"
270,281,1,1,[337]
270,312,1,1,[337]
270,322,1,1,[337]
272,37,2,1,"[337, 331]"
273,70,1,1,[337]
273,114,1,1,[337]
273,223,1,1,[337]
273,267,1,1,[337]
274,73,1,1,[337]
274,152,2,1,"[337, 331]"
274,264,1,1,[337]
274,265,2,2,"[337, 347]"
276,51,1,1,[337]
276,85,1,1,[337]
276,123,1,1,[337]
276,214,1,1,[337]
276,252,1,1,[337]
276,286,1,1,[337]
277,1,1,1,[337]
277,68,1,1,[337]
277,164,1,1,[337]
277,173,1,1,[337]
277,269,1,1,[337]
277,336,1,1,[337]
278,39,1,1,[337]
278,121,1,1,[337]
278,140,1,1,[337]
278,197,1,1,[337]
278,216,1,1,[337]
278,298,1,1,[337]
279,80,2,1,"[337, 331]"
279,298,2,2,"[337, 317]"
280,51,1,1,[337]
280,85,1,1,[337]
280,123,1,1,[337]
280,214,1,1,[337]
280,252,1,1,[337]
280,286,1,1,[337]
281,61,1,1,[337]
281,276,1,1,[337]
282,34,1,1,[337]
282,80,1,1,[337]
282,227,2,1,"[337, 313]"
282,257,1,1,[337]
282,303,1,1,[337]
283,101,1,1,[337]
283,236,1,1,[337]
284,8,1,1,[337]
284,36,1,1,[337]
284,130,1,1,[337]
284,207,1,1,[337]
284,301,1,1,[337]
284,329,1,1,[337]
285,67,1,1,[337]
285,118,1,1,[337]
285,219,1,1,[337]
285,270,1,1,[337]
286,36,1,1,[337]
286,89,1,1,[337]
286,162,1,1,[337]
286,175,1,1,[337]
286,248,1,1,[337]
286,301,1,1,[337]
287,46,1,1,[337]
287,291,1,1,[337]
288,65,1,1,[337]
288,154,1,1,[337]
288,183,1,1,[337]
288,272,1,1,[337]
289,29,1,1,[337]
289,308,1,1,[337]
290,68,1,1,[337]
290,269,1,1,[337]
291,50,2,1,"[337, 331]"
293,8,1,1,[337]
293,36,1,1,[337]
293,130,1,1,[337]
293,207,1,1,[337]
293,301,1,1,[337]
293,329,1,1,[337]
294,76,2,1,"[337, 311]"
294,139,1,1,[337]
294,198,1,1,[337]
295,53,1,1,[337]
295,87,1,1,[337]
295,162,2,1,"[337, 349]"
295,250,1,1,[337]
295,284,1,1,[337]
296,10,1,1,[337]
296,83,1,1,[337]
296,254,1,1,[337]
296,327,1,1,[337]
298,20,1,1,[337]
298,104,2,1,"[337, 331]"
298,151,2,2,"[337, 317]"
298,223,2,1,"[337, 313]"
298,317,1,1,[337]
300,23,1,1,[337]
300,45,1,1,[337]
300,292,1,1,[337]
300,314,1,1,[337]
301,19,1,1,[337]
301,65,2,2,"[337, 349]"
301,152,1,1,[337]
301,169,2,2,"[337, 353]"
301,185,1,1,[337]
301,318,1,1,[337]
302,27,1,1,[337]
302,47,1,1,[337]
302,151,1,1,[337]
302,186,1,1,[337]
302,290,1,1,[337]
302,310,1,1,[337]
303,153,2,1,"[337, 349]"
305,67,1,1,[337]
305,118,1,1,[337]
305,219,1,1,[337]
305,270,1,1,[337]
306,189,2,2,"[337, 353]"
307,55,1,1,[337]
307,105,1,1,[337]
307,162,1,1,[337]
307,175,1,1,[337]
307,226,2,2,"[337, 313]"
307,232,1,1,[337]
307,282,1,1,[337]
309,70,2,2,"[337, 331]"
309,109,1,1,[337]
309,228,1,1,[337]
309,267,2,2,"[337, 331]"
310,151,1,1,[337]
310,186,1,1,[337]
311,70,1,1,[337]
311,93,1,1,[337]
311,244,1,1,[337]
311,267,1,1,[337]
312,38,1,1,[337]
312,299,1,1,[337]
313,20,1,1,[337]
313,254,2,2,"[337, 331]"
313,317,1,1,[337]
315,52,1,1,[337]
315,103,1,1,[337]
315,166,1,1,[337]
315,171,1,1,[337]
315,234,1,1,[337]
315,285,1,1,[337]
316,60,1,1,[337]
316,161,1,1,[337]
316,176,1,1,[337]
316,277,1,1,[337]
319,23,1,1,[337]
319,45,1,1,[337]
319,292,1,1,[337]
319,314,1,1,[337]
321,70,1,1,[337]
321,93,1,1,[337]
321,244,1,1,[337]
321,267,1,1,[337]
322,42,1,1,[337]
322,78,2,2,"[337, 347]"
322,148,1,1,[337]
322,160,1,1,[337]
322,177,1,1,[337]
322,189,1,1,[337]
322,295,1,1,[337]
323,134,1,1,[337]
323,203,1,1,[337]
324,99,1,1,[337]
324,118,1,1,[337]
324,219,1,1,[337]
324,238,1,1,[337]
325,130,1,1,[337]
325,207,1,1,[337]
325,329,2,2,"[337, 347]"
326,1,1,1,[337]
326,68,1,1,[337]
326,164,1,1,[337]
326,173,1,1,[337]
326,269,1,1,[337]
326,336,1,1,[337]
327,310,2,2,"[337, 353]"
328,19,1,1,[337]
328,124,1,1,[337]
328,213,1,1,[337]
328,318,1,1,[337]
329,99,1,1,[337]
329,118,1,1,[337]
329,219,1,1,[337]
329,238,1,1,[337]
330,140,1,1,[337]
330,197,1,1,[337]
331,166,1,1,[337]
331,171,1,1,[337]
333,93,1,1,[337]
333,138,1,1,[337]
333,199,1,1,[337]
333,244,1,1,[337]
334,68,1,1,[337]
334,269,1,1,[337]
335,99,1,1,[337]
335,114,1,1,[337]
335,223,1,1,[337]
335,238,1,1,[337]
335,307,2,1,"[337, 347]"
336,67,1,1,[337]
336,138,1,1,[337]
336,199,1,1,[337]
336,270,1,1,[337]
1,272,1,1,[347]
1,336,2,1,"[347, 353]"
2,49,1,1,[347]
2,118,1,1,[347]
2,236,1,1,[347]
3,139,1,1,[347]
3,220,2,1,"[347, 317]"
4,253,1,1,[347]
5,93,1,1,[347]
5,109,1,1,[347]
5,220,1,1,[347]
6,85,1,1,[347]
6,289,1,1,[347]
6,318,1,1,[347]
7,213,1,1,[347]
7,280,1,1,[347]
7,328,1,1,[347]
8,97,1,1,[347]
8,194,1,1,[347]
8,302,1,1,[347]
9,57,1,1,[347]
10,60,1,1,[347]
11,252,1,1,[347]
12,276,1,1,[347]
13,226,1,1,[347]
14,171,1,1,[347]
15,133,1,1,[347]
15,182,1,1,[347]
15,240,1,1,[347]
16,58,1,1,[347]
17,13,1,1,[347]
17,180,1,1,[347]
17,310,1,1,[347]
18,63,1,1,[347]
18,126,1,1,[347]
18,282,1,1,[347]
19,128,1,1,[347]
19,256,1,1,[347]
19,259,1,1,[347]
20,25,2,1,"[347, 349]"
20,169,1,1,[347]
20,297,1,1,[347]
20,322,1,1,[347]
21,20,2,1,"[347, 349]"
21,137,1,1,[347]
21,327,1,1,[347]
21,337,1,1,[347]
22,137,1,1,[347]
22,224,1,1,[347]
22,240,2,1,"[347, 331]"
22,242,1,1,[347]
23,22,2,1,"[347, 349]"
23,116,1,1,[347]
23,325,1,1,[347]
23,336,1,1,[347]
24,14,1,1,[347]
24,117,1,1,[347]
24,232,1,1,[347]
25,6,1,1,[347]
26,43,1,1,[347]
26,195,1,1,[347]
26,278,1,1,[347]
27,283,1,1,[347]
28,31,1,1,[347]
28,74,2,1,"[347, 353]"
28,152,1,1,[347]
28,189,1,1,[347]
29,258,1,1,[347]
29,301,2,1,"[347, 317]"
30,97,1,1,[347]
31,21,1,1,[347]
32,13,1,1,[347]
32,183,1,1,[347]
32,265,1,1,[347]
33,338,1,1,[347]
34,145,2,2,"[347, 337]"
34,333,1,1,[347]
35,260,1,1,[347]
36,238,1,1,[347]
37,201,1,1,[347]
37,202,1,1,[347]
37,274,1,1,[347]
38,98,1,1,[347]
39,215,1,1,[347]
40,214,1,1,[347]
41,34,1,1,[347]
41,185,1,1,[347]
41,266,1,1,[347]
42,155,1,1,[347]
42,168,2,2,"[347, 317]"
43,96,2,2,"[347, 337]"
43,175,1,1,[347]
43,257,2,2,"[347, 353]"
44,66,1,1,[347]
45,41,1,1,[347]
45,82,1,1,[347]
45,167,1,1,[347]
46,344,1,1,[347]
47,142,1,1,[347]
47,206,1,1,[347]
47,284,1,1,[347]
48,197,3,2,"[347, 317, 337]"
48,221,1,1,[347]
49,47,1,1,[347]
50,121,1,1,[347]
50,171,1,1,[347]
50,342,1,1,[347]
51,212,1,1,[347]
51,235,1,1,[347]
51,291,1,1,[347]
52,274,1,1,[347]
53,37,1,1,[347]
54,169,1,1,[347]
54,213,1,1,[347]
54,258,1,1,[347]
55,24,2,1,"[347, 331]"
55,163,1,1,[347]
55,292,2,1,"[347, 337]"
55,300,1,1,[347]
55,326,1,1,[347]
56,20,1,1,[347]
56,139,2,1,"[347, 317]"
57,45,1,1,[347]
57,90,1,1,[347]
57,251,1,1,[347]
58,66,1,1,[347]
58,132,1,1,[347]
58,345,1,1,[347]
59,78,1,1,[347]
60,162,1,1,[347]
60,279,1,1,[347]
60,324,1,1,[347]
61,303,2,1,"[347, 313]"
61,343,1,1,[347]
62,20,2,1,"[347, 331]"
62,78,1,1,[347]
62,156,1,1,[347]
62,250,1,1,[347]
63,181,1,1,[347]
63,199,1,1,[347]
63,273,1,1,[347]
64,230,1,1,[347]
65,39,1,1,[347]
65,90,2,1,"[347, 311]"
65,193,1,1,[347]
65,236,1,1,[347]
66,181,1,1,[347]
66,264,1,1,[347]
66,339,1,1,[347]
67,137,2,1,"[347, 337]"
67,266,1,1,[347]
68,243,1,1,[347]
68,295,1,1,[347]
68,296,1,1,[347]
69,69,2,2,"[347, 353]"
69,95,1,1,[347]
69,133,2,1,"[347, 353]"
69,323,1,1,[347]
69,335,1,1,[347]
70,123,1,1,[347]
70,154,1,1,[347]
70,193,2,2,"[347, 349]"
70,246,1,1,[347]
71,101,1,1,[347]
72,33,1,1,[347]
72,173,1,1,[347]
72,190,1,1,[347]
73,223,1,1,[347]
74,264,1,1,[347]
75,322,1,1,[347]
76,10,1,1,[347]
76,17,1,1,[347]
76,34,1,1,[347]
77,131,1,1,[347]
77,161,1,1,[347]
77,239,1,1,[347]
78,55,1,1,[347]
78,110,1,1,[347]
78,114,1,1,[347]
79,129,1,1,[347]
79,140,1,1,[347]
79,238,1,1,[347]
80,36,1,1,[347]
80,53,1,1,[347]
80,200,1,1,[347]
81,151,1,1,[347]
81,196,2,1,"[347, 349]"
82,41,1,1,[347]
83,207,1,1,[347]
84,80,1,1,[347]
84,160,1,1,[347]
84,292,1,1,[347]
85,68,1,1,[347]
86,117,1,1,[347]
86,259,1,1,[347]
86,303,1,1,[347]
87,3,2,2,"[347, 337]"
87,313,1,1,[347]
88,146,1,1,[347]
88,264,2,1,"[347, 337]"
88,290,1,1,[347]
88,292,1,1,[347]
89,81,2,2,"[347, 337]"
89,123,1,1,[347]
90,232,1,1,[347]
91,48,1,1,[347]
91,151,1,1,[347]
91,302,1,1,[347]
92,24,2,1,"[347, 331]"
92,88,1,1,[347]
92,113,1,1,[347]
92,176,1,1,[347]
93,86,1,1,[347]
94,228,1,1,[347]
94,272,2,2,"[347, 353]"
95,218,1,1,[347]
96,105,1,1,[347]
96,226,1,1,[347]
96,235,1,1,[347]
97,107,1,1,[347]
97,227,1,1,[347]
97,256,1,1,[347]
98,125,1,1,[347]
98,196,1,1,[347]
98,250,1,1,[347]
99,211,1,1,[347]
100,299,1,1,[347]
101,12,1,1,[347]
101,249,1,1,[347]
101,298,1,1,[347]
102,174,1,1,[347]
103,106,1,1,[347]
103,144,1,1,[347]
103,212,1,1,[347]
104,3,1,1,[347]
104,175,1,1,[347]
104,205,1,1,[347]
105,189,1,1,[347]
106,27,1,1,[347]
106,110,1,1,[347]
106,187,1,1,[347]
107,198,1,1,[347]
107,291,2,2,"[347, 353]"
108,165,1,1,[347]
109,28,1,1,[347]
110,76,1,1,[347]
111,15,1,1,[347]
111,30,1,1,[347]
111,315,1,1,[347]
112,99,1,1,[347]
112,172,1,1,[347]
112,223,1,1,[347]
113,280,1,1,[347]
114,170,1,1,[347]
115,197,2,1,"[347, 337]"
115,312,1,1,[347]
116,18,1,1,[347]
116,329,2,1,"[347, 349]"
117,203,1,1,[347]
118,141,1,1,[347]
118,185,1,1,[347]
118,282,1,1,[347]
119,55,1,1,[347]
120,265,1,1,[347]
120,304,2,1,"[347, 337]"
121,111,1,1,[347]
122,35,1,1,[347]
122,119,1,1,[347]
122,233,1,1,[347]
123,164,1,1,[347]
123,321,1,1,[347]
123,328,1,1,[347]
124,179,1,1,[347]
125,173,1,1,[347]
125,255,1,1,[347]
125,260,1,1,[347]
126,106,1,1,[347]
127,45,1,1,[347]
128,243,1,1,[347]
128,271,1,1,[347]
128,309,1,1,[347]
129,254,1,1,[347]
130,305,1,1,[347]
131,84,1,1,[347]
132,72,1,1,[347]
133,309,1,1,[347]
134,241,1,1,[347]
134,275,1,1,[347]
134,294,1,1,[347]
135,56,1,1,[347]
135,121,1,1,[347]
135,234,1,1,[347]
136,112,1,1,[347]
136,149,2,2,"[347, 337]"
137,153,1,1,[347]
138,186,1,1,[347]
138,328,2,2,"[347, 337]"
139,26,1,1,[347]
139,37,3,2,"[347, 331, 353]"
139,52,1,1,[347]
139,199,1,1,[347]
140,2,1,1,[347]
141,67,1,1,[347]
141,89,1,1,[347]
141,218,1,1,[347]
141,308,2,1,"[347, 353]"
142,205,1,1,[347]
142,244,1,1,[347]
142,276,1,1,[347]
143,240,1,1,[347]
144,178,1,1,[347]
145,76,1,1,[347]
145,152,1,1,[347]
145,208,1,1,[347]
146,44,1,1,[347]
146,219,1,1,[347]
146,283,1,1,[347]
147,209,1,1,[347]
148,110,2,2,"[347, 349]"
148,119,1,1,[347]
148,127,1,1,[347]
148,237,1,1,[347]
149,212,2,2,"[347, 317]"
149,303,1,1,[347]
150,63,2,1,"[347, 353]"
150,132,1,1,[347]
150,155,1,1,[347]
150,310,1,1,[347]
151,43,1,1,[347]
151,285,1,1,[347]
151,316,1,1,[347]
152,257,1,1,[347]
153,2,1,1,[347]
153,4,1,1,[347]
153,42,1,1,[347]
154,286,1,1,[347]
155,25,1,1,[347]
155,85,1,1,[347]
155,216,1,1,[347]
156,15,1,1,[347]
157,154,2,1,"[347, 349]"
157,193,1,1,[347]
158,128,1,1,[347]
159,135,1,1,[347]
160,23,1,1,[347]
161,334,1,1,[347]
162,279,1,1,[347]
162,313,1,1,[347]
162,327,1,1,[347]
163,108,1,1,[347]
163,159,1,1,[347]
163,253,1,1,[347]
164,75,1,1,[347]
164,255,1,1,[347]
164,301,1,1,[347]
165,138,1,1,[347]
165,261,1,1,[347]
165,304,1,1,[347]
166,1,1,1,[347]
166,174,1,1,[347]
166,184,1,1,[347]
167,320,1,1,[347]
168,148,1,1,[347]
169,50,1,1,[347]
170,59,1,1,[347]
170,99,1,1,[347]
170,203,1,1,[347]
171,53,1,1,[347]
171,319,1,1,[347]
171,333,1,1,[347]
172,335,1,1,[347]
173,336,1,1,[347]
174,72,1,1,[347]
174,124,1,1,[347]
174,144,1,1,[347]
175,47,1,1,[347]
175,94,1,1,[347]
175,293,1,1,[347]
176,166,1,1,[347]
176,171,2,2,"[347, 353]"
177,22,1,1,[347]
178,71,1,1,[347]
178,204,2,1,"[347, 331]"
178,209,1,1,[347]
178,225,1,1,[347]
179,113,1,1,[347]
179,230,1,1,[347]
179,319,1,1,[347]
180,19,1,1,[347]
180,38,1,1,[347]
180,52,1,1,[347]
181,118,1,1,[347]
182,262,1,1,[347]
183,248,1,1,[347]
183,299,2,1,"[347, 313]"
184,3,2,1,"[347, 331]"
184,24,1,1,[347]
184,255,2,2,"[347, 337]"
185,304,1,1,[347]
186,22,1,1,[347]
186,44,1,1,[347]
186,115,1,1,[347]
187,105,2,2,"[347, 331]"
187,109,1,1,[347]
187,228,1,1,[347]
187,277,1,1,[347]
188,87,1,1,[347]
188,157,1,1,[347]
188,252,1,1,[347]
189,77,1,1,[347]
189,154,1,1,[347]
189,229,1,1,[347]
190,1,1,1,[347]
190,281,1,1,[347]
190,314,1,1,[347]
191,28,1,1,[347]
191,56,1,1,[347]
191,241,1,1,[347]
192,314,1,1,[347]
193,73,1,1,[347]
193,210,1,1,[347]
193,246,1,1,[347]
194,125,1,1,[347]
195,11,1,1,[347]
195,179,1,1,[347]
195,289,1,1,[347]
196,318,1,1,[347]
197,145,1,1,[347]
198,149,1,1,[347]
198,229,1,1,[347]
198,288,1,1,[347]
199,65,1,1,[347]
199,253,2,1,"[347, 353]"
200,20,1,1,[347]
200,40,1,1,[347]
200,73,1,1,[347]
200,327,2,1,"[347, 349]"
201,69,2,1,"[347, 313]"
201,164,1,1,[347]
201,307,2,1,"[347, 317]"
202,239,1,1,[347]
203,107,1,1,[347]
203,225,1,1,[347]
203,286,1,1,[347]
204,39,1,1,[347]
204,101,1,1,[347]
204,202,1,1,[347]
205,247,1,1,[347]
206,92,1,1,[347]
207,9,1,1,[347]
207,50,1,1,[347]
207,84,2,2,"[347, 331]"
207,100,1,1,[347]
207,160,2,1,"[347, 331]"
208,237,1,1,[347]
209,139,1,1,[347]
209,143,1,1,[347]
209,278,1,1,[347]
210,8,1,1,[347]
210,16,1,1,[347]
210,168,1,1,[347]
211,24,1,1,[347]
211,48,1,1,[347]
211,157,1,1,[347]
212,51,1,1,[347]
213,331,1,1,[347]
214,91,1,1,[347]
214,176,1,1,[347]
214,182,1,1,[347]
215,65,1,1,[347]
215,130,1,1,[347]
215,208,2,1,"[347, 331]"
215,324,1,1,[347]
216,18,1,1,[347]
216,31,1,1,[347]
216,36,1,1,[347]
216,51,2,1,"[347, 337]"
217,52,2,1,"[347, 337]"
217,158,1,1,[347]
217,313,2,2,"[347, 331]"
217,329,1,1,[347]
217,338,1,1,[347]
218,102,1,1,[347]
218,104,1,1,[347]
218,148,2,1,"[347, 331]"
218,208,1,1,[347]
219,54,1,1,[347]
220,29,1,1,[347]
220,84,1,1,[347]
220,168,1,1,[347]
221,95,1,1,[347]
221,130,1,1,[347]
221,221,1,1,[347]
222,288,1,1,[347]
223,275,1,1,[347]
223,285,1,1,[347]
223,311,1,1,[347]
224,187,1,1,[347]
225,162,1,1,[347]
226,326,1,1,[347]
226,345,1,1,[347]
226,346,1,1,[347]
227,32,1,1,[347]
227,64,1,1,[347]
227,325,1,1,[347]
228,74,1,1,[347]
228,321,1,1,[347]
228,334,1,1,[347]
229,311,1,1,[347]
230,46,1,1,[347]
230,87,1,1,[347]
230,217,1,1,[347]
231,81,1,1,[347]
231,103,1,1,[347]
231,206,1,1,[347]
232,16,1,1,[347]
232,166,1,1,[347]
232,332,1,1,[347]
233,71,1,1,[347]
233,86,1,1,[347]
233,172,1,1,[347]
234,60,1,1,[347]
234,120,1,1,[347]
234,219,1,1,[347]
234,227,2,1,"[347, 349]"
235,231,1,1,[347]
236,70,1,1,[347]
236,316,2,2,"[347, 337]"
237,165,1,1,[347]
237,330,1,1,[347]
237,342,1,1,[347]
238,6,1,1,[347]
238,12,1,1,[347]
238,126,1,1,[347]
239,222,1,1,[347]
239,269,1,1,[347]
239,308,1,1,[347]
240,92,1,1,[347]
240,145,2,2,"[347, 337]"
240,184,1,1,[347]
240,197,1,1,[347]
241,63,1,1,[347]
242,81,1,1,[347]
242,214,1,1,[347]
242,330,1,1,[347]
243,7,1,1,[347]
244,32,1,1,[347]
245,25,1,1,[347]
245,89,1,1,[347]
245,186,1,1,[347]
246,61,2,1,"[347, 337]"
246,234,1,1,[347]
247,29,1,1,[347]
247,66,2,2,"[347, 331]"
247,131,1,1,[347]
247,188,1,1,[347]
248,70,1,1,[347]
248,82,1,1,[347]
248,140,1,1,[347]
249,5,1,1,[347]
250,134,1,1,[347]
251,245,1,1,[347]
252,143,1,1,[347]
252,245,1,1,[347]
252,287,1,1,[347]
253,135,3,2,"[347, 331, 313]"
253,148,1,1,[347]
253,296,1,1,[347]
253,332,1,1,[347]
254,40,1,1,[347]
254,68,1,1,[347]
254,136,1,1,[347]
254,287,2,1,"[347, 331]"
255,295,1,1,[347]
256,240,2,2,"[347, 353]"
256,242,1,1,[347]
257,3,1,1,[347]
257,149,1,1,[347]
257,248,1,1,[347]
258,33,1,1,[347]
258,251,1,1,[347]
258,299,1,1,[347]
259,103,1,1,[347]
259,143,3,1,"[347, 331, 349]"
260,35,1,1,[347]
260,191,1,1,[347]
260,194,1,1,[347]
261,26,1,1,[347]
262,277,1,1,[347]
262,306,1,1,[347]
262,312,1,1,[347]
263,142,1,1,[347]
264,64,1,1,[347]
264,287,1,1,[347]
264,317,1,1,[347]
265,11,1,1,[347]
265,315,1,1,[347]
265,331,1,1,[347]
266,159,1,1,[347]
266,263,1,1,[347]
266,305,1,1,[347]
267,8,1,1,[347]
267,85,2,1,"[347, 337]"
267,88,2,1,"[347, 313]"
268,301,1,1,[347]
269,141,1,1,[347]
270,15,2,1,"[347, 337]"
270,190,1,1,[347]
271,195,1,1,[347]
272,61,1,1,[347]
272,69,1,1,[347]
272,138,1,1,[347]
272,286,2,2,"[347, 349]"
273,7,1,1,[347]
273,14,1,1,[347]
273,147,1,1,[347]
273,333,2,1,"[347, 349]"
274,23,1,1,[347]
274,46,1,1,[347]
274,136,1,1,[347]
274,265,2,2,"[347, 337]"
275,77,1,1,[347]
276,96,1,1,[347]
276,192,1,1,[347]
276,281,1,1,[347]
277,227,1,1,[347]
278,291,1,1,[347]
279,201,2,1,"[347, 331]"
279,220,1,1,[347]
280,57,1,1,[347]
280,114,1,1,[347]
280,156,1,1,[347]
280,233,2,1,"[347, 349]"
281,191,1,1,[347]
282,91,1,1,[347]
283,49,1,1,[347]
283,198,1,1,[347]
283,341,1,1,[347]
284,233,1,1,[347]
285,17,1,1,[347]
285,187,2,1,"[347, 313]"
286,147,1,1,[347]
286,247,1,1,[347]
286,329,1,1,[347]
287,62,1,1,[347]
288,4,1,1,[347]
288,83,1,1,[347]
288,215,1,1,[347]
289,308,1,1,[347]
290,210,1,1,[347]
291,90,1,1,[347]
291,153,1,1,[347]
291,306,1,1,[347]
292,124,2,2,"[347, 331]"
292,173,2,2,"[347, 317]"
292,298,1,1,[347]
293,163,1,1,[347]
294,115,1,1,[347]
294,231,1,1,[347]
294,340,1,1,[347]
295,167,1,1,[347]
295,192,1,1,[347]
295,257,1,1,[347]
296,317,1,1,[347]
297,104,1,1,[347]
298,38,1,1,[347]
298,134,1,1,[347]
298,268,1,1,[347]
299,127,1,1,[347]
299,293,1,1,[347]
299,320,1,1,[347]
300,2,2,1,"[347, 317]"
300,200,1,1,[347]
301,160,1,1,[347]
301,197,1,1,[347]
301,272,1,1,[347]
302,307,1,1,[347]
303,177,1,1,[347]
303,262,1,1,[347]
303,297,1,1,[347]
304,75,1,1,[347]
304,211,1,1,[347]
304,267,1,1,[347]
305,58,1,1,[347]
305,116,1,1,[347]
305,177,1,1,[347]
306,316,1,1,[347]
307,145,1,1,[347]
307,269,1,1,[347]
307,290,1,1,[347]
308,100,1,1,[347]
308,170,1,1,[347]
308,340,1,1,[347]
309,21,1,1,[347]
309,42,1,1,[347]
309,94,1,1,[347]
310,122,1,1,[347]
311,30,1,1,[347]
311,51,1,1,[347]
311,102,1,1,[347]
311,302,2,1,"[347, 331]"
312,129,1,1,[347]
312,161,1,1,[347]
312,254,1,1,[347]
313,284,1,1,[347]
313,341,1,1,[347]
313,344,1,1,[347]
314,122,1,1,[347]
314,133,1,1,[347]
314,244,1,1,[347]
314,316,2,2,"[347, 331]"
315,80,1,1,[347]
316,9,1,1,[347]
316,178,1,1,[347]
316,268,1,1,[347]
317,263,1,1,[347]
317,339,1,1,[347]
317,343,1,1,[347]
318,61,1,1,[347]
318,120,1,1,[347]
318,204,1,1,[347]
319,188,1,1,[347]
320,59,1,1,[347]
320,135,1,1,[347]
320,270,1,1,[347]
321,216,1,1,[347]
322,27,1,1,[347]
322,78,2,2,"[347, 337]"
322,150,1,1,[347]
322,295,2,1,"[347, 337]"
322,300,1,1,[347]
323,273,1,1,[347]
324,180,1,1,[347]
324,304,2,1,"[347, 353]"
325,204,1,1,[347]
325,329,2,2,"[347, 337]"
326,69,1,1,[347]
327,346,1,1,[347]
328,19,1,1,[347]
329,219,2,1,"[347, 337]"
329,294,1,1,[347]
330,146,1,1,[347]
331,62,1,1,[347]
331,124,1,1,[347]
331,261,1,1,[347]
332,79,1,1,[347]
333,111,1,1,[347]
333,222,1,1,[347]
333,249,1,1,[347]
334,24,2,1,"[347, 349]"
334,98,1,1,[347]
334,196,1,1,[347]
334,323,1,1,[347]
335,40,2,1,"[347, 349]"
335,201,1,1,[347]
335,267,1,1,[347]
335,307,1,1,[347]
336,54,1,1,[347]
336,93,1,1,[347]
336,108,1,1,[347]
336,269,2,2,"[347, 353]"
337,112,1,1,[347]
337,224,1,1,[347]
337,270,1,1,[347]
338,37,1,1,[347]
338,74,1,1,[347]
338,83,1,1,[347]
339,337,1,1,[347]
340,150,1,1,[347]
341,96,1,1,[347]
342,217,1,1,[347]
343,79,1,1,[347]
343,158,1,1,[347]
343,271,1,1,[347]
344,5,1,1,[347]
344,10,1,1,[347]
344,105,1,1,[347]
345,88,1,1,[347]
346,67,1,1,[347]
346,183,1,1,[347]
346,207,1,1,[347]
0,149,2,2,"[349, 313]"
0,177,2,2,"[349, 313]"
0,211,2,2,"[349, 313]"
0,229,2,2,"[349, 313]"
0,236,2,2,"[349, 313]"
0,250,2,2,"[349, 313]"
0,253,2,2,"[349, 313]"
0,267,2,2,"[349, 313]"
1,4,1,1,[349]
1,42,1,1,[349]
1,50,1,1,[349]
1,71,1,1,[349]
1,95,1,1,[349]
1,213,2,2,"[349, 331]"
1,254,1,1,[349]
1,278,1,1,[349]
1,299,1,1,[349]
1,307,1,1,[349]
1,345,1,1,[349]
2,16,1,1,[349]
2,47,1,1,[349]
2,302,1,1,[349]
2,333,1,1,[349]
3,30,1,1,[349]
3,68,1,1,[349]
3,281,1,1,[349]
3,319,1,1,[349]
4,85,1,1,[349]
4,137,1,1,[349]
4,212,1,1,[349]
4,264,1,1,[349]
5,109,1,1,[349]
5,161,1,1,[349]
5,188,1,1,[349]
5,240,1,1,[349]
6,62,1,1,[349]
6,104,1,1,[349]
6,147,1,1,[349]
6,202,1,1,[349]
6,245,1,1,[349]
6,287,1,1,[349]
7,107,1,1,[349]
7,147,1,1,[349]
7,158,1,1,[349]
7,191,1,1,[349]
7,202,1,1,[349]
7,242,1,1,[349]
7,280,2,1,"[349, 347]"
8,78,1,1,[349]
8,97,1,1,[349]
8,130,1,1,[349]
8,219,1,1,[349]
8,252,1,1,[349]
8,271,1,1,[349]
8,277,2,1,"[349, 337]"
9,46,1,1,[349]
9,87,1,1,[349]
9,98,3,2,"[349, 331, 313]"
9,108,1,1,[349]
9,122,1,1,[349]
9,172,1,1,[349]
9,177,1,1,[349]
9,227,1,1,[349]
9,241,1,1,[349]
9,262,1,1,[349]
9,303,1,1,[349]
10,7,1,1,[349]
10,23,1,1,[349]
10,56,1,1,[349]
10,131,2,1,"[349, 331]"
10,218,2,2,"[349, 331]"
10,293,1,1,[349]
10,326,1,1,[349]
10,342,1,1,[349]
11,70,1,1,[349]
11,124,2,1,"[349, 313]"
11,162,1,1,[349]
11,187,1,1,[349]
11,279,1,1,[349]
12,22,1,1,[349]
12,117,1,1,[349]
12,134,1,1,[349]
12,135,1,1,[349]
12,153,1,1,[349]
12,196,1,1,[349]
12,214,1,1,[349]
12,215,1,1,[349]
12,232,1,1,[349]
12,327,1,1,[349]
13,2,1,1,[349]
13,16,1,1,[349]
13,143,1,1,[349]
13,206,1,1,[349]
13,333,1,1,[349]
13,347,1,1,[349]
14,22,1,1,[349]
14,81,1,1,[349]
14,83,1,1,[349]
14,129,1,1,[349]
14,140,1,1,[349]
14,209,1,1,[349]
14,220,1,1,[349]
14,266,1,1,[349]
14,268,1,1,[349]
14,327,1,1,[349]
15,20,1,1,[349]
15,79,2,1,"[349, 331]"
15,83,1,1,[349]
15,84,1,1,[349]
15,91,1,1,[349]
15,132,1,1,[349]
15,217,1,1,[349]
15,258,1,1,[349]
15,265,1,1,[349]
15,266,1,1,[349]
15,329,1,1,[349]
16,7,1,1,[349]
16,43,2,2,"[349, 317]"
16,59,1,1,[349]
16,93,1,1,[349]
16,104,1,1,[349]
16,147,1,1,[349]
16,202,1,1,[349]
16,245,1,1,[349]
16,256,1,1,[349]
16,290,1,1,[349]
16,342,1,1,[349]
17,30,1,1,[349]
17,68,1,1,[349]
17,281,1,1,[349]
17,319,1,1,[349]
18,83,1,1,[349]
18,127,1,1,[349]
18,222,1,1,[349]
18,266,1,1,[349]
19,12,1,1,[349]
19,51,1,1,[349]
19,77,1,1,[349]
19,114,1,1,[349]
19,120,1,1,[349]
19,229,1,1,[349]
19,235,1,1,[349]
19,272,1,1,[349]
19,298,1,1,[349]
19,337,1,1,[349]
20,25,1,1,[349]
20,105,1,1,[349]
20,148,1,1,[349]
20,158,1,1,[349]
20,165,1,1,[349]
20,184,1,1,[349]
20,191,1,1,[349]
20,201,1,1,[349]
20,244,1,1,[349]
20,324,1,1,[349]
21,20,1,1,[349]
21,146,1,1,[349]
21,203,1,1,[349]
21,329,1,1,[349]
22,55,1,1,[349]
22,108,1,1,[349]
22,241,1,1,[349]
22,294,1,1,[349]
22,319,2,2,"[349, 331]"
23,22,1,1,[349]
23,81,1,1,[349]
23,83,1,1,[349]
23,129,1,1,[349]
23,140,1,1,[349]
23,209,1,1,[349]
23,220,1,1,[349]
23,227,2,1,"[349, 331]"
23,266,1,1,[349]
23,268,1,1,[349]
23,327,1,1,[349]
24,103,1,1,[349]
24,158,1,1,[349]
24,191,1,1,[349]
24,246,1,1,[349]
25,9,1,1,[349]
25,15,1,1,[349]
25,32,1,1,[349]
25,150,1,1,[349]
25,151,1,1,[349]
25,198,1,1,[349]
25,199,1,1,[349]
25,317,1,1,[349]
25,334,1,1,[349]
25,340,1,1,[349]
26,30,1,1,[349]
26,57,1,1,[349]
26,85,2,2,"[349, 331]"
26,95,1,1,[349]
26,97,1,1,[349]
26,142,1,1,[349]
26,175,2,2,"[349, 337]"
26,207,1,1,[349]
26,252,1,1,[349]
26,254,1,1,[349]
26,292,1,1,[349]
26,319,1,1,[349]
27,91,1,1,[349]
27,112,1,1,[349]
27,237,1,1,[349]
27,258,1,1,[349]
28,8,1,1,[349]
28,25,1,1,[349]
28,324,1,1,[349]
28,341,1,1,[349]
29,164,1,1,[349]
29,174,1,1,[349]
29,175,1,1,[349]
29,185,1,1,[349]
30,15,1,1,[349]
30,65,1,1,[349]
30,284,1,1,[349]
30,334,1,1,[349]
31,30,1,1,[349]
31,57,1,1,[349]
31,95,1,1,[349]
31,97,1,1,[349]
31,142,1,1,[349]
31,207,1,1,[349]
31,252,1,1,[349]
31,254,1,1,[349]
31,292,1,1,[349]
31,319,1,1,[349]
32,23,1,1,[349]
32,133,1,1,[349]
32,216,1,1,[349]
32,326,1,1,[349]
33,76,1,1,[349]
33,106,1,1,[349]
33,165,1,1,[349]
33,184,1,1,[349]
33,243,1,1,[349]
33,273,1,1,[349]
34,62,1,1,[349]
34,104,1,1,[349]
34,110,2,2,"[349, 331]"
34,147,1,1,[349]
34,202,1,1,[349]
34,245,1,1,[349]
34,287,1,1,[349]
35,9,1,1,[349]
35,39,1,1,[349]
35,310,1,1,[349]
35,340,1,1,[349]
36,140,1,1,[349]
36,148,1,1,[349]
36,201,1,1,[349]
36,209,1,1,[349]
37,40,1,1,[349]
37,142,1,1,[349]
37,207,1,1,[349]
37,309,1,1,[349]
38,145,1,1,[349]
38,163,1,1,[349]
38,186,1,1,[349]
38,204,1,1,[349]
39,104,1,1,[349]
39,131,1,1,[349]
39,218,1,1,[349]
39,245,1,1,[349]
40,6,1,1,[349]
40,106,1,1,[349]
40,243,1,1,[349]
40,343,1,1,[349]
41,12,1,1,[349]
41,20,1,1,[349]
41,85,1,1,[349]
41,149,1,1,[349]
41,159,1,1,[349]
41,190,1,1,[349]
41,200,1,1,[349]
41,264,1,1,[349]
41,329,1,1,[349]
41,337,1,1,[349]
42,19,1,1,[349]
42,84,1,1,[349]
42,265,1,1,[349]
42,330,1,1,[349]
43,70,1,1,[349]
43,162,1,1,[349]
43,187,1,1,[349]
43,279,1,1,[349]
44,42,1,1,[349]
44,95,1,1,[349]
44,119,1,1,[349]
44,230,1,1,[349]
44,254,1,1,[349]
44,307,1,1,[349]
44,318,2,2,"[349, 331]"
45,151,1,1,[349]
45,159,1,1,[349]
45,190,1,1,[349]
45,198,1,1,[349]
45,218,2,1,"[349, 353]"
46,8,1,1,[349]
46,25,1,1,[349]
46,324,1,1,[349]
46,341,1,1,[349]
47,72,1,1,[349]
47,87,1,1,[349]
47,122,1,1,[349]
47,227,1,1,[349]
47,262,1,1,[349]
47,277,1,1,[349]
48,164,1,1,[349]
48,174,1,1,[349]
48,175,1,1,[349]
48,185,1,1,[349]
49,151,1,1,[349]
49,159,1,1,[349]
49,190,1,1,[349]
49,198,1,1,[349]
50,58,1,1,[349]
50,94,1,1,[349]
50,255,1,1,[349]
50,291,1,1,[349]
51,46,1,1,[349]
51,87,1,1,[349]
51,108,1,1,[349]
51,122,1,1,[349]
51,172,1,1,[349]
51,177,1,1,[349]
51,227,1,1,[349]
51,241,1,1,[349]
51,262,1,1,[349]
51,303,1,1,[349]
52,98,1,1,[349]
52,130,1,1,[349]
52,219,1,1,[349]
52,251,1,1,[349]
53,9,1,1,[349]
53,15,1,1,[349]
53,132,1,1,[349]
53,217,1,1,[349]
53,334,1,1,[349]
53,340,1,1,[349]
54,16,1,1,[349]
54,71,1,1,[349]
54,120,2,1,"[349, 337]"
54,130,1,1,[349]
54,219,1,1,[349]
54,278,1,1,[349]
54,333,1,1,[349]
55,13,1,1,[349]
55,57,1,1,[349]
55,104,1,1,[349]
55,245,1,1,[349]
55,292,1,1,[349]
55,336,1,1,[349]
56,105,1,1,[349]
56,111,1,1,[349]
56,238,1,1,[349]
56,244,1,1,[349]
57,141,1,1,[349]
57,169,1,1,[349]
57,180,1,1,[349]
57,208,1,1,[349]
58,15,1,1,[349]
58,25,1,1,[349]
58,129,1,1,[349]
58,220,1,1,[349]
58,324,1,1,[349]
58,334,1,1,[349]
59,12,1,1,[349]
59,20,1,1,[349]
59,173,1,1,[349]
59,176,1,1,[349]
59,329,1,1,[349]
59,337,1,1,[349]
60,63,1,1,[349]
60,73,1,1,[349]
60,276,1,1,[349]
60,286,1,1,[349]
61,111,2,1,"[349, 337]"
61,113,1,1,[349]
61,122,1,1,[349]
61,143,1,1,[349]
61,206,1,1,[349]
61,227,1,1,[349]
61,236,1,1,[349]
62,98,1,1,[349]
62,130,1,1,[349]
62,219,1,1,[349]
62,251,1,1,[349]
63,78,1,1,[349]
63,97,1,1,[349]
63,130,1,1,[349]
63,219,1,1,[349]
63,252,1,1,[349]
63,271,1,1,[349]
64,43,1,1,[349]
64,144,1,1,[349]
64,205,1,1,[349]
64,306,1,1,[349]
65,23,1,1,[349]
65,133,1,1,[349]
65,216,1,1,[349]
65,326,1,1,[349]
66,9,1,1,[349]
66,15,1,1,[349]
66,32,1,1,[349]
66,150,1,1,[349]
66,151,1,1,[349]
66,198,1,1,[349]
66,199,1,1,[349]
66,317,1,1,[349]
66,334,1,1,[349]
66,340,1,1,[349]
67,14,1,1,[349]
67,74,1,1,[349]
67,144,2,2,"[349, 331]"
67,147,1,1,[349]
67,158,1,1,[349]
67,174,1,1,[349]
67,175,1,1,[349]
67,191,1,1,[349]
67,202,1,1,[349]
67,275,1,1,[349]
67,335,1,1,[349]
68,22,1,1,[349]
68,117,1,1,[349]
68,134,1,1,[349]
68,135,1,1,[349]
68,153,1,1,[349]
68,196,1,1,[349]
68,214,1,1,[349]
68,215,1,1,[349]
68,232,1,1,[349]
68,327,1,1,[349]
69,19,1,1,[349]
69,84,1,1,[349]
69,265,1,1,[349]
69,330,1,1,[349]
70,26,1,1,[349]
70,32,1,1,[349]
70,193,2,2,"[349, 347]"
70,317,1,1,[349]
70,323,1,1,[349]
71,42,1,1,[349]
71,167,1,1,[349]
71,182,1,1,[349]
71,307,1,1,[349]
72,12,1,1,[349]
72,20,1,1,[349]
72,173,1,1,[349]
72,176,1,1,[349]
72,329,1,1,[349]
72,337,1,1,[349]
73,46,1,1,[349]
73,81,1,1,[349]
73,133,2,2,"[349, 331]"
73,268,1,1,[349]
73,303,1,1,[349]
74,94,1,1,[349]
74,150,1,1,[349]
74,153,1,1,[349]
74,196,1,1,[349]
74,199,1,1,[349]
74,255,1,1,[349]
75,89,1,1,[349]
75,124,1,1,[349]
75,225,1,1,[349]
75,260,1,1,[349]
76,89,1,1,[349]
76,124,1,1,[349]
76,225,1,1,[349]
76,237,2,1,"[349, 331]"
76,260,1,1,[349]
77,9,1,1,[349]
77,49,1,1,[349]
77,89,1,1,[349]
77,90,1,1,[349]
77,145,1,1,[349]
77,194,3,1,"[349, 331, 313]"
77,204,1,1,[349]
77,259,1,1,[349]
77,260,1,1,[349]
77,300,1,1,[349]
77,340,1,1,[349]
78,18,1,1,[349]
78,29,1,1,[349]
78,320,1,1,[349]
78,331,1,1,[349]
79,13,1,1,[349]
79,57,1,1,[349]
79,104,1,1,[349]
79,245,1,1,[349]
79,292,1,1,[349]
79,336,1,1,[349]
80,4,1,1,[349]
80,166,1,1,[349]
80,183,1,1,[349]
80,345,1,1,[349]
81,94,1,1,[349]
81,107,1,1,[349]
81,124,1,1,[349]
81,153,1,1,[349]
81,154,1,1,[349]
81,195,1,1,[349]
81,196,1,1,[349]
81,225,1,1,[349]
81,242,1,1,[349]
81,255,1,1,[349]
81,321,2,2,"[349, 331]"
82,9,1,1,[349]
82,39,1,1,[349]
82,310,1,1,[349]
82,340,1,1,[349]
83,109,1,1,[349]
83,161,1,1,[349]
83,188,1,1,[349]
83,240,1,1,[349]
84,12,1,1,[349]
84,34,1,1,[349]
84,77,1,1,[349]
84,272,1,1,[349]
84,315,1,1,[349]
84,337,1,1,[349]
85,20,1,1,[349]
85,83,1,1,[349]
85,84,1,1,[349]
85,91,1,1,[349]
85,132,1,1,[349]
85,143,2,2,"[349, 331]"
85,217,1,1,[349]
85,258,1,1,[349]
85,265,1,1,[349]
85,266,1,1,[349]
85,329,1,1,[349]
86,55,1,1,[349]
86,108,1,1,[349]
86,241,1,1,[349]
86,294,1,1,[349]
87,16,1,1,[349]
87,68,1,1,[349]
87,130,1,1,[349]
87,152,1,1,[349]
87,160,1,1,[349]
87,189,1,1,[349]
87,197,1,1,[349]
87,219,1,1,[349]
87,281,1,1,[349]
87,313,2,1,"[349, 347]"
87,333,1,1,[349]
88,13,1,1,[349]
88,40,1,1,[349]
88,73,1,1,[349]
88,76,1,1,[349]
88,106,1,1,[349]
88,218,2,1,"[349, 331]"
88,243,1,1,[349]
88,273,1,1,[349]
88,276,1,1,[349]
88,309,1,1,[349]
88,336,1,1,[349]
89,104,1,1,[349]
89,131,1,1,[349]
89,170,2,2,"[349, 331]"
89,218,1,1,[349]
89,245,1,1,[349]
90,77,1,1,[349]
90,116,1,1,[349]
90,160,1,1,[349]
90,189,1,1,[349]
90,233,1,1,[349]
90,272,1,1,[349]
91,59,1,1,[349]
91,157,1,1,[349]
91,192,1,1,[349]
91,290,1,1,[349]
92,105,1,1,[349]
92,111,1,1,[349]
92,238,1,1,[349]
92,244,1,1,[349]
93,18,1,1,[349]
93,29,1,1,[349]
93,320,1,1,[349]
93,331,1,1,[349]
94,2,1,1,[349]
94,33,1,1,[349]
94,42,1,1,[349]
94,70,1,1,[349]
94,123,1,1,[349]
94,226,1,1,[349]
94,279,1,1,[349]
94,307,1,1,[349]
94,316,1,1,[349]
94,347,1,1,[349]
95,46,1,1,[349]
95,81,1,1,[349]
95,268,1,1,[349]
95,303,1,1,[349]
96,15,1,1,[349]
96,25,1,1,[349]
96,129,1,1,[349]
96,220,1,1,[349]
96,324,1,1,[349]
96,334,1,1,[349]
97,57,1,1,[349]
97,95,1,1,[349]
97,138,1,1,[349]
97,211,1,1,[349]
97,254,1,1,[349]
97,292,1,1,[349]
98,77,1,1,[349]
98,116,1,1,[349]
98,160,1,1,[349]
98,189,1,1,[349]
98,196,2,1,"[349, 347]"
98,233,1,1,[349]
98,272,1,1,[349]
99,142,2,1,"[349, 313]"
99,145,1,1,[349]
99,163,1,1,[349]
99,186,1,1,[349]
99,204,1,1,[349]
100,24,1,1,[349]
100,155,1,1,[349]
100,194,1,1,[349]
100,325,1,1,[349]
101,95,1,1,[349]
101,170,1,1,[349]
101,179,1,1,[349]
101,254,1,1,[349]
102,83,1,1,[349]
102,127,1,1,[349]
102,222,1,1,[349]
102,266,1,1,[349]
103,16,1,1,[349]
103,47,1,1,[349]
103,302,1,1,[349]
103,333,1,1,[349]
104,51,1,1,[349]
104,152,1,1,[349]
104,197,1,1,[349]
104,298,1,1,[349]
105,70,1,1,[349]
105,96,1,1,[349]
105,116,1,1,[349]
105,233,1,1,[349]
105,253,1,1,[349]
105,279,1,1,[349]
106,12,1,1,[349]
106,26,2,1,"[349, 331]"
106,27,2,1,"[349, 347]"
106,51,1,1,[349]
106,77,1,1,[349]
106,114,1,1,[349]
106,120,1,1,[349]
106,229,1,1,[349]
106,235,1,1,[349]
106,272,1,1,[349]
106,298,1,1,[349]
106,337,1,1,[349]
107,95,1,1,[349]
107,170,1,1,[349]
107,179,1,1,[349]
107,254,1,1,[349]
108,18,1,1,[349]
108,57,1,1,[349]
108,104,1,1,[349]
108,128,1,1,[349]
108,155,1,1,[349]
108,194,1,1,[349]
108,221,1,1,[349]
108,245,1,1,[349]
108,292,1,1,[349]
108,298,2,1,"[349, 331]"
108,331,1,1,[349]
109,140,1,1,[349]
109,148,1,1,[349]
109,201,1,1,[349]
109,209,1,1,[349]
110,94,1,1,[349]
110,107,1,1,[349]
110,124,1,1,[349]
110,153,1,1,[349]
110,154,1,1,[349]
110,195,1,1,[349]
110,196,1,1,[349]
110,225,1,1,[349]
110,242,1,1,[349]
110,255,1,1,[349]
111,55,1,1,[349]
111,70,1,1,[349]
111,113,1,1,[349]
111,116,1,1,[349]
111,144,1,1,[349]
111,205,1,1,[349]
111,233,1,1,[349]
111,236,1,1,[349]
111,279,1,1,[349]
111,294,1,1,[349]
112,9,1,1,[349]
112,15,1,1,[349]
112,132,1,1,[349]
112,217,1,1,[349]
112,334,1,1,[349]
112,340,1,1,[349]
113,113,1,1,[349]
113,122,1,1,[349]
113,143,1,1,[349]
113,206,1,1,[349]
113,227,1,1,[349]
113,236,1,1,[349]
113,270,2,2,"[349, 331]"
114,42,1,1,[349]
114,70,1,1,[349]
114,82,1,1,[349]
114,267,1,1,[349]
114,279,1,1,[349]
114,307,1,1,[349]
115,26,1,1,[349]
115,32,1,1,[349]
115,302,2,1,"[349, 331]"
115,317,1,1,[349]
115,323,1,1,[349]
116,12,1,1,[349]
116,20,1,1,[349]
116,85,1,1,[349]
116,98,2,2,"[349, 331]"
116,149,1,1,[349]
116,159,1,1,[349]
116,190,1,1,[349]
116,200,1,1,[349]
116,264,1,1,[349]
116,329,1,1,[349]
116,337,1,1,[349]
117,22,1,1,[349]
117,54,1,1,[349]
117,83,1,1,[349]
117,123,2,2,"[349, 337]"
117,266,1,1,[349]
117,295,1,1,[349]
117,327,1,1,[349]
118,16,1,1,[349]
118,68,1,1,[349]
118,130,1,1,[349]
118,152,1,1,[349]
118,160,1,1,[349]
118,189,1,1,[349]
118,197,1,1,[349]
118,219,1,1,[349]
118,281,1,1,[349]
118,333,1,1,[349]
119,20,1,1,[349]
119,146,1,1,[349]
119,203,1,1,[349]
119,329,1,1,[349]
120,9,1,1,[349]
120,29,3,3,"[349, 337, 331]"
120,145,1,1,[349]
120,149,1,1,[349]
120,200,1,1,[349]
120,204,1,1,[349]
120,340,1,1,[349]
121,35,2,1,"[349, 353]"
121,51,1,1,[349]
121,152,1,1,[349]
121,197,1,1,[349]
121,298,1,1,[349]
122,4,1,1,[349]
122,42,1,1,[349]
122,50,1,1,[349]
122,71,1,1,[349]
122,95,1,1,[349]
122,98,2,2,"[349, 331]"
122,254,1,1,[349]
122,278,1,1,[349]
122,299,1,1,[349]
122,307,1,1,[349]
122,345,1,1,[349]
123,49,1,1,[349]
123,114,1,1,[349]
123,235,1,1,[349]
123,300,1,1,[349]
124,51,1,1,[349]
124,152,1,1,[349]
124,197,1,1,[349]
124,298,1,1,[349]
125,14,1,1,[349]
125,117,1,1,[349]
125,232,1,1,[349]
125,335,1,1,[349]
126,7,1,1,[349]
126,59,1,1,[349]
126,93,1,1,[349]
126,104,1,1,[349]
126,147,1,1,[349]
126,202,1,1,[349]
126,245,1,1,[349]
126,256,1,1,[349]
126,290,1,1,[349]
126,342,1,1,[349]
127,12,1,1,[349]
127,34,1,1,[349]
127,77,1,1,[349]
127,272,1,1,[349]
127,315,1,1,[349]
127,337,1,1,[349]
128,56,1,1,[349]
128,74,1,1,[349]
128,106,1,1,[349]
128,243,1,1,[349]
128,275,1,1,[349]
128,293,1,1,[349]
129,76,1,1,[349]
129,106,1,1,[349]
129,165,1,1,[349]
129,184,1,1,[349]
129,243,1,1,[349]
129,273,1,1,[349]
130,43,1,1,[349]
130,144,1,1,[349]
130,205,1,1,[349]
130,306,1,1,[349]
131,28,1,1,[349]
131,87,1,1,[349]
131,155,2,1,"[349, 313]"
131,262,1,1,[349]
131,321,1,1,[349]
132,58,1,1,[349]
132,94,1,1,[349]
132,255,1,1,[349]
132,291,1,1,[349]
133,42,1,1,[349]
133,95,1,1,[349]
133,119,1,1,[349]
133,230,1,1,[349]
133,254,1,1,[349]
133,307,1,1,[349]
134,10,1,1,[349]
134,56,1,1,[349]
134,293,1,1,[349]
134,339,1,1,[349]
135,14,1,1,[349]
135,74,1,1,[349]
135,147,1,1,[349]
135,158,1,1,[349]
135,174,1,1,[349]
135,175,1,1,[349]
135,191,1,1,[349]
135,202,1,1,[349]
135,275,1,1,[349]
135,335,1,1,[349]
136,103,1,1,[349]
136,109,2,1,"[349, 313]"
136,158,1,1,[349]
136,191,1,1,[349]
136,246,1,1,[349]
137,20,1,1,[349]
137,83,1,1,[349]
137,172,1,1,[349]
137,177,1,1,[349]
137,266,1,1,[349]
137,329,1,1,[349]
138,12,1,1,[349]
138,34,1,1,[349]
138,77,1,1,[349]
138,272,1,1,[349]
138,315,1,1,[349]
138,337,1,1,[349]
139,85,1,1,[349]
139,137,1,1,[349]
139,212,1,1,[349]
139,264,1,1,[349]
140,87,1,1,[349]
140,120,1,1,[349]
140,145,1,1,[349]
140,204,1,1,[349]
140,229,1,1,[349]
140,262,1,1,[349]
141,95,1,1,[349]
141,170,1,1,[349]
141,179,1,1,[349]
141,254,1,1,[349]
142,5,1,1,[349]
142,33,1,1,[349]
142,316,1,1,[349]
142,344,1,1,[349]
143,23,1,1,[349]
143,44,1,1,[349]
143,56,1,1,[349]
143,119,1,1,[349]
143,164,1,1,[349]
143,185,1,1,[349]
143,230,1,1,[349]
143,293,1,1,[349]
143,305,1,1,[349]
143,326,1,1,[349]
144,16,1,1,[349]
144,68,1,1,[349]
144,130,1,1,[349]
144,152,1,1,[349]
144,160,1,1,[349]
144,189,1,1,[349]
144,197,1,1,[349]
144,219,1,1,[349]
144,235,2,1,"[349, 317]"
144,281,1,1,[349]
144,333,1,1,[349]
145,72,1,1,[349]
145,77,1,1,[349]
145,109,1,1,[349]
145,116,1,1,[349]
145,141,1,1,[349]
145,208,1,1,[349]
145,233,1,1,[349]
145,240,1,1,[349]
145,272,1,1,[349]
145,277,1,1,[349]
146,2,1,1,[349]
146,16,1,1,[349]
146,143,1,1,[349]
146,206,1,1,[349]
146,333,1,1,[349]
146,347,1,1,[349]
147,14,1,1,[349]
147,74,1,1,[349]
147,147,1,1,[349]
147,158,1,1,[349]
147,174,1,1,[349]
147,175,1,1,[349]
147,191,1,1,[349]
147,202,1,1,[349]
147,275,1,1,[349]
147,335,1,1,[349]
148,54,1,1,[349]
148,87,1,1,[349]
148,110,2,2,"[349, 347]"
148,145,1,1,[349]
148,156,1,1,[349]
148,169,1,1,[349]
148,180,1,1,[349]
148,193,1,1,[349]
148,204,1,1,[349]
148,233,2,2,"[349, 331]"
148,262,1,1,[349]
148,295,1,1,[349]
149,15,1,1,[349]
149,65,1,1,[349]
149,284,1,1,[349]
149,334,1,1,[349]
150,72,1,1,[349]
150,87,1,1,[349]
150,122,1,1,[349]
150,227,1,1,[349]
150,262,1,1,[349]
150,277,1,1,[349]
151,3,1,1,[349]
151,16,1,1,[349]
151,19,2,2,"[349, 331]"
151,34,1,1,[349]
151,137,1,1,[349]
151,143,1,1,[349]
151,206,1,1,[349]
151,211,2,1,"[349, 317]"
151,212,1,1,[349]
151,315,1,1,[349]
151,333,1,1,[349]
151,346,1,1,[349]
152,72,1,1,[349]
152,87,1,1,[349]
152,122,1,1,[349]
152,227,1,1,[349]
152,262,1,1,[349]
152,277,1,1,[349]
153,91,1,1,[349]
153,112,1,1,[349]
153,237,1,1,[349]
153,258,1,1,[349]
154,35,1,1,[349]
154,153,1,1,[349]
154,196,1,1,[349]
154,314,1,1,[349]
155,43,1,1,[349]
155,144,1,1,[349]
155,205,1,1,[349]
155,306,1,1,[349]
156,107,1,1,[349]
156,147,1,1,[349]
156,158,1,1,[349]
156,191,1,1,[349]
156,202,1,1,[349]
156,242,1,1,[349]
157,84,2,2,"[349, 331]"
157,93,1,1,[349]
157,154,1,1,[349]
157,195,1,1,[349]
157,256,1,1,[349]
158,94,1,1,[349]
158,107,1,1,[349]
158,124,1,1,[349]
158,153,1,1,[349]
158,154,1,1,[349]
158,195,1,1,[349]
158,196,1,1,[349]
158,225,1,1,[349]
158,242,1,1,[349]
158,255,1,1,[349]
159,79,1,1,[349]
159,116,1,1,[349]
159,233,1,1,[349]
159,270,1,1,[349]
160,76,1,1,[349]
160,94,1,1,[349]
160,99,1,1,[349]
160,250,1,1,[349]
160,255,1,1,[349]
160,273,1,1,[349]
161,77,1,1,[349]
161,116,1,1,[349]
161,160,1,1,[349]
161,189,1,1,[349]
161,233,1,1,[349]
161,272,1,1,[349]
162,61,1,1,[349]
162,147,1,1,[349]
162,202,1,1,[349]
162,288,1,1,[349]
163,76,1,1,[349]
163,136,1,1,[349]
163,213,1,1,[349]
163,273,1,1,[349]
164,26,1,1,[349]
164,32,1,1,[349]
164,317,1,1,[349]
164,323,1,1,[349]
165,21,1,1,[349]
165,22,1,1,[349]
165,327,1,1,[349]
165,328,1,1,[349]
166,7,1,1,[349]
166,23,1,1,[349]
166,56,1,1,[349]
166,293,1,1,[349]
166,326,1,1,[349]
166,342,1,1,[349]
167,58,1,1,[349]
167,94,1,1,[349]
167,255,1,1,[349]
167,291,1,1,[349]
168,29,1,1,[349]
168,78,1,1,[349]
168,96,1,1,[349]
168,130,1,1,[349]
168,161,1,1,[349]
168,188,1,1,[349]
168,219,1,1,[349]
168,253,1,1,[349]
168,271,1,1,[349]
168,320,1,1,[349]
169,91,1,1,[349]
169,112,1,1,[349]
169,237,1,1,[349]
169,258,1,1,[349]
170,15,1,1,[349]
170,65,1,1,[349]
170,284,1,1,[349]
170,334,1,1,[349]
171,15,1,1,[349]
171,19,1,1,[349]
171,25,1,1,[349]
171,63,1,1,[349]
171,99,1,1,[349]
171,250,1,1,[349]
171,286,1,1,[349]
171,324,1,1,[349]
171,330,1,1,[349]
171,334,1,1,[349]
172,42,1,1,[349]
172,95,1,1,[349]
172,119,1,1,[349]
172,230,1,1,[349]
172,254,1,1,[349]
172,307,1,1,[349]
173,7,1,1,[349]
173,23,1,1,[349]
173,56,1,1,[349]
173,293,1,1,[349]
173,326,1,1,[349]
173,342,1,1,[349]
174,77,1,1,[349]
174,101,1,1,[349]
174,248,1,1,[349]
174,272,1,1,[349]
175,113,1,1,[349]
175,122,1,1,[349]
175,143,1,1,[349]
175,206,1,1,[349]
175,227,1,1,[349]
175,236,1,1,[349]
176,57,1,1,[349]
176,102,1,1,[349]
176,247,1,1,[349]
176,292,1,1,[349]
177,11,1,1,[349]
177,78,1,1,[349]
177,271,1,1,[349]
177,338,1,1,[349]
178,18,1,1,[349]
178,29,1,1,[349]
178,320,1,1,[349]
178,331,1,1,[349]
179,22,1,1,[349]
179,90,1,1,[349]
179,153,1,1,[349]
179,196,1,1,[349]
179,259,1,1,[349]
179,327,1,1,[349]
180,23,1,1,[349]
180,43,1,1,[349]
180,78,1,1,[349]
180,82,1,1,[349]
180,157,1,1,[349]
180,192,1,1,[349]
180,267,1,1,[349]
180,271,1,1,[349]
180,306,1,1,[349]
180,326,1,1,[349]
181,46,1,1,[349]
181,81,1,1,[349]
181,268,1,1,[349]
181,303,1,1,[349]
182,25,1,1,[349]
182,134,1,1,[349]
182,158,1,1,[349]
182,191,1,1,[349]
182,215,1,1,[349]
182,324,1,1,[349]
183,57,1,1,[349]
183,102,1,1,[349]
183,247,1,1,[349]
183,292,1,1,[349]
184,9,1,1,[349]
184,15,1,1,[349]
184,132,1,1,[349]
184,217,1,1,[349]
184,334,1,1,[349]
184,340,1,1,[349]
185,5,1,1,[349]
185,112,1,1,[349]
185,122,1,1,[349]
185,143,1,1,[349]
185,170,2,2,"[349, 331]"
185,173,1,1,[349]
185,176,1,1,[349]
185,206,1,1,[349]
185,227,1,1,[349]
185,237,1,1,[349]
185,344,1,1,[349]
186,107,1,1,[349]
186,147,1,1,[349]
186,158,1,1,[349]
186,191,1,1,[349]
186,202,1,1,[349]
186,242,1,1,[349]
187,76,1,1,[349]
187,106,1,1,[349]
187,165,1,1,[349]
187,184,1,1,[349]
187,243,1,1,[349]
187,273,1,1,[349]
188,38,1,1,[349]
188,143,1,1,[349]
188,206,1,1,[349]
188,311,1,1,[349]
189,103,1,1,[349]
189,158,1,1,[349]
189,191,1,1,[349]
189,246,1,1,[349]
190,2,1,1,[349]
190,16,1,1,[349]
190,143,1,1,[349]
190,206,1,1,[349]
190,333,1,1,[349]
190,347,1,1,[349]
191,44,1,1,[349]
191,123,1,1,[349]
191,226,1,1,[349]
191,305,1,1,[349]
192,12,1,1,[349]
192,16,2,1,"[349, 331]"
192,20,1,1,[349]
192,32,2,1,"[349, 317]"
192,85,1,1,[349]
192,149,1,1,[349]
192,159,1,1,[349]
192,190,1,1,[349]
192,200,1,1,[349]
192,264,1,1,[349]
192,329,1,1,[349]
192,337,1,1,[349]
193,76,1,1,[349]
193,136,1,1,[349]
193,213,1,1,[349]
193,273,1,1,[349]
194,24,1,1,[349]
194,26,1,1,[349]
194,62,1,1,[349]
194,76,1,1,[349]
194,94,1,1,[349]
194,255,1,1,[349]
194,273,1,1,[349]
194,287,1,1,[349]
194,323,1,1,[349]
194,325,1,1,[349]
195,15,1,1,[349]
195,25,1,1,[349]
195,129,1,1,[349]
195,220,1,1,[349]
195,324,1,1,[349]
195,334,1,1,[349]
196,23,1,1,[349]
196,43,1,1,[349]
196,78,1,1,[349]
196,82,1,1,[349]
196,157,1,1,[349]
196,192,1,1,[349]
196,267,1,1,[349]
196,271,1,1,[349]
196,306,1,1,[349]
196,326,1,1,[349]
197,12,1,1,[349]
197,52,1,1,[349]
197,297,1,1,[349]
197,337,1,1,[349]
198,89,1,1,[349]
198,124,1,1,[349]
198,225,1,1,[349]
198,260,1,1,[349]
199,12,1,1,[349]
199,52,1,1,[349]
199,297,1,1,[349]
199,337,1,1,[349]
200,22,1,1,[349]
200,90,1,1,[349]
200,153,1,1,[349]
200,196,1,1,[349]
200,259,1,1,[349]
200,327,1,1,[349]
201,105,1,1,[349]
201,111,1,1,[349]
201,238,1,1,[349]
201,244,1,1,[349]
202,3,1,1,[349]
202,50,1,1,[349]
202,299,1,1,[349]
202,346,1,1,[349]
203,79,1,1,[349]
203,116,1,1,[349]
203,233,1,1,[349]
203,270,1,1,[349]
204,140,1,1,[349]
204,148,1,1,[349]
204,201,1,1,[349]
204,209,1,1,[349]
205,135,1,1,[349]
205,156,1,1,[349]
205,193,1,1,[349]
205,214,1,1,[349]
206,6,2,1,"[349, 331]"
206,85,1,1,[349]
206,137,1,1,[349]
206,212,1,1,[349]
206,264,1,1,[349]
207,7,1,1,[349]
207,21,2,1,"[349, 331]"
207,59,1,1,[349]
207,65,2,1,"[349, 331]"
207,93,1,1,[349]
207,104,1,1,[349]
207,147,1,1,[349]
207,202,1,1,[349]
207,245,1,1,[349]
207,256,1,1,[349]
207,290,1,1,[349]
207,306,3,1,"[349, 317, 311]"
207,342,1,1,[349]
208,23,1,1,[349]
208,78,1,1,[349]
208,128,1,1,[349]
208,221,1,1,[349]
208,271,1,1,[349]
208,326,1,1,[349]
209,20,1,1,[349]
209,146,1,1,[349]
209,203,1,1,[349]
209,329,1,1,[349]
210,23,1,1,[349]
210,44,1,1,[349]
210,56,1,1,[349]
210,119,1,1,[349]
210,164,1,1,[349]
210,185,1,1,[349]
210,230,1,1,[349]
210,293,1,1,[349]
210,305,1,1,[349]
210,326,1,1,[349]
211,53,1,1,[349]
211,122,1,1,[349]
211,227,1,1,[349]
211,296,1,1,[349]
212,145,1,1,[349]
212,163,1,1,[349]
212,186,1,1,[349]
212,204,1,1,[349]
213,76,1,1,[349]
213,94,1,1,[349]
213,99,1,1,[349]
213,250,1,1,[349]
213,255,1,1,[349]
213,273,1,1,[349]
214,3,1,1,[349]
214,50,1,1,[349]
214,299,1,1,[349]
214,346,1,1,[349]
215,13,1,1,[349]
215,57,1,1,[349]
215,104,1,1,[349]
215,245,1,1,[349]
215,292,1,1,[349]
215,336,1,1,[349]
216,11,1,1,[349]
216,78,1,1,[349]
216,271,1,1,[349]
216,338,1,1,[349]
217,25,1,1,[349]
217,134,1,1,[349]
217,158,1,1,[349]
217,191,1,1,[349]
217,215,1,1,[349]
217,324,1,1,[349]
218,12,1,1,[349]
218,20,1,1,[349]
218,173,1,1,[349]
218,176,1,1,[349]
218,329,1,1,[349]
218,337,1,1,[349]
219,6,2,1,"[349, 337]"
219,9,3,1,"[349, 331, 313]"
219,24,1,1,[349]
219,26,1,1,[349]
219,62,1,1,[349]
219,76,1,1,[349]
219,94,1,1,[349]
219,255,1,1,[349]
219,273,1,1,[349]
219,287,1,1,[349]
219,323,1,1,[349]
219,325,1,1,[349]
220,61,1,1,[349]
220,147,1,1,[349]
220,202,1,1,[349]
220,288,1,1,[349]
221,104,1,1,[349]
221,131,1,1,[349]
221,218,1,1,[349]
221,245,1,1,[349]
222,53,1,1,[349]
222,122,1,1,[349]
222,227,1,1,[349]
222,296,1,1,[349]
223,5,1,1,[349]
223,33,1,1,[349]
223,316,1,1,[349]
223,344,1,1,[349]
224,12,1,1,[349]
224,51,1,1,[349]
224,77,1,1,[349]
224,114,1,1,[349]
224,120,1,1,[349]
224,229,1,1,[349]
224,235,1,1,[349]
224,272,1,1,[349]
224,298,1,1,[349]
224,337,1,1,[349]
225,56,1,1,[349]
225,106,1,1,[349]
225,111,1,1,[349]
225,138,1,1,[349]
225,166,1,1,[349]
225,183,1,1,[349]
225,211,1,1,[349]
225,238,1,1,[349]
225,243,1,1,[349]
225,293,1,1,[349]
226,4,1,1,[349]
226,42,1,1,[349]
226,50,1,1,[349]
226,71,1,1,[349]
226,95,1,1,[349]
226,254,1,1,[349]
226,278,1,1,[349]
226,299,1,1,[349]
226,307,1,1,[349]
226,345,1,1,[349]
227,49,1,1,[349]
227,114,1,1,[349]
227,235,1,1,[349]
227,300,1,1,[349]
228,56,1,1,[349]
228,106,1,1,[349]
228,111,1,1,[349]
228,138,1,1,[349]
228,166,1,1,[349]
228,183,1,1,[349]
228,211,1,1,[349]
228,238,1,1,[349]
228,243,1,1,[349]
228,293,1,1,[349]
229,83,1,1,[349]
229,127,1,1,[349]
229,222,1,1,[349]
229,266,1,1,[349]
230,87,1,1,[349]
230,120,1,1,[349]
230,134,2,1,"[349, 337]"
230,145,1,1,[349]
230,204,1,1,[349]
230,229,1,1,[349]
230,262,1,1,[349]
231,135,1,1,[349]
231,156,1,1,[349]
231,193,1,1,[349]
231,214,1,1,[349]
232,9,1,1,[349]
232,39,1,1,[349]
232,310,1,1,[349]
232,340,1,1,[349]
233,84,2,2,"[349, 331]"
233,93,1,1,[349]
233,154,1,1,[349]
233,195,1,1,[349]
233,256,1,1,[349]
234,5,1,1,[349]
234,112,1,1,[349]
234,122,1,1,[349]
234,143,1,1,[349]
234,170,2,2,"[349, 331]"
234,173,1,1,[349]
234,176,1,1,[349]
234,206,1,1,[349]
234,227,1,1,[349]
234,237,1,1,[349]
234,344,1,1,[349]
235,98,1,1,[349]
235,130,1,1,[349]
235,219,1,1,[349]
235,229,2,1,"[349, 353]"
235,251,1,1,[349]
236,77,1,1,[349]
236,101,1,1,[349]
236,248,1,1,[349]
236,272,1,1,[349]
237,21,1,1,[349]
237,22,1,1,[349]
237,327,1,1,[349]
237,328,1,1,[349]
238,19,1,1,[349]
238,84,1,1,[349]
238,265,1,1,[349]
238,330,1,1,[349]
239,44,1,1,[349]
239,123,1,1,[349]
239,226,1,1,[349]
239,305,1,1,[349]
240,72,1,1,[349]
240,77,1,1,[349]
240,109,1,1,[349]
240,116,1,1,[349]
240,141,1,1,[349]
240,208,1,1,[349]
240,233,1,1,[349]
240,240,1,1,[349]
240,272,1,1,[349]
240,277,1,1,[349]
241,55,1,1,[349]
241,108,1,1,[349]
241,241,1,1,[349]
241,294,1,1,[349]
242,23,1,1,[349]
242,78,1,1,[349]
242,128,1,1,[349]
242,221,1,1,[349]
242,271,1,1,[349]
242,326,1,1,[349]
243,14,1,1,[349]
243,117,1,1,[349]
243,232,1,1,[349]
243,335,1,1,[349]
244,16,1,1,[349]
244,47,1,1,[349]
244,247,2,1,"[349, 353]"
244,302,1,1,[349]
244,333,1,1,[349]
245,56,1,1,[349]
245,106,1,1,[349]
245,111,1,1,[349]
245,138,1,1,[349]
245,166,1,1,[349]
245,183,1,1,[349]
245,211,1,1,[349]
245,238,1,1,[349]
245,243,1,1,[349]
245,293,1,1,[349]
246,70,1,1,[349]
246,96,1,1,[349]
246,98,2,1,"[349, 331]"
246,116,1,1,[349]
246,233,1,1,[349]
246,253,1,1,[349]
246,279,1,1,[349]
246,280,2,1,"[349, 331]"
247,9,1,1,[349]
247,145,1,1,[349]
247,149,1,1,[349]
247,200,1,1,[349]
247,204,1,1,[349]
247,340,1,1,[349]
248,23,1,1,[349]
248,78,1,1,[349]
248,128,1,1,[349]
248,221,1,1,[349]
248,271,1,1,[349]
248,326,1,1,[349]
249,20,1,1,[349]
249,83,1,1,[349]
249,84,1,1,[349]
249,91,1,1,[349]
249,132,1,1,[349]
249,217,1,1,[349]
249,258,1,1,[349]
249,265,1,1,[349]
249,266,1,1,[349]
249,329,1,1,[349]
250,20,1,1,[349]
250,83,1,1,[349]
250,172,1,1,[349]
250,177,1,1,[349]
250,266,1,1,[349]
250,329,1,1,[349]
251,38,1,1,[349]
251,143,1,1,[349]
251,206,1,1,[349]
251,311,1,1,[349]
252,23,1,1,[349]
252,133,1,1,[349]
252,216,1,1,[349]
252,326,1,1,[349]
253,35,1,1,[349]
253,153,1,1,[349]
253,196,1,1,[349]
253,314,1,1,[349]
253,321,2,2,"[349, 353]"
254,29,1,1,[349]
254,78,1,1,[349]
254,96,1,1,[349]
254,130,1,1,[349]
254,161,1,1,[349]
254,188,1,1,[349]
254,219,1,1,[349]
254,253,1,1,[349]
254,271,1,1,[349]
254,320,1,1,[349]
255,151,1,1,[349]
255,159,1,1,[349]
255,190,1,1,[349]
255,198,1,1,[349]
256,15,1,1,[349]
256,19,1,1,[349]
256,25,1,1,[349]
256,63,1,1,[349]
256,99,1,1,[349]
256,250,1,1,[349]
256,286,1,1,[349]
256,324,1,1,[349]
256,330,1,1,[349]
256,334,1,1,[349]
257,54,1,1,[349]
257,87,1,1,[349]
257,145,1,1,[349]
257,156,1,1,[349]
257,169,1,1,[349]
257,180,1,1,[349]
257,193,1,1,[349]
257,204,1,1,[349]
257,262,1,1,[349]
257,295,1,1,[349]
258,9,1,1,[349]
258,15,1,1,[349]
258,32,1,1,[349]
258,150,1,1,[349]
258,151,1,1,[349]
258,198,1,1,[349]
258,199,1,1,[349]
258,315,2,1,"[349, 317]"
258,317,1,1,[349]
258,334,1,1,[349]
258,340,1,1,[349]
259,38,1,1,[349]
259,143,1,1,[349]
259,206,1,1,[349]
259,311,1,1,[349]
259,321,2,1,"[349, 331]"
260,56,1,1,[349]
260,74,1,1,[349]
260,106,1,1,[349]
260,243,1,1,[349]
260,275,1,1,[349]
260,293,1,1,[349]
261,109,1,1,[349]
261,161,1,1,[349]
261,188,1,1,[349]
261,240,1,1,[349]
262,135,1,1,[349]
262,156,1,1,[349]
262,193,1,1,[349]
262,214,1,1,[349]
263,18,1,1,[349]
263,57,1,1,[349]
263,104,1,1,[349]
263,128,1,1,[349]
263,155,1,1,[349]
263,194,1,1,[349]
263,221,1,1,[349]
263,245,1,1,[349]
263,292,1,1,[349]
263,331,1,1,[349]
264,24,1,1,[349]
264,155,1,1,[349]
264,194,1,1,[349]
264,325,1,1,[349]
265,53,1,1,[349]
265,122,1,1,[349]
265,227,1,1,[349]
265,296,1,1,[349]
266,13,1,1,[349]
266,40,1,1,[349]
266,73,1,1,[349]
266,76,1,1,[349]
266,106,1,1,[349]
266,243,1,1,[349]
266,273,1,1,[349]
266,276,1,1,[349]
266,309,1,1,[349]
266,336,1,1,[349]
267,22,1,1,[349]
267,54,1,1,[349]
267,83,1,1,[349]
267,266,1,1,[349]
267,295,1,1,[349]
267,327,1,1,[349]
268,44,1,1,[349]
268,123,1,1,[349]
268,226,1,1,[349]
268,305,1,1,[349]
269,22,1,1,[349]
269,117,1,1,[349]
269,134,1,1,[349]
269,135,1,1,[349]
269,153,1,1,[349]
269,196,1,1,[349]
269,214,1,1,[349]
269,215,1,1,[349]
269,232,1,1,[349]
269,327,1,1,[349]
270,10,1,1,[349]
270,56,1,1,[349]
270,293,1,1,[349]
270,339,1,1,[349]
271,15,1,1,[349]
271,19,1,1,[349]
271,25,1,1,[349]
271,63,1,1,[349]
271,99,1,1,[349]
271,250,1,1,[349]
271,286,1,1,[349]
271,324,1,1,[349]
271,330,1,1,[349]
271,334,1,1,[349]
272,164,1,1,[349]
272,174,1,1,[349]
272,175,1,1,[349]
272,185,1,1,[349]
272,286,2,2,"[349, 347]"
273,3,1,1,[349]
273,16,1,1,[349]
273,34,1,1,[349]
273,137,1,1,[349]
273,143,1,1,[349]
273,206,1,1,[349]
273,212,1,1,[349]
273,315,1,1,[349]
273,333,1,1,[349]
273,346,1,1,[349]
274,3,1,1,[349]
274,16,1,1,[349]
274,34,1,1,[349]
274,102,3,2,"[349, 331, 307]"
274,137,1,1,[349]
274,143,1,1,[349]
274,206,1,1,[349]
274,212,1,1,[349]
274,315,1,1,[349]
274,333,1,1,[349]
274,346,1,1,[349]
275,8,1,1,[349]
275,25,1,1,[349]
275,324,1,1,[349]
275,341,1,1,[349]
276,29,1,1,[349]
276,78,1,1,[349]
276,96,1,1,[349]
276,130,1,1,[349]
276,161,1,1,[349]
276,188,1,1,[349]
276,219,1,1,[349]
276,253,1,1,[349]
276,271,1,1,[349]
276,320,1,1,[349]
277,28,1,1,[349]
277,87,1,1,[349]
277,262,1,1,[349]
277,321,1,1,[349]
278,78,1,1,[349]
278,97,1,1,[349]
278,130,1,1,[349]
278,219,1,1,[349]
278,252,1,1,[349]
278,271,1,1,[349]
279,5,1,1,[349]
279,112,1,1,[349]
279,122,1,1,[349]
279,143,1,1,[349]
279,173,1,1,[349]
279,176,1,1,[349]
279,201,2,1,"[349, 331]"
279,206,1,1,[349]
279,227,1,1,[349]
279,237,1,1,[349]
279,265,2,1,"[349, 317]"
279,307,2,2,"[349, 331]"
279,344,1,1,[349]
280,55,1,1,[349]
280,70,1,1,[349]
280,113,1,1,[349]
280,116,1,1,[349]
280,144,1,1,[349]
280,205,1,1,[349]
280,233,1,1,[349]
280,236,1,1,[349]
280,247,2,2,"[349, 331]"
280,279,1,1,[349]
280,294,1,1,[349]
281,4,1,1,[349]
281,166,1,1,[349]
281,183,1,1,[349]
281,345,1,1,[349]
282,3,1,1,[349]
282,50,1,1,[349]
282,299,1,1,[349]
282,346,1,1,[349]
283,59,1,1,[349]
283,157,1,1,[349]
283,192,1,1,[349]
283,290,1,1,[349]
284,57,1,1,[349]
284,95,1,1,[349]
284,138,1,1,[349]
284,211,1,1,[349]
284,254,1,1,[349]
284,292,1,1,[349]
285,18,2,1,"[349, 317]"
285,24,1,1,[349]
285,26,1,1,[349]
285,62,1,1,[349]
285,76,1,1,[349]
285,94,1,1,[349]
285,255,1,1,[349]
285,273,1,1,[349]
285,287,1,1,[349]
285,288,2,1,"[349, 331]"
285,323,1,1,[349]
285,325,1,1,[349]
286,42,1,1,[349]
286,167,1,1,[349]
286,182,1,1,[349]
286,307,1,1,[349]
287,42,1,1,[349]
287,70,1,1,[349]
287,82,1,1,[349]
287,267,1,1,[349]
287,279,1,1,[349]
287,307,1,1,[349]
288,77,1,1,[349]
288,101,1,1,[349]
288,248,1,1,[349]
288,272,1,1,[349]
289,46,1,1,[349]
289,87,1,1,[349]
289,108,1,1,[349]
289,122,1,1,[349]
289,172,1,1,[349]
289,177,1,1,[349]
289,227,1,1,[349]
289,241,1,1,[349]
289,262,1,1,[349]
289,303,1,1,[349]
290,28,1,1,[349]
290,87,1,1,[349]
290,262,1,1,[349]
290,321,1,1,[349]
291,35,1,1,[349]
291,153,1,1,[349]
291,196,1,1,[349]
291,314,1,1,[349]
292,30,1,1,[349]
292,57,1,1,[349]
292,95,1,1,[349]
292,97,1,1,[349]
292,142,1,1,[349]
292,207,1,1,[349]
292,252,1,1,[349]
292,254,1,1,[349]
292,291,2,1,"[349, 331]"
292,292,1,1,[349]
292,319,1,1,[349]
293,54,1,1,[349]
293,87,1,1,[349]
293,145,1,1,[349]
293,156,1,1,[349]
293,169,1,1,[349]
293,180,1,1,[349]
293,193,1,1,[349]
293,204,1,1,[349]
293,262,1,1,[349]
293,295,1,1,[349]
294,10,1,1,[349]
294,56,1,1,[349]
294,293,1,1,[349]
294,339,1,1,[349]
295,70,1,1,[349]
295,162,1,1,[349]
295,187,1,1,[349]
295,279,1,1,[349]
296,21,1,1,[349]
296,22,1,1,[349]
296,327,1,1,[349]
296,328,1,1,[349]
297,42,1,1,[349]
297,70,1,1,[349]
297,82,1,1,[349]
297,267,1,1,[349]
297,279,1,1,[349]
297,307,1,1,[349]
298,63,1,1,[349]
298,73,1,1,[349]
298,276,1,1,[349]
298,286,1,1,[349]
299,25,1,1,[349]
299,134,1,1,[349]
299,158,1,1,[349]
299,191,1,1,[349]
299,215,1,1,[349]
299,324,1,1,[349]
300,2,1,1,[349]
300,33,1,1,[349]
300,42,1,1,[349]
300,70,1,1,[349]
300,123,1,1,[349]
300,226,1,1,[349]
300,279,1,1,[349]
300,307,1,1,[349]
300,316,1,1,[349]
300,347,1,1,[349]
301,9,1,1,[349]
301,49,1,1,[349]
301,65,2,2,"[349, 337]"
301,89,1,1,[349]
301,90,1,1,[349]
301,145,1,1,[349]
301,166,2,1,"[349, 317]"
301,204,1,1,[349]
301,259,1,1,[349]
301,260,1,1,[349]
301,300,1,1,[349]
301,340,1,1,[349]
302,12,1,1,[349]
302,52,1,1,[349]
302,297,1,1,[349]
302,337,1,1,[349]
303,94,1,1,[349]
303,150,1,1,[349]
303,153,1,1,[349]
303,196,1,1,[349]
303,199,1,1,[349]
303,255,1,1,[349]
304,2,1,1,[349]
304,33,1,1,[349]
304,42,1,1,[349]
304,70,1,1,[349]
304,123,1,1,[349]
304,226,1,1,[349]
304,279,1,1,[349]
304,307,1,1,[349]
304,316,1,1,[349]
304,347,1,1,[349]
305,11,1,1,[349]
305,78,1,1,[349]
305,271,1,1,[349]
305,338,1,1,[349]
306,16,1,1,[349]
306,71,1,1,[349]
306,130,1,1,[349]
306,219,1,1,[349]
306,278,1,1,[349]
306,333,1,1,[349]
307,55,1,1,[349]
307,70,1,1,[349]
307,113,1,1,[349]
307,116,1,1,[349]
307,144,1,1,[349]
307,205,1,1,[349]
307,233,1,1,[349]
307,236,1,1,[349]
307,279,1,1,[349]
307,294,1,1,[349]
308,93,1,1,[349]
308,154,1,1,[349]
308,195,1,1,[349]
308,256,1,1,[349]
309,62,1,1,[349]
309,104,1,1,[349]
309,147,1,1,[349]
309,202,1,1,[349]
309,245,1,1,[349]
309,267,3,2,"[349, 337, 331]"
309,287,1,1,[349]
310,56,1,1,[349]
310,74,1,1,[349]
310,106,1,1,[349]
310,243,1,1,[349]
310,275,1,1,[349]
310,293,1,1,[349]
311,20,1,1,[349]
311,83,1,1,[349]
311,172,1,1,[349]
311,177,1,1,[349]
311,266,1,1,[349]
311,269,2,2,"[349, 331]"
311,329,1,1,[349]
312,22,1,1,[349]
312,81,1,1,[349]
312,83,1,1,[349]
312,129,1,1,[349]
312,140,1,1,[349]
312,209,1,1,[349]
312,220,1,1,[349]
312,266,1,1,[349]
312,268,1,1,[349]
312,327,1,1,[349]
313,72,1,1,[349]
313,77,1,1,[349]
313,109,1,1,[349]
313,116,1,1,[349]
313,141,1,1,[349]
313,208,1,1,[349]
313,233,1,1,[349]
313,240,1,1,[349]
313,272,1,1,[349]
313,277,1,1,[349]
314,22,1,1,[349]
314,54,1,1,[349]
314,83,1,1,[349]
314,266,1,1,[349]
314,295,1,1,[349]
314,327,1,1,[349]
315,6,1,1,[349]
315,106,1,1,[349]
315,243,1,1,[349]
315,343,1,1,[349]
316,61,1,1,[349]
316,147,1,1,[349]
316,202,1,1,[349]
316,288,1,1,[349]
317,57,1,1,[349]
317,95,1,1,[349]
317,121,2,1,"[349, 331]"
317,138,1,1,[349]
317,211,1,1,[349]
317,254,1,1,[349]
317,292,1,1,[349]
318,141,1,1,[349]
318,169,1,1,[349]
318,180,1,1,[349]
318,208,1,1,[349]
319,22,1,1,[349]
319,90,1,1,[349]
319,153,1,1,[349]
319,196,1,1,[349]
319,259,1,1,[349]
319,327,1,1,[349]
320,9,1,1,[349]
320,49,1,1,[349]
320,89,1,1,[349]
320,90,1,1,[349]
320,145,1,1,[349]
320,204,1,1,[349]
320,259,1,1,[349]
320,260,1,1,[349]
320,300,1,1,[349]
320,340,1,1,[349]
321,94,1,1,[349]
321,150,1,1,[349]
321,153,1,1,[349]
321,196,1,1,[349]
321,199,1,1,[349]
321,255,1,1,[349]
322,23,1,1,[349]
322,43,1,1,[349]
322,78,1,1,[349]
322,82,1,1,[349]
322,157,1,1,[349]
322,192,1,1,[349]
322,267,1,1,[349]
322,271,1,1,[349]
322,306,1,1,[349]
322,326,1,1,[349]
323,141,1,1,[349]
323,169,1,1,[349]
323,180,1,1,[349]
323,208,1,1,[349]
324,59,1,1,[349]
324,157,1,1,[349]
324,192,1,1,[349]
324,290,1,1,[349]
325,76,1,1,[349]
325,94,1,1,[349]
325,99,1,1,[349]
325,250,1,1,[349]
325,255,1,1,[349]
325,273,1,1,[349]
326,40,1,1,[349]
326,142,1,1,[349]
326,207,1,1,[349]
326,309,1,1,[349]
327,18,1,1,[349]
327,57,1,1,[349]
327,104,1,1,[349]
327,128,1,1,[349]
327,155,1,1,[349]
327,194,1,1,[349]
327,221,1,1,[349]
327,245,1,1,[349]
327,292,1,1,[349]
327,331,1,1,[349]
328,87,1,1,[349]
328,120,1,1,[349]
328,145,1,1,[349]
328,204,1,1,[349]
328,229,1,1,[349]
328,262,1,1,[349]
329,30,1,1,[349]
329,68,1,1,[349]
329,174,2,2,"[349, 331]"
329,281,1,1,[349]
329,319,1,1,[349]
330,14,1,1,[349]
330,117,1,1,[349]
330,232,1,1,[349]
330,335,1,1,[349]
331,9,1,1,[349]
331,145,1,1,[349]
331,149,1,1,[349]
331,200,1,1,[349]
331,204,1,1,[349]
331,340,1,1,[349]
332,25,1,1,[349]
332,105,1,1,[349]
332,148,1,1,[349]
332,158,1,1,[349]
332,165,1,1,[349]
332,184,1,1,[349]
332,191,1,1,[349]
332,201,1,1,[349]
332,244,1,1,[349]
332,324,1,1,[349]
333,5,1,1,[349]
333,33,1,1,[349]
333,316,1,1,[349]
333,344,1,1,[349]
334,24,1,1,[349]
334,155,1,1,[349]
334,194,1,1,[349]
334,325,1,1,[349]
335,40,1,1,[349]
335,142,1,1,[349]
335,207,1,1,[349]
335,309,1,1,[349]
336,79,1,1,[349]
336,116,1,1,[349]
336,233,1,1,[349]
336,270,1,1,[349]
337,4,1,1,[349]
337,166,1,1,[349]
337,183,1,1,[349]
337,345,1,1,[349]
338,16,1,1,[349]
338,71,1,1,[349]
338,130,1,1,[349]
338,219,1,1,[349]
338,278,1,1,[349]
338,333,1,1,[349]
339,57,1,1,[349]
339,102,1,1,[349]
339,247,1,1,[349]
339,292,1,1,[349]
340,63,1,1,[349]
340,73,1,1,[349]
340,276,1,1,[349]
340,286,1,1,[349]
341,42,1,1,[349]
341,167,1,1,[349]
341,182,1,1,[349]
341,307,1,1,[349]
342,76,1,1,[349]
342,136,1,1,[349]
342,213,1,1,[349]
342,273,1,1,[349]
343,6,1,1,[349]
343,106,1,1,[349]
343,243,1,1,[349]
343,343,1,1,[349]
344,13,1,1,[349]
344,40,1,1,[349]
344,73,1,1,[349]
344,76,1,1,[349]
344,106,1,1,[349]
344,243,1,1,[349]
344,273,1,1,[349]
344,276,1,1,[349]
344,309,1,1,[349]
344,336,1,1,[349]
345,23,1,1,[349]
345,44,1,1,[349]
345,56,1,1,[349]
345,119,1,1,[349]
345,164,1,1,[349]
345,185,1,1,[349]
345,230,1,1,[349]
345,293,1,1,[349]
345,305,1,1,[349]
345,326,1,1,[349]
346,25,1,1,[349]
346,105,1,1,[349]
346,148,1,1,[349]
346,158,1,1,[349]
346,165,1,1,[349]
346,184,1,1,[349]
346,191,1,1,[349]
346,201,1,1,[349]
346,244,1,1,[349]
346,324,1,1,[349]
346,346,2,2,"[349, 353]"
347,70,1,1,[349]
347,96,1,1,[349]
347,116,1,1,[349]
347,233,1,1,[349]
347,253,1,1,[349]
347,279,1,1,[349]
348,49,1,1,[349]
348,114,1,1,[349]
348,235,1,1,[349]
348,300,1,1,[349]
1,85,1,1,[353]
1,268,1,1,[353]
1,336,1,1,[353]
2,30,1,1,[353]
2,150,1,1,[353]
2,203,1,1,[353]
2,323,1,1,[353]
4,26,1,1,[353]
4,136,1,1,[353]
4,217,1,1,[353]
4,327,1,1,[353]
7,46,1,1,[353]
7,79,1,1,[353]
7,274,1,1,[353]
7,307,1,1,[353]
8,113,1,1,[353]
8,141,1,1,[353]
8,212,1,1,[353]
8,240,1,1,[353]
11,7,1,1,[353]
11,72,1,1,[353]
11,281,1,1,[353]
11,346,1,1,[353]
14,89,1,1,[353]
14,168,1,1,[353]
14,185,1,1,[353]
14,264,1,1,[353]
15,182,2,1,"[353, 347]"
16,29,1,1,[353]
16,145,1,1,[353]
16,208,1,1,[353]
16,324,1,1,[353]
17,47,1,1,[353]
17,118,1,1,[353]
17,235,1,1,[353]
17,306,1,1,[353]
21,77,1,1,[353]
21,86,1,1,[353]
21,267,1,1,[353]
21,276,1,1,[353]
22,44,1,1,[353]
22,133,1,1,[353]
22,220,1,1,[353]
22,309,1,1,[353]
27,86,1,1,[353]
27,117,1,1,[353]
27,236,1,1,[353]
27,267,1,1,[353]
28,15,1,1,[353]
28,74,1,1,[353]
28,279,1,1,[353]
28,338,1,1,[353]
29,53,1,1,[353]
29,60,1,1,[353]
29,293,1,1,[353]
29,300,1,1,[353]
32,69,1,1,[353]
32,155,1,1,[353]
32,198,1,1,[353]
32,284,1,1,[353]
34,124,1,1,[353]
34,166,1,1,[353]
34,187,1,1,[353]
34,229,1,1,[353]
35,31,1,1,[353]
35,135,1,1,[353]
35,218,1,1,[353]
35,322,1,1,[353]
37,23,1,1,[353]
37,137,1,1,[353]
37,216,1,1,[353]
37,330,1,1,[353]
42,51,1,1,[353]
42,131,1,1,[353]
42,222,1,1,[353]
42,302,1,1,[353]
43,40,2,2,"[353, 331]"
43,96,3,2,"[353, 347, 337]"
43,257,2,2,"[353, 347]"
44,56,1,1,[353]
44,130,1,1,[353]
44,223,1,1,[353]
44,297,1,1,[353]
45,40,1,1,[353]
45,135,1,1,[353]
45,218,1,1,[353]
45,313,1,1,[353]
52,251,2,1,"[353, 349]"
53,30,1,1,[353]
53,148,1,1,[353]
53,205,1,1,[353]
53,323,1,1,[353]
54,105,1,1,[353]
54,131,1,1,[353]
54,222,1,1,[353]
54,248,1,1,[353]
55,104,2,1,"[353, 349]"
56,6,1,1,[353]
56,68,1,1,[353]
56,285,1,1,[353]
56,347,1,1,[353]
57,16,1,1,[353]
57,126,1,1,[353]
57,227,1,1,[353]
57,337,1,1,[353]
58,52,1,1,[353]
58,81,1,1,[353]
58,272,1,1,[353]
58,301,1,1,[353]
59,14,1,1,[353]
59,41,1,1,[353]
59,312,1,1,[353]
59,339,1,1,[353]
61,15,1,1,[353]
61,75,1,1,[353]
61,278,1,1,[353]
61,338,1,1,[353]
64,101,1,1,[353]
64,121,1,1,[353]
64,232,1,1,[353]
64,252,1,1,[353]
68,23,1,1,[353]
68,115,1,1,[353]
68,238,1,1,[353]
68,330,1,1,[353]
69,69,2,2,"[353, 347]"
69,133,1,1,[353]
69,140,1,1,[353]
69,213,1,1,[353]
69,220,1,1,[353]
70,94,1,1,[353]
70,117,1,1,[353]
70,236,1,1,[353]
70,259,1,1,[353]
71,29,1,1,[353]
71,96,1,1,[353]
71,257,1,1,[353]
71,324,1,1,[353]
73,129,1,1,[353]
73,167,1,1,[353]
73,186,1,1,[353]
73,224,1,1,[353]
74,84,1,1,[353]
74,132,1,1,[353]
74,221,1,1,[353]
74,262,2,2,"[353, 331]"
74,269,1,1,[353]
75,19,1,1,[353]
75,71,1,1,[353]
75,282,1,1,[353]
75,334,1,1,[353]
77,91,1,1,[353]
77,143,1,1,[353]
77,210,1,1,[353]
77,239,2,1,"[353, 347]"
77,262,1,1,[353]
79,75,1,1,[353]
79,144,1,1,[353]
79,209,1,1,[353]
79,278,1,1,[353]
81,38,1,1,[353]
81,163,1,1,[353]
81,190,1,1,[353]
81,196,3,1,"[353, 347, 349]"
81,315,1,1,[353]
83,37,1,1,[353]
83,78,1,1,[353]
83,275,1,1,[353]
83,316,1,1,[353]
84,18,1,1,[353]
84,90,1,1,[353]
84,263,1,1,[353]
84,335,1,1,[353]
87,1,2,1,"[353, 337]"
87,3,3,2,"[353, 337, 347]"
88,1,1,1,[353]
88,5,1,1,[353]
88,348,1,1,[353]
88,352,1,1,[353]
90,54,1,1,[353]
90,94,1,1,[353]
90,259,1,1,[353]
90,299,1,1,[353]
91,9,1,1,[353]
91,45,1,1,[353]
91,308,1,1,[353]
91,344,1,1,[353]
94,272,2,2,"[353, 347]"
95,99,1,1,[353]
95,147,1,1,[353]
95,206,1,1,[353]
95,254,1,1,[353]
97,48,1,1,[353]
97,61,1,1,[353]
97,292,1,1,[353]
97,305,1,1,[353]
103,39,1,1,[353]
103,90,1,1,[353]
103,263,1,1,[353]
103,314,1,1,[353]
106,12,1,1,[353]
106,136,1,1,[353]
106,217,1,1,[353]
106,341,1,1,[353]
107,53,1,1,[353]
107,82,2,1,"[353, 331]"
107,130,1,1,[353]
107,223,1,1,[353]
107,291,2,2,"[353, 347]"
107,300,1,1,[353]
108,18,1,1,[353]
108,123,1,1,[353]
108,230,1,1,[353]
108,335,1,1,[353]
109,98,1,1,[353]
109,137,1,1,[353]
109,216,1,1,[353]
109,255,1,1,[353]
110,221,2,2,"[353, 337]"
111,43,1,1,[353]
111,138,1,1,[353]
111,215,1,1,[353]
111,310,1,1,[353]
112,114,1,1,[353]
112,120,1,1,[353]
112,233,1,1,[353]
112,239,1,1,[353]
114,49,1,1,[353]
114,77,1,1,[353]
114,170,2,1,"[353, 347]"
114,276,1,1,[353]
114,304,1,1,[353]
115,72,1,1,[353]
115,139,1,1,[353]
115,214,1,1,[353]
115,281,1,1,[353]
116,71,1,1,[353]
116,127,1,1,[353]
116,226,1,1,[353]
116,282,1,1,[353]
117,9,1,1,[353]
117,115,1,1,[353]
117,238,1,1,[353]
117,344,1,1,[353]
118,73,1,1,[353]
118,87,1,1,[353]
118,266,1,1,[353]
118,280,1,1,[353]
119,10,1,1,[353]
119,27,2,1,"[353, 331]"
119,122,1,1,[353]
119,231,1,1,[353]
119,343,1,1,[353]
121,35,1,1,[353]
121,175,1,1,[353]
121,178,1,1,[353]
121,318,1,1,[353]
122,13,1,1,[353]
122,68,1,1,[353]
122,285,1,1,[353]
122,340,1,1,[353]
123,80,1,1,[353]
123,83,1,1,[353]
123,270,1,1,[353]
123,273,1,1,[353]
125,24,1,1,[353]
125,81,1,1,[353]
125,272,1,1,[353]
125,329,1,1,[353]
127,337,2,1,"[353, 349]"
128,154,1,1,[353]
128,172,1,1,[353]
128,181,1,1,[353]
128,199,1,1,[353]
129,97,1,1,[353]
129,102,1,1,[353]
129,251,1,1,[353]
129,256,1,1,[353]
131,12,1,1,[353]
131,73,1,1,[353]
131,280,1,1,[353]
131,341,1,1,[353]
135,104,1,1,[353]
135,162,1,1,[353]
135,191,1,1,[353]
135,249,1,1,[353]
136,67,1,1,[353]
136,84,1,1,[353]
136,269,1,1,[353]
136,286,1,1,[353]
137,20,1,1,[353]
137,109,1,1,[353]
137,244,1,1,[353]
137,333,1,1,[353]
138,56,1,1,[353]
138,164,1,1,[353]
138,189,1,1,[353]
138,297,1,1,[353]
139,37,2,2,"[353, 331]"
139,42,1,1,[353]
139,66,1,1,[353]
139,287,1,1,[353]
139,311,1,1,[353]
140,21,1,1,[353]
140,105,1,1,[353]
140,248,1,1,[353]
140,332,1,1,[353]
141,45,1,1,[353]
141,157,1,1,[353]
141,196,1,1,[353]
141,308,1,1,[353]
142,59,1,1,[353]
142,155,1,1,[353]
142,198,1,1,[353]
142,294,1,1,[353]
146,4,1,1,[353]
146,20,1,1,[353]
146,333,1,1,[353]
146,349,1,1,[353]
147,58,1,1,[353]
147,161,1,1,[353]
147,192,1,1,[353]
147,295,1,1,[353]
148,37,1,1,[353]
148,169,1,1,[353]
148,184,1,1,[353]
148,316,1,1,[353]
150,8,1,1,[353]
150,63,1,1,[353]
150,87,2,1,"[353, 349]"
150,290,1,1,[353]
150,345,1,1,[353]
151,333,2,1,"[353, 349]"
153,67,2,1,"[353, 331]"
154,36,1,1,[353]
154,39,2,1,"[353, 331]"
154,107,1,1,[353]
154,246,1,1,[353]
154,317,1,1,[353]
158,13,1,1,[353]
158,88,1,1,[353]
158,265,1,1,[353]
158,340,1,1,[353]
159,36,1,1,[353]
159,173,1,1,[353]
159,180,1,1,[353]
159,317,1,1,[353]
162,16,1,1,[353]
162,80,1,1,[353]
162,273,1,1,[353]
162,337,1,1,[353]
163,70,1,1,[353]
163,110,1,1,[353]
163,243,1,1,[353]
163,283,1,1,[353]
166,3,1,1,[353]
166,70,1,1,[353]
166,283,1,1,[353]
166,350,1,1,[353]
168,11,1,1,[353]
168,55,1,1,[353]
168,298,1,1,[353]
168,342,1,1,[353]
171,96,1,1,[353]
171,122,1,1,[353]
171,231,1,1,[353]
171,257,1,1,[353]
173,26,1,1,[353]
173,176,1,1,[353]
173,177,1,1,[353]
173,327,1,1,[353]
176,19,1,1,[353]
176,95,1,1,[353]
176,171,2,2,"[353, 347]"
176,258,1,1,[353]
176,334,1,1,[353]
177,92,1,1,[353]
177,107,1,1,[353]
177,246,1,1,[353]
177,261,1,1,[353]
180,21,1,1,[353]
180,33,1,1,[353]
180,320,1,1,[353]
180,332,1,1,[353]
182,149,1,1,[353]
182,171,1,1,[353]
182,182,1,1,[353]
182,204,1,1,[353]
185,109,1,1,[353]
185,161,1,1,[353]
185,192,1,1,[353]
185,244,1,1,[353]
187,116,1,1,[353]
187,126,1,1,[353]
187,227,1,1,[353]
187,237,1,1,[353]
188,317,2,2,"[353, 337]"
190,31,1,1,[353]
190,116,1,1,[353]
190,237,1,1,[353]
190,322,1,1,[353]
191,34,1,1,[353]
191,170,1,1,[353]
191,183,1,1,[353]
191,319,1,1,[353]
192,299,2,1,"[353, 337]"
194,100,1,1,[353]
194,147,1,1,[353]
194,206,1,1,[353]
194,253,1,1,[353]
195,160,1,1,[353]
195,166,1,1,[353]
195,187,1,1,[353]
195,193,1,1,[353]
199,95,1,1,[353]
199,100,1,1,[353]
199,253,1,1,[353]
199,258,1,1,[353]
203,17,1,1,[353]
203,175,1,1,[353]
203,178,1,1,[353]
203,336,1,1,[353]
205,38,1,1,[353]
205,142,1,1,[353]
205,211,1,1,[353]
205,315,1,1,[353]
206,35,1,1,[353]
206,55,1,1,[353]
206,298,1,1,[353]
206,318,1,1,[353]
207,100,2,1,"[353, 347]"
207,134,1,1,[353]
207,168,1,1,[353]
207,185,1,1,[353]
207,219,1,1,[353]
208,147,2,2,"[353, 337]"
211,7,1,1,[353]
211,156,1,1,[353]
211,169,2,1,"[353, 331]"
211,197,1,1,[353]
211,346,1,1,[353]
212,113,1,1,[353]
212,125,1,1,[353]
212,228,1,1,[353]
212,240,1,1,[353]
213,174,1,1,[353]
213,176,1,1,[353]
213,177,1,1,[353]
213,179,1,1,[353]
214,1,1,1,[353]
214,52,1,1,[353]
214,301,1,1,[353]
214,352,1,1,[353]
215,119,1,1,[353]
215,172,1,1,[353]
215,181,1,1,[353]
215,234,1,1,[353]
216,11,1,1,[353]
216,134,1,1,[353]
216,219,1,1,[353]
216,342,1,1,[353]
217,2,1,1,[353]
217,10,1,1,[353]
217,343,1,1,[353]
217,351,1,1,[353]
218,97,1,1,[353]
218,132,1,1,[353]
218,221,1,1,[353]
218,256,1,1,[353]
222,111,1,1,[353]
222,151,1,1,[353]
222,202,1,1,[353]
222,242,1,1,[353]
223,293,2,1,"[353, 337]"
224,48,1,1,[353]
224,162,1,1,[353]
224,191,1,1,[353]
224,305,1,1,[353]
225,114,1,1,[353]
225,164,1,1,[353]
225,189,1,1,[353]
225,239,1,1,[353]
228,51,1,1,[353]
228,128,1,1,[353]
228,225,1,1,[353]
228,302,1,1,[353]
230,44,1,1,[353]
230,170,1,1,[353]
230,183,1,1,[353]
230,309,1,1,[353]
231,32,1,1,[353]
231,160,1,1,[353]
231,193,1,1,[353]
231,321,1,1,[353]
232,58,1,1,[353]
232,63,1,1,[353]
232,290,1,1,[353]
232,295,1,1,[353]
233,84,3,2,"[353, 349, 331]"
234,67,1,1,[353]
234,171,1,1,[353]
234,182,1,1,[353]
234,227,2,1,"[353, 349]"
234,286,1,1,[353]
235,111,1,1,[353]
235,123,2,1,"[353, 331]"
235,124,1,1,[353]
235,229,1,1,[353]
235,242,1,1,[353]
236,25,1,1,[353]
236,112,1,1,[353]
236,241,1,1,[353]
236,328,1,1,[353]
237,39,1,1,[353]
237,158,1,1,[353]
237,195,1,1,[353]
237,314,1,1,[353]
238,153,1,1,[353]
238,163,1,1,[353]
238,190,1,1,[353]
238,200,1,1,[353]
239,57,1,1,[353]
239,60,1,1,[353]
239,123,2,1,"[353, 349]"
239,293,1,1,[353]
239,296,1,1,[353]
241,98,1,1,[353]
241,154,1,1,[353]
241,199,1,1,[353]
241,255,1,1,[353]
242,41,1,1,[353]
242,148,1,1,[353]
242,205,1,1,[353]
242,312,1,1,[353]
244,106,1,1,[353]
244,120,1,1,[353]
244,233,1,1,[353]
244,247,1,1,[353]
245,50,1,1,[353]
245,129,1,1,[353]
245,224,1,1,[353]
245,303,1,1,[353]
246,108,1,1,[353]
246,165,1,1,[353]
246,188,1,1,[353]
246,245,1,1,[353]
247,64,1,1,[353]
247,151,1,1,[353]
247,202,1,1,[353]
247,289,1,1,[353]
250,31,2,1,"[353, 331]"
250,103,1,1,[353]
250,127,1,1,[353]
250,226,1,1,[353]
250,250,1,1,[353]
253,321,2,2,"[353, 349]"
256,91,1,1,[353]
256,102,1,1,[353]
256,240,2,2,"[353, 347]"
256,251,1,1,[353]
256,262,1,1,[353]
258,78,1,1,[353]
258,173,1,1,[353]
258,180,1,1,[353]
258,275,1,1,[353]
261,290,2,1,"[353, 331]"
262,25,1,1,[353]
262,125,1,1,[353]
262,228,1,1,[353]
262,328,1,1,[353]
263,65,1,1,[353]
263,150,1,1,[353]
263,203,1,1,[353]
263,288,1,1,[353]
265,42,1,1,[353]
265,143,1,1,[353]
265,210,1,1,[353]
265,311,1,1,[353]
269,50,1,1,[353]
269,103,1,1,[353]
269,250,1,1,[353]
269,303,1,1,[353]
270,99,1,1,[353]
270,142,1,1,[353]
270,211,1,1,[353]
270,254,1,1,[353]
272,139,1,1,[353]
272,169,1,1,[353]
272,184,1,1,[353]
272,214,1,1,[353]
274,27,1,1,[353]
274,47,1,1,[353]
274,306,1,1,[353]
274,326,1,1,[353]
276,5,1,1,[353]
276,61,1,1,[353]
276,292,1,1,[353]
276,320,2,1,"[353, 349]"
276,348,1,1,[353]
277,219,2,1,"[353, 331]"
278,92,1,1,[353]
278,158,1,1,[353]
278,195,1,1,[353]
278,261,1,1,[353]
279,2,1,1,[353]
279,104,1,1,[353]
279,249,1,1,[353]
279,351,1,1,[353]
280,46,1,1,[353]
280,123,1,1,[353]
280,230,1,1,[353]
280,307,1,1,[353]
282,149,1,1,[353]
282,159,1,1,[353]
282,194,1,1,[353]
282,204,1,1,[353]
283,28,1,1,[353]
283,65,1,1,[353]
283,288,1,1,[353]
283,325,1,1,[353]
284,62,1,1,[353]
284,121,1,1,[353]
284,232,1,1,[353]
284,291,1,1,[353]
285,93,1,1,[353]
285,112,1,1,[353]
285,241,1,1,[353]
285,260,1,1,[353]
289,6,1,1,[353]
289,140,1,1,[353]
289,213,1,1,[353]
289,347,1,1,[353]
292,27,1,1,[353]
292,76,1,1,[353]
292,277,1,1,[353]
292,326,1,1,[353]
294,43,1,1,[353]
294,105,2,1,"[353, 331]"
294,118,1,1,[353]
294,235,1,1,[353]
294,310,1,1,[353]
295,66,1,1,[353]
295,128,1,1,[353]
295,225,1,1,[353]
295,287,1,1,[353]
296,3,1,1,[353]
296,34,1,1,[353]
296,319,1,1,[353]
296,350,1,1,[353]
297,32,1,1,[353]
297,101,1,1,[353]
297,252,1,1,[353]
297,308,2,2,"[353, 331]"
297,321,1,1,[353]
299,95,2,2,"[353, 331]"
299,146,1,1,[353]
299,174,1,1,[353]
299,179,1,1,[353]
299,207,1,1,[353]
300,138,1,1,[353]
300,152,1,1,[353]
300,201,1,1,[353]
300,215,1,1,[353]
301,169,2,2,"[353, 337]"
306,189,2,2,"[353, 337]"
308,22,1,1,[353]
308,85,1,1,[353]
308,268,1,1,[353]
308,331,1,1,[353]
309,119,1,1,[353]
309,165,1,1,[353]
309,188,1,1,[353]
309,234,1,1,[353]
311,24,1,1,[353]
311,146,1,1,[353]
311,207,1,1,[353]
311,329,1,1,[353]
314,316,3,2,"[353, 331, 347]"
316,93,1,1,[353]
316,106,1,1,[353]
316,247,1,1,[353]
316,260,1,1,[353]
318,22,1,1,[353]
318,110,1,1,[353]
318,243,1,1,[353]
318,331,1,1,[353]
319,87,1,1,[353]
319,88,1,1,[353]
319,265,1,1,[353]
319,266,1,1,[353]
321,74,1,1,[353]
321,156,1,1,[353]
321,197,1,1,[353]
321,279,1,1,[353]
324,49,1,1,[353]
324,108,1,1,[353]
324,245,1,1,[353]
324,304,1,1,[353]
325,69,1,1,[353]
325,76,1,1,[353]
325,277,1,1,[353]
325,284,1,1,[353]
326,28,1,1,[353]
326,82,1,1,[353]
326,271,1,1,[353]
326,325,1,1,[353]
327,310,2,2,"[353, 337]"
331,62,1,1,[353]
331,83,1,1,[353]
331,270,1,1,[353]
331,291,1,1,[353]
332,57,1,1,[353]
332,82,1,1,[353]
332,271,1,1,[353]
332,296,1,1,[353]
336,14,1,1,[353]
336,144,1,1,[353]
336,209,1,1,[353]
336,269,2,2,"[353, 347]"
336,339,1,1,[353]
337,89,1,1,[353]
337,159,1,1,[353]
337,194,1,1,[353]
337,264,1,1,[353]
339,4,1,1,[353]
339,102,2,1,"[353, 349]"
339,145,1,1,[353]
339,208,1,1,[353]
339,349,1,1,[353]
342,59,1,1,[353]
342,153,1,1,[353]
342,200,1,1,[353]
342,294,1,1,[353]
345,79,1,1,[353]
345,157,1,1,[353]
345,196,1,1,[353]
345,274,1,1,[353]
346,141,1,1,[353]
346,167,1,1,[353]
346,186,1,1,[353]
346,212,1,1,[353]
346,346,2,2,"[353, 349]"
349,33,1,1,[353]
349,64,1,1,[353]
349,289,1,1,[353]
349,320,1,1,[353]
351,54,1,1,[353]
351,152,1,1,[353]
351,201,1,1,[353]
351,299,1,1,[353]
352,8,1,1,[353]
352,40,1,1,[353]
352,313,1,1,[353]
